id	team	nation	pos	rating	potential	pace	shooting	passing	dribbling	defending	physical	rare	strength	ballcontrol	shotpower	skillmoves	fkaccuracy
158023	241	52	CF	94	97	92	89	84	96	44	69	1	60	96	81	3	86
20801	243	38	LW	92	92	93	90	79	91	48	86	1	79	95	94	4	79
156616	21	18	LM	90	89	91	78	82	93	47	55	1	64	92	76	4	81
167397	69	56	ST	90	89	78	86	61	81	54	89	1	74	85	80	3	71
41	241	45	CM	89	89	75	72	91	91	66	55	1	59	94	65	3	65
7826	11	34	ST	89	89	76	89	82	84	49	69	1	72	88	90	3	81
10535	241	45	CM	89	88	66	73	92	86	68	54	1	60	93	67	2	87
41236	73	46	ST	89	90	76	89	79	88	53	79	1	93	90	93	4	80
9014	21	34	RM	88	88	92	85	80	92	47	58	1	65	89	86	3	84
121944	21	21	CM	88	88	63	81	86	83	80	74	1	76	86	86	2	78
153079	10	52	ST	88	90	88	84	73	90	44	72	1	70	90	86	3	72
168542	10	45	LM	88	88	78	78	86	89	46	59	1	53	91	76	3	77
54050	11	14	CF	87	87	76	87	83	83	59	81	1	85	86	91	2	79
121939	21	21	CDM	87	87	79	57	84	81	82	66	1	59	86	57	2	59
140601	11	51	CB	87	85	53	41	58	51	86	90	1	90	63	57	1	48
164240	73	54	CB	87	88	80	61	73	71	87	83	1	80	81	78	2	73
173731	243	50	RM	87	91	93	84	82	84	74	74	1	79	85	87	3	85
176635	1	21	CAM	87	89	76	74	85	87	44	55	1	56	91	69	3	79
178088	5	45	CAM	87	88	78	76	83	87	45	64	1	52	89	74	3	81
179813	73	60	ST	87	89	83	84	66	80	56	84	1	76	84	85	2	73
1179	45	27	GK	86	82	90	78	66	80	46	90	1	60	25	48	0	25
5479	243	45	GK	86	86	89	80	67	90	65	81	1	70	26	26	0	25
7763	45	27	CM	86	84	58	76	91	82	67	52	1	63	93	78	1	91
20289	10	108	CM	86	86	77	74	80	79	83	84	1	92	84	86	2	85
138956	45	27	CB	86	84	77	54	66	58	86	82	1	87	57	82	1	37
139720	10	7	CB	86	87	73	57	74	72	86	80	1	88	79	76	1	52
143001	45	52	ST	86	86	81	85	77	84	56	72	1	81	89	86	2	81
150418	110374	21	ST	86	84	79	79	60	72	48	84	1	88	77	85	1	37
152729	241	45	CB	86	91	62	52	76	67	86	81	1	84	76	53	1	43
155862	243	45	CB	86	89	80	61	74	72	84	86	1	80	82	71	2	62
162895	241	45	CM	86	90	68	79	90	82	66	70	1	64	89	77	2	81
167495	21	21	GK	86	89	85	82	91	87	50	82	1	78	31	42	0	25
176580	9	60	ST	86	89	81	83	75	90	56	72	1	76	89	84	3	84
183898	243	52	RM	86	88	90	78	83	86	58	60	1	64	85	88	3	70
188545	22	37	ST	86	89	82	78	64	84	52	83	1	81	86	81	3	66
34079	5	14	LB	85	83	76	61	80	78	82	71	1	69	77	77	2	49
45197	243	45	CDM	85	85	55	75	88	70	81	66	1	77	84	86	1	83
48940	5	12	GK	85	85	85	82	74	85	45	83	1	65	32	21	0	25
146536	10	45	RM	85	83	91	71	79	86	43	57	1	49	84	78	3	46
146562	1	45	LM	85	84	78	77	85	86	50	62	1	59	86	78	3	82
159065	73	52	LW	85	83	88	77	74	88	49	60	1	72	83	81	3	76
165153	243	18	ST	85	87	84	82	71	82	46	76	1	75	85	83	3	73
177003	243	10	CM	85	88	76	76	86	86	69	61	1	62	90	73	3	79
178603	22	21	CB	85	88	65	58	75	68	86	85	1	90	76	71	1	61
181872	45	55	CM	85	88	79	77	82	82	82	71	1	75	85	78	2	69
183277	5	7	LM	85	90	87	79	83	88	48	62	1	63	89	79	3	79
188350	22	21	LM	85	88	91	86	80	86	47	60	1	67	82	85	3	85
189505	241	45	LW	85	88	84	74	80	85	51	57	1	52	87	71	3	57
189511	241	45	CDM	85	89	56	58	77	75	83	71	1	78	84	61	2	68
189596	21	21	RM	85	88	82	81	81	80	53	74	1	68	83	81	2	60
192318	21	21	CAM	85	92	82	72	80	90	51	62	1	65	90	68	3	74
9676	5	103	ST	84	82	91	81	69	86	50	75	1	72	81	83	3	72
53302	52	27	CDM	84	85	69	75	81	78	83	84	1	84	82	82	1	72
120274	55	27	ST	84	80	85	86	80	87	45	60	1	60	90	76	2	86
121933	28	21	GK	84	85	86	81	76	86	46	83	1	66	30	35	0	25
136138	175	54	CAM	84	83	76	78	83	87	52	62	1	66	87	70	3	86
137186	45	27	CB	84	84	69	40	61	59	86	80	1	84	69	56	1	37
139668	46	27	GK	84	81	87	80	66	89	55	82	1	62	32	35	0	25
139869	325	34	CAM	84	85	72	77	87	83	61	51	1	61	87	86	2	85
142754	241	52	CB	84	84	68	60	74	66	85	70	1	74	81	76	1	50
143745	240	48	LM	84	88	74	75	84	88	49	70	1	68	89	74	3	64
146530	241	54	RB	84	84	90	72	81	83	79	72	1	71	85	88	3	74
146758	18	45	ST	84	82	78	82	64	78	53	81	1	76	80	84	2	64
148119	315	40	GK	84	85	85	81	83	86	56	79	1	67	22	24	0	25
148803	34	34	ST	84	84	71	82	61	71	49	82	1	78	76	84	2	64
158625	21	54	CB	84	84	68	59	76	70	84	81	1	83	78	77	2	60
159287	47	27	CDM	84	84	68	77	87	80	71	63	1	72	86	84	1	78
162835	44	44	GK	84	82	87	80	70	88	57	84	1	65	33	37	0	25
165239	10	18	LM	84	87	81	76	83	86	50	60	1	64	88	75	3	83
167664	48	52	ST	84	86	78	81	63	76	45	75	1	80	83	83	2	62
167948	18	18	GK	84	86	86	80	74	89	63	81	1	43	34	23	0	25
168435	73	27	GK	84	85	86	79	73	87	50	85	1	66	25	42	0	25
171877	48	43	CAM	84	86	76	80	83	82	68	74	1	70	85	77	2	72
173210	45	27	CM	84	88	79	78	83	83	76	68	1	72	85	76	3	69
177610	21	45	CB	84	86	57	62	76	72	84	82	1	87	76	75	2	51
179846	243	21	CDM	84	86	59	71	74	64	84	78	1	89	77	82	1	58
181820	10	15	ST	84	87	81	81	77	87	50	76	1	75	88	83	3	72
182521	21	21	CAM	84	88	57	83	85	83	62	56	1	68	87	88	2	83
186627	47	27	ST	84	90	84	82	67	85	48	75	1	86	88	86	3	76
186942	22	21	CM	84	87	82	73	84	87	74	62	1	74	86	76	3	74
189362	100769	54	RW	84	86	86	85	79	83	60	74	1	90	83	92	3	84
190871	241	54	LW	84	91	90	80	76	92	43	58	1	45	91	77	4	78
192119	240	7	GK	84	88	82	88	69	86	46	84	1	70	23	36	0	25
197781	243	45	CAM	84	88	80	73	81	88	46	61	1	59	89	73	2	74
2196	22	21	GK	83	83	83	84	60	85	38	86	1	75	25	44	0	25
7289	11	14	CB	83	79	58	43	66	60	84	78	1	81	66	59	1	27
11141	46	21	ST	83	82	75	75	62	75	46	86	1	74	80	79	1	51
13038	241	45	CB	83	83	64	48	64	55	85	80	1	80	55	48	2	64
13732	5	14	CB	83	83	42	47	58	50	84	83	1	84	61	61	1	31
13743	9	14	CM	83	83	67	84	86	77	73	75	1	82	82	95	2	80
20800	100769	38	LW	83	83	86	75	81	87	44	51	1	40	87	72	3	79
24630	48	45	GK	83	83	83	78	90	84	50	83	1	64	23	29	0	25
31432	325	108	ST	83	84	72	83	69	76	51	86	1	83	80	88	2	80
45574	28	34	CAM	83	82	60	81	84	82	52	58	1	63	83	81	3	82
106573	241	45	GK	83	83	82	78	77	83	60	90	1	71	27	29	0	25
106850	45	15	ST	83	79	80	81	79	85	48	76	1	75	89	80	2	75
113422	240	45	ST	83	83	77	85	74	85	47	71	1	68	86	82	3	78
120533	243	38	CB	83	83	74	48	60	58	82	80	1	83	57	63	1	47
139068	11	38	RM	83	82	84	80	79	88	43	52	1	63	84	85	4	74
146439	10	45	ST	83	83	72	82	62	78	51	82	1	88	83	88	2	71
146748	243	45	GK	83	84	81	86	76	79	34	83	1	75	23	27	0	25
150724	10	14	GK	83	83	85	76	79	87	56	81	1	61	20	25	0	25
157503	241	103	CDM	83	85	72	56	78	76	83	76	1	86	79	68	2	41
158133	34	59	RM	83	83	88	77	80	85	53	65	1	78	84	81	3	80
162347	69	38	CM	83	86	78	76	83	82	74	69	1	60	84	76	2	79
163631	7	14	LB	83	82	79	74	79	79	79	72	1	67	79	83	2	82
163705	219	18	GK	83	86	83	82	80	82	53	80	1	61	23	34	0	25
163925	189	27	CM	83	83	72	82	85	84	53	49	1	49	84	82	4	85
164994	22	37	RM	83	83	93	75	78	82	66	58	1	72	83	80	2	68
167905	11	57	RM	83	81	87	68	79	82	58	66	1	73	80	81	3	65
173771	22	37	RB	83	83	85	66	77	75	81	76	1	80	77	76	2	44
176676	243	54	LB	83	85	82	67	80	84	81	70	1	75	86	83	2	67
179844	240	45	ST	83	87	82	78	58	79	56	78	1	91	83	82	2	59
180403	5	54	RM	83	84	88	71	78	88	48	41	1	61	88	71	3	57
180432	46	54	CM	83	86	73	83	83	86	70	66	1	72	88	88	3	86
180930	10	8	ST	83	83	72	82	67	80	51	74	1	79	84	88	2	54
181783	21	10	ST	83	83	77	78	62	77	53	88	1	87	79	82	2	45
182493	240	60	CB	83	84	66	49	67	58	83	83	1	77	66	67	1	51
189358	11	163	LM	83	85	83	73	75	88	45	52	1	38	87	62	3	64
198710	69	56	CAM	83	89	79	79	82	85	55	66	1	73	85	79	3	83
1238	52	27	CF	82	81	51	85	88	84	47	52	1	78	91	87	2	80
1256	517	34	CM	82	82	64	80	86	84	60	62	1	62	84	80	4	86
21146	11	14	CM	82	80	60	71	84	75	75	70	1	64	82	78	1	75
23461	44	52	CB	82	80	55	41	58	44	87	76	1	81	57	68	1	41
28130	1035	54	CAM	82	81	54	77	86	87	44	60	1	74	91	75	4	87
30110	144	9	ST	82	82	66	81	82	82	43	80	1	73	87	84	3	65
45119	1	45	CDM	82	80	55	78	86	82	73	68	1	62	85	78	2	81
45186	110374	45	RW	82	79	76	74	84	87	42	51	1	60	85	74	2	75
48717	15	54	GK	82	82	83	77	67	86	39	82	1	66	33	35	0	25
49369	5	45	ST	82	82	77	82	70	82	48	75	1	75	84	84	2	68
52091	11	18	LB	82	80	78	51	78	76	80	78	1	76	75	74	2	51
112253	69	18	CDM	82	84	53	51	79	70	80	74	1	79	79	80	1	57
123603	44	52	CB	82	81	69	46	67	62	84	80	1	85	66	74	1	40
134979	10	52	CB	82	79	39	39	67	54	85	81	1	86	60	47	1	30
135377	517	54	GK	82	82	81	81	70	87	52	80	1	75	24	25	0	25
138449	47	54	CAM	82	83	70	80	79	84	42	50	1	60	90	65	3	68
142708	44	52	ST	82	79	77	79	62	80	45	80	1	75	81	75	1	69
142784	10	52	RB	82	82	74	56	74	73	83	77	1	79	79	66	2	77
152039	9	13	CB	82	81	67	65	69	64	81	79	1	77	73	86	1	72
152908	11	14	LM	82	79	88	76	75	85	44	46	1	48	80	76	3	77
152999	44	52	ST	82	82	85	81	77	84	44	72	1	61	87	74	2	76
160774	567	54	ST	82	79	64	80	69	76	49	82	1	83	79	80	2	67
161956	110374	45	CM	82	84	69	75	86	81	70	59	1	66	88	80	2	76
162131	45	45	ST	82	82	62	76	58	71	53	87	1	90	81	82	1	41
164169	240	54	LB	82	82	83	63	78	79	81	67	1	74	85	71	2	75
167628	1819	18	GK	82	84	83	80	78	85	55	81	1	76	26	21	0	25
167943	13	18	CM	82	82	68	76	82	78	73	69	1	66	83	80	2	83
169416	457	83	RW	82	87	86	76	73	86	46	64	1	69	85	68	3	67
170481	234	52	CB	82	85	53	58	71	65	84	81	1	83	73	76	1	74
170797	22	48	CM	82	84	56	73	85	82	70	51	1	61	86	72	2	83
172871	18	7	CB	82	84	72	67	74	73	81	82	1	82	78	86	2	73
173221	46	27	RW	82	85	84	77	82	84	66	60	1	70	86	90	3	80
177326	219	18	CAM	82	80	84	73	82	83	42	48	0	32	83	72	3	75
177509	52	129	CB	82	87	73	36	60	63	84	80	1	86	72	62	1	28
177600	448	45	CM	82	84	67	78	84	76	74	56	1	68	78	88	1	85
178224	11	83	ST	82	83	88	76	62	75	44	77	1	56	78	76	2	52
179784	34	21	CB	82	84	65	47	68	64	83	82	1	81	72	62	1	52
179944	5	54	CB	82	83	77	67	74	72	79	80	1	77	79	73	2	75
182494	325	60	GK	82	86	78	80	79	87	63	81	1	64	35	25	0	25
183280	461	18	CB	82	84	54	56	65	58	81	84	1	88	62	86	1	61
183284	325	103	CB	82	81	69	60	68	57	83	85	1	86	67	75	1	61
183556	22	51	CB	82	84	72	59	64	53	80	82	1	84	64	83	1	64
184941	241	55	RW	82	88	87	75	74	85	53	63	1	69	84	77	3	70
188152	5	54	CAM	82	87	81	72	78	85	41	51	1	31	86	76	3	70
189332	241	45	LB	82	85	92	68	76	82	79	68	1	67	81	64	2	64
189461	1	14	CM	82	86	79	68	83	85	72	63	1	69	85	75	2	72
190460	18	13	LM	82	88	83	74	83	84	55	52	1	47	86	78	3	84
193080	11	45	GK	82	87	86	73	86	88	51	75	1	64	31	31	0	25
200949	73	54	RW	82	90	92	77	78	88	53	54	1	45	84	77	3	68
3813	58	18	GK	81	81	80	78	84	84	32	78	1	78	84	78	4	84
4667	52	27	GK	81	80	82	80	62	81	34	84	1	62	25	42	0	25
5471	5	14	CM	81	80	60	85	84	78	69	71	1	76	82	89	2	79
7631	50	27	CF	81	81	54	80	88	87	45	60	1	74	92	75	2	80
16254	7	95	GK	81	81	83	77	77	83	50	80	0	71	25	25	0	25
25420	21	59	ST	81	79	64	80	65	81	48	78	1	76	81	78	2	73
41635	47	18	CB	81	78	69	46	62	62	80	82	1	84	72	68	1	44
45674	5	117	CDM	81	76	65	74	78	75	81	76	1	82	78	84	2	58
48745	13	52	CB	81	80	67	55	70	69	80	80	1	79	73	59	1	55
50542	18	14	ST	81	80	83	83	56	78	42	68	1	62	76	87	2	67
116494	59	18	GK	81	80	79	79	80	84	38	82	1	71	22	27	0	25
124375	325	48	ST	81	77	84	77	72	76	59	79	0	81	70	79	2	77
135460	111044	54	CAM	81	80	46	80	84	82	45	65	1	65	86	80	3	86
135507	10	54	CM	81	83	83	76	83	81	70	54	0	65	84	81	2	71
136130	73	54	CB	81	83	55	65	57	57	79	86	1	93	64	91	1	76
137262	32	21	ST	81	81	67	79	70	69	58	83	1	79	74	83	2	49
137677	1960	34	GK	81	81	83	74	76	84	60	82	1	63	34	22	0	25
138412	10	14	RM	81	80	70	77	84	79	73	70	1	78	78	86	2	75
138726	10	14	CB	81	79	53	51	65	59	82	85	1	85	60	65	1	51
139094	236	54	GK	81	80	83	78	76	85	64	80	1	62	36	39	0	25
146482	457	45	CAM	81	80	66	73	86	81	49	66	1	62	85	74	2	72
150656	65	18	CDM	81	81	66	53	78	73	79	72	0	72	79	68	1	62
152554	10	18	LB	81	80	88	44	75	78	79	70	1	66	80	51	1	37
155897	111144	95	CF	81	81	73	81	75	81	53	84	1	74	83	83	3	73
157304	1	7	CB	81	79	71	66	71	63	81	85	1	79	65	83	1	65
159145	66	18	ST	81	78	73	80	60	75	51	78	1	82	76	82	1	61
159261	45	27	ST	81	78	75	84	68	75	44	70	1	78	81	86	1	69
162240	18	7	CM	81	82	81	72	76	86	71	74	1	87	86	84	3	54
162409	110374	27	ST	81	84	80	82	70	82	42	59	1	55	87	80	2	78
164435	100765	129	CAM	81	81	79	73	79	86	48	50	1	32	84	72	4	77
164859	1	14	RM	81	85	96	72	71	80	46	55	1	59	80	76	2	73
165229	1	18	CB	81	82	77	41	67	61	80	80	1	71	67	54	1	49
165580	461	54	GK	81	85	90	72	74	90	55	73	1	67	25	45	0	21
166706	9	43	CB	81	81	61	38	58	52	81	83	1	85	61	46	1	27
168609	240	54	CB	81	82	76	48	58	62	80	83	1	79	64	70	1	39
168651	481	10	CAM	81	84	69	81	86	79	61	53	1	63	85	81	2	84
169051	44	56	CM	81	84	78	82	82	83	76	78	1	87	83	92	3	82
170368	18	52	RW	81	85	80	80	76	88	41	65	1	55	85	79	2	78
170890	73	18	CDM	81	86	78	64	77	74	83	76	1	75	80	74	1	52
171897	461	83	LB	81	79	87	73	78	84	72	64	1	58	82	78	3	76
172723	1806	8	GK	81	84	83	81	74	86	52	78	1	82	24	28	0	25
173909	34	117	CM	81	84	77	80	78	81	75	81	1	84	84	86	2	70
174543	457	55	GK	81	81	84	74	88	85	55	78	1	70	25	32	0	25
176266	9	54	CDM	81	82	70	45	78	72	80	75	1	73	79	71	1	47
176769	461	54	CAM	81	81	76	78	67	84	45	61	0	61	87	79	2	75
176944	11	7	CDM	81	82	71	72	77	76	81	85	1	91	79	76	2	45
176949	144	72	RW	81	78	70	76	76	85	57	67	0	57	84	75	3	73
177134	5	136	ST	81	80	78	80	65	77	58	81	1	87	76	83	2	64
177457	32	21	CM	81	84	70	63	80	73	82	74	1	76	76	74	1	47
177458	22	21	CDM	81	84	66	55	74	65	83	75	1	75	74	75	1	40
178005	237	38	GK	81	84	85	79	82	82	45	79	1	76	25	38	0	25
178393	54	27	CF	81	84	84	77	81	84	52	58	1	77	86	79	3	79
179752	234	58	ST	81	80	52	85	68	70	49	70	1	84	72	90	1	83
183285	9	18	CB	81	85	70	33	67	56	79	81	1	88	66	51	1	30
183907	21	21	CB	81	86	75	50	72	67	79	82	1	88	75	78	2	24
184144	234	52	LM	81	85	83	74	78	86	50	57	1	54	85	75	3	72
184881	461	97	RM	81	87	84	72	77	86	50	58	1	57	85	82	2	70
185221	175	54	CDM	81	83	75	58	76	72	83	77	1	79	77	77	1	51
186581	315	163	RM	81	84	82	81	78	81	67	72	1	72	86	80	2	84
187961	18	54	CM	81	85	77	73	76	78	78	81	1	71	82	76	2	56
188829	219	103	CB	81	85	77	44	72	68	82	76	1	75	75	57	1	27
189509	21	45	CM	81	85	72	70	77	85	58	65	0	60	87	69	2	77
190531	236	18	CB	81	86	77	45	63	63	82	87	1	86	65	77	1	47
190782	18	54	CDM	81	84	73	66	76	75	81	69	1	84	76	79	2	53
190813	47	27	LW	81	88	87	80	73	85	50	57	1	54	88	76	3	71
192620	21	21	CB	81	84	62	55	74	53	82	76	1	81	70	75	1	74
192883	22	3	CAM	81	85	80	78	75	83	62	65	1	70	83	76	3	57
193082	110374	56	RM	81	83	93	66	76	87	62	58	1	64	84	84	4	70
193747	240	45	RM	81	85	75	72	83	81	60	62	1	61	86	80	2	73
196144	236	56	ST	81	85	82	75	67	78	59	86	1	86	79	83	3	34
197445	21	4	LB	81	88	86	70	82	82	77	69	1	65	83	78	2	75
201535	243	18	CB	81	88	70	47	64	61	81	82	1	80	72	52	1	54
241	11	50	CM	80	80	64	76	84	82	52	62	1	62	82	76	4	84
1219	47	27	GK	80	76	84	75	73	84	50	79	1	68	30	38	0	25
4098	240	38	CM	80	80	63	69	78	73	73	76	0	76	84	79	2	68
5809	109	18	ST	80	80	69	79	71	82	45	78	1	78	82	79	4	71
8473	1	12	CAM	80	81	74	73	81	84	47	51	1	61	85	76	2	70
24248	110374	55	CDM	80	76	64	69	87	82	67	51	1	55	86	74	2	78
46815	144	36	CB	80	77	48	44	65	52	83	73	1	90	65	62	1	39
49072	1048	60	ST	80	80	66	84	77	82	43	70	1	74	86	85	2	80
49370	73	27	CDM	80	83	50	72	79	74	77	82	0	86	83	82	2	67
50327	7	140	LM	80	80	73	73	79	85	61	58	0	63	85	76	3	76
51101	55	27	CB	80	75	55	58	59	56	82	80	1	78	55	78	1	70
52797	46	27	CDM	80	78	57	72	83	77	74	62	0	68	82	80	1	80
53050	18	144	ST	80	80	73	76	65	78	47	82	1	84	78	81	3	43
53612	1	21	CB	80	82	34	41	57	39	84	75	1	89	65	71	1	45
53914	7	14	CB	80	80	67	47	68	56	81	82	1	83	65	69	1	31
103935	110374	27	CM	80	79	55	77	84	81	67	61	1	68	84	84	1	76
115533	175	47	GK	80	80	84	75	72	83	42	76	0	76	24	36	0	25
115909	449	45	ST	80	79	83	75	58	81	46	66	0	58	76	75	2	56
119152	9	108	CB	80	79	72	63	61	56	79	81	1	85	62	81	1	72
124607	325	48	CM	80	82	72	78	84	81	71	58	1	76	84	85	2	86
135475	325	54	CDM	80	83	75	75	75	76	80	80	1	88	76	84	2	70
136194	598	54	ST	80	78	68	77	59	75	45	78	0	74	81	81	2	69
137361	47	27	ST	80	78	73	75	61	70	46	84	0	74	76	70	1	42
137832	567	54	GK	80	78	80	80	73	82	29	80	0	71	21	33	0	25
138703	1048	52	CAM	80	80	71	75	82	86	50	50	1	54	86	76	4	80
139997	101059	10	RB	80	80	78	75	84	74	79	64	1	72	80	78	2	86
142750	236	52	CM	80	80	66	78	84	76	71	74	1	74	76	78	3	84
142780	110374	52	CB	80	79	67	50	66	51	81	78	1	78	74	72	1	54
142938	39	52	ST	80	79	67	78	57	72	47	86	1	85	77	83	1	65
146296	479	45	GK	80	80	86	73	69	86	55	75	1	74	27	31	0	25
146954	240	45	CM	80	81	68	74	80	76	72	58	0	68	80	81	1	75
147004	449	45	CAM	80	78	68	72	82	80	55	56	0	59	79	74	2	80
147782	312	40	CDM	80	80	76	67	77	76	78	64	0	62	79	67	2	54
148711	234	54	CB	80	80	39	57	63	59	80	80	0	88	68	78	1	48
150516	1	21	LM	80	77	81	87	69	79	46	67	1	75	80	92	2	75
152747	18	14	RM	80	80	92	63	71	84	43	44	1	52	82	61	2	54
157481	48	45	CB	80	82	52	47	62	58	80	80	0	81	66	65	1	50
158810	48	47	CDM	80	79	68	76	82	74	76	72	1	76	79	89	1	68
163418	18	18	CB	80	79	78	46	61	56	80	83	1	86	65	92	1	32
163419	1	18	RB	80	80	75	57	74	76	80	79	1	76	75	68	2	46
163489	39	27	GK	80	83	82	76	68	86	45	78	1	51	29	34	0	25
163711	100765	18	CDM	80	83	79	52	74	76	80	66	0	82	79	76	1	41
164468	5	14	CB	80	80	73	56	54	61	80	83	1	79	64	63	1	27
166072	55	54	CB	80	75	52	44	62	56	82	79	1	74	55	72	1	43
167431	32	21	CM	80	82	77	67	80	79	76	69	0	65	80	75	2	62
169195	1041	54	CAM	80	80	69	75	80	82	46	64	0	78	80	80	3	74
170664	240	60	LM	80	81	80	75	80	80	64	71	0	81	78	87	2	69
171830	110364	52	CB	80	74	55	41	47	43	83	81	1	86	49	64	1	28
171833	9	14	ST	80	86	90	77	65	83	43	70	1	73	81	83	3	68
171919	175	54	CB	80	80	74	62	61	54	81	78	1	84	68	90	1	75
172175	7	7	RM	80	83	88	75	79	85	53	66	0	65	82	77	3	74
172879	22	22	CB	80	84	77	53	69	64	81	82	1	86	67	65	1	47
173208	100769	27	LB	80	81	82	63	77	75	79	69	0	71	78	71	1	50
173426	9	7	GK	80	83	81	81	72	83	55	80	1	72	23	44	0	25
175943	48	7	CAM	80	82	83	76	75	83	42	40	1	34	87	79	3	82
176571	219	117	LM	80	82	82	72	78	82	66	84	1	73	80	74	2	56
177105	462	21	RM	80	82	80	76	83	80	59	66	0	75	81	86	2	82
177388	219	18	LM	80	82	81	79	77	83	54	62	0	68	81	80	3	78
177413	100769	7	CM	80	85	71	72	78	84	77	77	1	79	85	77	3	70
178372	5	51	RB	80	81	61	59	64	58	85	83	1	85	63	72	1	47
178509	1	18	ST	80	80	65	80	66	69	53	83	1	87	77	84	1	65
178518	1842	7	CM	80	82	83	72	81	81	76	65	1	72	83	84	2	69
178535	17	27	ST	80	79	72	77	62	79	47	83	0	81	85	80	2	55
180175	1041	54	ST	80	84	88	76	65	83	44	75	1	73	80	77	3	64
180695	234	54	ST	80	78	82	82	71	78	53	74	1	74	80	85	2	82
182495	45	60	CB	80	86	81	58	68	68	81	78	1	75	69	72	1	47
183855	45	27	CB	80	84	77	43	69	59	82	79	1	87	65	70	1	41
184312	50	18	RW	80	84	96	66	72	83	50	62	1	65	80	74	2	56
184943	5	54	CDM	80	82	88	68	79	81	76	72	1	58	82	75	2	50
186832	45	117	LM	80	85	83	76	78	82	74	73	1	81	81	84	3	63
188105	1035	54	CB	80	82	67	60	59	65	80	78	0	81	70	76	1	62
188428	315	108	ST	80	84	91	76	64	85	49	73	1	66	81	80	3	70
188567	22	115	RM	80	83	95	76	73	78	55	76	1	72	79	79	2	76
188791	100767	52	CM	80	83	64	80	84	79	70	58	1	70	84	91	2	87
189242	9	54	CAM	80	86	83	69	78	88	41	50	1	49	86	69	3	72
189690	461	45	GK	80	84	80	81	72	85	51	79	0	62	23	35	0	25
189963	1960	108	ST	80	84	73	78	55	74	55	86	1	94	76	89	2	58
190584	243	45	CM	80	85	67	63	82	79	71	59	0	67	83	72	2	71
191202	234	51	CDM	80	85	67	68	77	76	80	77	1	84	80	78	2	67
192366	236	52	CB	80	83	55	50	58	62	81	81	1	77	62	58	1	43
192448	23	21	GK	80	88	80	83	78	83	38	76	0	79	28	38	0	25
192563	32	21	GK	80	85	82	78	84	84	46	77	0	68	28	43	0	25
192985	5	7	CAM	80	86	79	79	80	82	54	55	0	74	82	82	3	76
193130	5	21	LM	80	85	88	82	75	84	50	68	1	64	78	86	3	70
193348	21	47	RM	80	86	87	76	74	86	66	50	1	69	84	85	3	78
194765	457	18	LW	80	88	81	72	77	84	42	54	0	62	80	75	3	70
199110	55	56	ST	80	82	89	78	65	86	43	63	1	66	84	78	3	60
199434	1908	51	LW	80	83	74	72	83	82	48	60	0	65	84	72	3	76
201508	17	60	CAM	80	82	79	75	76	85	51	62	0	64	84	76	3	74
202166	34	21	LM	80	86	78	78	79	85	45	54	0	62	84	81	3	72
204525	457	45	CB	80	86	77	55	59	58	80	79	0	78	66	82	1	31
205525	101059	54	CAM	80	86	91	71	76	86	43	50	1	21	83	76	4	76
330	697	25	ST	79	79	71	79	68	81	47	63	1	65	85	81	2	62
684	5	195	GK	79	77	75	81	69	79	50	81	0	70	25	28	0	25
1099	111139	27	ST	79	73	80	76	67	77	50	72	1	66	75	73	2	67
2147	144	34	GK	79	77	84	74	82	79	35	77	1	77	30	25	0	25
5485	22	21	CDM	79	78	56	61	74	65	81	79	1	83	74	77	1	48
6826	7	14	CDM	79	80	45	70	82	69	80	74	0	77	76	77	1	78
7784	110089	18	ST	79	78	84	75	62	72	48	78	0	82	74	80	2	61
8517	144	14	CDM	79	76	57	71	77	75	80	74	0	68	73	78	1	65
11983	18	95	GK	79	78	76	81	78	79	45	82	0	74	22	28	0	25
20556	1896	54	RW	79	76	77	70	79	81	61	62	0	70	81	77	3	78
28765	1629	54	CAM	79	78	73	70	82	82	66	58	0	58	83	71	3	73
39943	247	167	CM	79	79	79	68	75	80	48	60	0	60	80	68	4	75
49031	1843	27	GK	79	75	81	79	70	81	59	79	0	64	30	41	0	25
53578	47	34	CDM	79	84	66	56	73	70	81	76	1	80	78	72	1	51
106231	448	45	ST	79	79	67	76	56	69	53	88	1	80	76	82	2	52
120238	110556	27	CDM	79	74	55	74	86	76	69	60	1	68	80	78	2	89
120312	18	14	CB	79	79	52	30	53	39	80	83	0	82	62	61	1	25
121122	32	21	CDM	79	78	58	65	79	66	79	76	0	77	76	68	1	62
135466	234	54	GK	79	76	78	80	70	78	45	84	1	76	28	40	0	25
137506	48	19	CF	79	79	75	81	73	82	51	71	1	69	85	78	2	76
137782	9	14	RB	79	78	85	63	74	76	76	74	1	72	73	78	2	53
138782	11	42	CM	79	75	58	66	82	68	81	78	1	69	76	76	1	46
139062	573	52	GK	79	79	79	69	68	86	52	84	1	76	29	22	0	25
140384	1035	54	ST	79	82	74	75	64	75	46	82	0	87	78	80	2	65
142773	1053	52	CM	79	79	81	72	74	84	51	58	0	58	84	72	4	74
146760	240	45	RB	79	79	83	59	73	79	81	62	1	74	80	70	2	59
149184	48	27	RB	79	77	83	74	81	75	77	82	1	78	78	80	1	55
153296	66	18	CAM	79	83	69	74	81	81	60	73	1	76	84	78	3	81
154950	312	40	LM	79	79	79	70	78	78	70	59	0	67	78	72	2	78
155885	100767	25	RM	79	79	89	71	75	86	55	60	1	64	82	73	4	74
156142	110227	17	CAM	79	81	76	71	79	80	67	57	0	68	81	78	2	72
158138	38	21	CAM	79	80	78	76	76	79	55	67	0	66	78	78	2	74
158372	241	34	LM	79	83	84	75	78	83	50	56	0	58	82	77	3	74
160310	573	45	RB	79	79	74	53	70	65	80	72	0	82	72	83	1	50
161648	13	18	RM	79	80	83	76	76	86	46	70	1	72	83	81	4	73
161754	10	45	CDM	79	80	63	67	75	67	82	87	1	89	74	81	1	62
161999	46	18	RB	79	78	86	62	79	79	77	72	0	79	78	74	1	57
162123	144	61	CB	79	75	52	47	55	49	80	78	1	86	59	69	1	34
162369	36	8	ST	79	80	66	76	61	73	47	78	0	78	78	82	2	55
163824	1960	50	CB	79	79	67	40	63	60	80	82	0	87	68	63	1	22
164477	5	133	CDM	79	80	68	56	72	69	80	77	0	88	76	70	1	58
164505	2	95	GK	79	78	80	80	69	82	50	77	0	76	27	23	0	25
164876	1960	45	ST	79	80	67	75	67	69	66	80	1	82	76	81	2	58
165526	50	52	CB	79	83	58	44	53	44	81	81	1	91	58	68	1	44
167614	100769	40	CM	79	79	72	76	81	74	72	67	0	73	77	80	2	69
167812	325	48	CB	79	84	67	33	62	63	80	81	0	77	58	52	1	20
169181	245	34	GK	79	78	82	76	67	85	60	75	0	58	38	23	0	25
169588	11	35	CB	79	82	71	32	66	48	79	80	0	73	67	41	1	24
169721	10	14	RB	79	82	81	51	69	72	81	88	1	91	71	71	1	31
170369	483	83	ST	79	83	85	74	76	87	40	52	1	48	86	80	3	78
170597	13	34	GK	79	84	81	79	72	84	50	75	0	60	24	22	0	25
170733	52	108	LW	79	83	88	67	72	82	49	54	0	55	82	70	2	44
170770	9	45	LB	79	80	79	53	76	75	80	74	1	84	75	71	2	57
170783	13	108	CDM	79	80	74	62	71	74	81	72	1	86	76	73	2	41
171018	240	45	CM	79	83	54	63	76	70	80	66	0	84	78	82	2	71
171318	237	45	LW	79	81	88	64	73	85	49	54	0	33	83	69	3	62
171688	243	38	LB	79	86	81	65	73	79	76	71	1	68	78	68	2	59
173198	1842	27	CB	79	82	68	36	62	48	82	76	1	82	58	65	1	22
174379	457	60	LW	79	79	82	72	70	83	48	58	0	56	84	74	2	72
175379	1860	45	RM	79	81	76	73	84	79	49	46	1	58	78	79	2	79
176546	48	56	LB	79	76	88	66	77	82	73	62	0	68	78	75	3	58
176993	245	45	RW	79	82	84	74	74	85	37	50	1	41	85	73	3	60
177765	13	136	ST	79	76	77	79	67	75	46	78	1	72	76	79	2	58
177983	47	56	CB	79	84	73	38	60	51	81	80	1	86	56	60	1	30
178213	18	18	CDM	79	83	68	59	75	75	79	72	0	77	75	72	1	29
179527	13	18	ST	79	81	91	73	71	74	48	81	1	72	76	78	3	51
182168	44	27	CB	79	82	59	39	53	49	82	77	1	82	70	59	1	39
182879	312	23	RM	79	81	82	81	78	78	42	52	1	61	76	87	3	85
183966	110374	52	RB	79	75	69	54	66	59	79	78	0	74	70	76	1	37
184111	2	7	ST	79	87	81	75	60	75	48	81	1	90	79	83	2	46
184120	483	45	CDM	79	80	63	60	75	69	79	64	0	74	74	78	2	60
184134	236	54	CDM	79	83	69	59	69	71	83	73	1	82	74	77	1	52
184344	45	27	CB	79	84	72	50	68	64	77	84	0	81	73	68	1	47
184431	45	27	CF	79	84	91	76	76	86	36	45	1	33	87	60	3	85
186153	1	37	GK	79	83	84	79	69	83	50	74	1	61	21	34	0	25
186569	36	21	GK	79	82	82	77	74	83	44	76	0	64	25	23	0	25
186789	1035	54	GK	79	80	82	77	63	85	46	76	0	74	25	33	0	25
187052	110227	18	CDM	79	86	77	63	73	74	80	66	1	75	76	75	1	48
187084	485	136	ST	79	81	88	70	56	75	47	84	0	78	76	81	2	35
187735	315	40	CAM	79	84	78	75	77	80	51	64	0	59	81	78	3	80
188270	217	115	CB	79	79	66	29	63	43	79	78	0	84	61	42	1	24
188377	18	14	RB	79	82	92	65	70	76	78	78	1	79	72	85	2	72
188427	46	8	LM	79	83	84	72	79	79	75	72	1	78	78	84	2	61
188943	1824	21	GK	79	84	80	78	77	82	45	78	0	70	24	28	0	25
189125	39	27	LM	79	85	82	74	78	81	69	64	0	68	82	79	2	67
189679	280	43	ST	79	79	87	71	70	84	45	57	0	57	84	71	4	70
189712	52	34	CM	79	86	67	71	80	76	73	68	0	82	82	86	1	74
189795	1896	38	ST	79	82	84	72	68	80	58	79	0	82	76	80	3	40
190544	52	51	LW	79	83	81	78	73	84	48	56	1	64	84	76	2	80
190972	234	52	RM	79	84	88	74	74	84	54	65	0	65	83	78	3	64
191043	236	54	LB	79	84	82	64	75	80	79	68	0	75	80	75	2	59
191180	73	52	LM	79	85	66	76	80	82	58	61	1	70	86	78	3	69
191687	236	54	CB	79	82	62	51	62	58	80	83	1	88	60	84	1	76
191740	448	45	CM	79	84	76	61	78	84	63	49	1	58	87	55	3	70
195864	45	18	CM	79	90	75	76	80	80	76	81	1	87	87	88	3	69
198076	1809	145	CB	79	85	68	50	69	60	81	77	1	92	68	76	1	38
198213	1048	54	ST	79	82	73	76	57	75	50	84	0	82	76	80	3	55
200315	241	45	RW	79	83	89	71	72	83	40	55	0	56	82	81	2	54
206407	461	38	RB	79	79	86	56	77	76	76	67	0	67	76	70	2	62
1178	48	27	CB	78	74	55	51	67	59	78	82	0	76	60	72	1	29
1611	23	4	CB	78	79	58	44	64	53	80	74	0	86	68	70	1	52
1625	689	18	CF	78	79	75	78	69	83	44	63	1	65	84	75	3	72
6747	44	39	CB	78	78	61	56	70	64	79	75	1	75	64	56	3	70
7743	697	95	LM	78	79	85	74	75	77	55	62	1	59	80	76	2	70
16897	21	7	CB	78	78	29	54	53	35	80	77	1	77	35	54	2	53
20209	461	38	CB	78	78	64	36	47	50	77	87	1	85	54	69	1	27
23174	1877	52	CAM	78	79	53	76	83	80	42	58	0	67	83	72	3	86
24438	39	56	CB	78	74	34	36	50	38	81	79	1	84	51	60	1	44
46590	312	107	CB	78	78	54	48	46	42	81	78	1	93	55	69	1	20
49012	312	21	ST	78	77	74	73	65	67	51	81	0	86	71	83	1	35
49425	7	34	CB	78	76	65	59	73	53	78	76	0	75	66	79	1	72
50598	144	14	ST	78	74	80	78	51	66	41	74	1	64	66	78	2	69
52126	65	18	CM	78	76	66	69	80	75	76	58	0	69	78	76	1	70
54013	19	14	RM	78	77	77	74	76	80	51	61	0	63	75	82	2	74
103496	1842	27	CAM	78	75	77	62	82	80	48	48	0	34	86	44	2	76
103936	45	27	RM	78	76	84	75	76	80	64	62	1	63	79	76	2	81
106213	448	45	RB	78	78	79	61	74	74	78	65	0	76	78	70	2	61
108080	45	47	RM	78	79	83	65	78	74	79	71	1	78	79	74	1	55
112316	461	18	CB	78	79	76	68	75	70	83	69	1	90	77	81	1	74
112712	569	54	CM	78	78	56	77	83	76	57	55	0	55	76	77	3	83
122849	7	108	ST	78	77	86	73	58	78	48	76	0	84	77	84	3	55
134956	46	1	CB	78	77	63	56	66	54	78	80	1	90	62	84	1	62
135043	11	13	GK	78	77	83	76	74	79	47	74	1	72	34	27	0	25
135339	568	54	GK	78	81	74	75	70	83	56	82	0	75	25	20	0	25
135455	52	54	RB	78	80	79	73	79	74	79	77	1	82	80	82	1	72
137080	485	23	CM	78	78	78	76	78	82	51	61	0	61	82	76	4	78
137854	45	27	GK	78	75	80	76	68	80	46	78	0	63	29	48	0	25
138123	44	52	CDM	78	78	62	71	77	72	78	75	1	77	79	77	1	58
138708	598	54	CAM	78	77	79	74	80	81	44	55	1	52	81	77	3	83
140233	614	83	GK	78	80	84	68	76	85	47	74	1	56	28	24	0	25
141645	69	18	CB	78	75	64	35	70	57	79	72	1	77	67	45	2	41
144622	23	54	CF	78	80	77	73	73	82	54	67	0	64	82	77	3	73
146460	461	45	CDM	78	78	66	62	74	64	78	57	0	76	72	75	2	75
147455	236	40	ST	78	78	76	74	76	84	53	56	0	56	84	74	4	76
147621	100765	40	RM	78	79	82	70	77	78	57	60	0	58	80	72	2	75
147777	100769	40	LW	78	76	75	77	75	84	42	54	0	65	80	71	3	75
147794	100769	40	GK	78	77	79	75	74	82	56	76	0	67	22	39	0	25
148138	175	10	ST	78	79	80	75	66	76	53	74	1	78	75	81	2	63
148684	1917	178	GK	78	76	83	73	70	83	41	75	0	64	31	24	0	25
150525	1041	59	ST	78	76	68	71	68	79	47	82	0	80	80	74	2	31
152850	1048	54	CAM	78	76	63	77	79	78	54	59	1	58	78	84	3	79
156776	23	61	LM	78	77	63	81	81	80	43	56	1	64	85	88	2	90
157392	15	103	LB	78	75	78	60	77	76	78	66	0	74	76	81	1	77
158121	74	18	GK	78	79	78	78	75	81	46	79	0	64	25	31	0	25
158232	65	108	ST	78	78	83	74	70	84	43	74	0	70	84	79	3	56
158626	13	18	RB	78	80	78	65	76	74	76	74	0	71	76	74	2	61
159147	1819	18	CB	78	80	65	62	74	65	78	75	0	76	74	75	1	51
161805	48	47	CDM	78	79	75	67	78	76	78	72	0	77	78	75	1	68
162932	110364	52	RW	78	74	69	73	79	85	41	54	0	46	84	68	3	76
163155	109	14	GK	78	78	79	77	74	82	50	77	0	57	24	26	0	25
163600	1792	14	GK	78	81	79	76	74	81	43	75	0	76	23	23	0	25
163699	109	99	CAM	78	77	84	70	73	81	59	70	1	73	78	74	3	66
163804	74	18	CAM	78	74	66	74	80	81	55	65	0	68	74	73	2	70
164300	46	54	CB	78	75	55	51	56	51	81	78	1	83	58	76	1	42
164376	246	27	ST	78	77	57	73	56	67	48	87	1	91	75	77	1	39
164985	192	18	ST	78	76	74	78	71	80	45	80	0	82	83	76	2	76
165109	46	39	LB	78	81	78	51	69	66	82	76	1	77	66	76	1	42
167237	31	21	ST	78	77	77	79	62	73	45	72	0	71	75	81	1	68
167514	55	51	RM	78	74	79	69	78	78	77	68	0	70	76	82	1	66
167599	315	46	CDM	78	82	65	76	81	69	73	67	0	70	80	85	2	88
167958	1041	54	GK	78	81	81	76	75	80	42	77	0	84	22	32	0	25
168312	47	27	RB	78	82	93	62	73	74	73	74	1	74	76	68	2	57
168326	100767	27	CB	78	80	76	57	64	52	79	80	0	76	70	75	1	24
168354	1	27	GK	78	78	78	78	68	83	30	77	1	58	26	43	0	25
169596	1806	14	CB	78	76	58	39	57	47	80	82	1	88	53	43	1	23
171579	240	45	RM	78	82	67	71	77	72	70	73	0	79	81	81	1	67
171828	1048	52	ST	78	74	81	80	77	80	45	66	0	54	79	80	3	77
172098	44	60	LB	78	74	81	64	79	77	75	74	0	76	77	77	2	72
172283	457	45	RB	78	80	73	48	72	67	77	75	0	83	72	56	1	46
172294	457	45	CB	78	80	69	40	56	48	78	77	0	86	53	61	1	49
172610	52	54	CB	78	85	60	44	55	52	79	78	0	82	70	64	1	30
172672	236	38	LW	78	78	84	75	71	82	51	66	0	76	80	83	3	51
173146	39	27	CM	78	80	67	68	85	76	66	50	1	58	83	71	1	79
173306	100769	52	LB	78	80	87	57	72	72	74	68	0	63	72	59	2	44
173432	452	83	CB	78	83	70	43	63	55	77	81	0	82	66	62	1	27
176600	481	18	ST	78	82	80	76	72	75	46	68	0	60	75	70	2	67
176605	48	56	LB	78	76	90	67	77	78	74	65	1	72	74	86	1	60
177553	175	38	RM	78	80	83	72	72	84	49	68	0	59	83	80	3	66
177573	573	54	CB	78	78	61	38	54	49	81	76	1	83	53	59	1	38
177934	32	21	RW	78	83	90	78	73	82	49	66	1	58	78	88	3	64
177935	47	118	LB	78	76	83	67	79	78	77	71	0	80	80	76	2	68
178085	457	45	CM	78	81	66	70	83	75	68	62	0	70	83	78	2	77
178111	66	51	CB	78	77	55	47	65	50	81	79	1	81	65	58	1	45
179546	481	21	CAM	78	82	81	70	75	86	35	42	1	35	84	58	3	78
179589	485	108	ST	78	77	83	76	68	80	44	71	0	68	80	77	2	56
179605	144	129	LM	78	86	79	73	76	84	45	49	1	68	88	72	4	72
179847	481	52	CB	78	81	47	40	64	62	81	75	1	91	71	61	1	35
180206	52	8	CM	78	87	69	74	82	81	60	62	0	60	90	80	2	86
180287	982	15	ST	78	78	77	75	60	73	43	82	0	82	73	75	3	60
180819	17	14	CAM	78	83	76	69	75	82	58	68	0	67	82	68	3	66
181019	568	54	CAM	78	83	83	69	72	84	52	58	0	46	86	70	4	67
181291	247	34	CAM	78	83	86	73	67	84	54	72	0	68	83	76	3	70
182629	481	38	GK	78	78	78	75	76	81	47	77	0	52	28	36	0	25
183108	325	129	LW	78	79	90	71	72	84	48	56	1	75	75	75	3	67
183254	1896	54	CB	78	75	65	51	64	58	80	84	0	82	60	61	1	49
183574	23	21	CF	78	82	74	79	74	79	54	65	0	69	82	81	2	74
183666	280	45	GK	78	83	77	75	79	85	51	76	0	84	30	35	0	25
183893	109	52	CDM	78	80	64	55	68	68	78	76	0	69	78	62	1	54
184010	36	36	ST	78	76	76	79	62	74	49	71	0	68	75	79	2	65
184087	240	7	CB	78	82	62	58	71	61	79	78	0	81	67	85	1	64
184477	34	22	CB	78	85	68	48	54	52	78	86	1	90	59	82	1	53
185103	10	51	LB	78	79	67	72	78	74	79	76	1	76	78	90	1	80
185239	32	48	CB	78	82	77	41	66	68	78	78	0	77	74	62	1	32
186115	1	14	LB	78	82	84	58	74	73	78	67	1	69	77	71	2	51
186119	393	43	LW	78	83	91	76	66	80	43	43	1	33	80	81	3	75
186146	11	14	ST	78	83	85	74	73	78	45	79	1	75	80	76	2	61
186148	485	21	GK	78	83	80	76	75	79	46	77	0	55	27	35	0	25
186452	245	34	CAM	78	79	73	78	72	74	64	82	0	74	78	81	1	68
187763	1043	54	CM	78	78	80	73	72	75	77	69	0	69	75	73	3	72
187924	66	18	CAM	78	85	71	74	82	79	57	72	1	77	82	84	2	82
187936	1806	18	CDM	78	81	71	58	74	71	78	73	0	81	77	74	2	41
188005	573	45	CDM	78	81	68	49	67	63	77	81	0	74	73	59	1	59
188042	229	52	LW	78	80	81	74	73	82	43	60	0	57	83	73	3	69
188081	101059	54	CAM	78	81	79	69	75	83	70	54	0	56	80	69	2	49
188154	18	21	CAM	78	81	72	72	78	80	65	66	0	63	81	72	3	74
188802	22	21	LB	78	81	78	59	72	70	78	72	0	75	73	76	1	74
189246	32	21	CDM	78	80	60	53	71	49	82	75	1	86	69	76	1	52
189354	448	45	RW	78	84	84	74	79	81	44	56	0	59	79	75	2	82
189575	448	45	LW	78	83	85	69	69	84	49	52	1	53	79	67	3	67
189725	11	14	CM	78	80	76	65	80	81	57	55	1	51	79	73	2	61
189805	23	34	ST	78	80	67	77	68	74	52	78	0	77	73	77	1	64
189881	11	14	CB	78	81	76	28	62	61	80	75	1	73	63	41	1	21
190483	101059	54	CAM	78	84	85	72	73	82	55	64	0	61	82	74	3	78
191856	1629	52	ST	78	77	67	74	67	75	50	81	0	77	80	75	1	48
192086	312	40	ST	78	82	85	76	69	75	53	70	0	61	75	79	2	74
192568	568	54	CB	78	82	68	49	70	62	78	82	1	90	70	67	1	69
193116	66	18	CDM	78	82	67	66	72	71	80	75	0	76	75	79	1	57
193698	25	21	GK	78	82	80	75	73	81	47	75	0	64	26	35	0	25
194203	110374	51	RB	78	76	72	38	64	54	80	78	0	78	68	70	1	37
194957	11	14	CB	78	84	73	53	71	62	79	76	0	78	72	67	1	34
195086	17	10	CB	78	82	53	38	66	58	78	78	0	86	66	62	1	25
196432	234	52	CM	78	81	81	72	76	82	75	65	0	76	82	75	2	70
198202	32	21	CB	78	81	59	37	55	48	79	80	1	87	54	56	1	22
199074	100766	108	ST	78	84	77	72	45	70	52	78	1	90	71	78	2	35
200223	247	34	CAM	78	82	75	69	74	84	59	50	0	44	84	73	3	74
200529	18	7	LM	78	82	77	74	74	81	55	69	0	83	81	80	2	77
200752	44	54	CB	78	84	79	42	60	53	79	80	0	83	61	62	1	41
201942	10029	54	CAM	78	85	77	72	72	82	43	71	0	68	82	73	3	67
207865	73	54	CB	78	89	78	37	65	62	78	72	0	60	72	53	1	32
210513	236	56	CAM	78	86	75	71	74	84	39	43	0	34	82	82	3	84
27	19	14	RM	77	75	62	73	77	82	48	56	0	60	83	72	3	76
1041	44	52	CM	77	77	74	51	80	79	79	60	1	60	79	51	4	80
3622	69	38	CB	77	77	50	46	64	54	77	78	0	77	63	52	1	35
4724	110364	27	CB	77	77	53	35	62	52	78	81	0	81	52	35	2	62
5213	110556	27	CB	77	73	75	43	52	52	80	78	0	75	55	68	1	32
5879	110556	27	ST	77	77	69	68	56	71	46	83	0	83	71	68	3	56
7518	101083	52	CM	77	77	54	74	83	78	69	62	0	62	78	74	4	83
20176	461	38	ST	77	76	75	72	56	78	47	77	0	71	81	83	2	52
20799	1896	38	CDM	77	74	69	67	73	69	78	78	0	72	75	74	1	71
26992	7	18	CB	77	77	73	37	58	56	78	78	0	88	67	40	1	35
45595	47	27	CB	77	76	67	42	65	51	79	76	0	78	56	60	1	34
46160	517	54	CDM	77	74	65	73	80	77	72	77	0	74	81	77	1	70
51257	1806	14	ST	77	76	54	74	66	72	45	65	1	71	79	76	2	49
51287	144	25	RM	77	74	71	73	78	82	57	54	0	62	77	75	2	58
52270	28	21	CB	77	75	68	56	68	58	79	80	0	83	63	72	1	38
53012	10029	21	GK	77	77	81	74	56	85	38	72	0	72	85	74	4	56
53405	73	54	LB	77	77	74	62	80	73	77	71	0	77	81	70	2	51
101378	36	21	ST	77	75	77	76	64	78	46	74	0	66	77	77	2	66
107715	598	54	CB	77	76	52	56	59	62	76	81	0	84	67	71	1	66
109416	100769	40	ST	77	76	82	74	72	73	49	74	0	69	78	82	2	78
110842	462	45	CAM	77	77	68	75	74	74	50	58	0	59	75	78	2	68
111093	481	45	RM	77	76	75	72	76	81	39	56	0	57	83	70	3	70
112542	315	40	CB	77	77	53	60	66	60	77	81	0	80	68	88	1	76
112847	34	95	CDM	77	77	81	68	72	71	79	72	0	83	73	81	1	55
121622	100769	49	CDM	77	75	58	62	71	63	80	74	0	69	68	84	1	73
126925	485	21	RM	77	76	79	76	76	80	42	56	0	55	81	76	3	71
135451	18	54	GK	77	77	82	69	64	86	50	76	1	64	24	37	0	25
135499	568	54	ST	77	77	84	75	70	81	56	65	0	58	78	81	3	63
136137	1629	54	CAM	77	76	65	78	82	76	62	60	0	60	79	80	3	81
136553	1477	167	ST	77	77	54	83	67	70	40	81	1	82	73	85	2	69
137114	46	18	CB	77	76	67	46	53	43	82	79	1	93	52	82	1	60
137494	111144	133	ST	77	77	93	72	54	75	46	72	1	67	76	81	2	54
137785	1806	21	CB	77	77	51	54	55	37	79	78	1	93	53	74	1	60
139038	52	52	CB	77	76	63	31	51	45	78	81	0	73	52	24	1	26
140274	1877	52	CB	77	76	50	49	60	45	78	81	0	84	52	82	1	70
140293	50	27	GK	77	79	80	79	67	81	44	74	0	55	28	35	0	25
141200	32	8	CB	77	78	60	44	61	51	75	79	0	78	58	57	1	49
143135	1970	52	CAM	77	73	75	73	77	78	53	65	0	50	76	73	3	72
146741	243	45	RB	77	77	73	59	74	60	78	71	0	77	62	71	1	48
146955	280	52	CAM	77	75	66	68	81	76	55	42	0	39	80	64	2	77
147579	312	40	GK	77	78	78	74	77	80	61	76	0	64	25	25	0	25
147779	100769	40	RW	77	75	90	67	76	75	54	59	1	63	73	69	3	50
148122	315	40	CB	77	78	58	41	63	46	77	80	0	85	48	70	1	42
148217	100769	40	RB	77	77	75	65	77	70	72	68	0	48	75	71	2	75
149571	192	27	ST	77	70	75	80	64	73	43	65	0	58	77	78	1	60
150278	28	12	GK	77	76	77	74	60	84	36	77	0	69	22	34	0	25
150590	73	18	RB	77	75	74	65	76	70	75	68	0	64	73	73	1	74
152778	1035	54	CB	77	77	57	55	46	35	76	84	0	87	42	69	1	41
152822	1041	54	CAM	77	74	45	75	81	77	63	68	0	75	81	76	2	64
153244	219	18	ST	77	79	76	78	70	74	49	68	0	77	75	84	2	69
153260	70	54	CB	77	77	50	47	71	62	77	81	0	75	73	54	1	47
156272	46	54	CAM	77	80	73	72	77	83	57	66	0	70	85	83	3	78
156412	1878	83	GK	77	77	76	79	74	77	47	78	0	60	32	32	0	25
156650	13	18	LM	77	76	80	72	72	77	56	77	1	75	77	76	2	48
156713	112218	46	CB	77	79	55	56	62	53	78	77	0	83	62	78	1	39
156722	1	18	CDM	77	79	74	66	76	74	75	69	0	73	76	77	1	55
156988	47	27	CM	77	76	78	75	76	74	78	72	0	75	75	80	1	60
157430	10029	8	CM	77	77	50	81	83	75	71	58	1	76	77	88	2	90
157492	383	55	CAM	77	78	72	66	77	83	49	58	1	56	86	72	4	66
158856	36	21	CM	77	78	70	71	77	71	75	70	0	81	76	82	1	53
158905	1824	47	CDM	77	80	69	70	78	76	74	73	0	67	79	76	2	73
159043	74	101	RW	77	75	91	64	69	80	40	57	1	46	74	64	3	56
160766	73	18	LW	77	80	86	74	78	87	52	66	1	61	80	75	3	67
161468	569	52	CDM	77	72	68	53	73	71	78	78	0	74	69	71	2	49
161793	457	45	ST	77	80	64	73	59	72	53	80	0	81	83	71	2	47
163423	1	18	CM	77	79	78	70	72	82	74	76	0	85	82	83	2	57
163530	1819	18	CDM	77	77	60	60	74	63	78	72	0	71	69	70	1	53
163571	19	14	LM	77	76	87	66	75	78	49	52	0	42	74	71	2	56
164082	241	54	LB	77	77	76	70	78	81	76	68	0	68	82	87	2	68
165247	110929	140	GK	77	82	78	75	84	79	32	77	0	41	23	39	0	25
165517	1877	52	CM	77	80	67	61	76	71	74	59	0	69	77	77	1	66
165740	106	14	RM	77	80	77	70	76	81	50	51	0	64	80	73	3	76
166708	312	40	LM	77	78	84	68	74	80	44	57	0	56	77	67	3	54
167305	110374	59	LM	77	76	78	78	81	76	72	62	1	80	78	90	2	76
167666	44	52	GK	77	75	78	74	78	82	59	74	0	65	31	35	0	25
167963	11	54	CM	77	77	78	62	78	82	69	70	0	68	84	78	2	55
168585	2	34	CB	77	78	52	61	61	59	81	70	1	90	64	88	1	69
169386	46	27	ST	77	73	75	71	60	79	44	80	0	72	76	76	1	60
169590	7	25	CM	77	80	60	68	81	74	74	68	0	74	76	81	1	70
169808	47	34	LB	77	78	84	73	77	81	68	54	0	58	80	64	2	74
170815	236	7	CM	77	81	73	68	78	76	74	65	0	66	77	73	2	68
171975	110364	52	ST	77	71	73	74	67	75	46	74	0	76	75	75	1	56
173228	234	54	LB	77	79	81	66	76	81	75	70	0	74	80	76	2	70
173818	240	45	ST	77	84	85	73	62	85	45	72	0	70	84	79	2	56
173857	110364	52	GK	77	72	76	77	60	78	50	79	0	70	20	36	0	25
176237	106	95	ST	77	77	73	74	52	70	48	81	0	88	69	82	2	65
176794	247	46	ST	77	78	66	78	70	75	53	77	0	79	81	82	1	76
176894	112387	54	CAM	77	77	80	73	73	83	48	61	0	47	81	76	2	68
176957	34	54	CB	77	77	81	43	51	43	77	84	1	77	48	68	1	32
177152	1909	34	GK	77	78	76	76	69	83	57	74	0	65	34	36	0	25
177358	17	18	CDM	77	81	71	61	73	65	76	66	0	76	73	71	1	54
177519	100767	21	CB	77	80	66	42	67	65	78	79	0	78	73	63	1	44
177604	1	45	LB	77	78	78	58	77	68	75	66	0	65	78	70	1	58
177666	36	4	RM	77	79	82	73	73	76	51	73	0	73	75	78	2	51
178281	598	54	ST	77	78	90	69	67	84	38	52	1	38	79	73	3	51
178767	206	9	GK	77	80	80	78	75	84	57	69	0	69	31	23	0	25
179591	1960	45	LW	77	77	80	73	70	83	52	60	1	58	81	76	3	76
179696	240	52	LB	77	82	76	72	72	73	80	75	0	81	72	87	2	72
180575	1041	54	ST	77	73	87	71	70	81	42	64	0	55	80	73	3	50
181375	1043	53	ST	77	75	66	74	63	73	44	79	0	79	70	79	2	56
181458	175	10	LM	77	81	80	80	76	77	53	79	0	75	77	83	3	76
181560	13	18	CB	77	81	70	37	65	65	79	77	0	82	66	51	1	27
181786	100765	10	CB	77	80	63	49	64	65	78	73	0	84	72	63	2	59
182105	1043	54	GK	77	77	77	72	76	80	52	77	0	69	25	34	0	25
182763	7	10	ST	77	75	75	76	50	70	45	73	0	76	72	75	2	76
182836	19	14	ST	77	80	73	74	61	68	60	88	1	92	73	85	1	41
182859	50	60	CM	77	72	73	58	73	72	76	58	0	65	72	75	1	70
182860	46	60	CM	77	79	78	67	78	74	75	72	0	68	76	75	1	69
182862	234	60	RB	77	76	74	66	74	76	77	69	0	68	75	82	1	63
183177	100767	58	ST	77	74	74	73	61	75	50	80	0	77	77	73	2	48
183465	10	14	CM	77	82	72	69	76	76	74	78	0	77	76	79	2	46
183870	70	18	LM	77	79	84	69	75	75	48	62	0	60	62	72	2	76
183871	169	21	RM	77	80	88	70	70	81	59	62	0	59	80	71	2	60
184031	236	38	LW	77	77	84	71	69	80	53	66	0	71	72	74	2	72
184432	5	45	LB	77	82	78	57	76	72	77	68	0	72	76	68	2	58
184716	9	50	CM	77	82	71	57	78	79	68	53	0	48	80	62	2	49
184789	34	23	ST	77	81	68	69	58	75	54	80	0	86	75	79	2	41
184885	1048	54	GK	77	80	80	74	70	83	33	72	0	65	25	25	0	25
185000	605	54	CAM	77	78	75	76	76	78	42	75	0	63	80	81	3	79
185373	110089	9	CAM	77	80	80	75	73	75	57	65	0	68	78	77	2	75
186561	1	50	CM	77	85	67	70	79	78	66	60	0	69	82	81	2	70
187072	485	21	RM	77	80	71	72	79	77	63	62	0	67	78	74	2	74
187366	100767	40	CDM	77	75	69	67	77	75	71	61	0	56	80	84	2	56
187688	598	54	CAM	77	84	44	71	82	79	50	60	0	68	84	76	3	68
187800	45	55	RM	77	82	81	66	77	76	72	64	0	60	75	64	2	63
188616	1842	27	CF	77	84	91	76	64	82	39	57	1	48	84	66	2	76
189067	48	60	CB	77	79	61	39	59	52	78	79	0	82	59	31	1	58
189250	110227	61	ST	77	81	80	72	51	71	48	81	1	91	72	86	2	52
189373	567	54	CDM	77	77	76	67	77	77	74	68	0	58	75	76	2	72
189462	15	70	LM	77	81	91	70	70	81	46	68	1	66	75	72	2	64
189560	481	45	CDM	77	80	57	67	71	65	76	78	0	85	73	85	1	73
189574	448	45	CDM	77	82	59	61	74	70	76	67	0	78	75	69	1	63
189681	11	54	RB	77	83	81	57	73	78	76	66	0	72	81	63	2	50
190149	448	45	RB	77	80	89	65	72	76	72	67	0	73	77	68	2	46
190150	23	45	CB	77	82	55	33	63	55	76	79	0	79	64	48	1	36
190286	461	45	CAM	77	84	71	69	77	81	42	43	0	51	82	58	2	80
190875	110556	43	CM	77	82	68	73	75	78	78	79	1	90	78	82	1	70
192202	112387	54	CAM	77	81	75	81	76	79	59	61	1	74	78	89	2	82
192238	1960	45	CDM	77	78	66	43	70	53	80	61	0	76	66	43	1	55
192371	237	52	CDM	77	76	73	65	69	74	78	68	0	72	73	78	1	53
192397	48	54	GK	77	79	82	73	67	83	52	77	0	68	24	35	0	25
192505	7	7	ST	77	86	83	73	65	73	47	77	1	90	80	84	2	51
192615	65	15	CB	77	79	59	52	62	56	77	81	0	82	69	64	1	38
192722	1819	18	RW	77	81	84	71	75	79	52	58	0	64	78	71	2	68
192841	106	27	LM	77	78	80	68	77	83	64	52	0	49	79	72	2	60
193469	461	45	CB	77	82	65	42	66	57	78	78	0	84	67	57	1	44
193881	234	51	CAM	77	84	86	68	71	86	48	58	1	61	84	67	3	68
194359	44	163	LM	77	79	87	57	76	77	71	62	0	55	75	71	1	52
194644	241	45	RB	77	83	88	56	76	75	74	67	0	69	79	82	1	54
195090	55	51	GK	77	78	84	70	60	81	39	80	0	68	23	38	0	25
195861	101059	49	CB	77	79	68	62	70	57	78	76	0	75	69	81	1	76
197061	34	103	CB	77	81	74	50	70	63	78	79	1	79	70	65	1	40
197225	517	60	CAM	77	78	75	68	72	82	40	51	0	55	83	68	3	75
198077	23	21	RM	77	81	91	71	71	80	44	60	1	51	76	71	2	58
198329	234	45	ST	77	85	85	75	59	77	45	73	0	72	78	81	3	60
198784	1	14	RM	77	86	89	68	72	84	48	51	0	73	82	74	3	52
199304	236	54	RB	77	84	83	72	77	78	76	70	0	76	79	85	2	75
199556	73	27	CM	77	86	68	62	79	81	72	60	0	67	84	66	2	66
200145	243	54	CM	77	80	66	68	74	71	75	80	0	81	72	83	1	67
200215	1824	21	CDM	77	82	78	60	74	75	75	71	0	65	77	74	2	59
200610	10029	21	RM	77	84	80	75	71	78	52	73	0	78	80	84	2	73
200647	110374	44	CF	77	78	69	79	78	80	52	54	1	70	85	86	3	80
201262	25	12	CM	77	79	75	74	79	79	68	42	0	48	79	68	2	67
202101	234	34	LM	77	81	88	68	75	82	42	58	0	64	74	70	3	68
203299	237	59	RW	77	83	88	71	68	82	42	66	0	63	78	78	3	48
204550	1842	56	ST	77	86	93	73	68	85	52	75	1	82	82	84	3	64
204555	44	52	CF	77	81	71	72	78	79	57	74	0	77	85	80	3	78
204963	243	45	RB	77	83	83	40	76	78	75	62	0	67	79	62	1	47
205362	10	51	CB	77	86	70	30	63	44	78	76	0	78	70	43	1	31
206058	47	27	RB	77	88	84	46	74	75	74	68	0	74	76	64	1	38
206655	1629	55	RW	77	83	90	76	70	85	42	63	1	57	83	77	3	68
207410	44	10	CM	77	86	79	69	81	80	60	59	0	55	87	72	3	74
162008	280	97	ST	77	74	77	74	58	76	44	76	0	74	74	78	2	69
1088	111139	27	CB	76	76	40	34	60	58	77	76	1	76	58	34	3	60
1803	280	52	ST	76	76	79	71	68	83	38	59	0	38	82	60	3	57
2155	1792	46	ST	76	73	72	74	68	71	51	77	0	82	72	82	2	60
2492	573	38	LM	76	78	89	71	73	76	75	65	0	77	78	86	2	78
2651	2	25	GK	76	75	75	73	72	78	44	80	0	58	23	41	0	25
4077	452	38	LM	76	74	71	72	77	79	42	56	0	45	80	73	3	80
11769	34	21	GK	76	74	76	77	66	77	45	77	0	70	26	37	0	25
13130	106	14	CB	76	75	65	29	63	58	77	76	0	79	63	43	1	24
13879	17	14	ST	76	76	59	77	58	66	48	82	0	86	77	85	1	80
17820	1909	34	CM	76	76	47	76	86	65	65	63	1	63	65	76	3	86
20798	234	38	CAM	76	73	65	77	79	75	60	57	0	42	78	84	2	79
21570	598	54	GK	76	75	80	70	92	69	30	84	1	72	52	56	0	80
25798	573	58	ST	76	76	51	72	59	66	49	75	0	88	75	82	2	51
41874	614	18	CM	76	76	49	70	78	72	73	66	0	69	77	76	2	73
42521	1853	4	CAM	76	76	69	75	77	73	49	58	0	70	76	82	2	83
45842	109	46	CB	76	76	53	56	67	51	79	78	0	82	63	60	1	59
46042	1048	54	CB	76	74	53	40	56	48	78	77	0	71	60	60	1	23
47903	171	21	GK	76	77	77	75	65	79	31	74	0	78	23	37	0	25
50529	1806	14	LM	76	75	75	69	79	79	52	56	0	69	74	72	2	75
52735	217	18	ST	76	76	81	72	62	74	45	64	0	64	73	75	2	29
52752	1824	47	LM	76	77	78	70	73	78	55	60	0	59	79	75	2	73
53055	110374	27	CDM	76	74	57	61	76	71	79	85	0	75	72	72	1	48
54033	1952	14	CM	76	78	52	74	81	68	73	74	1	87	82	91	2	73
101880	15	14	GK	76	76	80	71	74	82	38	72	0	55	25	25	0	25
104047	110364	52	CM	76	70	51	74	82	73	68	63	0	70	78	80	2	76
105318	50	55	CM	76	76	73	71	84	77	57	48	1	56	84	75	2	79
105454	315	51	RM	76	79	87	74	73	85	40	56	0	48	84	76	3	83
105474	1842	27	CDM	76	75	55	71	83	68	72	65	0	66	78	78	1	84
107713	21	21	GK	76	76	78	75	66	80	42	75	0	82	29	29	0	25
110381	110396	52	LW	76	78	83	74	73	78	54	62	0	64	80	81	2	70
110677	1860	45	GK	76	77	81	70	82	79	46	72	0	57	24	21	0	25
116308	219	18	RB	76	74	85	53	72	68	76	72	0	77	71	74	1	63
117063	73	18	GK	76	74	77	76	70	78	39	74	0	61	23	31	0	25
121170	1824	21	CAM	76	76	61	79	75	73	62	70	1	83	78	83	2	71
121937	110636	21	GK	76	73	79	72	68	84	42	70	0	75	25	33	0	25
123576	52	27	ST	76	75	66	74	56	71	44	80	0	78	78	80	1	65
123586	1842	27	GK	76	76	78	76	60	84	45	74	0	66	26	34	0	25
123621	47	117	CDM	76	76	71	75	76	74	78	78	0	84	76	88	1	68
123629	110556	52	LM	76	73	75	73	72	81	53	48	0	64	82	75	3	74
125995	325	48	ST	76	76	70	71	69	70	58	77	0	79	72	74	2	58
134783	325	108	RB	76	77	83	63	71	77	74	74	0	70	79	84	2	30
135465	1053	54	CB	76	76	53	51	55	54	76	82	0	83	62	69	1	43
135697	452	45	ST	76	76	76	74	68	80	45	58	0	65	81	75	2	63
136187	568	54	ST	76	76	56	81	72	74	64	77	1	90	81	86	2	71
137109	247	34	CM	76	75	51	71	78	74	72	62	0	70	74	77	2	74
137133	46	27	CB	76	74	56	41	61	48	78	70	0	62	56	64	1	42
137763	379	144	GK	76	78	77	79	57	81	32	69	0	72	23	25	0	25
138066	59	37	RM	76	75	70	76	77	74	55	61	0	65	76	80	2	74
138445	109	60	CB	76	74	31	48	50	34	76	78	0	78	58	58	1	49
138456	1035	54	RW	76	79	86	72	73	81	47	67	0	63	83	77	3	70
138457	1629	54	ST	76	76	77	72	71	76	58	76	0	85	78	79	3	65
138699	48	47	CDM	76	79	77	68	76	73	70	66	0	68	76	84	1	74
139968	65	133	GK	76	79	77	76	75	82	42	74	0	71	23	35	0	71
140415	1960	14	CM	76	75	71	51	79	76	71	52	0	57	81	50	2	57
142359	50	27	CB	76	75	54	51	57	44	79	74	0	77	52	72	1	50
142781	1013	52	CAM	76	76	77	69	75	83	56	58	0	59	81	73	2	74
142902	101059	49	GK	76	76	80	70	82	77	65	73	0	75	25	28	0	25
146797	100767	49	GK	76	76	79	70	76	78	45	80	0	80	78	70	4	76
147006	1860	45	LM	76	76	81	73	70	82	50	58	0	60	81	71	3	69
149217	200	27	CF	76	66	77	76	75	79	46	64	0	46	72	63	2	72
149568	50	27	ST	76	75	55	72	59	76	45	88	0	84	82	75	2	54
149791	1792	25	CAM	76	75	71	67	71	81	50	59	0	46	81	65	3	66
150106	280	22	CB	76	76	75	48	60	57	78	78	0	75	58	62	1	61
152855	567	54	ST	76	75	74	74	70	78	43	61	0	62	79	79	3	72
152997	72	52	ST	76	75	72	73	67	76	46	75	0	68	75	72	2	65
153938	1960	45	RB	76	76	65	55	76	73	76	76	0	78	76	65	2	56
154634	110374	27	LB	76	75	73	61	77	74	74	69	0	66	72	72	1	70
155408	175	21	LB	76	75	77	70	79	73	74	70	0	73	74	85	1	69
155887	52	95	CM	76	82	68	70	75	71	76	76	0	78	80	78	1	70
155896	101088	52	CAM	76	74	67	69	73	76	51	56	0	68	77	70	3	78
156221	468	39	RB	76	73	67	59	71	62	78	78	0	82	68	80	1	40
156434	1879	83	CB	76	74	64	43	55	56	77	76	0	88	62	63	1	32
158543	110144	83	ST	76	77	77	74	64	73	46	78	0	85	77	74	2	63
158676	36	13	CDM	76	75	67	59	74	62	77	63	0	75	71	74	1	66
158963	46	52	CM	76	77	54	63	78	77	74	62	0	73	84	72	2	66
159034	13	14	CB	76	75	59	39	56	46	78	76	0	79	60	42	1	52
159171	100767	45	LM	76	80	72	70	73	83	42	52	0	54	78	80	3	77
159172	480	45	CM	76	76	51	70	84	73	62	52	1	68	78	72	2	85
159175	219	144	CDM	76	75	71	54	72	67	75	77	0	81	73	68	1	44
159418	1053	54	CDM	76	78	75	64	73	78	76	70	0	77	75	67	2	59
160741	10029	52	CB	76	78	75	59	60	58	75	77	0	82	63	76	1	62
160772	568	54	ST	76	75	67	74	59	73	45	81	0	73	76	75	2	56
163083	44	38	CB	76	80	67	52	57	57	78	77	0	78	62	59	1	49
163492	100769	7	CB	76	77	47	52	72	57	77	80	0	83	63	66	1	64
163791	70	18	GK	76	77	81	71	76	79	47	78	0	55	23	21	0	25
163991	378	18	GK	76	77	75	72	74	82	36	76	0	53	25	25	0	25
164076	383	54	GK	76	78	77	71	62	74	53	82	0	70	21	32	0	25
164114	1041	54	CM	76	76	52	73	83	76	49	49	0	49	76	73	3	83
164493	28	21	LB	76	78	80	69	75	74	76	71	0	79	76	82	2	58
164769	106	42	ST	76	77	71	68	60	72	46	82	0	79	76	76	1	30
164835	1	37	GK	76	76	78	70	74	84	50	76	0	65	21	25	0	25
164978	2	18	CAM	76	76	86	73	69	84	52	53	0	64	81	78	3	84
165434	72	18	CDM	76	76	65	58	68	70	75	74	0	76	74	68	1	54
167005	100769	40	CM	76	75	79	65	78	77	48	43	0	60	80	67	2	46
167959	1629	54	GK	76	79	75	72	69	82	43	78	0	69	28	22	0	25
168530	234	54	CB	76	77	54	40	55	53	78	77	0	85	59	67	1	34
168607	21	54	RB	76	77	79	52	77	79	72	61	0	54	81	69	2	64
169607	106	14	CDM	76	76	69	62	71	68	78	68	0	78	74	76	1	57
170570	1806	25	CAM	76	76	74	66	71	76	57	48	0	48	78	61	2	59
172049	38	34	RM	76	78	91	63	69	84	43	60	1	61	77	69	3	51
172114	111140	52	CAM	76	77	71	72	75	77	46	65	0	64	77	81	2	77
172684	481	45	GK	76	77	82	71	68	83	51	72	0	63	23	22	0	25
172835	44	27	CB	76	79	69	34	50	43	77	79	0	81	53	59	1	23
172862	245	17	CB	76	76	66	47	71	69	76	78	0	75	76	67	1	44
173373	69	52	GK	76	78	80	71	83	80	44	69	0	75	25	25	0	25
174551	1032	55	ST	76	75	74	76	74	78	55	66	0	79	78	76	2	76
176029	1861	38	LW	76	79	81	72	70	79	54	60	0	56	76	81	3	67
176094	247	37	GK	76	77	83	72	68	80	51	72	0	70	27	21	0	25
176270	100767	3	ST	76	82	86	73	43	75	48	74	0	74	73	82	2	55
176619	166	56	ST	76	79	85	68	67	75	48	85	0	76	77	77	2	47
176731	315	46	CDM	76	79	61	63	70	66	75	76	0	83	74	78	1	31
176790	1824	21	RM	76	79	85	68	74	76	52	73	0	63	77	71	2	62
176903	110832	55	CDM	76	76	71	51	75	70	73	58	0	67	72	73	1	45
176915	450	52	CM	76	76	73	66	73	76	49	61	0	61	82	60	2	59
176927	598	54	ST	76	76	86	73	65	73	44	71	0	64	72	80	3	57
177528	47	27	ST	76	75	79	71	56	68	44	80	0	75	74	78	1	46
177569	1960	34	CAM	76	78	76	75	75	78	48	58	0	58	83	83	3	82
177643	106	18	CB	76	78	71	41	53	43	77	83	1	86	50	78	1	30
177644	452	45	GK	76	80	78	79	62	75	32	77	0	79	25	25	0	25
177683	896	47	GK	76	84	73	75	65	81	46	75	0	68	32	37	0	25
177937	1960	45	CB	76	78	65	33	51	62	78	74	0	86	67	42	2	33
177974	1809	56	CDM	76	77	54	64	73	66	74	77	0	78	74	71	2	64
178036	217	101	CM	76	78	77	78	72	75	63	63	0	53	76	86	2	76
178250	1853	136	CDM	76	78	68	62	70	67	78	77	0	86	70	81	2	72
178278	1893	54	RW	76	76	84	72	72	79	47	58	0	54	77	72	3	70
178424	573	38	LB	76	78	84	69	74	73	74	61	0	69	76	86	1	79
179544	109	110	CDM	76	79	67	56	71	72	77	68	0	78	74	71	1	52
179875	100765	136	ST	76	80	76	75	59	73	50	80	0	87	76	84	2	72
179876	449	54	CB	76	75	57	45	58	45	78	77	0	87	66	62	1	34
180716	1629	54	CB	76	79	57	53	60	57	79	71	0	80	67	64	1	56
181392	1043	54	CAM	76	74	77	69	72	85	39	48	1	55	77	71	3	69
181459	52	22	RB	76	75	76	58	76	68	74	78	0	77	72	75	1	40
182103	693	60	CM	76	69	69	59	71	72	79	62	0	76	72	70	1	63
182152	175	167	CAM	76	81	77	74	73	81	60	58	0	61	77	79	3	72
182887	70	145	CDM	76	76	60	53	72	73	74	64	0	65	75	68	1	61
182888	23	36	CDM	76	79	72	51	72	64	78	76	0	80	69	70	1	60
183187	896	47	LM	76	83	81	72	71	76	67	73	0	74	84	75	2	74
183483	280	22	ST	76	81	62	75	60	73	44	78	0	85	81	80	3	70
183580	38	21	ST	76	79	73	71	57	69	47	74	0	77	72	78	1	44
183800	1819	18	LW	76	79	89	68	72	78	45	64	0	75	75	78	3	75
183895	39	52	CF	76	79	89	71	80	85	45	44	0	35	83	65	2	79
183900	481	52	LM	76	83	81	69	68	85	42	59	0	57	84	73	3	73
183909	36	118	LM	76	79	87	60	69	83	44	48	0	44	77	68	3	60
183975	74	103	CB	76	80	71	32	51	47	77	77	0	88	60	43	1	25
183982	65	18	ST	76	78	72	78	67	71	49	73	0	68	73	74	1	65
184200	1806	4	LM	76	82	86	76	72	81	49	72	0	78	82	87	3	74
184252	101088	52	ST	76	77	72	74	59	69	50	80	0	85	77	81	2	55
184457	1792	34	ST	76	77	70	72	55	72	51	75	0	67	70	75	2	39
184484	18	24	LM	76	82	68	80	75	71	56	64	0	67	78	85	2	84
184575	74	18	LM	76	80	91	74	75	78	44	54	1	51	75	78	3	74
184826	237	38	CM	76	83	66	75	76	77	71	65	0	67	81	84	2	79
184949	59	54	RB	76	76	88	61	77	77	73	66	0	69	76	72	2	55
185132	448	45	CB	76	81	60	43	68	57	76	82	0	80	65	58	1	41
186296	34	21	CDM	76	79	63	55	72	67	76	72	0	75	73	75	1	56
186351	1792	34	CM	76	81	75	70	73	72	75	85	0	87	76	84	2	43
186805	1028	57	LW	76	81	92	70	64	82	45	60	1	73	78	76	3	64
186912	175	21	RB	76	79	73	61	75	68	76	68	0	70	70	83	1	40
186961	192	27	ST	76	85	79	67	53	72	45	79	0	78	77	75	2	47
187132	1824	59	CB	76	80	70	48	66	64	75	77	0	78	68	68	1	32
187323	383	54	CB	76	78	63	49	59	63	77	74	0	78	70	67	1	29
187457	312	57	CDM	76	77	73	70	79	77	72	72	0	71	81	61	2	81
187492	100767	40	LB	76	79	77	67	76	71	72	68	0	59	77	68	2	77
187607	110231	40	ST	76	81	76	75	69	69	49	78	1	91	75	79	2	70
187846	111044	54	GK	76	76	77	71	69	83	54	76	0	65	25	25	0	25
188337	110227	117	LM	76	80	88	65	75	72	72	67	0	81	73	82	1	56
188352	22	21	RB	76	79	80	70	74	72	70	56	0	68	71	74	1	56
188385	65	18	CM	76	79	72	69	76	76	62	54	0	64	79	74	2	75
188388	58	97	CAM	76	80	77	72	77	80	41	46	0	50	81	74	3	79
188935	1806	129	LM	76	76	86	69	66	84	42	40	1	47	80	76	4	63
189068	175	34	ST	76	79	64	70	54	62	52	80	0	85	69	80	1	31
189513	461	45	CDM	76	84	66	66	82	76	60	56	0	71	81	79	2	78
189530	234	38	RB	76	80	78	66	72	75	73	72	0	64	76	78	1	43
190547	54	37	CB	76	79	53	28	49	38	78	78	0	83	56	56	1	31
190664	22	21	ST	76	78	76	73	64	73	50	78	0	82	73	84	2	62
190749	1048	54	CDM	76	78	74	64	71	74	76	68	0	74	76	73	1	52
190756	110089	54	CB	76	79	53	42	57	56	78	78	0	90	58	63	1	42
190779	1896	38	CM	76	78	69	71	77	79	60	61	0	60	80	76	2	76
190971	111144	73	CDM	76	76	83	63	65	72	80	72	0	80	73	83	1	50
192098	449	133	CAM	76	79	75	65	71	77	69	72	0	77	77	81	3	63
192302	28	28	ST	76	77	81	72	51	62	45	78	0	78	67	81	1	45
192362	247	34	RW	76	79	93	62	72	76	42	54	1	62	74	66	3	68
192629	9	45	ST	76	81	81	72	68	81	44	62	0	51	78	63	3	74
192658	1824	21	RB	76	81	78	52	73	71	74	67	0	64	75	69	1	40
193338	52	27	ST	76	84	79	72	60	76	42	75	0	68	78	78	2	52
193476	70	18	CAM	76	83	80	69	70	80	50	47	0	49	80	73	3	78
193844	573	45	RM	76	79	77	59	73	78	41	48	0	56	81	63	2	55
194196	25	136	CB	76	79	74	42	64	71	76	80	0	74	72	58	2	44
194911	19	45	GK	76	78	72	82	64	79	46	75	0	74	22	39	0	25
197083	175	21	LM	76	79	83	70	70	82	48	64	0	69	78	76	3	60
197242	379	37	CDM	76	82	59	54	72	57	80	81	1	90	72	73	1	61
197890	479	45	CB	76	79	58	35	58	51	78	71	0	79	64	43	1	30
197965	452	38	RM	76	84	81	71	69	82	43	52	0	51	82	78	3	77
198009	110556	27	GK	76	84	76	72	69	82	57	73	0	52	25	38	0	25
198113	34	21	CDM	76	81	68	67	76	74	76	72	0	77	78	78	2	60
198176	246	34	CB	76	81	66	45	67	67	78	72	0	77	73	65	1	21
198219	48	27	CAM	76	84	89	70	71	84	37	50	0	35	86	69	2	74
198648	110227	26	CDM	76	80	71	67	78	78	71	60	0	67	80	69	2	81
199383	175	47	CB	76	77	51	42	62	49	78	77	0	84	62	65	1	37
199422	246	34	CM	76	80	71	68	77	74	69	52	0	64	80	76	2	69
199561	450	45	LM	76	81	80	71	71	82	53	53	0	61	78	70	3	81
199737	237	38	RW	76	78	82	77	67	77	44	70	0	68	76	82	2	70
199767	5	34	CM	76	84	78	70	75	76	67	71	0	71	80	68	2	62
200104	32	167	LW	76	83	83	76	67	79	41	62	0	54	75	78	2	69
200106	100767	3	RW	76	82	80	79	75	80	42	53	0	55	80	85	3	86
201144	28	10	CM	76	81	57	64	77	77	71	65	0	68	80	70	2	66
201153	243	45	ST	76	82	77	72	50	68	42	74	0	80	70	77	1	44
201818	315	133	ST	76	82	90	73	66	81	37	64	1	34	73	77	3	47
201862	237	52	CB	76	82	72	52	72	62	77	80	0	79	65	78	1	56
202642	101059	54	CDM	76	84	78	65	69	68	77	70	0	75	73	72	1	71
202652	9	14	RW	76	85	91	60	65	81	51	45	1	65	79	67	3	49
203528	480	118	RM	76	80	91	63	65	83	45	60	1	63	82	84	2	44
204639	110374	15	CB	76	83	67	38	58	61	76	82	0	74	66	43	1	33
205601	1909	117	CAM	76	81	92	65	64	79	39	54	1	48	75	71	2	43
205633	110364	52	LW	76	76	69	69	79	78	63	66	0	68	76	78	2	66
205976	240	54	ST	76	80	77	70	58	82	43	70	0	67	83	73	2	58
206154	101088	52	CM	76	78	75	69	78	68	70	57	0	70	75	80	2	79
207664	481	56	ST	76	78	81	74	58	74	44	70	0	77	77	78	1	58
210126	171	163	CAM	76	81	76	71	78	80	39	48	0	44	81	72	2	85
157393	73	126	CM	76	78	62	63	71	72	79	72	0	87	76	77	2	47
164	55	27	CDM	75	74	67	68	79	71	73	68	0	68	74	76	1	54
492	1809	18	CB	75	74	37	47	70	58	77	73	0	72	66	69	1	38
1075	111400	27	ST	75	70	47	80	73	79	48	52	0	34	82	70	3	81
3484	106	25	CB	75	75	52	33	60	52	77	72	0	74	67	48	1	34
3665	294	18	CAM	75	71	56	73	72	73	57	57	0	58	73	73	2	72
3712	1629	54	GK	75	75	76	75	67	68	50	85	0	64	26	25	0	25
6895	100409	4	GK	75	73	74	75	70	77	39	74	0	74	28	21	0	25
7647	192	27	CB	75	73	45	39	57	46	78	76	0	82	57	69	1	36
7814	246	34	CB	75	74	32	38	63	49	76	75	0	75	62	43	1	28
8222	110396	52	CB	75	75	52	46	65	61	75	74	0	74	61	46	3	65
12940	171	4	CB	75	74	51	37	47	33	77	78	0	90	38	67	1	22
19896	472	45	CAM	75	75	47	59	80	76	40	49	0	42	82	48	3	68
24851	819	46	CB	75	75	48	47	59	41	79	81	0	81	41	47	2	59
40900	219	136	CB	75	71	61	42	60	47	75	73	0	80	63	58	1	35
41734	219	18	CDM	75	74	58	66	78	71	72	70	0	77	76	75	1	69
45437	110556	27	CB	75	73	63	40	57	46	78	74	0	69	60	71	1	38
45461	101085	27	CM	75	75	54	66	79	75	70	69	0	69	75	66	3	79
47201	229	7	GK	75	74	82	68	73	81	53	67	0	63	31	36	0	25
47390	1035	54	CB	75	75	34	49	66	59	74	69	0	69	59	49	3	66
47608	240	45	GK	75	74	77	71	78	79	55	75	0	65	25	22	0	25
49036	1917	42	CAM	75	75	71	68	71	80	49	60	0	57	77	68	2	75
49488	1809	18	CM	75	75	58	65	77	70	70	62	0	58	76	65	2	72
49617	47	27	CB	75	73	71	53	65	66	76	76	0	78	62	64	1	58
51123	72	18	CB	75	74	60	75	78	71	73	74	0	88	71	82	2	74
51394	19	14	CAM	75	75	58	76	75	69	69	79	0	77	74	80	2	65
51412	689	195	CM	75	74	65	71	75	74	70	89	1	73	75	77	2	58
52306	109	35	LM	75	74	66	74	80	76	57	65	0	60	74	82	2	76
52827	244	45	CAM	75	73	58	77	83	68	57	49	0	65	71	82	2	79
52935	189	27	CB	75	74	34	38	50	44	78	80	0	90	48	55	1	28
52941	189	27	ST	75	72	70	68	53	67	44	81	0	74	72	76	1	54
53014	481	45	CB	75	74	68	53	71	67	76	68	0	73	70	66	1	60
53436	15	14	ST	75	72	65	75	63	72	52	80	0	84	71	76	2	72
53815	38	110	CDM	75	74	73	69	74	73	74	74	0	74	75	76	2	54
100978	144	117	CDM	75	71	70	60	69	71	76	72	0	81	73	82	2	42
105803	448	45	CB	75	75	54	55	68	62	76	79	0	79	66	69	1	58
105846	17	37	GK	75	76	80	71	61	81	41	73	0	69	26	38	0	25
107647	325	48	RM	75	75	67	78	80	73	70	62	0	75	76	90	2	72
110026	483	45	LM	75	75	75	69	72	80	52	54	0	59	81	72	2	69
110117	450	45	CM	75	74	62	57	77	73	58	47	0	58	77	49	2	69
110341	1860	45	CB	75	68	53	48	62	40	74	82	0	84	58	52	1	46
111206	144	21	RB	75	75	77	56	76	73	72	70	0	59	73	70	2	44
111661	573	103	GK	75	75	82	73	61	83	44	67	0	81	23	29	0	25
112230	65	18	RB	75	74	75	54	73	68	75	78	0	77	74	68	1	54
112244	110364	12	CM	75	71	66	70	79	74	63	67	0	60	78	72	2	72
112365	1819	18	CM	75	77	67	68	78	75	69	68	0	70	78	70	2	72
113045	1842	55	ST	75	76	72	70	59	71	45	82	0	78	76	78	2	72
114123	312	49	CAM	75	76	67	76	78	77	49	68	0	74	79	82	2	75
121185	485	21	CB	75	74	62	54	71	57	76	76	0	77	65	60	1	49
124949	325	48	RB	75	73	90	60	66	72	76	65	1	70	68	86	1	46
124976	567	54	CM	75	75	52	68	79	80	56	65	0	65	80	68	4	79
134906	1799	129	CAM	75	75	68	74	70	73	58	82	0	77	77	79	2	66
134941	144	14	CDM	75	75	58	69	73	68	75	66	0	67	72	83	2	57
135742	1860	45	CB	75	77	62	36	61	52	73	80	0	82	63	66	1	42
136144	47	54	LM	75	76	82	72	75	89	40	56	1	34	90	53	3	70
137160	47	27	GK	75	73	76	73	70	78	50	76	0	68	21	46	0	25
137410	1837	27	CB	75	74	59	37	57	51	76	80	0	80	58	49	1	28
137960	217	18	RM	75	75	74	66	77	75	56	53	0	45	74	66	2	74
138193	15	14	CDM	75	75	69	69	79	73	71	68	0	74	73	72	2	75
138463	234	38	CM	75	77	67	69	75	73	72	69	0	75	75	74	2	58
138497	449	45	CB	75	75	41	24	54	39	79	78	0	91	52	27	1	22
138532	23	34	CB	75	74	52	41	48	45	76	79	0	78	52	51	1	36
138810	280	52	CAM	75	76	70	75	72	80	44	58	0	70	83	76	2	81
139058	101104	52	CAM	75	72	66	75	78	76	66	57	0	71	75	75	2	77
139313	34	4	LB	75	77	73	68	77	66	74	75	0	75	72	82	2	84
142677	101083	52	CB	75	73	38	42	49	48	76	72	0	84	42	52	1	59
142705	101083	52	RM	75	71	85	71	73	75	59	61	0	56	73	77	2	70
142721	1876	52	GK	75	76	76	74	70	77	35	75	0	74	21	25	0	25
142775	1877	52	GK	75	77	72	76	69	70	44	82	0	73	21	21	0	25
142822	13	52	LM	75	73	71	69	73	79	68	67	0	75	75	79	2	69
143102	452	52	CB	75	75	54	54	55	60	76	80	0	76	67	70	1	52
146111	448	45	CM	75	78	68	63	71	64	75	67	0	76	75	77	2	60
146513	1860	45	CAM	75	75	72	66	71	76	49	67	0	64	78	77	1	60
146701	1917	45	CB	75	74	56	58	65	56	75	74	0	74	64	82	1	70
146953	468	45	ST	75	73	82	73	64	77	41	66	0	66	74	79	2	60
147660	110227	40	GK	75	75	76	73	64	78	60	75	0	66	25	29	0	25
147712	100769	40	CM	75	75	63	71	77	71	70	64	0	64	71	71	3	77
149147	39	27	CB	75	75	33	39	46	33	77	74	0	89	43	72	1	28
150309	393	22	ST	75	75	87	76	70	74	51	65	0	73	75	80	2	69
150565	66	103	LB	75	76	81	60	72	69	76	74	0	83	71	74	2	59
152830	59	54	CB	75	75	53	51	58	43	77	80	0	84	60	75	1	35
152879	19	14	CM	75	76	60	67	76	71	69	61	0	66	76	73	2	68
153175	1877	52	ST	75	74	75	70	71	83	43	71	0	64	80	76	3	41
153177	101088	52	ST	75	78	87	74	62	84	44	62	0	65	82	79	3	78
153934	110832	45	RM	75	75	72	79	68	77	48	54	0	58	78	92	2	75
154472	449	45	ST	75	74	52	72	56	63	53	80	0	91	72	83	1	58
155946	1792	42	RM	75	78	72	74	72	81	50	54	0	71	79	78	2	85
155976	1806	42	CM	75	73	54	74	82	73	64	69	0	77	75	78	2	75
156544	1906	7	LW	75	74	66	68	75	77	39	54	0	44	83	69	2	68
157310	13	18	CAM	75	74	76	73	77	78	56	56	0	57	77	75	2	78
157412	1878	83	CAM	75	72	71	77	75	75	43	66	0	72	76	86	2	76
157427	144	161	RM	75	74	78	69	73	81	48	64	0	72	77	73	2	68
157804	1917	14	GK	75	75	80	72	75	83	42	66	0	71	21	22	0	25
158351	315	55	LM	75	75	90	79	70	74	43	66	1	64	76	85	3	75
159028	47	27	CB	75	76	61	57	64	57	72	83	0	78	66	72	1	60
159370	1853	22	CB	75	75	74	58	66	60	78	75	0	79	63	82	1	62
159580	479	45	LB	75	72	78	55	68	70	76	62	0	78	65	69	1	58
161700	1819	18	RB	75	75	71	49	71	67	75	74	0	78	72	56	1	51
162508	101059	49	CB	75	75	66	43	62	53	77	71	0	74	78	58	1	41
162893	28	47	CB	75	77	72	34	63	58	76	77	0	86	64	41	1	38
162981	109	42	CM	75	74	70	74	77	77	62	55	0	58	76	79	2	62
163301	1032	83	GK	75	78	78	71	84	77	41	70	0	65	55	32	0	25
163491	55	27	CDM	75	75	68	73	79	75	65	58	0	68	80	78	2	76
163873	1896	38	GK	75	73	75	73	70	78	46	76	0	72	31	37	0	25
164029	450	54	ST	75	75	70	76	48	76	48	74	0	70	82	81	2	51
164233	1041	54	CB	75	75	34	45	47	47	78	80	0	80	47	45	2	47
164322	568	54	ST	75	75	83	74	56	77	48	65	0	65	77	74	4	56
164462	15	14	CB	75	77	77	38	62	61	75	76	0	84	67	39	1	50
164491	34	21	LB	75	78	77	67	76	76	75	70	0	76	78	73	2	74
164910	1860	45	RB	75	75	76	50	71	67	74	82	0	74	77	68	1	56
165190	78	50	CM	75	73	75	64	78	75	70	75	0	78	72	69	2	52
165235	1053	54	ST	75	76	78	74	68	79	48	64	0	69	82	76	2	69
165501	481	52	CB	75	75	65	61	66	58	76	78	0	76	58	75	1	76
165560	111271	52	ST	75	76	72	72	63	73	49	78	0	71	75	73	2	58
167414	1043	54	CB	75	75	53	61	69	63	75	76	0	77	70	77	2	77
167435	1861	52	GK	75	75	83	67	78	82	55	68	0	65	28	25	0	25
167603	110227	40	RM	75	78	72	65	77	76	63	67	0	58	72	74	2	43
167706	1	13	ST	75	76	62	70	63	69	48	80	0	82	76	80	2	40
168567	1028	56	CM	75	75	71	67	75	78	70	60	0	75	79	77	2	73
168650	44	51	CDM	75	80	55	73	75	67	73	68	0	80	75	87	1	80
168888	605	183	ST	75	73	71	71	68	75	44	78	0	74	73	71	3	74
169126	166	54	CAM	75	76	66	79	76	75	59	59	0	71	75	96	2	86
169214	109	14	LM	75	76	88	69	61	82	42	53	0	55	76	72	3	74
171896	1970	83	CB	75	77	71	51	66	62	78	68	0	76	60	65	1	41
172013	457	45	LB	75	77	78	51	73	74	73	65	0	70	81	56	1	37
172233	192	17	CM	75	81	78	68	76	76	68	68	0	66	77	76	2	69
172882	189	22	CAM	75	76	78	73	74	77	64	64	0	70	78	74	2	72
172949	1792	103	CB	75	75	74	38	53	44	74	80	0	86	65	63	1	36
172962	9	133	RM	75	80	84	68	67	83	48	69	1	75	81	74	3	60
173300	110364	52	CAM	75	73	69	72	73	82	44	54	0	70	76	76	2	72
173436	1960	14	RM	75	76	92	67	68	80	46	46	1	52	77	74	3	41
173474	38	4	CM	75	78	78	69	75	78	68	60	0	63	77	72	2	72
175092	1952	81	LB	75	75	76	62	64	65	75	73	0	77	65	80	2	71
175254	100765	57	ST	75	80	75	74	60	68	54	76	0	93	71	84	2	67
176137	673	7	ST	75	79	66	79	69	66	53	65	0	58	71	73	2	69
176285	19	198	CB	75	78	73	47	53	47	75	78	0	82	56	74	1	37
176380	695	56	CAM	75	70	69	70	72	74	51	61	0	66	74	71	2	72
176550	72	56	GK	75	80	81	70	77	82	34	72	0	38	31	34	0	25
177019	166	47	CB	75	79	68	40	72	66	75	74	0	72	74	52	1	54
177279	29	36	CDM	75	76	71	66	75	77	68	58	0	72	76	74	3	67
177491	101059	10	ST	75	75	71	74	67	85	42	66	0	58	85	74	3	68
177520	25	21	CDM	75	75	51	65	76	64	73	62	0	71	69	75	1	74
177953	1809	18	CM	75	80	68	62	77	72	72	74	0	73	75	74	1	64
178171	573	45	CB	75	76	66	48	72	67	78	74	0	81	68	58	1	29
178418	45	27	LB	75	71	74	53	65	64	76	75	0	78	59	70	1	47
178562	461	52	CM	75	84	67	70	83	83	69	53	0	67	85	71	2	76
178604	206	51	LW	75	74	77	71	77	78	52	66	0	73	81	84	2	76
179528	449	45	CM	75	75	54	62	77	66	74	69	0	69	66	62	3	77
179645	65	13	CB	75	81	62	43	65	49	76	74	0	83	62	80	1	47
179768	110089	101	CDM	75	76	72	56	75	66	76	70	0	74	73	73	1	52
179954	166	21	GK	75	79	77	71	70	83	56	70	0	68	21	22	0	25
179972	32	47	ST	75	79	68	73	70	75	46	78	0	81	77	78	2	64
180229	1035	54	CDM	75	75	71	48	62	68	80	58	0	65	71	67	1	44
180281	1035	54	LW	75	78	85	73	66	80	49	58	1	75	74	81	3	62
180714	100765	54	GK	75	79	81	68	70	76	58	74	0	62	30	41	0	25
180826	101059	54	ST	75	77	80	69	57	75	40	67	0	59	79	77	2	41
181098	171	163	CDM	75	74	73	54	76	72	72	66	0	67	75	64	1	60
181281	393	12	ST	75	75	74	71	50	66	46	77	0	77	66	71	3	50
181318	1842	46	CM	75	78	69	66	76	76	66	66	0	74	80	72	2	70
181455	9	18	LB	75	76	81	58	65	63	74	69	0	74	66	75	1	35
181816	462	51	RB	75	75	78	47	69	67	76	67	0	70	70	59	2	36
183256	59	136	ST	75	79	84	68	72	79	55	73	0	67	77	65	2	60
183344	171	21	LM	75	77	77	67	73	79	62	67	0	72	77	74	3	69
183394	13	18	RM	75	80	80	73	71	74	77	74	1	86	74	84	1	73
183711	9	14	CM	75	83	75	71	77	75	68	71	0	69	78	75	2	71
184037	9	14	RB	75	79	74	44	71	63	75	75	0	79	65	65	2	34
184338	110364	27	CB	75	76	58	39	53	50	77	74	0	75	50	57	1	33
185020	48	45	CAM	75	84	90	69	64	78	42	59	1	55	84	81	2	68
185061	111065	52	CAM	75	75	69	72	74	75	52	58	0	63	75	78	3	73
185174	47	27	CAM	75	84	74	67	78	76	69	64	0	68	82	72	2	72
185394	417	36	CB	75	76	57	52	61	59	77	77	0	79	60	75	1	69
186200	106	27	LM	75	83	79	71	65	76	44	71	0	66	77	75	2	60
186253	100769	43	CB	75	77	77	56	62	59	78	73	0	69	71	85	1	31
186801	229	136	CB	75	77	82	55	63	64	75	82	0	86	66	71	1	46
186818	280	54	RB	75	76	84	61	75	76	68	54	0	34	78	66	1	50
186972	110396	58	RB	75	74	77	51	58	60	75	76	0	78	64	64	1	27
187075	101105	56	ST	75	76	83	73	67	79	46	62	0	62	77	77	2	80
188041	100767	54	CDM	75	83	76	58	73	78	72	54	0	61	82	66	2	54
188177	312	34	CB	75	79	66	44	58	55	76	77	0	90	56	72	1	21
188253	7	25	CDM	75	83	71	66	76	76	66	64	0	75	75	67	2	64
188696	1819	18	LM	75	80	77	70	75	74	61	64	0	67	75	82	3	68
189251	10029	21	CM	75	78	70	68	75	77	68	61	0	64	78	68	2	74
189423	1629	54	CDM	75	81	73	64	76	74	75	72	0	79	78	73	1	56
189484	13	27	LB	75	80	81	58	74	75	73	71	0	75	76	73	2	42
189488	1824	54	CB	75	78	73	46	65	67	75	74	0	76	74	67	1	38
189606	169	4	CDM	75	77	74	56	72	70	76	72	0	79	73	67	1	49
189680	11	54	LB	75	77	77	56	74	77	74	61	1	57	74	71	2	59
189922	36	21	CB	75	76	64	41	60	46	76	78	0	79	63	56	1	31
190223	448	45	LB	75	75	79	45	75	71	73	68	0	68	77	53	1	28
190502	59	10	CDM	75	78	73	67	77	73	73	68	0	71	75	83	2	73
190507	448	45	CB	75	77	61	31	45	48	74	77	0	81	55	33	1	40
190535	461	45	CM	75	77	74	71	76	76	50	54	0	59	81	75	2	74
190778	247	34	GK	75	83	77	74	77	76	57	75	0	63	34	24	0	25
190873	28	12	LM	75	76	75	63	73	73	74	65	0	76	73	78	1	59
190905	1041	54	CDM	75	76	63	53	62	65	81	72	1	75	72	71	1	44
191725	573	55	CAM	75	76	71	76	77	75	38	53	0	44	78	82	3	74
192012	236	83	CB	75	82	73	51	66	71	75	74	0	71	68	61	2	38
192305	100766	54	CM	75	75	80	64	75	76	72	69	0	69	76	64	3	75
192333	59	136	CB	75	78	68	42	67	67	76	78	0	83	72	70	1	22
192387	54	27	ST	75	86	79	70	53	72	47	80	0	74	78	79	1	50
192463	480	45	RM	75	78	71	72	80	77	47	57	0	61	74	70	2	81
192537	231	7	LW	75	85	86	71	70	79	44	50	0	47	75	70	2	72
192774	280	22	CB	75	80	74	27	54	61	75	78	0	79	63	43	2	25
193061	55	52	CAM	75	81	80	67	75	80	59	68	0	69	80	74	2	55
193176	462	45	CM	75	78	68	64	80	72	62	56	0	58	77	59	2	70
193301	66	18	ST	75	84	86	69	68	77	49	72	0	74	78	74	3	57
193525	315	54	RB	75	83	78	51	65	66	76	74	0	75	73	71	1	38
193714	72	51	CB	75	76	51	41	64	51	74	77	0	70	62	58	1	30
193869	1041	54	CB	75	79	50	38	61	51	76	72	0	86	67	68	1	33
193886	36	21	CAM	75	77	71	72	70	75	47	64	0	68	75	80	2	74
194229	450	45	RB	75	81	81	41	68	69	75	66	0	69	75	72	1	36
194406	1039	54	CB	75	83	80	44	53	41	76	79	0	84	51	53	1	21
194728	44	97	ST	75	81	73	66	63	79	45	76	0	80	82	74	2	48
194963	569	54	ST	75	79	77	70	57	74	41	73	0	69	76	74	2	63
195586	1913	24	ST	75	78	70	72	56	68	45	72	0	70	68	73	1	56
196143	461	56	ST	75	79	85	74	59	78	41	62	0	65	79	86	3	65
197756	219	117	ST	75	78	78	75	70	77	45	68	0	73	75	75	2	70
197853	1809	108	RM	75	84	79	46	67	68	77	75	0	80	74	72	2	29
198118	240	18	CDM	75	80	70	62	71	69	76	75	0	81	72	74	1	57
198141	241	45	CB	75	81	67	45	68	64	76	76	0	73	73	57	1	44
198164	480	45	CAM	75	79	77	64	72	85	39	48	0	60	83	60	2	68
198368	483	45	CM	75	78	68	57	71	74	73	67	0	75	76	73	2	58
198640	237	129	CAM	75	82	83	73	70	81	41	52	0	44	83	81	3	72
198683	1837	27	CAM	75	83	82	71	51	71	43	73	0	76	79	88	2	77
199334	25	12	LM	75	77	82	69	72	78	48	60	0	49	76	73	2	49
199416	448	45	LW	75	81	81	74	63	80	52	53	0	63	80	83	2	80
199418	72	18	LM	75	78	82	67	72	78	48	51	0	48	76	73	2	73
199451	1809	18	ST	75	81	81	71	69	79	41	72	0	57	83	70	3	74
199935	100767	54	CDM	75	83	71	62	74	69	76	76	0	74	72	72	1	62
199987	245	34	GK	75	81	77	72	80	78	54	70	0	67	32	35	0	25
200458	73	18	LB	75	83	80	49	73	71	73	68	0	68	75	66	2	36
200735	241	45	RW	75	80	77	56	74	83	35	39	0	47	82	50	2	52
201399	44	52	ST	75	85	79	70	49	74	42	76	0	74	75	74	1	45
201953	1877	52	LM	75	80	83	73	75	75	67	64	0	70	75	77	3	79
201982	25	18	RM	75	79	84	66	71	77	67	60	0	69	76	70	2	76
202477	7	45	RW	75	82	91	66	61	84	39	51	1	56	82	62	3	73
203244	219	54	CB	75	80	59	54	65	55	74	76	0	77	68	65	1	51
203431	383	54	ST	75	84	87	66	66	76	45	68	0	76	82	76	2	29
203627	112218	54	LM	75	81	79	70	76	73	57	63	0	32	74	71	2	75
204077	47	136	RW	75	85	86	69	64	81	45	70	0	75	80	79	3	58
204194	219	145	ST	75	76	77	71	65	74	53	67	0	69	73	71	2	56
204341	100769	38	CB	75	80	68	38	61	64	76	78	0	70	70	41	1	42
205114	1824	163	LM	75	78	81	69	69	82	37	48	0	30	77	64	2	64
205409	101088	60	GK	75	74	82	66	71	84	58	68	0	67	25	21	0	25
205943	18	39	CB	75	84	82	64	65	68	77	71	0	76	72	81	2	24
207439	1877	52	CF	75	83	79	72	74	77	45	56	0	62	79	79	3	73
207454	101083	52	LM	75	79	81	69	76	80	39	54	0	34	80	70	3	72
207862	25	21	CB	75	84	61	57	66	64	76	75	0	81	71	69	1	42
209562	112390	110	ST	75	75	78	68	33	64	43	86	1	80	64	74	2	31
211368	325	38	ST	75	75	91	67	65	81	42	57	1	60	79	73	3	72
28	468	45	GK	74	74	73	72	66	79	41	75	1	60	34	30	0	25
2488	73	18	CB	74	73	60	36	58	59	73	77	0	76	67	57	1	33
4111	15	25	CB	74	75	36	39	36	33	77	77	1	91	41	69	1	21
4806	111271	18	LM	74	74	64	72	79	75	66	64	1	63	80	74	2	82
5594	66	18	GK	74	71	74	72	79	78	36	75	1	63	28	36	0	25
9805	1961	50	CM	74	74	78	75	71	79	58	68	1	68	79	75	4	71
10764	1853	45	LB	74	74	72	48	65	65	78	66	1	79	69	63	1	38
10780	110227	45	CB	74	74	58	40	57	45	74	78	1	90	58	65	1	49
12445	144	36	LB	74	74	60	68	79	68	75	68	1	77	73	89	1	70
13690	15	14	ST	74	73	82	73	60	77	46	68	1	62	75	75	2	68
14907	110556	52	GK	74	74	74	72	70	74	55	78	1	55	25	39	0	25
17605	231	7	CDM	74	73	50	56	67	62	76	75	1	76	69	73	1	63
18122	110456	18	GK	74	74	74	71	77	77	42	77	1	64	28	25	0	25
18919	66	18	CM	74	73	66	70	81	77	60	58	1	66	81	60	2	72
19292	19	50	CB	74	74	53	50	55	43	74	76	1	84	59	79	1	63
20096	700	46	CM	74	71	50	58	71	66	70	44	0	72	77	77	2	70
20172	1917	14	ST	74	72	54	73	62	64	59	84	1	85	71	81	1	44
23015	206	27	ST	74	74	36	67	44	56	46	84	1	93	75	77	1	38
23409	112134	54	CM	74	74	71	70	77	80	67	74	1	74	80	70	4	77
24894	1629	54	CB	74	74	65	67	79	70	76	70	1	70	70	67	3	79
31831	100767	46	CDM	74	74	66	78	82	74	66	70	1	76	83	85	2	84
34824	111974	27	ST	74	73	79	72	50	72	43	76	1	70	76	76	1	80
41674	74	18	CB	74	74	54	59	74	62	75	72	1	78	70	73	1	72
41835	66	18	LM	74	74	76	68	76	75	46	54	1	54	74	68	2	74
45534	189	46	CB	74	74	55	46	61	58	74	79	1	78	55	58	1	30
45763	245	13	CDM	74	73	44	53	70	64	75	73	1	75	72	62	1	56
46826	171	21	CDM	74	72	55	60	70	60	76	74	1	76	70	73	1	58
49000	1952	42	GK	74	74	74	73	69	78	33	75	0	72	24	22	0	25
49116	36	108	LB	74	74	76	60	74	77	74	62	1	67	75	77	2	61
49485	1013	52	CB	74	73	66	41	56	51	73	77	1	75	58	68	1	41
50294	70	136	RW	74	74	75	71	68	75	51	68	0	65	76	76	1	53
50920	169	21	GK	74	71	79	69	73	74	37	76	1	63	31	43	0	25
52958	479	45	RB	74	72	72	43	67	66	77	63	1	73	70	59	1	37
53004	29	103	ST	74	73	72	71	66	72	58	81	1	88	71	76	2	58
53013	25	21	ST	74	74	67	71	69	69	53	79	1	79	69	71	3	69
53551	101059	12	CDM	74	73	73	38	66	61	76	80	1	74	70	59	1	29
54051	1960	14	LM	74	75	80	61	67	80	44	46	1	70	77	67	3	27
100806	78	42	CAM	74	75	73	73	74	76	44	58	1	66	75	80	2	72
101336	38	21	RB	74	73	72	61	76	74	73	71	1	76	76	68	2	53
101473	1808	37	GK	74	74	76	71	62	80	50	70	1	60	21	25	0	25
102056	45	27	RM	74	73	76	64	74	74	67	64	0	69	75	64	2	63
102356	171	21	CM	74	74	68	69	74	74	67	67	0	68	75	78	2	75
110297	449	45	LB	74	72	77	53	70	66	73	60	0	70	75	68	2	56
110377	468	45	CAM	74	74	77	66	56	77	47	60	0	57	77	62	2	63
111022	1853	45	CB	74	75	54	43	53	50	75	77	1	84	59	58	1	39
111163	65	18	GK	74	74	79	72	66	75	36	73	1	48	24	25	0	25
111477	217	18	GK	74	71	77	68	72	80	21	72	1	81	32	36	0	25
112392	1878	103	CAM	74	71	76	72	74	74	64	77	1	93	74	80	2	69
113176	52	27	LB	74	73	78	56	73	71	73	64	1	68	74	70	1	46
114764	448	45	GK	74	76	67	79	75	68	42	80	1	83	24	29	0	25
116620	169	19	CB	74	75	50	47	59	42	77	74	1	85	57	69	1	54
120304	74	103	CDM	74	74	65	55	70	70	71	80	1	66	74	61	1	41
120306	70	18	GK	74	74	81	73	66	78	44	73	1	58	21	21	0	25
121591	1819	54	ST	74	74	56	74	68	62	52	77	1	77	62	74	3	68
121940	1853	21	CB	74	74	83	56	69	67	73	67	1	67	67	56	3	69
123463	1806	14	CM	74	74	80	64	74	79	46	56	1	56	79	64	4	74
123597	39	27	CB	74	75	53	36	53	47	76	74	1	76	53	66	1	25
130687	485	13	CDM	74	74	58	68	65	69	75	76	1	78	75	82	1	60
134779	66	18	ST	74	75	84	72	66	73	55	77	1	77	66	75	2	45
135218	449	37	CB	74	74	54	47	60	55	76	84	1	85	61	55	1	42
135820	1795	54	CDM	74	73	66	59	68	74	73	63	1	74	81	69	2	60
136941	1853	38	CDM	74	73	67	72	73	71	72	66	1	69	74	88	2	76
137089	109	23	RM	74	73	64	78	75	79	51	67	1	62	81	76	3	81
137179	110556	27	CB	74	74	41	39	46	32	74	84	1	80	42	73	1	36
137199	39	27	CF	74	73	74	73	75	82	43	40	1	44	83	77	2	69
137351	100409	21	CDM	74	76	68	60	75	75	72	67	1	67	79	67	2	69
137427	110556	27	CB	74	72	81	57	74	72	70	70	0	65	73	71	1	58
137519	189	27	CDM	74	72	68	60	74	72	73	64	0	63	72	72	1	63
138181	1792	14	CB	74	74	53	36	43	43	74	80	1	82	60	57	1	29
138334	573	129	ST	74	74	69	77	62	78	42	57	1	73	83	77	2	67
138451	111292	54	CAM	74	76	62	71	78	77	59	55	1	56	81	76	3	78
138784	144	14	LB	74	74	78	74	73	77	74	59	1	66	78	87	2	76
138806	110364	52	ST	74	72	68	72	60	74	45	69	1	79	78	76	1	60
138949	7	58	CB	74	74	53	40	60	56	74	74	0	74	64	53	1	34
139057	598	52	LB	74	71	86	56	74	71	70	69	1	64	74	64	2	52
139597	462	45	ST	74	73	77	70	58	70	48	77	0	70	70	78	2	49
139860	219	18	LB	74	72	75	66	70	66	72	69	0	62	72	74	1	63
139882	110144	87	CB	74	74	65	52	53	59	73	78	1	96	64	72	1	57
140141	694	60	RM	74	71	86	69	68	80	44	69	1	61	74	73	3	70
140451	1796	14	LM	74	73	78	62	71	74	49	58	0	68	73	68	2	42
141272	169	12	RB	74	75	77	63	73	71	72	70	0	67	74	74	1	60
142603	110147	52	CAM	74	73	50	73	79	74	40	58	1	69	77	74	3	82
142782	101085	52	GK	74	74	77	72	70	74	23	75	1	76	25	54	0	25
143283	110227	48	LM	74	74	77	68	70	81	51	52	1	43	80	71	2	59
143589	101088	52	CB	74	75	48	49	42	39	77	80	1	81	58	67	1	71
143590	312	52	CB	74	74	70	46	62	56	72	80	1	70	66	59	2	58
144429	23	46	LB	74	76	79	62	76	74	73	70	1	74	77	74	2	70
145889	480	45	RB	74	74	78	42	65	66	74	63	0	68	71	60	1	40
146121	1853	45	ST	74	72	76	73	61	72	48	70	1	70	72	83	2	59
146377	479	45	RM	74	73	79	67	67	77	50	58	1	65	79	81	2	60
146660	110374	60	GK	74	74	74	71	86	78	49	73	1	73	78	71	4	86
146759	110832	45	ST	74	74	65	75	61	71	47	69	1	78	75	83	2	67
146974	479	45	CB	74	74	69	41	54	47	73	78	1	76	53	51	1	48
147614	100765	40	ST	74	74	68	77	67	64	45	77	1	76	70	79	2	72
148123	315	40	CB	74	74	68	50	69	61	74	75	0	83	66	72	1	58
148854	246	34	RW	74	72	84	61	66	75	43	57	0	73	73	69	2	53
149224	110556	27	ST	74	74	72	70	54	73	43	75	0	67	74	74	1	60
150368	485	21	LB	74	74	71	75	79	72	73	70	1	76	76	88	2	86
150496	110500	110	ST	74	72	82	70	58	74	42	72	0	58	73	73	2	48
152181	111144	4	GK	74	74	73	73	70	81	42	72	1	81	31	22	0	25
152567	1792	36	CDM	74	76	78	69	73	75	75	71	1	79	73	85	2	58
152840	59	54	ST	74	74	74	71	73	77	48	66	1	73	77	76	2	67
152916	1879	52	CM	74	74	78	72	72	76	60	58	1	72	78	76	2	81
152922	1843	58	CM	74	72	67	68	74	72	72	62	1	73	72	82	2	78
153164	15	52	CM	74	75	69	62	76	72	72	72	1	75	74	65	2	69
153298	66	18	CM	74	75	73	68	77	72	70	73	1	68	78	76	1	76
155355	4	167	RM	74	77	80	63	70	77	56	67	1	57	74	65	3	60
155584	111043	54	ST	74	72	52	72	52	67	48	82	1	79	68	76	1	56
155813	1878	56	CB	74	75	84	40	52	52	75	76	1	80	60	59	1	43
156256	36	145	CB	74	74	55	36	56	49	74	78	0	79	60	58	1	37
156519	236	83	CM	74	79	76	62	73	73	69	60	0	75	77	69	1	65
156914	1053	54	CAM	74	78	70	69	74	73	58	76	1	70	81	83	2	73
157060	1043	55	CB	74	73	51	35	49	53	77	68	1	86	59	47	1	46
158036	65	54	ST	74	74	51	72	64	68	52	82	1	90	73	81	2	46
158144	449	45	CAM	74	74	61	69	81	70	60	56	1	64	74	82	2	76
158525	1806	93	ST	74	73	69	70	55	69	55	86	1	91	68	81	2	45
158804	7	14	CM	74	76	67	74	73	82	61	66	1	59	81	75	2	69
158826	111678	83	GK	74	74	72	74	71	75	42	74	1	61	22	25	0	25
158851	1917	55	LB	74	69	73	66	72	77	66	63	1	75	75	67	1	70
159240	450	13	CM	74	72	77	69	69	76	50	54	1	60	78	80	2	81
159265	192	27	GK	74	70	76	74	60	76	45	74	1	66	30	36	0	25
159302	1806	14	LB	74	73	68	39	60	62	76	74	1	76	66	26	1	31
159518	189	60	CDM	74	72	60	57	75	69	75	75	1	78	72	70	1	62
159818	112390	54	CAM	74	74	87	71	70	82	38	31	1	33	74	76	4	72
160527	1719	54	ST	74	74	66	71	60	67	49	82	1	82	67	71	3	60
162223	166	21	CAM	74	77	68	69	71	76	47	61	1	64	76	73	2	65
162329	2	129	CM	74	74	68	64	71	76	67	54	1	69	81	73	2	57
162411	1970	52	ST	74	74	65	71	59	64	46	85	1	85	64	71	3	59
163187	1960	7	LM	74	73	90	64	69	74	62	66	1	74	73	65	2	77
163402	1844	27	CB	74	74	53	35	58	48	76	72	1	80	56	55	1	20
163415	14	97	LM	74	74	76	69	73	77	51	55	0	57	76	67	3	70
163461	50	27	CM	74	76	68	66	81	72	64	61	1	69	82	75	1	72
163490	39	27	CB	74	77	68	38	56	46	76	73	1	78	57	66	1	34
163587	95	13	GK	74	76	74	72	83	78	56	70	1	56	23	35	0	25
164211	1035	54	CDM	74	74	63	54	69	68	75	68	1	63	73	64	1	36
164256	1844	54	ST	74	76	81	71	68	73	43	74	1	76	78	74	2	74
164299	1043	54	CAM	74	75	75	71	78	75	73	73	1	76	76	82	2	73
164827	4	95	CDM	74	74	74	65	78	73	68	62	1	61	74	73	2	71
164857	1896	38	ST	74	74	67	71	50	65	48	80	1	80	65	71	3	50
165174	10029	37	CDM	74	76	66	66	71	66	76	69	1	75	72	77	1	70
165862	1970	54	RM	74	75	82	69	70	77	62	68	1	60	70	66	3	63
167098	54	60	CB	74	73	61	38	46	40	77	74	1	84	51	53	1	58
167413	175	12	CDM	74	72	58	65	68	60	75	72	1	77	72	83	1	65
167524	1970	83	LB	74	76	81	56	68	66	73	67	0	78	68	65	1	45
167683	55	54	CF	74	73	77	70	76	82	42	62	1	56	80	72	3	72
168293	109	18	RM	74	75	74	68	76	75	61	62	1	61	79	75	2	69
168444	112218	54	ST	74	75	81	73	71	74	48	79	1	82	76	80	2	55
168561	169	56	CM	74	73	62	65	76	77	72	60	1	65	75	66	2	67
168565	144	56	ST	74	73	78	74	66	75	48	78	1	69	71	78	2	78
168584	481	34	CDM	74	76	38	55	69	57	77	72	1	90	69	73	1	50
168883	112387	183	CAM	74	74	72	68	74	76	51	52	1	57	80	72	2	71
168930	462	45	LM	74	77	81	56	69	85	42	52	1	52	84	65	2	55
169208	110145	83	CAM	74	73	78	72	70	78	54	68	1	71	75	73	3	66
169216	109	25	ST	74	76	85	68	56	73	49	74	1	80	74	75	2	36
169571	1793	14	CM	74	74	68	68	77	77	62	60	1	65	79	75	2	76
169649	1879	56	CB	74	74	63	44	60	58	74	78	1	88	55	60	1	31
169705	5	14	LB	74	78	78	45	73	69	73	69	0	70	73	58	1	51
169706	17	14	CDM	74	78	64	52	71	68	74	69	0	72	75	56	1	23
169710	1808	42	CDM	74	78	71	46	72	73	73	71	1	75	74	61	2	65
169941	744	38	RM	74	76	80	66	69	77	42	64	1	56	74	75	3	72
171732	1860	45	ST	74	74	76	73	58	80	42	58	1	58	74	74	3	68
172143	245	13	RW	74	76	70	73	76	77	60	57	1	61	81	78	2	76
172203	78	14	GK	74	80	73	76	64	79	41	76	1	75	32	35	0	25
172285	457	45	CM	74	77	65	62	77	67	68	60	1	68	72	74	2	81
172290	457	18	CAM	74	78	66	64	75	77	53	52	1	59	76	66	2	54
172316	481	45	RB	74	78	77	57	66	67	73	74	0	69	74	68	1	34
172939	106	25	GK	74	74	78	73	74	79	50	70	1	72	21	23	0	25
173204	110556	27	LM	74	78	78	48	69	70	74	70	0	77	72	66	1	40
174381	1629	58	CM	74	73	56	68	79	72	64	66	1	62	75	70	1	67
175753	819	72	RM	74	70	81	71	70	79	44	53	1	55	75	70	3	68
175787	101105	56	ST	74	71	83	70	60	77	50	71	1	61	71	73	2	55
175897	1843	1	GK	74	76	76	70	66	82	51	74	1	59	23	38	0	25
175990	1824	21	CF	74	73	73	70	71	73	48	68	0	67	72	76	2	52
176481	1819	48	ST	74	77	71	72	69	74	53	76	1	77	74	77	2	74
176687	10029	21	RB	74	77	76	49	74	73	72	68	1	67	74	69	2	64
176955	568	54	CDM	74	76	69	68	73	74	76	69	1	70	76	80	2	61
177022	894	145	CAM	74	79	76	64	66	84	49	58	1	81	84	59	4	54
177149	483	44	LB	74	77	78	56	70	69	73	71	0	74	70	66	1	57
177320	1032	83	CDM	74	75	70	57	71	67	74	73	0	76	72	64	1	36
177398	28	10	LM	74	76	78	75	71	78	44	59	1	54	75	80	2	70
177525	69	129	RM	74	75	85	65	72	80	44	61	1	79	78	69	2	61
177578	38	4	CB	74	76	54	33	50	39	76	76	1	88	54	46	1	38
177713	605	129	CM	74	74	67	64	72	70	70	68	0	68	70	64	3	72
177752	1793	34	RM	74	75	88	71	71	80	61	68	1	73	80	82	3	75
177886	1824	10	ST	74	72	68	72	62	69	47	82	1	78	71	75	2	63
177981	573	52	CDM	74	75	68	68	70	68	72	65	1	76	74	81	2	64
178087	480	45	CAM	74	77	75	74	67	78	47	57	1	56	79	76	2	62
178108	1892	38	CDM	74	75	63	55	71	65	73	69	0	79	70	64	1	51
178115	189	22	CAM	74	76	77	74	74	73	44	62	1	70	80	76	2	76
178251	74	18	RB	74	73	73	59	74	67	74	66	1	73	70	68	1	54
178367	72	18	CM	74	74	67	47	74	70	75	68	1	68	70	47	3	74
178691	236	60	CB	74	74	75	42	71	74	74	68	0	69	75	61	1	50
178750	483	45	GK	74	79	81	74	68	74	43	69	1	66	23	28	0	25
179560	234	51	LM	74	77	81	73	64	79	43	54	1	67	81	73	2	73
179574	1792	14	ST	74	80	77	69	64	72	43	75	1	77	72	76	1	49
179613	110	18	LM	74	77	86	75	73	75	52	65	1	81	75	82	2	79
180283	106	167	CM	74	77	67	69	79	77	60	57	1	65	81	80	2	76
181106	166	163	CDM	74	77	71	58	72	73	74	65	0	68	75	71	1	72
181259	110636	12	CB	74	73	60	51	61	60	76	77	1	91	58	66	1	43
181402	232	18	CDM	74	76	68	62	72	74	72	64	1	74	76	75	2	52
182211	112387	54	ST	74	74	76	75	57	68	47	72	1	72	68	75	3	57
182212	10029	18	ST	74	79	72	71	65	70	45	78	1	81	74	76	2	55
182440	32	195	RM	74	78	84	65	66	77	48	59	1	53	74	65	3	38
182882	468	56	CDM	74	78	66	57	71	70	74	75	1	87	74	71	1	57
182945	1819	108	LW	74	77	91	67	66	80	50	62	1	66	77	70	3	71
183249	100409	52	ST	74	76	70	72	61	74	44	77	1	84	77	81	2	50
183426	36	21	RB	74	77	72	39	66	65	74	72	1	69	74	53	1	36
183497	110832	22	GK	74	78	76	73	70	72	44	79	1	79	22	25	0	25
183498	50	27	CM	74	80	71	68	77	72	71	67	1	77	78	80	1	55
183569	169	103	LM	74	79	79	70	71	77	48	72	1	76	78	76	3	43
183614	569	54	RB	74	75	91	64	73	78	71	59	1	61	74	73	2	70
183723	111044	54	CB	74	74	68	56	66	58	74	76	1	84	62	75	1	54
183766	66	101	CB	74	77	71	42	52	45	75	79	1	78	59	36	1	36
183781	1908	13	CB	74	77	60	46	66	59	76	76	1	84	67	56	1	42
183811	19	126	ST	74	74	77	73	58	74	44	75	1	73	69	75	2	57
183937	73	34	RB	74	80	82	59	73	74	73	72	1	70	77	73	2	21
183940	13	34	CDM	74	77	77	50	68	74	73	58	1	63	78	60	2	59
184089	232	129	RM	74	76	84	71	69	82	42	48	1	46	78	70	3	72
184255	245	24	ST	74	76	75	73	58	67	52	78	1	80	70	78	1	57
184704	52	54	LW	74	77	72	74	75	76	67	70	1	69	80	78	2	72
184763	232	18	GK	74	73	77	71	65	75	39	75	1	68	25	38	0	25
184815	393	22	ST	74	78	78	71	66	70	51	73	0	74	73	72	2	53
184858	383	54	ST	74	74	72	71	56	65	45	75	1	75	65	71	3	56
185163	1842	27	CB	74	78	55	41	53	47	76	74	1	82	54	65	1	41
186330	38	12	RB	74	75	80	44	74	75	71	68	0	67	76	57	2	58
186547	483	52	CB	74	83	66	35	64	52	74	76	1	76	68	51	1	34
186935	819	54	CM	74	76	72	71	74	74	66	67	1	75	76	77	2	69
187598	598	54	CB	74	79	64	50	53	58	76	76	1	78	60	80	1	69
187815	111292	54	ST	74	76	66	72	55	75	41	73	1	70	79	72	3	45
187896	112218	54	ST	74	76	73	75	70	78	38	63	1	59	81	82	2	73
187935	74	97	CAM	74	73	76	66	72	74	51	57	0	58	72	69	2	69
188133	598	54	CDM	74	79	83	64	73	76	73	65	1	55	75	72	2	55
188155	246	34	RB	74	78	73	62	72	72	73	68	0	74	75	75	2	55
188325	59	126	ST	74	78	65	70	60	70	46	79	1	88	73	77	1	47
188413	39	55	CM	74	78	78	56	77	70	72	61	1	61	73	69	1	68
188484	1843	60	ST	74	81	91	69	54	73	44	67	1	68	74	73	2	58
188586	1824	21	CDM	74	76	68	67	74	70	74	67	1	78	74	76	1	48
188808	393	122	RM	74	79	86	66	68	79	43	59	1	58	77	72	3	64
188840	66	38	RB	74	79	83	43	73	74	74	68	1	79	74	59	2	52
188844	462	45	CB	74	77	57	36	69	58	75	72	1	68	67	56	1	39
188860	111042	54	ST	74	79	64	75	66	71	48	71	1	92	77	88	2	74
188871	2	12	ST	74	80	64	66	44	63	46	85	1	86	69	74	1	42
188938	1013	52	GK	74	72	80	68	72	78	45	68	1	73	21	21	0	25
188942	17	120	CDM	74	81	75	68	72	75	77	84	1	90	75	84	1	56
188988	1876	52	CAM	74	82	82	64	74	81	36	56	1	34	80	68	3	71
189059	1952	14	CDM	74	79	67	61	73	70	72	73	1	77	73	71	1	57
189165	1960	14	CAM	74	80	67	68	77	71	63	58	1	75	74	78	1	72
189235	32	21	CM	74	77	62	56	77	73	70	72	1	79	77	69	2	70
189324	1793	14	GK	74	82	77	71	63	80	58	73	1	63	25	25	0	25
189390	1824	21	LB	74	78	72	54	75	72	72	73	1	76	72	59	1	69
189510	237	45	RW	74	79	82	69	70	80	53	64	1	52	78	74	2	70
189936	1903	34	GK	74	77	73	75	70	76	55	76	1	69	25	43	0	25
190156	468	45	CDM	74	80	67	55	67	60	75	65	1	76	71	79	1	57
190520	23	21	CB	74	78	69	43	70	70	74	68	1	67	73	54	1	49
190607	110144	56	CF	74	75	87	71	66	79	40	58	1	56	75	74	3	64
190868	1961	18	RB	74	75	74	41	69	68	75	72	1	74	69	52	1	28
190919	237	56	ST	74	81	78	75	64	77	48	61	1	60	83	77	3	73
191053	28	61	CDM	74	76	66	50	70	65	76	69	1	69	71	72	1	52
191055	449	45	LB	74	81	77	47	70	68	74	70	0	77	74	70	1	37
191164	111678	57	LW	74	78	80	69	67	79	45	65	1	60	78	70	4	68
191186	1035	54	RB	74	80	84	62	74	81	73	57	1	63	76	74	1	58
191210	226	18	RB	74	80	77	58	75	71	72	66	1	61	74	68	2	76
191688	468	45	CB	74	80	62	50	64	58	71	77	0	83	67	73	1	31
192575	55	117	CDM	74	78	81	60	75	73	72	66	1	66	78	76	2	48
192613	10	39	GK	74	77	75	70	70	77	48	75	1	78	24	25	0	25
192621	325	103	CB	74	74	81	33	63	56	75	79	1	85	65	47	1	23
192671	1891	61	RW	74	77	79	68	64	77	45	76	0	70	75	73	2	60
192778	673	7	ST	74	75	74	69	65	75	52	76	0	83	75	72	2	65
192904	1909	20	CB	74	76	61	30	60	59	74	75	0	82	63	42	1	38
193234	110930	140	CDM	74	80	74	59	75	73	70	46	1	59	74	59	3	64
193312	38	21	GK	74	75	76	72	72	76	39	71	1	64	21	31	0	25
193352	175	47	LB	74	84	77	54	73	70	73	72	0	74	78	75	2	80
193408	457	47	ST	74	81	68	75	62	69	48	70	1	76	71	78	2	61
193420	485	21	CDM	74	77	71	51	73	71	73	67	0	67	73	68	1	50
193442	245	34	CM	74	77	84	69	71	76	66	67	0	74	77	77	3	73
193474	65	136	CDM	74	82	70	51	70	71	74	61	0	68	75	80	1	42
193504	1961	14	CB	74	82	73	31	58	60	75	78	1	84	63	41	1	24
193735	242	45	CM	74	79	66	55	75	71	58	54	1	68	79	48	2	58
193780	322	8	RM	74	85	83	70	69	81	52	57	1	60	78	87	2	82
193786	1844	27	GK	74	80	76	72	65	78	31	72	0	54	22	33	0	25
194017	2	4	CF	74	79	81	72	52	72	48	61	1	62	69	77	1	63
194209	110832	129	ST	74	80	74	76	61	85	49	68	1	67	82	75	3	72
194365	169	163	ST	74	76	78	69	69	78	45	78	1	64	76	76	2	49
195687	480	45	CDM	74	78	65	53	67	61	76	70	1	75	64	67	1	56
196150	1876	56	ST	74	74	73	71	65	74	45	80	1	77	72	73	2	62
197117	110556	22	RW	74	81	80	64	69	81	40	35	1	47	83	68	3	67
197238	110089	136	ST	74	78	78	72	51	66	47	77	1	82	66	78	2	58
197678	1809	18	GK	74	80	76	60	74	81	43	76	1	74	25	32	0	25
197681	219	18	CDM	74	80	74	50	71	72	73	67	1	82	74	70	2	37
198006	1903	34	CAM	74	77	72	68	73	75	62	60	0	70	77	72	2	77
198196	28	21	ST	74	82	64	72	47	64	48	80	1	90	74	86	2	63
198198	1960	45	CB	74	80	65	47	51	48	73	76	1	80	64	74	1	35
198331	109	12	ST	74	78	81	71	63	70	44	69	0	56	74	75	1	57
198347	101083	52	ST	74	73	81	71	62	79	43	67	1	56	76	75	2	49
198554	31	133	ST	74	77	79	69	53	71	48	81	1	82	69	84	2	44
198611	165	51	ST	74	74	71	71	55	69	48	66	0	75	73	75	3	48
198717	11	14	LM	74	81	85	62	60	82	47	50	1	65	81	67	3	50
198760	44	97	CM	74	81	72	67	76	77	69	54	1	69	79	74	2	65
198832	110930	140	CB	74	72	66	45	58	64	73	76	0	80	70	67	1	25
199151	206	52	RW	74	85	91	69	64	81	40	53	1	40	82	77	3	64
199503	23	47	CM	74	84	50	67	73	75	67	63	1	69	78	82	2	66
199564	241	45	CM	74	84	68	62	75	73	60	55	1	68	77	66	2	60
199594	244	45	LM	74	79	86	65	67	80	50	59	1	67	77	74	2	61
199633	2	14	RB	74	77	73	60	69	71	74	71	1	68	74	71	1	39
199739	236	38	RW	74	80	74	65	76	77	51	56	1	64	79	81	2	77
199845	111974	27	CB	74	79	63	48	51	51	75	79	1	84	60	75	1	66
199914	55	54	CDM	74	78	76	59	76	75	75	62	1	68	74	70	1	49
200054	1837	45	CM	74	84	68	59	75	72	73	73	1	80	78	74	1	62
200521	1926	14	RM	74	83	80	64	64	77	39	48	1	41	76	65	3	68
200542	280	22	CDM	74	77	77	65	74	70	74	69	0	70	73	70	1	62
200700	55	21	CM	74	74	70	65	72	77	46	53	1	56	75	65	2	72
200857	36	21	CM	74	80	80	67	71	81	58	49	1	54	77	69	2	67
200962	237	38	CM	74	81	80	66	74	79	57	58	1	34	80	67	2	73
201449	106	18	CB	74	74	54	36	57	57	75	77	1	81	71	33	1	41
201988	48	52	CB	74	80	54	29	46	38	75	79	1	82	50	27	1	42
202143	448	45	CB	74	76	69	30	55	39	76	73	1	79	59	25	1	31
202316	171	95	RB	74	77	81	59	72	70	74	72	0	78	72	77	1	42
202612	568	52	ST	74	76	84	69	73	82	40	68	1	59	76	74	2	58
202651	1861	45	RM	74	83	76	63	71	86	34	47	1	44	83	52	2	75
202911	1876	60	ST	74	75	75	75	66	74	40	70	1	49	71	70	3	68
202934	46	133	CM	74	82	78	63	73	75	71	57	0	68	76	74	2	60
202935	244	45	CB	74	78	75	32	56	53	73	78	0	76	64	47	1	44
203486	15005	7	CAM	74	84	73	68	74	75	46	48	0	58	77	73	2	72
203551	52	27	RW	74	83	78	69	75	76	68	67	1	58	79	78	2	58
203846	236	54	RW	74	82	84	69	61	84	40	55	1	37	76	71	4	70
203965	245	13	LW	74	84	78	71	66	82	46	50	1	60	77	76	2	60
204311	1819	18	CB	74	84	70	50	57	54	74	80	1	85	66	55	1	59
204713	280	72	RM	74	83	88	70	62	77	49	66	1	78	77	83	3	68
204737	1896	38	RW	74	79	90	63	66	81	36	40	1	33	76	79	3	73
204943	598	54	ST	74	74	72	68	62	75	43	74	1	74	75	68	3	62
205194	100766	54	CB	74	76	65	37	57	54	76	71	1	77	60	47	1	39
205600	66	18	CB	74	82	72	55	63	62	74	78	1	77	68	68	1	44
207472	36	163	RB	74	78	78	48	73	75	72	62	1	63	74	61	1	63
209297	101059	54	CAM	74	85	82	67	67	79	55	55	1	29	77	65	2	58
209331	896	111	RM	74	87	91	61	67	82	57	56	1	58	89	74	3	67
210814	110093	52	CB	74	75	77	41	68	57	75	76	1	72	59	60	1	34
211017	244	45	RM	74	78	82	62	68	79	47	45	1	62	78	58	2	70
211061	36	39	CAM	74	82	78	68	75	80	49	46	1	47	80	71	4	82
211267	110556	52	LW	74	81	92	63	68	80	51	58	1	48	76	64	3	64
211328	110364	60	CB	74	76	55	40	58	56	74	70	0	70	55	69	1	36
212125	234	51	RM	74	87	87	65	70	82	42	51	1	48	85	64	3	63
213430	481	39	ST	74	79	66	73	58	72	42	72	1	75	82	76	2	57
657	106	50	CM	73	72	53	64	77	71	68	62	1	57	76	69	2	66
3246	1901	38	LW	73	70	83	62	65	76	54	60	0	63	71	70	2	64
4832	50	27	CM	73	74	71	69	77	75	64	56	1	56	78	74	1	68
5355	280	35	GK	73	72	71	70	72	76	20	75	0	64	25	26	0	25
5984	110396	18	ST	73	74	33	70	59	64	50	74	0	80	73	77	2	58
6971	169	13	CB	73	73	42	34	61	35	76	72	1	72	35	34	2	61
7584	44	27	GK	73	72	74	72	66	72	57	76	1	62	23	36	0	25
7939	19	17	GK	73	73	76	69	68	75	50	74	0	67	23	26	0	25
11346	1917	66	RB	73	70	67	48	59	66	74	74	0	83	70	58	1	36
13914	3	14	GK	73	71	74	72	78	70	50	73	1	70	30	47	0	25
17725	144	35	CB	73	72	45	34	58	50	75	75	1	74	57	47	1	24
17912	453	26	GK	73	73	76	67	76	71	49	78	1	78	71	67	3	76
20933	111271	18	CDM	73	73	49	71	77	70	74	69	1	67	74	81	2	69
23466	13	14	RB	73	73	66	67	78	68	71	61	1	62	76	83	1	86
24932	171	46	CB	73	73	34	44	51	41	75	75	1	84	60	67	1	25
25924	452	45	LB	73	73	61	66	78	66	75	73	1	70	75	83	1	79
29118	112427	163	CAM	73	73	59	70	75	75	62	61	1	57	78	65	3	71
29183	1960	21	GK	73	73	73	71	61	76	48	73	0	70	23	25	0	25
30458	166	21	CDM	73	70	66	58	72	69	72	68	0	68	67	64	1	55
32740	819	46	GK	73	73	72	72	67	76	34	75	0	60	23	25	0	25
41725	10029	18	CB	73	73	32	45	64	45	76	73	1	82	60	59	1	44
45098	1917	42	CB	73	72	50	31	59	54	73	79	1	76	56	45	1	25
45185	101085	60	ST	73	73	83	73	70	74	57	69	1	69	74	73	3	70
45605	54	27	CM	73	70	62	66	74	69	67	68	0	69	74	68	1	64
48826	110374	60	CM	73	68	69	71	70	78	51	66	1	68	81	75	2	72
49170	269	13	CAM	73	73	66	71	75	75	56	62	1	62	77	73	2	70
49212	1799	52	GK	73	74	76	71	69	75	42	68	0	65	25	23	0	25
49674	232	7	ST	73	73	66	68	69	71	57	87	1	84	73	74	2	56
50620	7	14	RB	73	73	54	26	58	37	75	70	1	70	61	29	1	28
50641	12	14	CB	73	73	59	37	53	40	75	75	1	81	61	41	1	30
51003	485	95	CB	73	73	68	51	73	70	72	69	0	69	70	51	3	73
51105	58	18	CB	73	73	38	33	56	55	70	76	0	68	61	58	1	25
51887	110456	18	ST	73	71	65	73	69	74	46	75	1	55	71	73	2	76
53630	232	7	LB	73	73	72	68	73	66	73	86	1	92	67	82	1	59
103938	101114	52	CB	73	71	65	36	65	58	74	76	0	80	62	48	1	46
105327	1035	54	CB	73	73	74	68	68	72	72	64	1	64	72	68	3	68
106560	110456	18	ST	73	73	57	75	71	72	52	72	1	62	76	77	2	59
106795	111974	27	GK	73	72	72	71	63	75	44	76	1	54	21	35	0	25
106874	39	27	LB	73	76	69	61	65	56	76	70	1	79	61	83	1	79
107651	100409	48	CAM	73	74	74	70	66	74	46	69	0	76	76	78	2	51
108061	111974	47	LM	73	70	74	65	72	70	71	70	1	69	68	80	1	76
109852	109	35	CB	73	73	54	38	50	40	75	76	1	79	66	43	1	32
110283	573	38	CAM	73	73	63	75	82	71	57	55	1	62	72	84	2	85
111023	1792	45	LB	73	73	69	60	74	68	72	67	0	68	71	71	1	76
111195	69	21	CB	73	73	45	43	58	40	73	75	0	77	55	70	1	30
112594	280	55	CB	73	73	64	42	58	58	73	73	0	73	58	42	3	58
114126	169	21	GK	73	71	76	66	56	81	33	73	1	74	31	48	0	25
120309	2007	108	GK	73	71	72	74	55	83	53	63	1	46	57	35	0	25
121945	481	21	RM	73	75	76	74	73	78	57	56	1	58	79	77	2	78
125071	23	7	LB	73	73	54	41	67	62	76	74	1	75	68	65	1	50
125586	449	13	GK	73	71	64	77	70	73	54	81	1	78	21	35	0	25
134635	1053	54	CM	73	73	44	72	83	72	66	65	1	65	72	72	3	83
134777	217	18	CDM	73	69	46	49	67	51	71	74	0	71	69	62	1	51
134820	78	42	CM	73	72	86	62	73	73	74	56	1	75	71	72	2	52
134895	32	21	RB	73	73	77	56	73	74	71	63	1	68	74	68	2	69
135032	169	13	CM	73	75	67	65	70	73	74	73	0	74	75	77	1	66
135078	598	54	CDM	73	71	69	66	76	70	73	65	1	78	74	77	2	55
135084	1053	54	CM	73	73	58	76	75	76	71	74	1	74	76	76	3	75
135149	59	18	CB	73	71	34	50	62	50	72	74	0	73	64	70	1	66
135473	111044	54	ST	73	73	61	76	66	75	43	78	1	78	75	76	3	66
135524	568	54	CAM	73	71	62	62	74	72	71	72	0	69	74	69	2	58
135576	1891	54	CAM	73	73	84	69	67	78	43	63	1	57	76	73	3	65
135594	1806	13	GK	73	72	76	67	73	76	46	75	1	77	20	23	0	25
135616	393	60	CM	73	73	39	63	76	65	75	74	1	74	65	63	3	76
135734	468	45	CM	73	73	66	56	75	73	60	58	1	56	77	58	2	63
136070	1719	54	CM	73	73	64	62	70	67	73	80	1	80	67	62	3	70
136168	517	54	CDM	73	74	66	60	71	63	74	72	0	73	69	78	1	68
136177	1043	54	RB	73	73	78	68	76	80	71	56	1	58	79	75	2	77
136686	1473	167	GK	73	69	78	71	72	72	56	70	1	60	27	25	0	25
136875	52	39	GK	73	71	68	68	74	79	50	80	1	56	21	35	0	25
137171	111674	54	CM	73	70	41	65	75	66	75	78	1	89	74	71	2	68
137185	1843	27	CB	73	67	50	43	60	53	75	71	1	71	49	59	1	35
137440	39	27	CM	73	72	65	63	73	67	74	84	1	71	71	76	1	42
137460	1838	27	RW	73	74	79	72	71	78	47	51	1	34	77	77	2	78
137551	78	22	LM	73	70	85	64	67	74	45	75	1	80	69	67	2	42
137671	1961	133	RM	73	71	79	76	67	76	47	73	1	71	74	80	2	70
137815	111292	54	CDM	73	73	67	68	78	66	71	62	1	69	71	79	1	82
138436	1806	25	RM	73	70	74	70	65	75	54	76	0	81	74	75	2	55
138507	468	45	GK	73	73	77	67	70	75	55	76	1	73	25	23	0	25
138670	1819	18	CB	73	71	52	44	69	52	74	72	0	72	59	58	1	35
138871	189	27	ST	73	70	58	76	58	71	48	81	1	80	74	78	3	74
138878	112225	27	CM	73	73	68	72	76	77	59	63	1	63	77	72	4	76
138918	192	27	CM	73	77	59	65	76	66	74	74	1	78	73	80	1	59
139006	110144	83	GK	73	73	75	71	67	75	45	68	0	70	23	35	0	25
139064	1876	52	CDM	73	72	69	62	65	67	76	61	1	78	69	83	1	70
139169	101116	52	CM	73	73	71	69	75	72	62	62	1	62	72	69	3	75
139229	1970	83	CDM	73	71	74	58	70	70	75	75	1	80	74	74	1	64
139274	192	44	CB	73	73	46	33	46	39	77	76	1	92	51	47	1	32
139792	517	54	CB	73	74	51	48	48	54	75	79	1	79	64	70	1	36
140276	1032	52	CAM	73	70	68	69	75	75	49	66	1	66	74	67	2	69
140498	1961	42	GK	73	75	74	69	72	76	48	72	0	63	26	23	0	25
142762	1876	52	CB	73	73	71	37	54	54	74	77	0	75	60	51	1	37
142966	1035	52	CAM	73	72	76	68	65	81	47	54	1	57	79	67	3	70
143025	101088	52	LB	73	74	82	47	72	66	69	56	0	45	72	59	2	68
143601	111144	52	RM	73	71	67	64	75	73	51	60	1	56	75	66	2	72
143610	101085	52	RM	73	69	77	71	76	78	58	56	1	65	72	75	1	76
143671	110231	10	GK	73	74	73	71	72	71	64	76	1	74	32	22	0	25
143674	19	39	LB	73	73	76	58	74	65	73	69	0	72	68	66	1	63
144280	325	48	CB	73	75	39	44	57	52	76	74	1	89	60	64	1	36
144511	1844	27	CM	73	76	69	65	76	70	70	68	1	69	74	73	1	73
145257	462	45	GK	73	73	71	68	59	82	53	76	1	66	22	23	0	25
145620	110089	45	CB	73	70	54	43	53	47	76	76	1	82	50	50	1	35
146458	110832	45	GK	73	73	77	68	64	78	55	70	1	62	34	37	0	25
146527	1861	45	GK	73	73	64	79	73	65	44	82	1	74	27	22	0	25
146932	462	45	CM	73	73	52	58	75	65	71	64	1	66	73	72	1	67
146963	171	52	CB	73	72	69	53	69	66	73	69	0	70	73	71	2	54
146970	106	45	CB	73	72	50	33	45	45	75	70	1	82	54	60	1	26
147007	1860	45	LM	73	73	67	68	73	79	43	52	1	59	81	67	1	75
147708	100764	40	CM	73	72	56	73	75	73	65	59	1	42	76	73	2	74
148839	100409	34	RB	73	74	76	47	71	72	72	67	0	68	71	62	1	44
149064	36	27	LB	73	72	79	51	73	73	72	64	0	74	66	69	2	44
149242	110556	54	CM	73	73	62	69	79	75	66	59	1	65	78	75	1	72
150026	393	22	CDM	73	72	60	66	72	69	74	71	0	77	71	74	1	47
150360	111239	23	CAM	73	69	66	67	74	75	41	51	0	46	73	65	2	72
151508	17	35	RM	73	75	71	67	77	76	69	64	1	67	77	71	2	71
152514	1799	14	RM	73	74	78	71	68	80	46	54	1	65	76	76	2	69
152536	1792	14	CM	73	74	68	69	75	69	69	76	1	79	73	87	2	65
152588	1952	44	CAM	73	72	65	71	72	72	60	64	1	63	74	72	2	72
152741	13	14	CB	73	75	58	36	59	44	74	74	1	79	61	51	1	42
152817	517	54	ST	73	73	64	68	62	68	48	74	0	74	68	68	3	62
152828	1041	54	CM	73	71	75	72	77	76	64	66	1	67	73	74	3	66
153048	1913	36	CM	73	75	73	67	73	72	64	61	0	57	74	75	2	72
153297	226	18	GK	73	73	75	71	68	76	55	72	0	66	32	22	0	25
154875	393	39	CDM	73	72	78	65	74	71	71	68	0	71	72	68	2	62
154954	110089	40	GK	73	78	72	74	70	74	54	75	1	62	25	25	0	25
155827	111065	72	ST	73	73	74	71	52	71	54	77	0	77	75	79	2	59
155852	479	45	CDM	73	73	54	57	65	61	76	75	1	75	66	84	1	61
155979	8	42	ST	73	74	75	73	69	75	45	64	1	74	76	78	2	76
155984	457	45	CDM	73	79	60	55	74	67	71	69	0	81	75	60	1	70
156170	1799	14	LM	73	71	82	61	69	78	50	55	1	66	76	68	3	26
156358	1879	83	GK	73	72	73	70	69	75	56	75	0	75	26	27	0	25
156368	982	56	CAM	73	70	58	74	73	73	39	52	1	62	72	74	3	85
156535	673	7	RM	73	72	71	70	72	72	58	57	0	60	72	67	2	66
156585	58	108	CM	73	73	53	73	82	69	69	69	1	81	78	89	2	78
157117	598	54	CM	73	76	65	72	74	73	61	62	1	83	81	82	2	70
157479	1853	45	RB	73	73	78	59	70	71	73	62	0	67	73	81	1	57
157716	1824	21	CDM	73	72	54	46	60	46	73	74	0	78	65	66	1	44
158127	69	129	CM	73	74	65	66	78	71	64	64	1	51	78	75	2	77
158438	25	47	CDM	73	74	75	63	68	68	73	68	0	69	68	68	1	54
158855	10029	21	CDM	73	75	74	53	70	70	73	61	0	68	72	66	1	42
159284	50	27	CF	73	73	81	61	60	83	39	49	1	58	84	60	3	65
161863	449	45	RB	73	73	67	52	66	59	79	63	1	77	62	62	1	51
162174	110556	27	CM	73	70	71	60	72	70	71	64	0	64	72	73	1	65
162220	236	48	GK	73	73	75	70	78	76	47	69	1	69	76	70	3	78
162886	1792	42	RB	73	73	72	60	71	67	73	69	0	68	71	69	1	44
162892	4	14	RM	73	73	77	74	70	77	44	49	1	62	77	78	2	80
162896	1884	117	ST	73	73	89	65	57	78	41	61	1	61	78	65	4	57
163303	1806	25	CM	73	73	54	67	77	68	66	62	1	72	73	69	2	75
163340	1952	14	ST	73	71	63	68	65	69	47	75	0	75	73	75	1	32
163369	485	7	LB	73	76	80	61	70	74	71	68	0	71	70	72	2	68
163828	1793	14	ST	73	73	76	68	59	68	44	66	0	60	70	67	1	52
163890	480	45	GK	73	73	68	80	81	67	48	78	1	72	23	37	0	25
164094	1053	54	GK	73	75	83	67	70	76	42	66	1	82	25	33	0	25
164204	1039	54	CAM	73	75	53	71	81	70	58	54	1	62	78	80	2	79
164239	1048	54	CB	73	72	36	44	56	45	69	84	1	84	66	71	1	32
164469	2	14	CF	73	73	90	70	64	74	49	74	1	83	73	76	2	45
164478	34	133	RM	73	76	78	71	67	80	46	68	1	68	80	75	3	73
164849	280	38	CM	73	75	77	74	78	77	60	50	1	58	79	80	2	75
164880	1809	26	ST	73	73	70	72	60	71	49	64	1	58	74	74	1	62
165191	1799	14	ST	73	73	88	70	69	73	61	78	1	82	64	82	2	63
165490	110364	52	CM	73	73	76	62	72	75	71	62	1	74	76	85	1	50
165555	1035	54	ST	73	74	62	72	67	73	52	78	1	76	79	73	2	68
165568	1445	36	RW	73	77	79	66	66	75	51	58	0	65	74	69	3	70
165586	1598	54	CDM	73	73	66	51	68	67	74	71	0	72	72	63	1	55
165788	1808	52	ST	73	72	62	70	60	69	47	78	1	87	67	75	1	55
165820	567	54	CAM	73	71	65	69	75	76	53	63	1	60	74	71	3	70
165888	111674	167	CB	73	72	63	57	57	59	72	84	1	85	60	76	1	61
166750	100769	40	ST	73	73	67	71	69	64	49	79	1	92	69	77	2	64
166919	1806	25	CB	73	74	65	56	69	67	74	68	0	70	71	73	1	69
167549	100765	40	RB	73	77	76	58	71	66	72	64	0	59	74	63	2	70
167575	312	40	GK	73	77	71	73	70	79	43	72	1	62	25	25	0	25
167669	687	52	CAM	73	76	74	71	73	77	51	68	1	59	78	71	2	76
168580	744	59	CB	73	72	62	37	53	58	74	78	0	76	60	21	1	24
168798	70	108	LB	73	73	71	61	77	65	71	63	1	65	77	73	2	70
168879	605	183	CAM	73	76	64	67	72	76	39	47	0	62	78	67	3	75
169317	10029	36	LM	73	77	87	71	58	76	46	68	1	52	74	74	3	68
169432	1860	97	CM	73	73	68	64	75	76	66	64	1	73	78	73	1	74
169586	1961	14	ST	73	73	85	69	57	73	46	66	1	66	70	72	2	57
169595	18	14	LB	73	78	82	57	72	73	72	62	0	71	74	65	2	48
169600	15	14	RB	73	74	75	39	67	70	72	70	0	70	67	36	1	31
169815	110580	52	ST	73	70	69	69	54	74	46	70	0	75	70	75	2	58
169938	1896	38	ST	73	77	85	69	66	80	41	62	1	53	76	75	3	47
169978	1906	34	LW	73	75	80	68	62	78	38	47	1	45	74	73	3	70
170074	4	14	CAM	73	75	75	61	74	77	60	58	0	59	74	66	3	65
170320	1837	27	RB	73	76	80	63	70	71	71	71	0	79	73	74	1	62
170370	241	83	CM	73	82	68	68	74	74	57	60	1	58	82	74	1	73
170719	110832	52	CAM	73	81	74	68	72	83	33	40	1	34	81	62	3	80
170773	479	45	RM	73	73	87	60	67	81	41	45	1	35	76	62	3	53
170802	453	54	CB	73	74	65	35	67	64	71	73	0	70	72	46	1	34
171315	453	45	RM	73	77	71	70	65	72	46	61	0	56	72	73	2	72
171321	109	42	CM	73	75	69	74	75	75	63	68	1	60	76	76	2	81
172522	111271	13	LB	73	77	75	60	72	69	71	64	0	67	73	75	1	74
172716	450	45	CM	73	77	67	71	73	69	61	52	1	58	70	85	1	69
172953	1799	82	RB	73	71	79	31	56	62	75	81	1	77	64	46	1	21
173023	110364	27	GK	73	76	74	70	60	76	45	74	0	65	21	44	0	24
173147	1842	27	CM	73	74	70	68	74	71	70	67	0	66	74	73	2	64
173325	479	45	LM	73	75	72	70	72	74	46	46	1	56	75	70	2	77
173546	19	14	CB	73	77	65	31	53	49	74	76	1	76	62	39	1	30
173600	1860	45	LB	73	73	81	53	64	67	72	63	0	73	72	77	1	52
173770	1860	45	CM	73	73	67	65	76	69	67	57	1	69	75	81	1	72
174606	569	57	ST	73	73	73	70	71	73	47	71	0	74	74	73	1	52
175391	1891	98	ST	73	73	91	67	62	75	49	62	1	62	75	67	3	62
175579	1892	38	CAM	73	68	76	68	71	76	48	60	0	68	73	71	2	65
175671	100765	43	CB	73	73	68	46	55	57	75	80	1	84	61	81	1	66
175895	231	7	CM	73	76	72	72	72	74	69	76	1	83	78	78	2	71
175962	169	21	CB	73	76	74	47	61	54	76	72	1	74	62	65	1	47
176328	982	54	CB	73	73	82	62	70	69	75	79	1	79	69	62	3	70
176389	983	167	GK	73	67	70	74	88	72	41	73	1	41	25	27	0	25
176414	598	54	CDM	73	77	64	62	75	73	72	68	1	73	74	71	2	41
176483	101059	49	CB	73	77	63	39	67	47	75	74	1	82	61	52	1	47
176518	568	60	CB	73	73	62	56	67	65	71	73	0	76	70	74	1	65
176564	70	18	RB	73	72	77	53	72	65	73	68	0	72	71	71	1	37
176681	1598	54	GK	73	77	76	71	69	78	31	72	0	77	25	34	0	25
176688	32	37	LB	73	74	79	56	68	60	74	75	1	84	59	85	1	59
176895	101114	55	GK	73	73	75	70	67	77	59	74	0	74	77	70	4	67
176942	78	46	RB	73	77	72	56	70	66	74	80	1	74	64	71	2	39
177138	101059	54	CAM	73	76	78	69	71	76	69	70	1	73	79	76	3	57
177159	10029	95	LB	73	76	84	51	75	74	70	60	1	64	76	68	2	41
177603	1028	55	ST	73	71	72	71	63	70	47	77	0	73	70	73	1	70
177649	111674	54	LM	73	78	86	64	72	80	50	55	1	40	79	72	3	63
177781	74	133	CB	73	73	63	40	64	43	74	76	0	76	43	40	2	64
178031	1819	18	RB	73	76	66	43	69	64	75	80	1	81	69	58	1	35
178042	1837	27	CB	73	75	67	41	60	60	75	75	1	75	64	62	1	32
178117	50	27	RB	73	72	82	57	71	69	72	71	0	76	68	72	1	54
178264	1842	54	ST	73	72	67	71	56	67	43	82	1	78	76	72	2	62
178311	1837	54	CF	73	77	81	72	65	78	40	58	1	57	79	76	2	68
178319	1908	34	CDM	73	74	57	52	72	67	71	68	0	67	73	72	1	49
178425	54	27	CDM	73	75	70	63	76	71	67	54	1	68	76	74	1	64
178487	106	14	CM	73	74	68	75	73	71	72	68	1	73	76	86	1	73
178679	1819	136	CB	73	76	54	55	57	51	76	74	1	94	58	57	1	60
178746	280	45	LB	73	73	68	39	65	62	75	68	1	76	72	56	1	57
179665	1792	25	LM	73	76	76	73	71	75	47	69	1	77	74	74	2	79
179695	110396	59	CAM	73	71	77	65	72	72	69	64	0	73	73	78	1	65
179783	34	21	GK	73	79	77	71	73	78	37	69	1	76	24	26	0	25
180262	111044	54	CM	73	73	83	69	71	78	41	63	1	63	78	69	4	71
181376	1035	54	CAM	73	78	67	74	64	76	40	70	1	70	79	77	3	55
181460	393	22	CAM	73	81	73	67	72	79	40	54	1	58	81	66	2	74
181573	100766	191	CDM	73	76	72	63	73	72	71	67	1	67	80	79	1	64
181780	247	44	ST	73	77	73	69	50	67	44	71	0	70	71	71	1	54
182207	144	14	GK	73	73	76	70	77	75	50	72	1	62	21	25	0	25
182579	1043	58	CDM	73	75	63	67	70	67	73	72	0	77	70	73	2	58
182736	1901	38	GK	73	75	74	70	63	75	36	74	0	67	25	36	0	25
183129	2	25	CB	73	79	65	61	59	59	75	74	1	75	70	72	1	47
183220	100409	12	CM	73	76	65	68	73	75	55	58	0	67	77	69	2	66
183287	1819	18	CM	73	76	64	54	76	67	73	66	1	69	74	68	1	45
183361	379	18	CB	73	76	42	28	64	37	74	74	0	81	62	27	1	36
183389	896	108	ST	73	80	88	72	67	74	41	68	1	75	76	79	2	69
183395	74	136	LB	73	77	79	39	71	67	74	70	0	75	68	55	1	31
183526	1853	129	RM	73	77	81	66	69	82	43	56	1	62	79	75	3	57
183712	100409	21	ST	73	72	68	68	55	66	45	79	1	80	69	74	1	51
183820	110456	18	RM	73	79	80	66	71	74	42	57	0	58	76	75	2	72
183883	110929	140	LM	73	74	80	65	68	76	47	47	0	57	74	64	3	74
183892	1876	52	RB	73	73	79	45	69	59	73	72	0	79	65	58	1	57
183899	461	52	LM	73	82	86	66	66	81	37	69	1	40	83	65	2	57
184267	110832	97	LM	73	81	76	62	72	83	50	60	1	58	83	71	2	58
184290	171	12	ST	73	76	64	66	53	65	50	83	1	82	68	78	1	33
184368	64	18	ST	73	70	72	73	52	66	52	72	1	77	67	71	1	68
184392	54	27	RM	73	74	77	40	66	60	73	68	0	69	73	65	1	30
184472	1792	46	LB	73	77	84	64	72	69	71	68	0	72	74	74	2	52
184624	3	42	ST	73	81	72	67	42	67	50	72	0	75	69	74	1	31
184766	1952	108	ST	73	76	77	67	52	70	47	73	0	79	70	74	2	45
184820	175	54	CB	73	75	70	47	61	60	74	74	0	76	66	48	1	38
184852	38	110	CB	73	74	71	44	43	44	76	73	1	93	58	78	1	26
184926	236	54	GK	73	79	76	70	69	74	47	74	1	80	27	41	0	25
184972	568	54	CDM	73	77	67	63	70	70	75	74	1	87	75	86	1	71
185073	448	45	ST	73	72	68	69	65	69	53	74	0	74	74	78	2	59
185089	1896	133	LB	73	76	77	59	63	66	75	76	1	84	67	77	1	49
186197	1909	18	LM	73	76	80	62	67	81	36	54	1	46	79	68	3	42
186274	36	21	LB	73	77	81	67	74	76	71	64	1	68	74	77	2	70
186307	1880	83	CAM	73	75	79	73	72	76	45	64	1	64	73	77	3	72
186325	226	108	CDM	73	76	70	55	75	69	72	68	1	74	73	69	1	52
186347	110109	37	LM	73	80	85	70	69	75	43	50	1	58	76	74	2	77
186408	480	60	RM	73	72	77	68	62	78	40	58	1	47	79	65	2	66
186430	462	98	ST	73	73	70	65	59	68	48	83	1	88	78	77	2	41
186519	481	45	CB	73	76	69	54	69	60	72	76	0	70	70	69	1	36
186550	110364	52	LB	73	70	75	68	73	73	73	66	1	74	68	80	1	70
186598	18	14	RB	73	77	77	50	69	66	72	70	0	68	70	67	2	27
186674	1917	81	CM	73	73	73	66	70	73	73	67	1	82	77	81	2	57
186695	1843	52	CB	73	78	59	33	52	45	74	79	1	79	53	57	1	35
186982	11	34	LB	73	77	83	67	69	74	70	70	1	69	74	82	2	76
187043	922	36	CM	73	80	71	65	73	74	63	56	1	68	80	72	2	73
187533	312	40	RM	73	78	77	62	72	76	48	56	0	51	76	65	2	53
187702	54	129	CM	73	78	68	67	74	76	57	58	1	76	82	74	2	70
187852	517	54	GK	73	76	74	68	70	79	42	69	1	64	25	34	0	25
188016	203	27	GK	73	63	72	76	64	78	65	70	1	33	25	25	0	25
188045	100765	54	LM	73	78	93	65	71	73	45	64	1	71	66	73	2	37
188506	54	27	ST	73	71	79	69	59	75	43	68	0	69	74	70	2	60
188556	19	136	CM	73	77	78	68	71	82	72	76	1	83	79	84	2	28
188669	1853	45	RM	73	75	88	65	63	75	51	62	1	61	73	79	2	59
189271	25	18	LM	73	75	74	50	70	71	72	54	0	63	78	70	2	40
189303	74	38	ST	73	83	78	68	57	76	49	74	1	81	81	77	2	46
189357	110975	55	GK	73	81	75	72	69	76	47	72	0	42	28	29	0	25
189388	28	21	RB	73	77	90	51	72	72	71	69	1	69	73	71	2	52
189436	1842	27	CB	73	77	64	38	57	57	74	72	0	68	60	46	1	40
189447	485	37	ST	73	75	71	67	57	69	43	78	0	72	70	77	1	50
189506	452	45	CM	73	78	71	59	78	68	66	60	1	60	77	69	2	68
189534	1906	103	CAM	73	73	82	71	68	76	50	55	1	54	73	75	2	75
189595	38	48	CAM	73	78	69	70	74	77	56	55	1	67	78	75	2	81
190084	110364	22	CDM	73	75	53	66	76	64	70	71	1	81	70	76	1	64
190143	457	45	LB	73	78	79	54	69	71	71	62	0	65	60	60	2	66
190456	17	14	RB	73	81	84	50	70	74	70	68	0	70	76	57	2	38
190501	1837	51	CM	73	82	69	63	74	72	69	62	0	70	73	72	2	53
190549	1906	36	CM	73	78	69	68	71	73	69	71	1	77	76	84	2	55
190557	696	95	LW	73	75	69	73	78	70	61	61	1	62	72	88	2	73
190576	1877	52	CB	73	72	66	33	57	40	76	74	1	85	67	24	1	69
190680	569	54	CAM	73	79	66	72	72	79	44	56	1	58	75	75	3	76
190752	21	21	CB	73	80	72	39	70	53	75	74	1	78	68	58	1	22
190758	1629	54	CB	73	78	67	41	53	38	75	74	1	81	42	68	1	34
190815	245	34	CDM	73	80	67	48	73	73	73	69	0	72	78	67	2	37
190854	166	43	RB	73	76	74	50	69	71	72	67	0	68	74	59	1	44
191181	111715	52	CB	73	77	61	36	52	50	73	76	0	76	59	57	1	32
191541	34	163	RB	73	76	80	53	76	75	67	56	1	48	77	67	1	44
191834	605	183	ST	73	76	82	71	57	68	45	66	0	66	70	73	2	45
191910	1473	167	ST	73	75	75	68	58	66	62	78	1	94	68	76	2	47
192026	568	54	CDM	73	76	72	69	75	71	71	60	1	70	75	78	1	77
192033	481	54	RB	73	76	85	64	68	80	68	61	1	58	71	71	3	60
192073	110556	27	CM	73	79	74	69	74	75	63	67	0	66	76	73	1	64
192146	110089	40	RM	73	75	80	60	74	73	52	65	0	65	73	59	2	55
192153	1035	54	CF	73	78	91	67	61	81	43	60	1	36	74	75	2	57
192350	483	83	RM	73	80	90	63	69	78	39	52	1	42	73	69	3	62
192369	111139	52	CM	73	73	66	61	70	68	71	58	0	58	68	61	3	70
192476	450	45	CB	73	80	52	48	71	59	75	68	1	79	71	56	1	50
192492	450	55	LM	73	75	83	64	62	83	42	60	1	44	79	57	2	75
192667	110832	103	RB	73	76	78	45	61	67	75	66	1	86	66	74	1	28
192732	485	21	CM	73	78	82	63	74	75	66	63	1	69	77	73	2	70
192754	25	8	RB	73	73	73	53	72	69	73	65	0	69	72	70	1	56
193053	1755	72	CAM	73	73	70	72	71	72	59	55	1	64	74	80	2	74
193091	229	34	CB	73	76	56	40	59	51	73	78	1	82	65	61	1	23
193098	34	21	LM	73	78	86	70	70	74	51	66	1	60	73	75	2	68
193107	1043	54	GK	73	76	74	70	67	75	38	74	0	57	25	25	0	25
193222	110636	21	GK	73	80	75	68	59	80	38	69	1	79	23	31	0	25
193278	110227	18	LB	73	76	80	39	71	68	72	72	0	74	71	56	2	21
193426	28	21	RM	73	79	86	72	65	71	51	70	1	75	74	81	2	54
193532	1961	55	CDM	73	76	76	68	68	67	82	70	1	80	73	72	2	63
193839	206	54	CM	73	78	79	61	74	76	69	61	0	65	79	75	2	42
193897	110231	20	LM	73	80	73	72	72	74	46	55	1	35	73	73	3	76
194404	110374	54	GK	73	82	73	71	60	79	32	73	1	68	21	38	0	25
194845	58	145	LM	73	80	74	66	68	74	44	47	0	68	77	72	2	82
195031	1878	57	LW	73	77	93	62	63	77	45	66	1	60	74	65	3	57
195365	191	44	RM	73	80	83	59	68	84	46	44	1	47	83	64	3	64
196064	269	148	CAM	73	68	90	64	60	77	49	72	1	71	75	69	1	36
196073	110150	55	ST	73	75	66	71	66	73	47	70	0	78	76	73	1	78
196142	111674	56	CAM	73	73	73	66	65	74	43	62	1	68	73	78	2	70
196899	1893	104	RW	73	78	85	60	64	77	41	56	1	53	75	71	3	72
196948	698	81	RM	73	73	78	64	69	75	63	62	0	68	72	70	2	54
197688	55	54	LM	73	77	79	67	71	75	66	63	0	68	74	76	1	60
197785	1795	27	CF	73	76	78	68	71	82	46	62	1	56	79	69	3	57
197838	697	54	CM	73	75	75	70	76	71	66	60	1	60	74	83	2	71
197900	144	47	CAM	73	81	70	66	72	74	61	64	1	77	81	82	1	61
197925	1843	51	RM	73	80	84	61	68	79	48	57	1	69	74	62	2	60
198040	1906	72	GK	73	77	77	70	77	78	45	68	1	68	20	24	0	25
198145	111715	52	ST	73	79	78	69	67	80	40	58	1	61	77	68	3	58
198194	1793	95	CM	73	77	77	43	70	72	74	69	0	75	72	69	1	42
198243	110977	55	ST	73	71	83	73	58	67	47	78	1	78	68	67	2	75
198489	1917	25	LM	73	77	84	64	69	74	61	73	0	70	74	74	3	65
198584	673	136	CB	73	76	71	58	64	62	74	78	1	90	68	84	1	54
198840	244	45	LB	73	77	78	52	69	75	71	68	0	74	73	68	1	57
198868	69	18	CB	73	75	66	34	60	47	73	72	0	82	67	51	1	33
199042	15029	55	CM	73	80	76	66	79	74	56	56	1	59	81	79	2	75
199186	111271	52	LW	73	78	82	56	72	75	46	65	1	68	72	56	3	48
199602	10	46	ST	73	79	74	73	59	69	46	68	1	76	74	82	2	67
199726	1861	52	CB	73	79	41	45	65	46	76	71	1	79	52	57	1	54
199728	450	45	LB	73	78	77	47	67	64	70	78	0	78	69	57	1	50
199833	34	21	GK	73	76	74	73	60	76	37	74	1	82	25	25	0	25
199952	325	48	LM	73	77	79	66	68	75	49	31	0	25	72	75	2	60
200206	1048	54	CAM	73	80	78	70	70	77	36	48	0	38	75	76	2	66
200278	38	52	LB	73	77	72	50	66	65	74	72	1	79	68	63	1	45
200538	457	97	CB	73	73	71	37	66	58	73	71	0	83	65	61	1	41
200653	1877	52	CB	73	77	67	45	44	44	77	78	1	86	54	66	1	25
200853	457	60	ST	73	71	74	68	55	77	42	62	0	51	72	67	2	68
200966	1819	18	CAM	73	77	70	70	74	72	57	60	0	62	75	75	2	65
201118	237	38	RB	73	79	79	62	72	75	71	62	0	64	75	83	1	67
201342	189	13	CB	73	80	61	37	51	48	75	71	1	75	55	67	1	31
201377	110832	56	CB	73	77	67	37	48	48	72	82	1	79	59	66	1	24
201400	450	54	CAM	73	82	77	69	56	81	51	60	1	70	79	68	2	60
201403	1960	45	ST	73	77	78	67	53	75	48	72	1	70	75	71	2	53
201451	1893	119	LW	73	78	91	68	59	77	46	69	1	75	73	77	2	54
201858	50	27	LW	73	80	84	69	60	77	37	55	1	60	80	74	2	74
201860	110500	8	CB	73	77	63	38	55	43	74	74	0	83	57	58	1	27
201878	72	18	CAM	73	77	75	70	72	75	43	53	0	62	72	76	2	76
201995	46	54	LW	73	82	80	66	74	78	34	43	1	48	77	75	2	75
202335	237	14	CB	73	82	53	59	66	59	74	77	1	86	62	83	1	76
202460	101100	56	ST	73	71	78	68	57	72	46	68	0	72	70	70	1	53
202556	247	34	LW	73	84	87	73	62	80	42	59	1	74	78	86	3	80
202849	10029	13	CB	73	78	47	43	57	42	75	74	1	92	50	81	1	27
202882	452	18	ST	73	78	90	68	49	73	45	68	1	71	73	85	1	44
203038	1909	54	LW	73	86	76	60	71	80	43	58	1	69	85	65	2	69
203280	69	18	ST	73	81	75	75	69	75	40	65	1	59	77	75	2	74
203535	246	34	CM	73	84	77	68	70	77	65	62	1	68	80	73	2	69
204163	2	13	CB	73	82	76	40	48	46	72	84	1	93	56	64	1	28
204366	247	34	ST	73	83	77	68	52	69	45	72	1	79	72	82	1	33
204523	457	45	CM	73	82	65	63	73	74	57	49	1	57	81	78	1	76
204699	110089	58	LB	73	80	86	63	68	73	72	72	1	64	71	68	2	41
204841	110147	56	ST	73	71	87	68	61	73	46	76	1	86	69	75	3	57
205185	9	38	CB	73	81	75	35	51	57	76	72	1	76	66	42	1	32
205193	247	34	CB	73	83	73	37	63	58	74	77	1	79	63	59	1	34
205402	246	34	LW	73	83	87	61	64	82	36	40	1	34	79	67	3	53
205524	1893	38	LB	73	79	74	39	68	66	72	61	0	62	68	73	1	74
205632	69	52	RM	73	80	75	68	73	78	56	74	1	74	75	76	3	64
205707	1844	54	CB	73	73	67	52	63	64	74	76	1	86	68	88	2	65
207939	1970	52	CM	73	71	58	58	76	71	72	75	1	75	70	66	1	60
208790	247	7	RW	73	86	85	68	60	84	34	38	1	30	78	66	3	66
209669	280	22	CB	73	78	49	41	51	61	72	76	1	86	63	66	2	27
209892	481	55	CAM	73	76	81	63	73	81	40	44	1	35	80	65	2	75
211022	1853	45	LM	73	81	83	66	67	80	43	61	1	59	81	74	2	64
1539	111139	27	CB	72	66	40	43	66	52	74	72	0	76	55	56	1	36
1983	322	47	CB	72	72	46	40	54	48	73	76	0	72	54	59	1	45
3078	1861	38	RB	72	72	88	52	69	73	68	63	1	69	75	61	1	58
4732	59	18	CB	72	69	34	52	61	52	73	70	0	75	64	62	1	67
5440	57	126	CB	72	67	42	40	54	49	76	71	1	91	59	54	1	42
5818	111140	18	CB	72	72	42	46	70	55	71	74	0	74	55	46	2	70
7674	47	27	GK	72	66	70	72	60	74	29	76	1	60	22	35	0	25
8247	32	45	GK	72	72	71	70	77	63	51	80	1	80	63	70	3	77
8798	244	45	CM	72	72	47	59	77	60	69	53	1	53	60	59	3	77
9722	1788	13	CM	72	72	58	69	76	60	68	68	1	68	60	69	3	76
10466	700	46	RM	72	70	66	67	69	74	52	55	0	66	72	72	2	72
11381	1926	42	GK	72	72	73	69	68	74	44	72	0	66	20	25	0	25
11791	68	18	CB	72	72	32	42	62	42	73	76	0	77	58	61	1	36
13843	1807	14	GK	72	72	74	71	71	75	47	71	0	51	31	22	0	25
14916	101100	56	ST	72	68	47	70	51	65	51	70	0	70	70	66	2	65
19140	8	25	GK	72	71	73	70	63	75	51	72	0	70	31	41	0	20
19874	12	14	CM	72	70	65	64	73	68	73	70	0	77	69	75	2	67
22779	696	13	GK	72	72	73	63	75	77	37	78	1	78	77	63	4	75
32120	110396	52	CM	72	75	53	68	77	68	69	58	1	68	76	64	2	69
45074	83	42	ST	72	69	69	77	69	75	47	66	1	67	72	75	3	72
45083	900	47	CB	72	71	68	34	60	45	73	75	0	78	60	56	1	25
45874	54	46	CM	72	73	73	68	76	70	56	60	1	69	77	80	2	56
46175	109	46	ST	72	73	67	72	54	71	46	74	1	72	74	72	1	63
46727	111144	95	ST	72	68	85	64	49	73	49	82	1	79	67	73	3	41
49076	15	14	CM	72	72	68	73	72	71	68	72	1	74	70	76	2	70
49192	1788	13	ST	72	72	80	69	55	66	48	74	0	65	67	69	2	45
49966	144	47	CB	72	72	45	34	48	37	74	72	1	84	51	59	1	25
50713	1808	14	CB	72	73	45	26	53	45	73	76	1	81	56	21	1	21
50816	312	195	RB	72	72	82	61	74	62	68	66	0	56	71	75	2	70
50907	614	18	CB	72	71	63	59	69	56	72	76	0	71	71	71	1	50
51261	109	50	GK	72	72	74	70	68	77	41	69	0	63	34	26	0	25
51771	1861	45	CAM	72	72	51	70	68	56	68	67	1	85	64	81	1	63
51910	378	18	CAM	72	68	70	70	75	71	57	39	1	56	69	73	2	72
52829	1837	27	CDM	72	72	68	60	73	68	72	72	0	76	73	77	1	74
53030	19	18	CDM	72	72	54	60	67	65	74	78	0	82	73	77	1	41
53074	254	21	CAM	72	71	75	72	72	80	51	56	1	48	78	70	2	78
53525	234	38	GK	72	71	73	76	64	71	43	73	1	68	33	37	0	25
53760	614	126	LM	72	71	89	63	69	73	51	58	1	69	71	70	2	51
54018	166	21	CDM	72	71	55	56	64	50	76	75	1	81	65	64	1	47
102064	1843	27	CB	72	71	60	46	50	49	72	70	0	72	58	59	1	33
102084	1844	27	CAM	72	70	70	68	71	70	56	66	0	68	70	69	2	69
105330	1838	27	CDM	72	66	59	71	78	68	64	54	1	68	71	74	1	81
105471	58	18	CB	72	72	51	47	64	60	74	69	0	76	60	53	1	22
107320	71	18	LM	72	69	76	66	70	75	50	60	0	62	68	70	2	57
107579	189	27	GK	72	70	72	68	60	74	45	74	0	64	23	33	0	25
110020	468	45	CB	72	72	51	40	52	51	72	80	1	82	61	48	1	49
110082	241	45	GK	72	72	78	75	78	69	43	68	1	67	24	25	0	25
110368	468	45	LB	72	72	74	66	71	62	72	63	1	75	67	85	1	84
110787	1860	45	CDM	72	72	43	62	70	51	74	68	1	85	64	81	1	67
115823	1831	47	CB	72	70	35	39	50	43	73	76	1	84	55	46	1	34
116334	111271	18	GK	72	72	75	77	69	72	51	72	1	75	30	27	0	25
116762	226	18	LM	72	72	67	68	75	74	56	46	1	62	75	65	2	72
116866	378	18	LM	72	65	58	74	72	72	57	54	1	56	67	71	2	73
121568	269	13	CDM	72	73	80	65	70	64	69	68	0	84	71	78	2	62
122792	673	7	LM	72	71	80	72	66	77	47	56	1	62	73	72	3	64
123610	48	27	RB	72	71	82	64	71	70	70	67	0	70	71	74	2	52
134947	232	34	RB	72	71	69	64	71	70	68	58	0	56	70	76	2	63
134963	472	45	RB	72	72	74	59	74	69	71	59	0	68	77	81	1	60
135069	1824	21	CDM	72	72	51	67	72	62	72	77	0	78	71	80	1	61
135073	45	54	GK	72	69	74	72	60	78	46	74	0	60	21	38	0	25
135294	1035	54	LB	72	71	86	65	71	71	66	62	1	44	72	72	2	57
135382	1719	54	CM	72	72	47	73	80	72	43	43	1	43	72	73	3	80
135819	110832	45	CB	72	72	36	35	50	48	74	75	1	84	55	57	1	25
136124	110636	21	ST	72	72	74	70	62	68	50	74	0	74	68	70	3	62
136126	52	54	GK	72	72	72	68	64	77	46	74	0	74	77	68	4	64
136265	983	167	CAM	72	72	62	70	75	67	61	60	1	68	66	80	2	67
137373	50	27	LB	72	72	68	56	73	66	72	66	0	70	72	75	1	28
137380	50	27	RB	72	75	78	58	73	70	72	72	0	70	74	70	1	53
137449	100409	21	CB	72	73	60	39	64	48	73	75	0	78	65	57	1	56
138129	189	4	RM	72	69	75	52	72	66	70	61	1	72	68	68	1	57
138698	1795	47	CAM	72	73	70	67	72	73	58	58	0	56	75	71	2	73
138903	54	27	LB	72	72	66	56	68	61	72	66	0	64	67	71	1	58
139044	1877	52	ST	72	72	73	70	73	81	45	50	1	50	81	70	4	73
139296	95	14	ST	72	72	82	68	54	75	42	67	0	67	77	70	2	51
139799	110395	60	ST	72	74	53	74	54	67	45	82	1	88	74	80	1	65
139862	70	18	CDM	72	73	51	49	69	61	72	72	0	75	72	70	1	22
140082	206	54	GK	72	75	74	68	64	74	43	76	1	49	33	41	0	25
140121	1880	83	ST	72	72	69	68	63	64	54	80	1	86	70	72	1	59
140140	1882	83	CAM	72	73	66	68	72	74	46	66	0	56	81	69	3	71
140222	1882	58	CB	72	72	40	56	63	57	72	77	0	80	60	72	1	52
140256	1881	58	CB	72	72	59	52	63	58	72	77	0	81	57	67	1	40
140393	15029	55	CB	72	72	65	50	52	45	75	78	1	78	45	50	2	52
140527	607	54	ST	72	72	57	69	62	72	46	72	0	72	72	69	3	62
140620	100409	208	CB	72	74	64	43	64	55	72	73	0	78	66	66	1	33
141100	101059	49	LB	72	73	78	42	69	70	73	66	0	76	72	51	2	39
142101	1041	55	CM	72	72	57	52	72	71	73	64	0	64	71	52	3	72
142329	393	22	CM	72	72	54	67	70	58	72	69	1	69	58	67	3	70
142818	101088	52	RB	72	73	69	56	72	61	78	71	1	78	67	57	1	51
143008	111717	52	ST	72	67	65	74	48	67	46	68	1	48	65	75	2	69
143119	1878	52	ST	72	72	62	72	58	66	43	78	1	82	71	78	1	64
143207	101116	52	CB	72	69	63	53	60	63	72	76	1	84	57	70	1	60
144010	325	48	CM	72	76	72	72	72	71	63	70	1	74	76	75	2	63
144050	29	47	ST	72	72	70	69	54	73	46	70	0	68	74	76	2	57
145269	1853	45	RM	72	70	77	68	69	76	44	53	0	51	72	71	2	62
146011	483	133	ST	72	74	86	66	57	78	44	74	1	79	76	82	3	41
146744	1860	45	GK	72	72	77	67	73	78	43	67	1	68	26	25	0	25
146996	480	45	GK	72	72	78	66	63	81	47	65	1	70	27	29	0	25
147445	100767	40	LM	72	71	74	77	72	72	51	66	1	70	73	89	2	75
147627	110227	40	LM	72	72	82	65	71	71	62	54	0	31	72	69	2	55
147754	112217	40	CB	72	67	69	70	67	59	72	75	1	81	62	83	1	73
148253	100765	40	RB	72	73	82	57	71	65	70	61	0	60	67	58	2	40
148564	31	37	LM	72	71	83	65	70	72	58	45	0	49	73	67	2	61
150468	378	18	LM	72	66	75	61	71	72	49	49	0	57	66	62	2	58
150532	175	21	RB	72	75	77	55	74	69	71	71	0	68	72	71	1	66
150568	1819	18	LB	72	72	72	58	73	68	71	67	0	68	73	65	1	65
150594	483	18	ST	72	72	67	70	46	57	43	68	0	75	61	73	2	36
152815	1035	54	CDM	72	70	86	55	69	73	71	67	1	69	71	73	2	37
152819	1041	54	LB	72	71	67	66	71	71	72	60	0	67	74	70	1	74
152866	1598	54	ST	72	72	57	70	60	64	47	77	0	77	64	70	3	60
152914	110093	52	CAM	72	72	64	66	69	73	47	70	0	74	76	74	3	72
152996	166	36	CM	72	77	68	60	74	76	66	63	0	63	77	70	2	57
153060	100767	52	CB	72	73	64	40	53	38	71	75	0	71	58	47	1	26
154860	1809	39	RM	72	72	81	66	71	73	52	60	0	47	71	72	2	57
156092	110980	58	GK	72	73	77	74	76	74	31	72	1	62	23	28	0	21
156271	237	54	GK	72	74	73	72	66	74	34	73	0	77	33	38	0	25
156299	91	14	CB	72	72	58	45	59	48	73	77	0	81	60	50	1	45
156623	1819	108	RM	72	75	85	57	65	79	43	59	1	61	70	63	3	37
156959	568	54	RB	72	71	63	67	77	69	72	69	1	75	73	81	1	73
157217	1032	52	LM	72	76	80	63	70	75	50	67	0	64	70	65	3	60
157270	1884	45	ST	72	68	63	71	53	66	46	77	0	75	63	76	2	59
157295	1028	83	CM	72	72	71	63	71	69	68	48	0	70	71	75	2	67
157665	3	14	CB	72	72	65	42	55	52	73	74	0	73	55	61	1	28
157687	1892	104	CB	72	68	58	36	61	59	73	76	0	79	57	56	1	46
157840	325	48	CM	72	72	76	63	72	79	57	56	1	56	79	63	4	72
158128	1838	27	CM	72	72	78	67	70	72	67	56	0	56	72	67	3	70
158485	100767	54	CB	72	73	67	55	66	64	73	73	0	79	73	68	1	65
158589	101116	52	ST	72	68	74	71	64	69	48	76	0	69	67	72	3	44
159167	206	54	CB	72	73	40	51	50	50	73	73	0	79	52	69	1	45
159283	568	54	CM	72	72	52	57	67	64	75	75	1	75	64	57	3	67
159436	101105	56	GK	72	66	71	67	65	79	45	75	1	62	20	21	0	21
159583	452	45	LW	72	72	69	73	72	72	43	50	1	58	73	68	1	78
160292	1917	14	CM	72	70	60	66	72	71	68	62	0	69	72	72	1	74
161663	101101	60	GK	72	73	75	64	76	72	41	75	1	74	23	29	0	25
161678	70	56	ST	72	70	77	70	64	72	53	72	0	68	61	74	2	51
161832	453	45	ST	72	73	66	69	58	72	48	77	0	77	77	77	2	58
162047	100765	45	CDM	72	73	71	66	71	71	69	65	0	71	76	73	2	70
162245	110636	101	ST	72	70	72	70	63	66	51	80	1	86	66	81	1	60
162314	1961	14	LM	72	73	65	73	77	73	56	56	1	50	75	73	2	82
162473	142	14	GK	72	72	77	72	69	76	50	66	1	70	26	20	0	25
162949	479	52	LM	72	76	67	71	70	78	47	60	1	62	73	79	2	76
162951	573	52	CB	72	72	72	49	69	53	73	72	0	75	53	70	1	46
163050	17	14	ST	72	72	69	68	58	68	54	72	0	74	70	67	2	51
163186	229	7	CM	72	72	71	70	72	70	68	76	0	76	71	72	1	64
163261	106	42	RB	72	72	68	55	61	63	73	70	1	74	68	82	1	32
163396	1939	14	ST	72	75	80	68	55	67	54	72	0	73	68	76	2	47
163407	69	27	RB	72	74	58	49	66	59	72	73	0	79	69	68	1	38
163429	682	18	CAM	72	72	65	69	75	68	49	46	1	46	72	69	2	71
163897	1861	45	CDM	72	74	60	53	69	59	69	58	0	76	71	70	1	39
163990	1903	147	ST	72	69	73	66	56	67	52	82	1	92	63	84	1	32
164092	111292	54	GK	72	72	76	70	69	71	30	74	0	74	71	70	3	69
164279	111046	54	ST	72	71	65	71	61	67	51	81	1	74	65	73	2	59
164370	1842	27	RB	72	76	91	48	68	72	69	56	1	54	72	55	1	47
164459	106	46	CM	72	72	60	77	77	74	64	65	1	66	76	80	2	85
164467	91	35	LM	72	72	78	68	63	76	57	64	0	73	75	72	2	68
164559	111928	95	ST	72	72	67	71	57	66	47	72	1	61	72	75	1	60
164853	1793	195	GK	72	72	74	69	78	74	47	69	1	72	26	25	0	20
164878	231	26	RW	72	73	76	70	66	79	37	52	1	46	76	67	3	66
164959	481	103	CDM	72	79	77	62	69	70	78	76	1	82	75	81	1	56
165234	59	18	LM	72	74	78	64	72	71	57	61	0	75	74	74	2	56
165240	673	145	CAM	72	72	70	71	74	73	57	53	1	54	75	70	2	76
165784	111044	52	CAM	72	74	68	73	73	74	48	53	1	65	81	79	2	80
165792	111042	54	CAM	72	72	65	70	70	76	59	70	1	72	76	76	3	65
166073	1053	54	CB	72	72	28	47	55	51	72	74	1	74	51	47	2	55
166082	1048	54	CAM	72	71	81	67	66	75	59	74	1	69	73	72	3	49
167624	110930	140	GK	72	77	75	70	69	72	51	74	0	44	26	25	0	25
167705	78	25	ST	72	74	80	73	63	72	43	70	1	73	71	76	3	74
167797	453	112	RM	72	77	87	61	66	73	63	70	1	76	70	79	2	56
168297	189	27	GK	72	74	72	71	65	75	43	73	0	65	25	42	0	25
168630	66	18	LB	72	75	76	49	62	62	73	61	0	65	67	70	1	46
168799	192	136	LB	72	73	78	52	71	64	70	64	0	74	71	79	1	51
168950	166	145	RM	72	75	76	69	67	77	47	74	0	62	77	73	2	62
169527	109	133	ST	72	75	74	66	64	70	56	71	1	85	69	76	1	33
169996	379	26	LW	72	73	75	72	50	73	45	67	1	70	75	71	3	71
170084	346	50	GK	72	75	76	68	72	76	50	70	1	68	25	33	0	25
170231	110374	21	CB	72	74	58	33	60	56	73	72	0	72	62	43	1	31
170345	1882	54	CM	72	69	65	59	67	69	72	67	0	80	71	70	1	62
170903	59	103	CDM	72	76	70	47	70	73	73	67	0	72	74	68	2	55
170919	1917	45	CM	72	70	66	70	74	75	51	52	0	62	75	77	2	75
170923	100766	40	RB	72	72	80	52	71	66	72	60	0	70	72	55	1	48
171044	567	54	LB	72	75	79	64	76	78	70	66	1	62	76	76	3	67
171067	1860	45	CB	72	75	54	46	65	49	72	73	0	75	54	51	1	45
171097	45	27	RM	72	74	78	57	72	68	70	70	0	72	70	72	1	46
171378	1879	83	RWB	72	75	82	57	69	69	69	71	0	70	69	66	1	55
171791	17	38	CB	72	75	53	35	52	60	72	76	0	80	64	28	1	31
171899	162	108	ST	72	69	65	69	58	64	45	83	1	83	56	73	2	55
172018	1876	52	CB	72	75	63	37	46	48	77	72	1	80	60	44	1	45
172077	1032	52	CB	72	70	63	58	64	64	70	76	0	80	68	66	1	44
172423	64	129	CB	72	75	52	33	59	51	73	74	0	80	62	54	1	25
172620	101085	52	LB	72	70	67	40	51	58	72	75	0	80	55	64	1	38
172696	192	27	ST	72	75	73	68	50	64	43	79	1	81	75	75	2	55
172844	100765	133	ST	72	77	88	71	67	75	44	67	1	74	77	77	2	74
173038	294	126	CB	72	74	64	34	50	41	72	73	0	80	56	61	1	25
173132	111540	27	ST	72	74	76	71	51	68	42	73	0	74	69	75	2	52
173179	29	45	CB	72	73	48	37	54	54	75	71	1	82	60	58	1	51
173401	110770	28	GK	72	71	74	77	68	77	37	65	1	65	25	25	0	25
173414	462	45	CB	72	73	54	53	71	54	74	71	0	77	68	70	1	48
173521	110227	45	CB	72	77	70	45	72	59	74	71	0	80	64	55	1	41
173735	1960	50	LB	72	78	73	40	71	73	70	64	0	60	75	45	1	33
174804	58	126	RB	72	72	74	38	68	60	72	70	0	72	65	50	1	37
175088	111928	81	CB	72	70	51	59	60	47	75	75	1	86	62	85	1	69
175462	71	61	CB	72	75	46	41	49	43	69	81	1	93	47	62	1	31
175683	100769	51	LB	72	72	67	55	71	66	74	69	0	75	69	70	2	46
175818	231	7	ST	72	73	71	67	61	64	54	80	1	84	72	74	2	53
175847	1896	54	RB	72	75	79	60	72	74	71	63	0	62	73	70	1	37
176627	166	145	LM	72	77	80	69	68	77	51	64	0	72	77	72	3	72
176969	567	54	CDM	72	71	70	58	69	72	72	65	0	61	73	66	2	56
177100	100409	21	LM	72	73	76	69	69	72	47	65	0	51	73	73	1	71
177129	110636	21	CB	72	72	62	57	66	62	74	73	0	78	67	64	1	61
177475	29	21	GK	72	75	76	69	72	77	50	67	0	65	25	23	0	25
177482	217	18	CM	72	74	67	65	69	72	61	69	0	68	76	68	1	67
177733	432	46	GK	72	70	80	61	79	77	41	68	1	58	31	25	0	25
178415	246	34	CM	72	73	63	66	73	67	71	68	0	74	72	74	1	74
178417	78	42	LM	72	70	68	60	73	67	71	73	1	80	71	78	1	81
178490	189	27	ST	72	74	68	66	52	67	43	75	0	68	70	72	1	50
178566	111715	52	GK	72	78	70	75	73	78	55	66	1	41	25	25	0	25
178567	1806	34	LB	72	75	67	39	67	61	74	70	0	78	66	50	1	59
178584	1793	25	CB	72	76	55	30	46	40	74	77	1	84	51	49	1	29
179515	100765	49	CB	72	72	67	48	67	57	74	70	0	80	61	46	2	60
179896	55	46	ST	72	72	66	65	53	61	46	80	1	93	67	78	1	38
180216	7	25	RB	72	82	81	59	72	75	73	64	0	72	77	75	1	36
180690	111674	183	CM	72	72	71	61	71	74	62	61	0	63	73	70	2	55
180739	232	163	GK	72	74	68	69	70	80	44	71	1	68	27	36	0	25
181120	983	166	ST	72	69	79	69	57	68	53	82	1	92	68	77	2	56
181205	171	12	LM	72	76	76	66	72	71	63	64	0	68	73	72	2	77
181262	100767	12	CB	72	80	67	52	62	64	71	80	1	83	71	73	1	41
181354	111043	54	CM	72	72	66	75	68	73	50	55	1	55	73	75	3	68
181445	1908	46	CB	72	74	60	40	62	51	71	74	0	78	66	35	1	23
181483	1799	195	CDM	72	74	60	67	68	58	74	69	1	84	70	79	1	70
181557	70	129	LW	72	75	73	61	70	76	43	48	0	44	75	59	3	46
182002	452	54	CB	72	79	64	49	62	49	72	73	1	86	57	60	1	35
182087	598	54	GK	72	76	72	76	69	78	53	64	1	72	25	22	0	25
182878	1909	54	ST	72	72	67	74	57	75	41	62	1	62	75	74	3	57
182896	1908	61	RB	72	76	80	57	75	75	67	60	1	56	76	68	2	53
183070	165	21	GK	72	75	73	70	69	74	54	72	0	75	25	38	0	25
183376	234	51	CDM	72	78	67	61	69	68	71	69	0	77	73	68	1	56
183422	1792	14	CM	72	78	67	66	71	73	60	44	0	64	75	70	2	62
183427	2	14	CM	72	79	80	67	72	79	61	52	1	53	77	79	2	47
183437	206	27	LB	72	75	79	50	71	73	68	70	0	74	69	72	1	74
183567	246	34	GK	72	74	74	65	76	77	35	69	1	69	29	38	0	25
183896	1719	52	CAM	72	77	77	65	71	73	54	58	0	66	74	68	2	68
184082	217	108	CB	72	75	64	33	55	51	75	77	1	90	61	41	1	27
184490	19	50	CM	72	77	69	66	75	73	65	70	1	74	76	73	1	45
184585	4	23	GK	72	77	75	66	62	76	52	72	1	74	25	35	0	25
184749	13	14	CM	72	77	68	68	71	72	69	63	0	64	72	72	2	56
184855	383	54	CB	72	72	63	47	61	58	74	73	0	73	58	47	3	61
185068	91	42	ST	72	80	87	63	60	74	45	73	1	67	72	76	2	36
185135	459	45	RM	72	76	85	62	71	71	70	64	1	65	74	70	1	60
185194	393	38	CB	72	77	67	34	57	50	72	77	0	73	62	58	1	30
185195	110832	133	ST	72	76	80	66	51	77	50	68	1	79	71	77	2	52
186190	1909	34	LB	72	76	91	53	70	74	69	69	1	65	74	69	2	34
186405	38	52	ST	72	77	74	72	59	73	43	69	1	75	76	78	2	48
186524	71	51	ST	72	77	60	69	51	65	52	76	0	83	80	73	1	55
186564	673	140	RB	72	73	81	53	68	68	72	71	0	68	68	62	1	36
186600	383	54	CM	72	78	82	70	74	73	67	60	1	60	75	76	2	67
186672	1806	95	RB	72	72	68	59	66	70	72	72	1	75	69	62	2	59
186687	28	51	CM	72	72	46	65	71	70	73	84	1	84	70	65	3	71
186902	1884	10	CB	72	74	53	39	55	59	75	69	1	85	65	57	1	27
187042	74	36	CDM	72	77	72	65	69	74	69	68	0	73	73	71	2	55
187150	1808	14	RW	72	76	86	62	62	72	45	56	1	67	70	62	2	52
187498	1910	4	LW	72	73	81	72	67	76	41	50	1	44	70	72	2	70
187666	100767	40	GK	72	77	72	68	72	75	54	75	1	73	28	38	0	25
187736	112218	40	CM	72	81	80	62	73	73	67	60	0	59	76	71	1	70
187804	568	54	CB	72	77	38	43	51	49	75	77	1	85	54	56	1	41
187858	232	7	LM	72	80	82	74	68	78	54	58	1	78	75	88	2	78
188071	1903	195	LM	72	75	78	63	70	73	41	40	0	43	68	72	2	69
188075	569	54	CDM	72	69	68	56	67	74	71	61	0	76	67	71	2	39
188135	449	45	RB	72	77	80	67	68	72	67	62	0	71	77	68	2	52
188145	70	129	CB	72	75	71	33	62	54	72	69	0	74	66	58	1	22
188201	110975	52	CM	72	72	67	65	74	67	69	70	0	74	74	69	2	70
188234	485	54	CB	72	75	72	35	56	54	73	77	1	86	62	63	1	30
188264	1035	54	CDM	72	72	67	67	66	67	76	69	1	73	63	76	1	62
188289	69	18	ST	72	76	83	66	62	65	47	74	1	76	68	76	1	28
188370	1043	54	CB	72	75	50	51	64	57	74	74	1	84	60	61	1	46
188654	55	18	CB	72	81	55	27	53	39	71	70	0	76	60	60	1	36
188816	66	18	CM	72	80	65	60	66	68	75	74	1	77	74	83	1	37
188931	242	45	CDM	72	73	65	46	63	59	73	61	0	78	65	56	1	49
189117	322	47	GK	72	82	76	65	65	82	45	66	1	66	27	39	0	25
189156	481	38	CB	72	78	66	50	68	62	73	80	1	78	67	64	1	52
189157	1799	110	LM	72	77	85	61	62	76	46	59	1	78	75	72	2	48
189169	112487	54	ST	72	75	67	68	48	67	43	76	1	83	72	84	1	36
189172	468	45	LM	72	75	84	58	64	76	40	47	1	50	81	58	1	43
189241	567	54	CB	72	72	54	48	52	51	73	77	0	80	51	71	1	35
189338	234	60	RM	72	75	86	68	69	75	43	60	1	54	72	77	2	75
189437	110912	27	LW	72	76	82	71	70	82	41	50	1	43	74	70	2	75
189468	1891	38	LW	72	77	81	66	65	74	44	60	0	64	75	81	3	50
189490	110500	21	LM	72	74	80	67	71	70	54	64	0	65	70	71	2	69
189508	231	45	CAM	72	73	47	66	76	70	45	42	1	57	77	62	2	72
189677	1039	54	ST	72	72	77	69	68	78	40	62	1	62	78	69	4	68
189728	39	27	ST	72	77	84	66	66	82	43	63	1	66	79	69	2	61
189779	54	47	CM	72	74	68	62	74	68	67	59	0	67	74	74	1	64
189849	711	34	ST	72	76	81	71	54	74	44	63	1	72	72	82	3	61
189894	1837	27	CAM	72	76	80	74	63	79	40	58	1	56	76	76	2	78
190059	315	47	LM	72	82	80	69	65	77	60	62	1	71	79	76	2	65
190362	78	17	ST	72	76	82	68	54	75	41	65	0	64	71	68	2	39
190523	1882	58	LM	72	73	76	70	65	72	43	68	0	71	73	75	2	60
190560	697	95	CB	72	77	65	37	48	39	72	77	1	86	54	46	1	26
190643	567	54	CB	72	69	32	43	55	36	72	76	1	90	31	69	1	27
190772	696	95	CB	72	76	76	41	65	58	74	70	1	74	66	57	1	34
190799	433	72	CM	72	76	72	72	72	67	63	74	1	77	78	81	2	68
190870	74	117	CB	72	74	72	29	64	56	73	76	0	75	58	43	1	25
191034	229	108	ST	72	73	87	69	60	73	41	73	1	60	70	66	2	59
191648	17	163	CB	72	74	67	41	49	61	73	76	0	75	62	49	1	32
191898	607	54	ST	72	75	84	68	61	76	44	69	1	79	73	72	4	58
192072	110556	39	ST	72	75	79	67	69	78	44	54	1	34	79	68	2	73
192087	315	40	LB	72	79	79	50	68	67	70	66	0	57	73	48	1	61
192091	1043	54	CB	72	75	66	49	56	45	72	76	1	80	53	65	1	52
192129	1913	46	GK	72	75	71	67	68	82	60	72	1	74	23	25	0	25
192373	110394	52	ST	72	74	58	70	50	69	44	71	0	82	73	77	2	46
192445	171	21	ST	72	77	75	68	44	65	49	73	1	90	69	82	1	57
192446	111046	54	CM	72	74	77	62	67	75	70	58	1	59	70	74	1	67
192471	31	37	CDM	72	75	67	67	70	72	69	68	0	67	73	72	1	56
192707	449	45	CB	72	76	46	32	62	52	72	72	0	76	64	55	1	37
193041	1853	72	GK	72	82	81	65	68	77	54	67	1	65	28	42	0	25
193165	1908	83	RW	72	78	80	63	65	78	50	57	1	46	72	65	4	58
193211	38	51	RB	72	75	75	54	68	69	72	62	0	67	72	64	2	60
193311	38	21	CDM	72	75	65	55	69	69	72	63	0	67	72	68	1	60
193337	50	133	CM	72	78	83	64	74	74	66	64	0	67	76	79	2	71
193440	1906	34	LB	72	75	73	49	68	67	73	62	0	67	69	65	1	35
193475	65	136	LB	72	79	76	52	75	70	69	72	1	69	74	64	1	72
193749	23	21	ST	72	76	84	67	64	73	50	71	1	85	73	77	2	44
194089	169	21	CM	72	76	65	54	71	74	71	64	0	67	74	69	2	48
194135	1477	54	CAM	72	77	82	71	70	77	41	56	1	69	79	70	3	70
194190	432	140	CM	72	74	88	57	67	70	64	65	1	62	73	74	1	57
194932	18	14	RM	72	82	88	66	67	77	41	54	1	64	74	81	2	67
195272	1795	27	RWB	72	78	75	62	73	73	69	66	0	70	69	75	2	67
195361	452	45	RB	72	74	77	50	64	70	70	61	0	69	74	50	2	51
195363	247	34	CB	72	79	69	54	60	54	73	76	1	85	66	87	1	65
195395	896	9	CB	72	76	70	33	51	41	73	78	0	80	53	55	1	25
195671	15	14	ST	72	77	79	67	47	62	48	75	0	80	70	70	1	42
196217	112218	3	CM	72	72	69	70	70	74	47	50	0	50	74	70	3	70
196433	111043	59	CAM	72	71	65	69	70	78	52	63	1	68	77	74	3	63
196942	453	45	CM	72	75	71	65	76	71	59	48	1	59	72	73	2	77
197391	922	36	RB	72	75	80	65	71	72	71	66	0	71	72	76	2	67
197885	449	110	LM	72	76	94	54	59	76	45	58	1	59	68	63	2	55
197937	71	136	CB	72	85	63	46	51	40	70	74	1	91	63	78	1	59
198017	110832	18	RM	72	76	90	64	64	75	57	70	1	75	70	84	2	47
198082	15	126	CM	72	74	78	53	71	79	73	66	1	76	72	76	2	36
198175	1908	34	ST	72	78	82	69	54	71	44	71	0	74	73	77	2	58
198200	70	18	CDM	72	80	63	47	65	62	74	69	0	73	75	64	1	58
198394	144	46	LM	72	81	81	64	68	78	41	58	1	61	75	64	2	61
198631	1861	45	ST	72	75	78	70	50	70	42	68	0	64	75	81	2	48
198706	9	45	CF	72	81	69	67	74	76	39	49	1	60	80	64	2	52
198726	468	117	ST	72	80	84	66	50	69	43	73	1	74	71	82	2	36
198831	383	54	LW	72	77	78	65	64	76	40	61	0	60	74	70	2	58
198836	74	18	CDM	72	78	59	51	67	66	72	67	0	64	69	62	2	48
198863	112225	52	RW	72	71	82	70	64	71	44	72	0	70	71	74	2	61
198890	1719	54	CM	72	72	60	62	67	61	73	70	0	70	61	62	3	67
199183	1961	167	CAM	72	75	76	64	71	72	53	48	0	51	74	61	2	69
199189	7	14	CAM	72	86	79	63	71	72	59	65	0	73	82	75	2	55
199266	106	167	CAM	72	77	76	70	65	74	52	77	0	75	74	75	2	65
199474	232	54	CB	72	72	72	41	57	54	74	76	1	85	55	57	1	37
199482	66	38	GK	72	84	73	70	67	78	59	69	0	48	25	35	0	25
199526	280	23	GK	72	78	76	68	74	78	32	69	0	74	25	35	0	25
199550	246	34	LB	72	77	69	46	65	60	76	78	1	86	67	62	1	45
199576	461	45	CDM	72	80	57	38	64	59	73	69	1	84	68	59	1	52
199652	229	7	CAM	72	83	71	60	72	73	51	49	0	50	76	70	2	67
199666	206	52	CDM	72	82	68	54	72	65	69	57	0	61	77	66	1	59
199692	1032	83	CB	72	80	72	48	61	60	72	78	0	77	69	61	1	35
199715	481	45	LM	72	79	78	66	68	77	42	62	1	75	81	67	2	60
200111	245	34	RB	72	77	86	51	72	72	69	72	1	68	75	74	2	39
200275	1908	129	LW	72	77	78	60	65	79	46	54	1	57	75	55	3	73
200434	46	98	RB	72	82	90	58	71	73	69	69	1	79	76	69	1	51
201016	25	21	RB	72	75	77	51	65	69	72	58	0	60	68	81	1	49
201024	673	18	CB	72	78	73	31	42	41	71	78	1	93	53	52	1	32
201103	379	54	LM	72	73	82	70	71	75	44	58	1	56	72	71	3	77
201223	50	117	CM	72	80	78	57	74	70	67	69	0	65	76	72	1	54
201299	110741	27	GK	72	84	74	70	62	80	33	66	1	45	26	34	0	25
201454	1819	97	LB	72	81	77	55	69	69	71	70	0	73	75	79	1	68
201509	449	45	LM	72	79	87	63	60	81	47	54	1	56	79	67	2	48
201529	200	27	CB	72	78	66	37	58	58	73	74	1	84	61	59	1	26
201537	452	45	CB	72	77	66	29	59	44	73	68	0	74	55	30	1	46
201890	598	54	RW	72	77	88	60	64	82	41	59	1	46	76	63	2	52
201956	485	136	CB	72	77	70	44	64	53	74	73	1	84	66	72	1	60
201966	298	36	ST	72	72	71	71	49	57	49	78	0	82	61	75	1	66
202054	55	54	CB	72	73	66	44	50	46	74	68	0	78	50	60	1	41
202115	100409	21	LB	72	75	79	47	66	70	72	63	0	69	73	62	1	46
202399	101100	56	CDM	72	71	73	69	74	69	71	63	1	64	69	70	1	50
202515	243	45	LM	72	83	87	72	66	85	40	53	1	58	85	75	3	70
202672	1842	54	LB	72	78	73	52	71	73	69	67	0	74	74	70	1	59
202685	111974	27	ST	72	80	77	66	54	72	44	76	0	70	76	77	2	56
202746	245	140	CAM	72	79	80	60	69	77	44	53	0	37	83	58	2	52
202848	52	27	LW	72	76	83	66	64	76	39	50	1	42	72	67	2	51
202857	110500	21	RM	72	78	80	64	69	76	44	57	0	62	76	76	3	58
203119	1043	54	CAM	72	80	84	64	70	77	46	64	1	54	73	66	3	63
203279	101059	54	CAM	72	84	91	64	75	82	46	56	1	56	81	67	2	58
203296	234	54	LB	72	75	79	60	69	75	71	64	0	75	73	70	1	62
203376	78	34	CB	72	78	66	63	64	60	71	79	1	91	68	74	1	72
203633	229	7	RW	72	83	84	62	66	76	48	61	0	58	73	63	2	66
203796	1908	55	CM	72	78	71	70	71	74	46	44	0	48	79	73	2	71
203797	110975	55	RM	72	69	90	63	69	74	55	54	1	47	68	65	3	61
203872	101085	52	ST	72	71	82	69	60	78	41	69	1	46	76	72	2	72
204171	217	118	CAM	72	75	78	71	68	74	53	69	1	71	74	75	2	71
204276	453	26	ST	72	76	66	71	49	64	47	76	0	76	73	79	1	52
204407	1879	57	ST	72	66	81	64	53	71	42	78	0	68	65	67	2	54
204690	256	4	ST	72	76	86	64	56	70	42	62	1	58	69	66	2	30
204738	1909	57	RW	72	77	89	64	64	76	54	57	1	71	74	67	2	60
204820	181	42	CAM	72	74	86	62	62	80	50	57	1	65	79	71	4	39
204838	1879	83	ST	72	78	78	68	60	71	44	76	0	80	70	73	2	45
204970	219	18	RM	72	84	82	63	68	75	41	54	0	64	76	75	3	53
205498	206	54	CDM	72	85	79	60	76	75	60	56	1	55	81	69	2	74
205545	573	38	CB	72	81	67	53	67	60	72	76	0	72	67	58	2	54
205878	1884	22	GK	72	80	76	68	65	78	31	69	1	64	28	25	0	25
205995	247	34	LB	72	81	80	54	72	75	71	72	0	73	74	77	2	41
206254	468	8	RM	72	72	77	58	71	73	48	68	0	60	70	54	2	62
206273	100769	40	CAM	72	80	82	58	70	77	57	51	0	57	75	57	2	37
207409	55	10	GK	72	72	76	72	60	76	59	70	0	70	25	25	0	25
207420	1719	54	CB	72	72	55	32	59	55	72	67	0	67	55	32	2	59
207441	101085	52	ST	72	85	83	69	71	79	49	69	1	51	75	79	3	70
207677	46	60	ST	72	73	76	68	55	74	44	70	0	56	74	75	2	60
207715	55	60	CF	72	84	81	71	62	81	37	57	1	48	84	74	3	58
207725	245	34	CB	72	77	57	30	60	55	72	79	1	88	63	45	1	30
208012	110930	140	RM	72	76	81	60	59	77	40	47	1	54	78	62	2	71
208022	232	133	ST	72	83	92	66	58	70	50	73	1	63	69	70	2	46
208418	69	7	LM	72	78	79	69	72	75	40	56	0	57	75	77	2	76
209236	1041	54	CDM	72	81	66	64	71	66	71	66	0	73	77	82	1	49
210281	111678	52	CDM	72	73	57	54	68	59	72	72	1	83	69	76	1	67
210296	244	55	ST	72	83	77	69	55	72	36	68	0	61	70	77	2	55
210935	111974	27	RW	72	85	80	66	67	74	42	59	0	60	82	74	2	70
211110	1843	52	CF	72	84	84	72	61	80	43	57	1	39	75	67	3	72
211124	1892	59	ST	72	72	81	67	68	73	56	70	0	60	71	79	2	52
211249	1877	60	CDM	72	75	72	50	68	68	75	74	1	84	68	64	1	41
211293	200	10	ST	72	75	81	70	56	71	41	68	0	65	72	72	1	58
212208	480	52	CB	72	81	65	34	71	59	73	66	0	67	70	44	1	34
212218	448	18	CB	72	84	54	30	58	49	74	70	0	74	66	35	1	45
212310	479	58	ST	72	76	78	70	56	68	37	70	0	58	71	73	2	64
213113	1842	60	CM	72	78	79	64	74	78	52	50	1	58	80	58	2	68
140392	1013	52	ST	72	68	82	56	70	75	51	65	0	55	74	61	1	63
1001	33	23	GK	71	72	75	70	66	73	35	67	0	67	25	27	0	25
1046	210	18	CM	71	71	58	70	76	72	58	43	1	43	72	70	3	76
1210	206	27	CDM	71	72	59	61	72	63	70	73	0	70	71	76	1	65
3363	1793	14	CB	71	71	58	54	74	67	74	73	0	73	67	54	3	74
3395	15	14	RM	71	71	88	69	64	79	41	49	1	33	72	72	2	69
3467	2023	54	ST	71	70	70	72	52	70	46	67	1	81	70	70	3	60
3790	453	38	CB	71	70	33	44	56	48	73	78	0	80	57	62	1	43
5401	278	27	CB	71	65	56	47	60	44	71	73	0	75	54	65	1	38
5744	231	24	ST	71	71	56	72	61	75	47	63	1	75	79	73	2	66
8205	744	38	LW	71	70	68	72	70	72	48	58	1	75	74	81	1	60
8963	242	45	RB	71	68	61	53	72	53	77	54	1	75	69	55	2	47
13124	112513	38	CM	71	70	65	70	74	71	65	60	1	70	74	86	1	76
16097	111065	95	GK	71	76	74	72	69	72	69	68	1	62	42	34	0	23
19104	15	14	CB	71	71	33	29	50	45	72	74	0	78	48	38	1	20
19724	393	25	RM	71	67	72	70	73	72	54	56	1	64	68	73	2	77
24717	819	13	RB	71	71	73	48	69	65	74	68	0	76	70	72	1	42
26709	110781	83	CB	71	75	43	60	69	62	70	72	0	77	73	75	1	75
28924	319	46	CM	71	71	60	60	74	73	55	48	0	48	73	60	3	74
31686	111144	126	CB	71	67	53	51	56	56	71	76	0	81	60	71	1	40
33730	110765	167	CDM	71	68	60	61	66	65	73	63	1	86	64	63	1	71
36111	111065	95	CDM	71	74	58	62	69	62	69	62	0	66	73	71	2	57
40805	111070	95	CB	71	69	44	41	56	52	74	80	1	78	58	52	1	34
41233	13	133	ST	71	70	65	64	46	70	49	75	1	88	72	70	1	34
45129	206	27	ST	71	71	71	66	50	67	42	76	0	70	73	72	1	48
45226	688	70	ST	71	66	68	72	72	74	53	62	1	61	70	74	2	70
45462	1795	27	CB	71	69	51	57	71	71	72	67	0	73	68	72	1	45
45473	160	21	CM	71	69	69	71	72	70	65	60	0	68	71	74	2	73
45548	319	46	ST	71	72	83	67	55	62	42	66	0	61	63	72	1	59
45702	200	27	GK	71	68	72	68	66	72	47	73	1	60	25	41	0	25
45721	23	21	CDM	71	71	51	63	68	64	73	67	0	78	68	78	1	60
46577	256	12	LW	71	69	74	70	65	73	43	66	0	62	72	72	2	64
46736	54	27	CB	71	76	60	39	66	52	75	75	1	76	65	56	1	38
46740	711	46	CM	71	68	57	61	68	72	40	44	0	49	75	65	2	61
48752	111044	54	CAM	71	71	54	68	73	72	46	62	1	64	77	69	3	70
48757	479	45	CM	71	71	36	64	74	63	69	56	1	56	63	64	3	74
49633	106	27	LB	71	70	73	67	73	70	67	67	0	65	70	72	1	55
49678	231	7	CDM	71	71	74	67	70	70	69	67	0	62	72	74	1	69
49905	698	95	LM	71	71	61	65	71	69	57	53	1	59	71	69	1	81
50908	210	18	CDM	71	66	52	43	71	60	72	71	0	72	64	46	1	49
51366	1808	25	CDM	71	69	54	67	67	60	73	72	0	76	67	71	1	59
52174	299	36	CAM	71	67	75	71	62	72	55	62	0	67	65	69	2	75
53009	33	21	ST	71	69	74	68	63	69	55	71	0	63	71	67	2	58
53353	1807	14	CB	71	71	66	33	52	47	72	74	1	82	61	50	1	43
53869	1919	14	LB	71	66	55	55	75	74	71	68	1	62	69	66	1	77
53998	8	14	LB	71	68	67	51	63	61	71	64	0	71	60	64	1	59
101875	485	21	GK	71	71	73	67	60	74	27	72	0	63	27	29	0	25
104389	300	36	GK	71	71	72	70	70	77	40	66	0	76	24	33	0	25
104442	88	42	RM	71	71	81	67	64	73	45	51	0	59	68	71	3	69
105663	110500	21	CAM	71	69	69	69	69	68	53	78	0	67	71	72	2	72
105866	54	27	CB	71	74	54	57	62	51	72	71	1	76	60	80	1	76
108658	896	47	ST	71	72	50	68	66	63	62	77	1	73	76	77	2	38
110019	483	45	CB	71	71	55	34	58	46	73	71	0	70	58	38	1	25
110023	468	45	CM	71	71	54	64	74	58	67	54	1	75	64	82	2	62
110376	191	45	ST	71	74	69	70	64	73	42	68	0	65	80	73	2	73
110652	325	45	LB	71	73	71	67	78	76	73	66	1	75	82	77	2	61
110974	479	45	GK	71	72	70	76	61	68	54	75	1	70	27	22	0	25
111137	453	45	CM	71	70	37	64	76	64	65	60	1	67	71	74	2	69
112352	1853	136	CDM	71	68	66	58	67	65	71	75	0	74	66	72	1	54
112595	101097	55	CB	71	70	45	50	58	51	72	71	0	83	59	58	1	46
112628	1808	45	RW	71	70	68	73	73	71	51	50	1	58	73	73	2	78
113188	1842	51	GK	71	72	72	72	60	70	30	74	0	50	28	36	0	25
113343	1795	45	GK	71	71	74	71	75	73	50	67	1	67	73	71	3	75
116391	72	18	CM	71	71	64	60	74	70	69	62	0	65	74	74	2	64
116952	58	18	CDM	71	70	38	69	73	67	68	66	0	73	72	74	1	69
118794	4	14	GK	71	71	72	68	67	77	50	67	0	61	23	27	0	25
122574	1792	42	RB	71	71	72	55	69	70	70	72	0	78	71	76	1	42
127689	29	21	CAM	71	69	76	67	68	76	38	46	0	34	73	63	3	69
133249	206	24	CM	71	72	68	70	74	67	65	72	0	81	75	78	1	71
134809	169	21	LB	71	69	64	47	70	63	73	74	0	76	70	67	1	54
135440	383	54	CB	71	71	53	44	54	44	69	78	1	78	44	44	2	54
135472	569	54	CM	71	71	71	75	76	76	66	61	1	61	76	75	3	76
136074	111292	54	CB	71	71	43	45	43	35	77	67	1	92	46	62	1	34
136113	95	14	CB	71	71	64	32	44	58	73	77	1	91	61	51	1	25
137232	190	27	CB	71	70	52	40	58	37	75	72	1	91	50	59	1	50
137270	693	95	ST	71	69	70	69	65	68	55	74	0	65	68	70	2	69
137987	479	18	CB	71	71	62	55	64	51	71	74	0	83	57	73	1	58
138156	111678	95	ST	71	69	72	73	62	67	51	75	1	71	67	76	1	72
138453	1039	54	CM	71	71	66	72	72	73	49	60	1	60	73	72	3	72
138468	65	12	CB	71	72	43	42	66	44	72	69	1	77	60	64	1	39
138588	229	34	CM	71	70	68	66	74	68	57	60	0	61	74	75	1	63
138673	110832	97	CDM	71	71	41	61	71	69	71	72	1	78	73	84	1	58
138798	242	52	GK	71	72	77	62	63	76	29	69	1	72	34	25	0	25
138841	393	54	LB	71	71	68	70	74	74	71	68	1	70	73	76	2	77
138932	110915	27	ST	71	69	71	70	61	67	45	75	0	73	66	72	2	62
138993	110580	60	ST	71	70	33	73	62	65	48	71	1	83	68	76	1	65
139213	1880	83	GK	71	71	73	68	70	71	50	70	0	70	71	68	3	70
139368	1796	14	CB	71	72	68	37	57	56	71	75	1	82	56	60	1	20
139533	2	42	RB	71	71	68	47	65	65	73	67	0	79	68	58	1	52
139714	112217	40	ST	71	68	76	69	68	69	47	69	0	65	67	73	2	62
140008	111046	54	CM	71	71	75	69	69	74	46	52	1	52	74	69	3	69
142601	110975	55	CAM	71	70	65	68	68	67	63	68	0	77	72	68	3	68
142794	101114	52	CB	71	69	73	53	58	61	71	76	0	80	64	75	1	49
142821	110150	52	CM	71	71	71	74	70	77	41	56	1	56	77	74	4	70
142942	111678	52	CB	71	71	46	48	61	52	69	74	0	81	61	67	1	68
143157	110392	52	LB	71	66	83	62	72	71	61	60	0	49	67	66	1	57
143407	1041	54	CB	71	71	61	55	66	67	76	56	1	56	67	55	3	66
143680	393	51	CAM	71	71	67	68	72	73	47	60	1	69	77	62	3	80
146558	674	45	CB	71	71	48	50	67	62	72	73	0	75	66	65	1	62
147305	1860	45	CM	71	71	53	63	70	66	67	70	0	78	73	81	1	59
148167	110227	40	RB	71	72	78	59	68	64	70	63	0	60	68	74	1	59
149077	569	54	CF	71	71	84	68	65	75	55	58	1	69	75	72	2	56
149165	1844	27	CM	71	71	60	62	73	69	69	63	0	67	72	70	1	46
149231	52	54	CM	71	73	72	68	72	75	69	59	0	61	78	72	2	66
149449	190	27	ST	71	71	76	64	49	68	51	73	0	77	72	74	2	26
149667	110	25	ST	71	70	75	68	62	71	49	73	0	72	70	72	2	62
149866	110456	26	CAM	71	73	77	61	69	79	42	52	1	38	74	68	3	70
150035	206	22	CB	71	73	55	28	53	44	72	72	1	78	57	27	1	37
150415	110500	21	CM	71	70	78	60	71	72	70	70	0	71	69	67	1	60
150539	162	21	CB	71	71	43	32	42	32	75	70	1	70	32	32	1	42
151515	819	13	CB	71	71	59	40	66	38	72	67	0	79	68	72	1	23
152469	17	14	GK	71	70	73	67	59	76	56	71	0	73	26	27	0	25
152787	598	54	CB	71	73	49	45	56	51	70	79	1	79	58	72	1	38
153087	1887	54	CDM	71	71	67	53	63	65	72	69	0	76	67	75	1	66
153176	111706	52	ST	71	71	50	70	67	68	51	81	1	78	77	76	2	55
153608	393	22	LB	71	70	73	50	71	64	71	64	0	65	68	56	2	61
155041	1808	42	ST	71	68	81	67	53	65	48	68	0	65	63	70	1	51
155972	457	45	CB	71	74	30	34	49	38	78	68	1	88	48	59	1	55
156094	1028	52	GK	71	70	68	70	77	76	62	66	1	69	50	41	0	71
156112	111678	83	CM	71	71	66	68	73	70	61	66	0	62	73	76	2	75
156161	111042	54	CB	71	71	57	60	56	39	72	78	0	78	39	60	2	56
156216	110770	39	CAM	71	69	76	67	67	73	52	69	0	70	69	71	2	66
156227	10020	38	RW	71	71	77	63	66	76	48	62	0	64	74	70	3	71
156375	1970	83	LM	71	71	79	62	66	80	46	48	1	55	75	71	3	59
156376	1880	83	ST	71	71	72	69	62	69	47	75	0	73	71	69	1	70
157020	1028	83	CB	71	70	62	46	50	57	72	78	1	77	59	57	1	35
157293	110147	83	RB	71	71	88	57	65	69	66	60	1	44	66	78	1	49
157482	14	42	RM	71	70	78	63	60	71	60	68	0	70	72	67	2	41
157581	50	97	LB	71	71	77	61	72	71	68	64	0	64	74	72	1	70
157618	100409	21	CDM	71	70	53	53	68	59	70	74	0	75	71	73	1	56
157678	232	7	CB	71	73	70	54	67	50	70	71	0	68	57	79	1	69
158088	110364	52	RB	71	69	77	57	67	61	73	68	0	77	60	75	1	52
158089	1877	52	CM	71	70	76	61	70	71	67	62	0	69	73	68	2	58
158375	674	117	LB	71	69	75	65	68	72	66	66	1	63	70	65	2	60
158455	192	27	GK	71	71	72	74	60	72	45	74	1	74	72	74	3	60
158800	1903	34	CAM	71	71	69	67	71	69	65	67	0	72	72	75	1	43
159005	819	54	ST	71	69	75	71	63	76	49	66	0	65	73	73	2	68
159236	237	54	CM	71	69	64	69	74	73	70	62	0	74	75	78	2	72
159354	110636	4	ST	71	71	87	67	59	71	41	66	1	66	68	70	2	48
159382	112513	38	LM	71	69	85	60	66	74	39	51	1	34	73	66	2	50
159566	452	45	CM	71	73	55	65	78	63	58	47	1	61	71	77	2	71
159581	479	45	ST	71	71	73	68	42	58	49	72	0	76	59	77	2	56
161836	1792	52	ST	71	70	59	70	55	63	59	81	1	79	61	75	2	47
161938	110781	52	ST	71	72	65	68	59	64	43	78	0	77	71	73	1	53
161969	1837	27	ST	71	71	69	68	55	69	43	73	0	66	72	71	1	62
162056	97	50	ST	71	71	68	68	39	65	53	78	0	79	66	79	2	55
162328	100634	34	GK	71	71	72	68	69	71	46	73	0	78	29	25	0	25
162441	58	54	CAM	71	70	57	73	62	73	40	72	1	66	75	80	2	71
162470	900	70	LM	71	69	80	66	69	72	52	58	0	61	69	65	2	59
163023	1598	54	ST	71	71	54	68	52	59	55	79	1	85	62	74	1	54
163027	1888	54	CB	71	71	54	45	45	47	72	76	0	83	53	55	1	62
163156	91	25	CB	71	72	70	31	64	60	71	73	0	74	65	50	1	29
163209	7	42	ST	71	75	78	68	62	77	48	75	0	75	78	73	2	37
163342	14	25	ST	71	71	75	71	55	71	46	64	0	70	75	72	1	43
163352	1910	14	ST	71	70	62	69	56	62	48	77	1	89	67	76	1	52
163476	14	14	CB	71	71	71	31	58	62	72	72	0	77	65	43	1	41
163678	47	126	CM	71	71	72	69	68	70	69	73	1	73	70	69	3	68
163694	1032	83	RW	71	73	91	64	66	73	48	66	1	70	70	68	2	60
163761	1952	14	CB	71	74	72	35	48	50	71	76	0	81	61	48	1	24
164034	111042	54	CM	71	71	60	66	69	66	72	74	0	74	66	66	3	69
164079	1970	54	CB	71	73	61	67	65	63	71	75	0	77	68	78	1	78
164162	111043	54	GK	71	69	69	68	71	78	57	70	0	63	33	31	0	25
164301	569	54	CB	71	70	65	49	62	50	70	74	0	78	54	67	1	46
164626	819	13	CM	71	69	64	61	72	66	69	58	0	76	70	72	1	53
165440	1838	54	RM	71	68	80	57	66	75	70	54	0	67	68	70	1	45
165494	110580	52	ST	71	68	93	66	57	70	44	70	1	34	69	70	2	57
165536	450	52	CB	71	73	54	31	51	48	67	78	0	75	55	48	1	46
165735	9	195	GK	71	71	74	67	70	75	52	69	0	70	21	23	0	25
165736	4	14	CB	71	72	64	43	51	47	74	70	1	85	54	63	1	25
165769	112513	54	GK	71	71	72	69	59	74	42	71	0	66	21	23	0	25
165790	1041	54	GK	71	71	74	66	65	77	55	70	0	71	31	39	0	25
165804	112139	54	ST	71	73	51	68	59	66	54	77	0	79	69	75	2	38
165816	44	54	RM	71	79	84	68	74	80	69	59	1	69	79	80	1	62
165911	1474	167	CM	71	71	74	68	69	69	55	60	1	60	69	68	3	69
166844	1843	35	ST	71	74	76	69	55	66	48	77	1	80	66	74	1	71
167306	29	12	CB	71	75	60	34	56	54	72	73	0	75	64	55	1	35
167423	110145	52	LM	71	70	69	73	71	75	61	60	1	63	73	77	2	73
167654	673	7	CB	71	71	46	55	63	54	72	71	1	75	65	67	1	51
167974	110456	18	RB	71	71	54	44	70	63	72	71	0	73	63	61	1	45
168621	1884	38	CM	71	76	76	64	72	73	62	54	0	56	76	68	2	64
168882	607	183	CDM	71	72	66	63	68	61	72	73	1	85	75	79	1	60
168961	111271	136	RW	71	71	88	65	60	75	46	64	1	70	72	71	2	71
168984	71	118	ST	71	66	77	69	56	68	42	72	0	61	66	76	2	51
169408	1824	181	LM	71	73	91	48	66	73	65	58	1	53	72	59	2	47
169410	33	21	LM	71	73	82	66	66	72	52	61	0	68	70	74	2	60
169426	461	45	RB	71	74	70	49	65	63	72	71	0	76	68	60	1	52
169697	88	25	GK	71	75	74	68	72	75	56	69	0	56	32	35	0	25
170771	1860	61	ST	71	71	79	67	54	72	50	68	0	68	72	67	3	54
170915	462	45	CM	71	73	66	54	75	66	65	66	1	68	72	59	1	60
170936	110227	40	CDM	71	73	59	63	73	72	68	66	0	71	75	68	1	57
171017	393	45	CB	71	71	52	29	48	52	71	84	1	78	54	31	1	23
171137	110770	23	CB	71	67	52	47	59	46	70	85	1	78	56	53	1	51
171377	1032	83	CB	71	70	63	48	61	58	71	75	0	77	65	65	1	52
171831	28	14	CB	71	74	74	35	58	59	71	78	0	74	67	64	1	24
171933	231	13	CB	71	72	54	42	50	45	73	76	1	79	60	61	1	30
171977	110395	52	CB	71	74	68	32	54	44	69	74	0	73	54	60	1	29
171993	280	45	CAM	71	74	74	71	69	66	65	65	0	64	72	75	2	68
172092	696	52	ST	71	67	73	68	50	68	45	64	0	58	71	69	2	51
172295	457	45	RB	71	74	76	50	61	70	71	60	0	69	75	60	2	69
172823	1961	14	ST	71	72	76	72	58	73	43	65	1	66	71	75	2	66
172855	78	34	LM	71	70	86	72	66	73	48	64	1	75	71	78	2	67
172886	110636	22	CB	71	69	63	36	53	52	73	72	1	76	54	49	1	29
172937	1799	14	ST	71	71	68	67	57	65	46	74	0	72	71	72	1	32
173434	1878	83	RM	71	75	81	67	66	75	55	59	0	63	71	72	2	71
173530	1952	133	ST	71	77	89	70	67	80	43	48	1	55	76	75	2	76
173608	1824	45	ST	71	75	71	68	51	71	42	68	1	73	74	67	2	70
173703	12	195	CB	71	78	69	54	70	64	73	70	0	75	69	78	1	36
174210	981	191	CAM	71	68	71	71	76	73	54	61	1	62	70	68	2	81
174549	110374	55	CAM	71	80	68	74	76	79	48	58	1	55	86	76	4	80
174596	71	61	CB	71	70	63	51	60	47	69	74	0	78	63	76	1	65
176062	229	95	CM	71	71	68	67	71	69	65	67	0	70	71	69	1	65
176376	1013	52	LM	71	76	77	66	71	68	62	60	0	62	77	80	2	68
176482	217	18	ST	71	70	78	69	64	73	41	55	0	49	71	72	2	52
176603	112525	56	GK	71	68	72	73	67	69	35	75	0	74	34	39	0	73
176613	101104	56	CB	71	73	67	37	48	60	74	69	0	82	63	50	1	26
176618	567	56	CDM	71	72	58	53	67	62	76	75	1	79	67	67	1	42
176674	111050	54	GK	71	70	71	70	70	75	27	68	0	28	25	38	0	25
176680	1932	36	ST	71	73	74	71	49	68	49	72	0	76	63	74	2	58
176732	319	46	CB	71	70	60	43	60	40	72	74	0	77	55	57	1	38
176733	1884	46	ST	71	77	71	68	57	68	44	71	0	72	78	78	2	46
176741	1048	54	ST	71	72	45	71	57	65	52	85	1	91	70	80	1	49
176842	1028	83	LM	71	70	79	66	68	75	65	65	0	66	72	73	3	70
176930	896	55	CM	71	72	71	58	75	68	63	60	1	40	80	81	1	66
177051	1032	83	RB	71	73	76	56	67	69	70	64	0	69	68	67	1	46
177055	1906	46	CM	71	71	43	70	71	62	67	74	1	80	71	76	1	68
177126	15005	136	ST	71	71	72	71	66	70	49	75	0	70	72	72	2	71
177280	298	36	CB	71	71	70	41	58	52	73	69	0	80	54	60	1	31
177404	165	21	CDM	71	72	66	46	68	66	70	68	0	69	70	58	1	44
177508	110596	21	GK	71	72	69	71	69	75	62	70	1	37	27	29	0	25
177571	1903	7	CB	71	69	67	42	56	58	70	69	0	74	60	43	1	39
178043	189	27	CM	71	72	66	61	71	70	62	55	0	64	72	68	2	49
178136	232	7	CDM	71	71	70	61	65	62	71	73	0	70	67	74	1	55
178297	459	45	LB	71	75	81	52	65	65	69	65	0	76	70	60	2	59
178430	192	18	RB	71	71	65	43	66	56	71	74	0	78	63	68	1	43
178448	1844	27	CM	71	72	69	62	73	70	65	58	0	65	73	70	1	73
178556	650	34	CDM	71	72	67	70	73	65	69	68	1	72	69	85	1	82
178684	1896	38	CB	71	74	46	51	62	53	73	73	1	77	64	77	1	73
179547	106	27	GK	71	78	73	71	63	74	50	66	0	67	23	31	0	25
179586	111271	110	CB	71	74	63	39	62	48	72	70	0	83	61	67	1	41
179686	1806	95	CDM	71	71	69	60	64	66	72	75	0	74	69	69	2	57
179712	165	23	RM	71	75	82	69	65	75	40	57	0	51	74	72	2	73
179751	480	52	ST	71	71	59	70	49	61	48	83	1	85	73	80	2	48
179960	166	26	LM	71	74	80	68	57	75	40	63	0	67	74	72	2	55
180334	485	54	CB	71	76	67	44	46	43	72	74	1	80	52	73	1	36
181006	111046	54	CDM	71	76	75	59	70	72	71	61	0	69	75	68	2	57
181349	900	46	ST	71	71	83	73	59	70	47	59	1	70	68	79	2	74
181377	1884	46	RM	71	73	81	68	64	77	45	58	0	68	77	74	2	62
181395	110109	54	CDM	71	76	55	52	57	63	72	67	0	67	74	70	1	46
181721	70	18	ST	71	74	83	71	53	73	46	66	0	59	70	75	2	58
181870	72	126	CDM	71	75	77	62	74	73	67	60	0	68	73	73	2	42
182001	1598	54	CB	71	76	49	34	39	52	72	70	1	91	67	51	1	44
182177	110912	27	CB	71	72	80	30	54	49	73	72	1	68	55	40	1	25
182179	110556	18	CB	71	77	72	33	44	35	72	80	1	92	43	51	1	44
182735	111046	54	CB	71	70	61	39	61	58	72	77	0	76	61	50	1	35
183130	2	14	RM	71	76	82	70	67	78	40	39	1	39	73	69	2	60
183257	112139	54	CM	71	71	77	65	69	72	50	65	0	65	72	65	3	69
183288	50	18	RB	71	76	69	40	60	47	77	75	1	84	60	70	1	53
183332	110329	21	LM	71	74	83	59	70	70	48	62	0	63	71	68	2	54
183339	417	36	CAM	71	79	78	68	64	72	52	60	0	65	73	74	3	58
183346	896	47	CM	71	81	75	74	71	68	65	70	1	73	70	83	1	65
183366	517	54	LB	71	72	78	65	77	72	71	62	1	66	72	73	2	75
183385	1799	97	CM	71	69	74	68	72	73	66	71	1	84	74	85	2	55
183414	1843	27	CAM	71	75	77	65	71	72	51	56	0	61	71	65	3	70
183429	1048	52	CM	71	74	61	64	72	66	72	68	0	82	74	78	1	60
183442	97	14	RM	71	75	79	65	72	70	51	52	0	64	68	72	2	70
183454	1843	27	RB	71	75	71	45	64	68	72	70	0	74	64	66	1	40
183490	166	21	LB	71	73	82	48	67	68	71	68	0	74	70	66	1	48
183491	247	13	CB	71	74	73	38	61	52	72	74	1	84	64	60	1	25
183527	4	14	CM	71	73	70	61	70	70	71	70	0	61	74	69	1	65
183540	1799	42	CM	71	76	75	69	80	76	43	44	1	29	78	67	2	77
183568	166	21	CB	71	76	60	30	51	45	72	76	1	81	62	49	1	29
183581	1879	83	CDM	71	74	61	55	61	64	73	81	1	82	64	65	1	47
183593	1788	34	LW	71	73	84	67	60	74	37	50	0	36	70	72	3	44
183606	28	51	CB	71	75	69	35	52	46	73	73	1	90	54	72	1	27
183632	28	21	CM	71	73	66	67	71	70	66	75	0	73	72	69	1	64
183891	110930	140	LM	71	72	83	58	68	71	39	45	0	33	74	63	3	77
183916	72	18	RM	71	77	78	72	69	76	59	68	1	63	72	82	2	70
184197	101102	56	CAM	71	70	48	70	68	76	46	68	0	57	74	78	2	76
184417	452	45	CAM	71	76	68	65	73	71	63	50	0	69	69	75	2	71
184482	1793	48	CDM	71	74	76	59	65	69	71	67	0	61	70	70	1	47
184664	696	18	CB	71	71	63	44	58	49	73	81	1	89	52	55	1	45
184869	1039	54	LB	71	79	80	63	63	74	68	64	0	73	75	77	2	65
184890	110395	52	CAM	71	74	82	65	71	75	45	52	0	54	75	75	3	65
185083	568	54	ST	71	76	76	69	67	73	61	65	0	79	73	80	2	61
185137	240	45	LM	71	78	73	67	71	77	39	50	0	52	77	64	2	68
185146	110741	27	ST	71	69	84	70	58	72	41	60	0	60	68	70	2	64
185405	1871	43	GK	71	75	74	61	72	74	41	76	1	74	23	21	0	25
186116	14	14	CM	71	83	67	66	72	71	60	53	0	68	75	69	1	55
186170	620	25	RM	71	77	81	55	69	75	43	66	0	71	68	60	2	62
186302	110781	83	LM	71	70	83	69	63	75	53	60	0	52	74	74	3	67
186345	1796	14	RB	71	78	83	56	70	70	69	68	0	71	68	74	2	70
186504	112217	6	RM	71	70	75	53	70	71	53	59	0	69	72	71	3	58
186537	452	60	RM	71	76	72	69	65	69	52	81	1	77	71	81	2	57
186589	192	51	CM	71	77	55	64	71	62	70	68	1	82	73	84	1	58
186595	1792	14	RM	71	74	85	62	68	71	50	44	1	57	69	69	2	72
186747	689	56	CB	71	68	75	44	52	49	74	75	1	90	61	63	1	39
186783	12	117	RM	71	77	85	61	66	72	49	58	1	67	73	68	2	52
186825	1901	38	RW	71	70	88	63	60	77	37	46	1	34	72	65	2	61
186852	1844	47	ST	71	80	89	61	53	73	40	70	1	58	73	70	2	31
187051	674	18	ST	71	72	67	68	56	64	47	82	1	84	67	70	1	58
187339	320	46	RM	71	78	70	60	67	73	49	42	0	58	76	66	2	65
187350	1028	83	RB	71	74	90	52	66	64	71	76	1	70	67	68	1	32
187415	312	40	CB	71	76	53	57	62	62	72	68	0	71	73	72	1	73
187515	111044	54	ST	71	75	66	72	57	71	45	70	1	72	76	72	2	67
187548	100766	40	RM	71	74	73	47	70	69	59	60	0	65	70	60	2	58
187602	100767	40	RB	71	76	72	52	67	68	71	68	0	70	72	56	2	41
187945	111042	54	CM	71	71	72	69	67	78	41	62	1	62	78	69	4	67
187954	1048	54	CDM	71	76	62	58	68	66	72	75	0	81	68	64	1	51
188013	169	72	LB	71	71	74	54	71	71	68	65	0	64	73	59	1	49
188040	568	54	CB	71	76	61	50	59	57	72	74	0	83	61	74	1	51
188044	191	54	ST	71	79	81	67	63	75	42	66	0	56	73	71	2	44
188070	229	61	LW	71	71	71	69	70	75	40	51	0	58	74	66	3	68
188166	15	42	RM	71	76	88	54	64	73	45	54	1	70	74	53	3	47
188274	62	126	ST	71	75	78	67	61	71	41	75	0	76	71	75	2	45
188763	280	107	CDM	71	78	71	50	60	58	76	64	1	74	65	65	2	46
188949	1844	27	CF	71	75	81	73	60	76	43	49	1	67	73	77	3	70
189040	191	54	CB	71	73	70	52	56	54	71	76	1	90	56	66	1	62
189077	36	48	RM	71	75	79	68	65	76	47	61	0	68	74	76	2	47
189175	232	18	RM	71	75	76	66	68	75	45	53	0	64	74	72	2	70
189196	111239	54	LM	71	74	88	66	67	71	47	77	1	77	70	73	2	47
189227	110832	45	CM	71	71	77	70	70	75	48	53	1	53	75	70	3	70
189234	31	21	RM	71	77	86	66	69	74	50	68	1	68	73	74	2	69
189248	100409	129	GK	71	73	74	65	64	76	47	69	0	68	21	21	0	25
189272	171	21	LM	71	77	91	70	67	75	45	73	1	77	73	84	2	53
189280	2	14	CDM	71	78	67	51	80	62	65	51	1	60	76	57	1	69
189403	2	14	CB	71	77	55	35	40	31	72	73	0	81	38	60	1	25
189707	1837	54	GK	71	72	70	68	63	76	42	73	0	63	20	34	0	25
189715	1909	34	CM	71	76	71	66	74	70	62	66	0	60	76	71	2	72
189885	1961	14	RM	71	75	81	57	68	78	46	54	1	52	75	42	2	61
190034	72	18	LB	71	77	76	34	70	66	72	63	0	75	70	46	1	33
190155	110980	55	RB	71	72	81	71	74	70	54	64	0	71	68	80	2	75
190264	480	45	LM	71	81	76	65	70	81	40	44	1	52	83	60	3	70
190277	245	103	CM	71	71	68	32	54	60	76	67	1	75	63	58	1	25
190432	479	45	CDM	71	74	72	57	65	58	73	71	0	78	60	73	1	44
190471	110929	140	CF	71	72	77	66	69	74	41	70	0	40	73	73	2	71
190497	245	34	ST	71	76	79	69	60	75	43	66	0	70	74	72	3	50
190516	674	7	ST	71	71	84	62	61	78	46	55	1	55	78	62	4	61
190572	231	7	LB	71	77	76	46	69	65	69	70	0	73	69	60	1	65
190604	203	138	CM	71	69	66	58	69	67	70	66	0	80	65	59	1	58
190670	31	44	CB	71	75	57	41	52	46	73	71	0	78	59	62	1	21
190671	171	21	CDM	71	74	75	62	71	71	61	66	0	75	74	74	1	49
190761	28	21	CM	71	78	60	61	70	77	66	60	0	68	77	71	2	60
190852	1917	14	RW	71	78	78	59	58	79	39	39	1	57	75	63	2	35
191005	1952	111	RWB	71	75	76	68	70	72	68	74	0	70	71	74	2	70
191173	71	95	CAM	71	75	78	63	62	66	57	59	0	59	75	68	1	53
191566	169	167	LB	71	75	84	52	71	71	71	60	0	68	75	66	2	58
191625	236	54	ST	71	71	62	69	63	70	44	72	0	72	70	69	3	63
192071	110915	27	RW	71	75	91	59	64	73	44	50	1	45	70	68	2	50
192094	567	54	CB	71	75	46	32	50	36	71	72	0	79	43	50	1	51
192123	95	198	ST	71	76	66	69	52	66	48	72	1	76	68	75	2	47
192337	1853	136	ST	71	80	79	67	49	70	43	82	1	79	71	83	2	58
192439	100804	42	CM	71	72	67	58	68	72	63	69	0	62	65	67	2	63
192593	69	10	GK	71	77	73	69	75	73	51	66	1	80	25	63	0	66
192647	379	18	ST	71	75	66	66	59	67	47	79	1	80	68	74	2	39
192823	189	27	LM	71	70	79	45	70	62	68	60	0	62	68	70	1	63
193057	110636	34	ST	71	76	70	65	51	67	49	65	1	91	69	84	1	66
193198	1906	51	CM	71	77	67	61	70	67	69	77	0	78	70	78	1	42
193245	312	40	ST	71	75	66	70	66	67	47	73	0	72	71	71	2	64
193281	10029	21	RM	71	76	78	62	71	76	44	60	0	56	75	68	2	47
193552	620	35	ST	71	78	73	66	52	74	49	64	0	70	71	72	2	39
193562	111044	54	ST	71	71	65	69	57	66	46	78	0	78	66	69	3	57
193768	78	50	RB	71	83	81	53	70	70	72	64	0	72	71	68	1	51
193895	100767	40	LW	71	80	75	71	66	74	51	59	0	63	74	74	2	58
193942	106	14	CM	71	77	70	57	73	71	71	60	0	60	74	68	1	58
193949	7	136	LM	71	76	74	68	69	75	46	62	0	69	75	75	2	66
194022	234	38	RB	71	78	68	51	69	66	72	70	0	73	71	63	1	41
194050	175	21	GK	71	74	71	70	68	70	51	73	0	76	25	25	0	25
194198	1750	18	GK	71	73	73	71	68	74	52	69	0	66	25	23	0	25
194727	21	21	LB	71	76	78	45	69	70	68	64	0	64	72	73	1	39
194970	1598	54	LB	71	76	82	59	78	76	69	53	1	53	77	75	1	75
195093	1053	54	ST	71	79	66	70	51	68	48	62	0	74	70	74	2	60
195258	38	21	LB	71	73	71	64	72	69	70	70	1	75	71	86	1	76
196819	226	147	ST	71	82	90	66	51	74	45	64	1	58	73	68	3	42
196946	78	81	LB	71	73	80	43	70	69	71	71	0	74	68	63	1	52
197655	9	60	CB	71	71	60	38	35	46	75	66	1	82	54	62	1	25
197817	101106	56	CB	71	68	41	39	52	42	73	73	0	83	51	65	1	36
198317	450	61	CB	71	71	51	35	53	40	72	70	1	70	40	35	2	53
198420	100767	117	ST	71	81	92	66	54	68	39	63	1	65	75	73	1	50
198687	110456	136	LB	71	78	85	51	63	67	73	73	1	81	68	63	1	40
198704	5	14	CM	71	77	76	63	76	76	60	50	1	56	76	71	2	54
198908	110556	117	CM	71	79	77	66	73	71	65	63	0	68	73	71	2	63
198914	110500	21	LM	71	73	74	68	69	72	56	59	0	68	71	72	2	67
198946	54	27	LM	71	73	79	52	67	61	71	70	0	73	67	73	1	52
199152	459	51	ST	71	69	45	69	47	58	46	75	1	91	63	81	2	50
199179	568	54	ST	71	71	73	66	60	74	47	73	1	73	74	66	3	60
199247	452	45	CM	71	76	62	56	78	69	56	49	1	60	72	60	1	73
199493	462	45	GK	71	77	69	78	56	73	41	69	1	61	22	42	0	25
199852	819	13	LM	71	78	79	64	67	73	48	66	0	77	75	74	2	63
199861	231	37	RW	71	72	92	59	57	77	43	50	1	32	71	71	3	52
200094	100765	40	CDM	71	80	68	55	70	68	71	66	0	73	73	69	1	57
200197	1877	52	ST	71	77	71	68	60	69	45	63	0	59	72	70	2	53
200316	31	21	GK	71	79	72	70	73	75	45	67	0	67	21	42	0	25
200454	461	45	ST	71	83	70	70	56	73	40	58	0	60	75	73	2	60
200588	100409	167	CB	71	77	80	46	64	51	71	80	1	83	58	54	1	38
200630	78	42	RM	71	80	90	65	66	74	39	56	1	61	70	71	2	63
200724	243	45	CB	71	74	71	33	61	51	72	68	0	76	66	53	1	36
200841	1	14	RB	71	79	80	32	67	61	69	66	0	72	69	71	1	51
200957	106	22	RM	71	75	85	63	69	73	40	54	1	52	71	65	2	62
201119	101059	54	LB	71	77	73	62	69	73	71	60	0	71	73	74	1	49
201122	5	12	CB	71	81	77	45	55	65	75	77	1	75	65	65	1	25
201284	226	126	CDM	71	73	64	63	63	64	72	73	1	93	69	77	2	62
201329	418	36	CAM	71	75	73	59	67	79	56	56	1	62	78	61	2	74
201359	271	117	CDM	71	80	74	60	67	71	70	64	0	69	77	72	2	58
201884	1952	25	LM	71	80	80	61	64	75	55	59	0	54	73	66	2	74
201893	110832	45	CM	71	76	67	63	71	70	62	60	0	68	75	68	1	66
201943	1961	13	ST	71	79	77	68	51	65	43	76	1	82	69	74	2	55
201949	673	133	ST	71	70	77	66	49	66	48	80	1	92	61	73	2	43
201968	110147	57	CM	71	71	88	64	68	73	44	66	1	66	73	64	3	68
202053	1	163	RM	71	77	94	53	58	78	34	39	1	43	71	66	3	37
202061	111974	44	CDM	71	75	66	67	73	67	70	70	1	89	75	83	2	71
202142	459	45	CM	71	77	65	64	75	69	57	52	1	65	73	71	1	67
202493	1861	45	LM	71	74	91	57	62	72	47	55	1	67	74	82	2	54
203042	1806	14	GK	71	85	76	66	54	78	62	70	1	59	25	28	0	25
203446	1902	129	CDM	71	75	70	61	69	70	68	54	0	62	72	66	2	59
203613	111292	54	ST	71	78	65	73	59	64	46	76	1	73	68	82	1	68
203793	1906	95	ST	71	77	78	69	56	68	40	62	0	62	72	75	1	45
203801	479	55	CDM	71	74	63	64	73	60	67	53	1	73	66	82	2	59
203871	101085	52	ST	71	80	80	64	63	77	41	70	1	70	75	72	3	51
203910	95	18	RM	71	79	79	66	65	75	39	59	0	49	73	72	3	70
204024	23	21	CDM	71	80	68	43	69	72	67	56	0	68	76	53	2	49
204032	1041	54	CB	71	71	85	61	70	75	69	66	1	66	75	61	3	70
204082	166	95	CB	71	81	74	47	53	53	73	76	1	79	52	53	1	33
204211	192	39	CB	71	71	55	45	50	47	71	75	0	75	47	45	2	50
204240	217	18	GK	71	75	72	68	67	75	41	70	0	68	25	38	0	25
204259	247	56	RB	71	77	81	42	64	71	70	67	0	65	67	51	1	40
204381	1871	37	LM	71	77	91	58	59	77	51	53	1	38	69	63	1	45
204529	232	7	ST	71	86	79	67	54	73	45	68	0	70	76	78	2	45
204672	100879	45	CM	71	78	68	55	74	66	60	56	0	69	71	58	1	59
205069	461	45	LB	71	81	79	59	67	79	61	56	1	61	69	60	2	53
205855	39	10	ST	71	82	74	65	49	67	42	77	0	76	73	74	2	45
206225	481	40	LW	71	79	81	66	61	76	60	62	0	64	75	60	2	59
206649	101100	56	CB	71	69	30	34	49	32	77	69	1	93	47	56	1	35
207471	1843	52	CAM	71	74	57	69	73	75	49	58	0	78	69	79	2	65
207706	393	22	RB	71	76	71	49	65	66	70	70	0	68	66	60	1	48
207739	1909	163	ST	71	73	70	65	60	67	42	80	1	76	73	72	1	38
208421	480	45	CDM	71	82	68	63	70	73	58	58	0	67	75	35	1	52
208716	111271	101	CDM	71	73	64	38	62	58	74	66	0	75	63	58	1	34
208892	8	14	RB	71	80	79	56	66	72	70	72	0	67	73	68	1	32
209440	1041	54	ST	71	82	84	64	63	80	38	58	1	52	79	67	3	65
210047	896	47	CB	71	86	68	60	64	63	72	75	0	81	71	72	1	61
210248	15005	7	CDM	71	85	74	54	65	64	74	76	1	91	72	81	1	28
210359	1473	54	ST	71	71	75	63	30	68	42	73	1	73	68	63	3	30
210930	468	45	RM	71	82	71	60	66	79	37	43	1	52	81	61	2	56
212023	209	44	ST	71	75	74	63	36	59	48	77	0	80	66	69	1	31
213432	101059	52	ST	71	78	64	66	54	68	40	69	0	68	69	71	2	39
216523	1842	22	CB	71	78	67	39	50	45	72	74	0	84	54	66	1	32
135537	109	39	CB	71	68	52	57	53	54	70	73	1	76	61	86	1	82
58	19	108	RB	70	70	59	48	65	68	73	69	0	84	70	73	1	41
2819	1878	83	CDM	70	69	61	51	63	56	72	67	0	70	63	69	1	58
3281	744	38	CM	70	70	63	69	69	68	64	71	0	74	73	76	2	56
6159	144	22	CM	70	70	52	72	73	72	53	57	1	68	76	75	2	75
7517	1838	27	CM	70	66	47	62	73	70	67	66	0	67	66	71	2	56
7687	203	27	ST	70	67	71	72	64	74	41	52	1	65	72	66	2	69
8298	459	45	CM	70	70	44	68	78	69	64	61	1	74	72	86	1	69
9771	112224	34	CM	70	70	32	66	71	62	71	69	1	88	71	86	1	70
9801	64	51	ST	70	70	62	72	68	69	45	67	1	84	72	74	2	74
11918	1801	14	ST	70	68	38	68	58	62	59	87	1	89	69	76	1	48
12253	8	136	ST	70	66	53	68	69	78	50	60	1	71	73	67	3	67
16845	162	10	CDM	70	67	53	58	66	66	69	68	0	70	67	68	2	66
20199	1888	38	CM	70	71	53	63	73	73	68	73	1	74	76	78	2	78
24160	100831	45	RM	70	69	61	60	72	71	41	50	0	58	71	54	2	60
28050	1904	34	GK	70	70	67	69	67	73	34	72	0	61	22	25	0	25
30620	109	25	RB	70	70	59	70	74	66	70	76	1	69	76	85	2	76
44991	1961	42	RB	70	69	78	50	65	63	69	64	0	61	66	60	1	27
45073	83	42	CM	70	68	71	47	71	69	72	74	0	82	67	64	2	33
49161	229	7	LB	70	69	70	41	61	53	73	70	0	70	60	65	1	35
49684	166	21	CB	70	69	52	41	48	34	72	69	1	86	48	67	1	34
50455	19	35	LB	70	70	52	38	67	63	72	69	0	69	67	56	1	32
50531	922	36	RW	70	70	78	60	71	66	48	59	0	63	69	70	2	69
50894	614	18	LB	70	70	63	48	70	49	67	66	0	54	71	52	1	58
50955	614	18	CAM	70	71	68	58	68	70	51	51	0	55	73	65	2	66
51417	95	14	LB	70	69	67	54	68	62	71	70	0	69	62	70	1	67
51720	1746	27	ST	70	71	74	72	64	72	43	60	1	55	78	70	2	76
51730	1746	27	ST	70	72	74	72	65	67	42	57	1	64	74	74	2	68
51850	15	14	RB	70	69	53	53	64	63	73	70	1	75	64	70	1	25
52085	4	14	CB	70	68	52	39	55	46	70	71	1	86	43	55	1	21
52104	110329	21	CM	70	69	59	65	69	67	69	72	0	77	69	80	1	62
52340	2007	47	CB	70	70	50	54	61	44	71	72	0	81	59	72	1	57
52737	88	14	CB	70	70	77	62	70	69	70	71	1	71	69	62	3	70
52974	472	45	ST	70	70	64	68	55	69	49	70	1	84	73	81	2	50
53015	1793	77	ST	70	70	54	67	58	66	56	72	1	72	66	67	3	58
53792	1961	14	CB	70	69	51	38	45	46	71	75	0	72	57	58	1	32
53827	19	14	CDM	70	68	55	73	73	70	64	70	1	67	74	79	2	73
53993	111651	42	CB	70	69	53	33	52	51	71	76	0	80	57	41	1	45
100964	210	18	CM	70	70	69	67	70	70	50	75	0	75	70	67	3	70
101282	112134	19	GK	70	70	72	64	57	74	32	73	0	73	74	64	3	57
103133	110765	167	ST	70	69	85	69	67	70	49	76	1	86	65	76	2	60
104476	920	36	CM	70	67	58	67	68	64	66	69	1	77	69	70	1	73
106418	101101	56	CM	70	70	55	70	70	71	58	66	0	66	71	70	3	70
107263	59	145	RM	70	68	76	62	70	71	47	51	0	55	68	62	2	67
107904	110500	21	CB	70	68	63	47	47	43	71	78	0	73	42	69	1	63
108060	322	47	CDM	70	73	62	54	63	60	73	70	1	84	65	65	1	60
111038	110062	45	CAM	70	70	66	68	68	67	53	56	0	63	69	74	2	73
112389	62	18	LM	70	71	69	68	72	71	45	46	1	56	75	66	2	77
112640	453	45	LB	70	67	62	57	71	63	73	63	0	62	66	81	1	75
116197	1926	82	ST	70	68	67	67	58	71	49	71	1	80	72	72	3	51
116677	226	126	CB	70	70	52	45	62	47	70	72	0	73	60	52	1	48
117062	1809	18	GK	70	69	72	67	58	74	51	72	0	66	21	21	0	25
119233	4	14	RB	70	68	77	57	68	68	70	69	0	73	66	62	1	72
122361	206	27	CM	70	70	59	63	71	70	67	65	0	68	73	78	1	65
128529	325	48	GK	70	70	75	70	69	73	56	64	0	64	73	70	3	69
134765	272	46	LM	70	70	66	69	71	71	57	60	0	69	74	64	2	68
134821	1926	42	CAM	70	70	54	67	59	73	51	60	0	54	71	71	2	65
135098	1048	54	CB	70	70	67	67	76	75	70	62	1	62	75	67	3	76
135303	569	54	CB	70	69	56	63	55	50	70	78	1	81	62	83	1	62
135479	569	54	CB	70	70	34	49	68	40	68	75	0	77	60	68	1	45
135575	111046	54	CM	70	70	43	66	74	72	50	61	0	61	72	66	3	74
135891	2007	7	CM	70	71	74	54	67	63	72	73	0	83	72	75	1	60
136306	982	167	CB	70	70	50	63	55	56	67	78	1	79	57	82	1	53
137151	39	27	RM	70	63	65	54	70	65	68	66	0	69	67	74	1	65
137553	111239	21	ST	70	68	78	67	64	65	44	72	0	75	68	71	2	56
137708	29	21	RB	70	70	67	60	66	62	70	70	0	76	65	77	1	61
137734	55	27	GK	70	69	72	72	60	70	50	68	0	69	20	35	0	25
138351	650	34	GK	70	68	73	70	66	74	55	66	0	56	32	36	0	25
138787	110147	52	ST	70	74	59	76	59	64	43	63	1	80	71	76	2	78
138911	112410	27	CB	70	69	34	48	54	53	73	74	1	75	56	63	1	62
139070	1892	38	RW	70	68	69	70	70	70	59	59	0	76	69	80	2	70
139224	101114	83	LW	70	70	76	68	65	69	50	73	0	64	67	71	2	66
139228	1880	83	ST	70	67	70	66	63	66	44	74	0	71	65	70	1	53
139701	17	34	CB	70	70	46	46	57	47	70	74	1	82	52	58	1	44
140038	110144	83	CM	70	70	65	67	72	71	65	55	0	65	74	75	1	75
141001	232	26	CB	70	70	52	36	51	52	70	75	0	78	60	50	1	31
141286	272	23	CDM	70	66	54	66	69	63	68	64	0	76	69	79	1	59
142258	15005	7	GK	70	71	72	68	62	72	52	69	0	64	31	39	0	25
142318	1876	52	CDM	70	70	54	56	73	69	71	69	0	67	69	69	2	68
142454	1861	45	CDM	70	72	54	63	74	56	65	51	0	74	67	78	1	73
142950	101083	52	CM	70	68	77	66	70	71	64	72	0	80	70	74	1	57
142959	472	52	GK	70	70	73	66	74	77	62	62	1	65	26	34	0	25
142978	101085	52	CB	70	70	53	57	56	52	70	79	1	79	52	57	2	56
143055	1881	52	CDM	70	68	48	57	66	64	68	61	0	73	70	64	1	48
143160	110396	52	CF	70	69	71	69	77	77	45	45	1	40	75	73	3	72
144963	711	46	CB	70	61	62	44	56	51	69	74	0	80	50	50	1	39
145583	100831	45	LM	70	70	72	63	67	71	45	55	0	56	68	57	2	67
146500	393	45	GK	70	71	73	67	74	74	41	70	1	75	28	29	0	25
146695	244	52	GK	70	70	66	72	79	71	31	72	1	68	29	31	0	25
146992	462	45	LB	70	69	74	36	66	68	69	64	0	67	67	49	1	56
147196	110089	40	RB	70	73	63	43	67	56	70	71	0	74	67	45	1	36
148194	312	3	GK	70	70	70	71	67	67	42	72	0	76	24	25	0	25
148423	111092	37	CAM	70	69	40	65	77	62	47	56	1	66	51	72	2	74
148635	15005	7	RB	70	70	65	54	71	61	71	66	0	62	67	72	1	71
148696	272	36	RB	70	68	79	56	71	63	71	72	0	78	66	71	1	69
150746	3	14	ST	70	69	76	69	59	66	43	66	0	60	64	72	2	59
150810	110	50	RB	70	70	58	51	63	62	72	75	0	75	65	70	1	56
151590	700	13	ST	70	63	73	61	68	70	49	44	0	59	69	67	2	64
152690	12	22	GK	70	70	69	68	74	71	31	75	0	60	27	35	0	25
152718	19	38	RM	70	70	77	71	64	76	52	72	0	74	76	80	2	56
152800	1048	54	CDM	70	69	58	52	64	49	72	67	0	77	65	72	1	36
152847	567	54	CDM	70	70	43	53	70	55	72	68	1	85	58	78	1	58
152912	111715	52	ST	70	68	46	71	49	64	46	77	0	80	66	74	1	69
152992	1793	25	RB	70	68	67	44	65	63	73	72	0	72	64	55	1	40
153084	239	52	CAM	70	70	65	67	68	75	47	48	0	52	75	66	3	67
155086	97	14	CDM	70	70	71	64	70	67	68	64	0	72	70	70	2	58
155886	19	25	GK	70	73	71	65	79	74	51	69	1	74	25	25	0	25
155915	1807	14	RB	70	70	72	45	64	64	70	71	0	77	66	58	1	58
156120	1879	56	ST	70	71	71	68	60	68	42	70	0	77	69	71	2	62
156129	383	54	CDM	70	71	79	61	67	68	71	65	0	63	72	70	1	51
156165	4	14	CB	70	70	57	35	50	40	70	74	1	82	55	60	1	43
156167	3	25	ST	70	70	72	67	57	68	45	70	0	73	71	70	1	51
156233	112512	54	LM	70	72	91	64	60	72	39	53	1	34	69	68	2	55
156423	1879	83	CM	70	72	74	66	70	68	68	68	0	75	71	73	1	72
156433	1882	83	GK	70	74	69	70	69	71	55	72	0	71	24	34	0	25
156530	110152	52	ST	70	67	59	70	60	69	46	69	0	73	71	71	2	59
156986	192	27	RB	70	71	55	61	66	56	73	79	1	86	65	84	1	69
157269	242	45	RM	70	68	72	64	67	71	54	64	0	65	71	76	2	57
157617	449	21	RM	70	72	71	61	68	71	68	66	0	66	75	81	2	58
157661	1952	14	ST	70	70	67	68	61	70	47	66	0	68	72	68	1	50
157801	1838	27	CM	70	67	68	59	72	70	66	64	0	67	68	70	1	40
158271	673	18	CM	70	72	61	72	70	70	59	63	1	67	73	75	1	79
158385	1906	7	CB	70	70	48	48	63	57	71	75	1	80	66	75	1	66
158996	39	27	GK	70	68	72	68	62	74	49	70	0	68	31	45	0	25
159080	91	42	CM	70	72	73	63	66	68	67	62	1	66	70	72	2	59
161215	110234	40	GK	70	70	67	73	68	71	42	72	1	80	21	21	0	25
161665	111022	60	ST	70	68	53	68	55	66	48	74	0	68	65	68	2	49
161737	1882	83	CB	70	70	47	41	55	48	71	70	0	81	59	55	1	42
162147	112410	27	CF	70	67	80	67	63	72	43	59	0	66	71	67	2	64
162297	54	27	GK	70	76	71	67	58	72	40	72	0	45	21	29	0	25
162997	5	38	GK	70	70	72	66	59	76	50	69	0	69	76	66	3	59
163370	2007	7	LM	70	71	74	66	68	72	39	46	0	43	72	65	2	70
163479	100766	103	RB	70	68	89	43	67	64	70	64	1	70	60	49	2	50
163527	110781	83	CB	70	70	68	46	62	54	73	74	0	82	55	54	1	60
163665	70	18	CB	70	73	57	28	64	54	75	74	1	80	59	40	1	25
163955	100804	42	CB	70	66	54	28	50	56	73	70	0	77	58	34	1	25
163989	192	27	RM	70	73	80	66	70	77	47	58	1	67	79	72	2	60
164080	744	54	CB	70	70	38	42	55	53	71	74	0	74	53	42	2	55
164507	111070	95	GK	70	66	73	63	62	72	52	74	0	70	29	42	0	25
164633	34	21	RB	70	70	68	63	69	64	70	77	0	74	69	74	1	54
164986	1903	18	RM	70	69	75	58	66	75	47	45	0	55	74	59	2	51
165179	71	39	RM	70	68	79	64	65	67	61	66	0	67	67	62	2	64
165232	71	18	LB	70	71	75	45	69	59	69	66	0	67	66	62	1	42
165321	1808	25	LB	70	71	69	59	72	63	70	62	0	70	67	60	2	54
165429	58	39	ST	70	74	54	77	59	66	44	63	1	61	71	86	1	86
165857	1888	54	CB	70	71	43	33	48	44	74	70	0	82	49	51	1	43
165889	1	167	ST	70	68	68	72	55	70	43	67	1	67	71	70	2	76
166093	325	48	CB	70	74	67	70	66	59	75	67	1	83	72	82	2	68
166928	110636	21	LM	70	69	80	64	67	67	68	66	0	68	65	72	1	62
167329	110144	52	CAM	70	69	73	68	66	76	45	68	0	64	72	70	3	67
167452	110636	21	CDM	70	70	71	62	68	69	69	74	0	77	71	67	1	58
167529	1028	83	RM	70	73	77	67	69	72	56	56	1	73	70	81	2	80
167532	1879	83	CB	70	74	77	59	67	68	69	70	0	69	67	70	1	70
167925	19	25	LB	70	71	65	46	65	67	71	68	0	71	67	47	1	36
167936	62	18	CB	70	70	53	30	59	42	70	72	0	72	61	42	1	33
168365	39	27	CM	70	71	55	61	72	65	65	63	0	79	71	78	1	57
168397	101085	60	CB	70	65	55	44	59	57	68	80	1	74	50	46	1	37
168880	112139	183	CAM	70	70	43	65	74	69	51	58	0	76	75	68	3	64
168965	71	18	GK	70	76	73	71	71	71	43	67	0	73	22	31	0	25
169281	71	144	LM	70	75	86	69	66	72	40	68	1	62	73	81	2	57
169509	418	37	CB	70	66	67	34	49	37	72	68	0	80	50	43	1	20
169641	110	14	CM	70	70	67	70	71	70	64	60	0	73	72	76	2	73
169650	383	60	CDM	70	71	44	53	64	58	71	70	0	78	66	73	1	59
169805	379	18	CM	70	71	61	62	72	69	64	65	0	68	76	69	1	61
169843	1961	14	CB	70	72	59	30	51	43	70	72	1	80	50	30	1	26
170964	110915	60	ST	70	69	69	66	58	67	49	76	0	81	71	72	1	62
170988	448	45	ST	70	70	73	63	60	60	58	81	1	82	59	82	1	49
171016	468	45	LB	70	70	72	54	65	65	70	65	1	76	72	73	1	81
171189	472	45	CB	70	72	51	40	62	46	70	74	0	78	52	37	1	40
171190	472	45	RM	70	72	70	74	73	70	58	50	1	64	74	91	2	78
171806	1892	38	CB	70	70	58	29	50	43	71	74	0	79	54	41	1	23
171972	1917	42	CM	70	73	68	58	72	74	69	56	0	63	78	64	2	68
171992	483	45	GK	70	75	82	64	66	78	52	58	1	63	21	35	0	25
171995	483	45	ST	70	70	91	61	53	81	40	54	1	43	78	58	2	61
172048	246	34	RW	70	69	74	70	71	68	45	62	0	74	68	78	2	70
172094	1881	52	ST	70	71	84	65	64	75	45	68	0	72	73	70	3	43
172100	111715	52	CDM	70	69	55	61	69	67	71	72	1	84	70	72	2	60
172232	417	17	CB	70	72	69	55	54	54	70	75	1	77	60	86	1	75
172280	919	36	ST	70	67	85	66	62	72	50	64	1	59	67	68	3	64
172470	674	13	ST	70	72	67	66	51	67	45	68	0	69	75	68	1	38
172517	298	13	CM	70	72	79	67	68	72	70	63	0	74	73	74	2	72
172630	1960	34	RB	70	70	84	47	64	70	68	62	0	73	71	67	1	42
172659	111540	38	CAM	70	69	53	67	69	72	51	56	0	49	71	74	2	75
172743	298	13	ST	70	73	70	70	53	73	48	73	0	76	71	75	2	71
172768	1943	14	CM	70	68	67	67	74	72	60	61	0	68	71	66	2	67
173033	379	126	CB	70	71	55	35	51	40	71	75	0	74	54	48	1	29
173212	45	27	LM	70	73	81	59	71	68	64	64	0	55	69	65	1	60
173430	111292	54	CAM	70	70	72	64	70	72	48	52	0	68	76	64	2	57
173752	1793	50	RB	70	73	76	45	66	66	69	62	0	65	66	47	1	22
174003	607	183	CB	70	70	77	58	52	56	68	78	1	78	56	58	3	52
174542	15029	55	GK	70	73	76	69	67	74	57	67	0	59	25	36	0	26
174558	112217	82	ST	70	69	94	64	66	71	44	67	1	68	71	72	2	29
174753	110145	87	ST	70	70	70	69	50	64	43	72	0	72	64	69	3	50
174808	1799	126	RM	70	68	92	61	62	75	45	58	1	54	72	60	2	41
175105	1806	81	CDM	70	70	58	60	72	70	73	76	0	73	73	78	1	68
175243	605	57	CDM	70	71	73	68	62	68	70	75	0	82	74	80	1	61
175386	110152	57	ST	70	66	75	66	59	67	50	76	0	81	58	72	2	57
175789	1837	24	CM	70	75	73	58	69	69	64	70	0	63	73	72	1	22
175894	1824	108	LB	70	73	79	50	69	70	68	67	0	67	70	69	2	69
176028	1901	38	CDM	70	73	64	58	67	59	72	66	1	78	60	80	1	59
176031	46	38	RB	70	76	77	56	68	71	69	63	0	65	68	66	2	50
176048	12	138	ST	70	71	78	62	61	71	46	79	1	75	66	69	2	41
176301	982	167	CM	70	70	76	62	69	69	69	69	0	69	69	62	3	69
176610	112523	56	ST	70	68	66	68	58	69	44	72	0	76	67	70	1	54
176693	100831	18	CB	70	70	51	48	53	35	69	84	1	93	49	85	1	64
176717	433	46	CB	70	70	78	35	46	56	70	68	0	74	50	50	1	26
176756	111042	54	ST	70	71	72	67	75	76	45	65	1	51	76	73	3	61
176801	12	34	ST	70	75	87	67	64	72	49	53	1	60	68	75	3	56
176846	44	120	CDM	70	75	63	59	66	57	70	71	1	88	69	80	1	59
176901	110979	55	RM	70	70	83	66	66	72	46	57	0	56	68	70	2	75
176934	111042	54	GK	70	74	74	66	73	73	31	69	0	65	25	28	0	25
176966	1893	54	CB	70	70	32	54	59	49	72	70	1	70	49	54	2	59
177049	1831	48	CDM	70	71	74	61	69	70	65	70	0	75	69	71	2	57
177543	1908	34	LB	70	71	60	73	73	72	69	61	1	72	72	84	1	72
177576	4	18	ST	70	73	82	64	63	74	45	70	0	74	74	68	2	51
177589	112409	27	CF	70	67	77	65	61	75	46	57	0	65	75	59	2	68
177592	112139	54	ST	70	70	75	65	56	74	42	74	0	74	74	65	3	56
177615	31	129	RM	70	72	81	64	66	75	44	60	0	68	72	67	2	62
177633	1853	45	ST	70	73	79	63	53	71	41	68	0	54	73	66	2	49
177766	280	103	LB	70	76	74	38	72	68	71	64	0	76	72	57	1	34
177877	1970	95	CM	70	72	72	65	69	68	64	57	0	50	73	76	2	69
177965	162	43	CF	70	69	79	68	64	73	50	70	0	66	69	71	2	58
178056	242	54	CB	70	70	49	36	47	41	72	73	0	73	41	36	2	47
178091	50	27	ST	70	77	76	63	50	66	45	76	1	85	70	73	1	48
178253	111046	54	CAM	70	69	73	65	70	71	44	63	0	53	70	65	2	62
178470	112124	27	LM	70	74	73	67	70	68	67	63	0	62	67	73	2	70
178599	571	45	RW	70	71	70	71	73	67	47	49	0	58	77	81	2	72
178713	97	14	CM	70	73	72	60	71	68	67	73	0	80	70	66	1	49
179569	14	37	CAM	70	71	68	71	68	71	44	54	0	48	73	77	2	66
179592	1952	42	LM	70	69	60	68	63	73	42	48	0	68	72	66	3	71
179668	1970	83	CAM	70	69	76	67	69	72	48	60	0	63	80	68	2	62
179855	4	82	ST	70	70	85	66	53	60	46	69	1	70	61	72	2	32
180228	1719	54	CB	70	73	64	51	57	61	73	69	0	77	56	64	1	40
180255	72	7	LW	70	72	79	65	68	72	44	52	0	59	71	72	2	67
180702	1039	54	CAM	70	76	79	59	61	78	55	60	1	59	77	62	3	61
180726	111395	195	CM	70	70	71	59	73	68	63	48	0	60	69	62	1	41
180738	1719	54	ST	70	72	69	67	49	67	44	72	0	66	71	73	2	51
180981	4	54	CAM	70	71	72	65	69	70	51	55	1	75	74	73	2	77
181030	517	54	RB	70	72	79	61	73	74	65	56	0	56	74	71	2	73
181131	111044	54	ST	70	72	73	70	69	68	52	68	0	63	72	65	2	66
181247	1795	12	LWB	70	69	80	64	69	70	69	64	1	71	70	82	1	76
181343	819	46	LB	70	73	79	60	71	66	70	65	0	65	69	69	1	71
181370	111046	54	CB	70	70	53	46	49	48	71	78	1	78	48	46	2	49
182435	22	195	GK	70	77	73	63	72	76	48	65	0	61	28	39	0	25
182744	280	22	LB	70	72	88	67	68	69	68	72	1	79	73	84	2	70
182772	503	99	ST	70	67	79	66	55	66	45	78	0	79	66	74	1	51
183283	2007	18	CB	70	70	72	42	63	46	71	73	1	73	46	42	2	63
183391	62	103	GK	70	72	75	68	65	74	42	67	0	75	23	21	0	25
183409	191	117	CB	70	73	74	38	63	54	68	78	1	90	66	62	1	32
183470	383	54	GK	70	70	78	65	70	70	28	72	1	72	70	65	3	70
183546	1939	14	CDM	70	75	75	59	67	69	70	64	0	67	69	70	2	40
183605	378	144	ST	70	64	79	67	57	65	44	66	0	71	63	68	1	54
183815	1878	83	RB	70	74	80	57	68	68	67	72	0	67	68	68	1	63
183887	1823	18	LM	70	72	72	61	70	72	47	58	0	65	70	60	1	65
183987	1824	21	RB	70	74	74	44	70	75	68	58	0	66	75	53	2	62
184071	1910	34	CM	70	70	41	54	74	64	65	67	1	78	70	69	1	68
184085	226	18	CM	70	75	65	55	69	70	65	48	0	51	73	63	1	71
184220	298	95	CM	70	78	71	67	71	73	56	63	0	62	75	73	2	60
184270	1843	110	CDM	70	74	67	39	63	60	70	59	0	77	66	45	1	45
184339	39	27	RM	70	73	67	62	73	70	47	62	0	69	71	72	1	66
184433	1831	43	ST	70	69	60	66	47	58	46	77	1	86	65	77	1	42
184706	71	18	LM	70	74	75	57	69	68	56	60	0	67	75	65	2	41
184847	246	34	CAM	70	72	65	76	70	70	46	52	1	57	74	85	2	83
184920	110930	140	RM	70	76	90	59	64	74	49	40	1	45	72	55	2	57
184944	383	54	CM	70	67	63	62	67	67	73	67	0	69	68	78	2	62
185172	1837	27	GK	70	73	70	68	63	72	36	70	0	59	25	35	0	25
185214	110144	45	CM	70	73	71	58	72	69	66	61	0	60	73	66	2	60
186101	417	36	CB	70	75	74	42	52	44	75	71	1	90	60	65	1	50
186117	1961	14	CAM	70	77	72	65	71	70	66	63	0	75	72	77	1	74
186130	1952	14	CB	70	75	69	33	60	59	69	72	0	74	60	35	1	43
186140	142	27	ST	70	74	73	68	54	74	42	67	0	66	72	72	2	50
186444	2007	145	ST	70	72	69	63	63	70	50	82	1	85	72	71	1	45
186536	1806	95	LM	70	79	73	65	70	70	61	66	1	71	72	77	2	63
186650	110152	52	ST	70	72	76	71	64	73	39	64	0	56	74	76	2	71
186839	77	35	LM	70	74	88	66	60	72	45	66	1	56	70	66	2	71
186890	110929	140	LB	70	70	89	52	63	69	68	68	1	67	71	77	2	28
186979	1970	83	RB	70	72	76	57	65	69	68	68	0	70	70	68	1	58
186993	1881	83	RW	70	72	81	71	64	73	48	64	0	66	70	70	3	70
187205	1881	83	LB	70	72	81	60	64	72	68	78	0	72	72	73	2	60
187528	100767	40	RB	70	74	75	62	72	73	69	59	0	64	73	64	2	75
187659	100765	40	CDM	70	77	71	49	66	62	70	72	1	84	73	63	2	49
187818	29	37	CDM	70	76	64	61	70	69	66	59	0	64	68	73	1	51
188124	1853	130	CDM	70	76	76	50	63	62	73	68	0	80	66	58	1	42
188157	246	34	CAM	70	71	57	70	69	65	66	81	1	80	67	84	1	53
188268	110395	52	LW	70	76	80	61	60	72	44	63	0	38	75	80	2	44
188397	65	18	CAM	70	76	74	67	66	72	46	72	1	75	74	67	2	64
188585	110929	140	CM	70	71	67	51	73	69	64	53	0	62	71	60	2	40
188601	110832	18	CB	70	81	64	52	70	61	67	74	0	71	76	58	2	50
188625	1795	46	CB	70	79	53	32	53	48	71	68	0	74	59	39	1	39
188824	1815	99	LB	70	72	73	53	67	67	70	67	0	71	63	60	1	53
188899	111046	54	ST	70	70	65	68	56	64	47	70	0	70	64	68	3	56
189018	1035	54	RB	70	74	83	36	62	66	69	68	0	70	67	57	1	27
189143	1842	46	CM	70	76	66	57	71	67	61	54	0	72	74	64	1	38
189160	1793	82	RM	70	73	88	68	60	75	47	68	1	73	72	77	3	60
189167	1961	24	CDM	70	72	68	63	69	69	68	70	0	75	72	69	1	58
189186	88	42	CAM	70	72	66	57	70	72	53	62	0	56	69	62	2	66
189192	1744	27	CF	70	74	75	64	67	75	59	62	0	68	73	65	2	69
189288	1795	27	CB	70	74	52	40	43	36	73	72	1	76	54	59	1	30
189477	462	27	CM	70	79	72	59	72	72	58	56	0	56	75	60	2	69
189485	111974	54	LW	70	74	83	60	60	78	38	58	1	35	76	59	3	65
189644	1719	54	GK	70	70	77	74	65	60	30	72	1	72	60	74	3	65
189655	418	12	ST	70	67	81	65	57	61	44	76	0	82	60	70	2	33
189723	246	46	RW	70	74	68	65	58	75	45	66	0	74	75	71	3	41
189961	1824	12	ST	70	78	88	66	55	75	42	63	1	49	75	65	2	60
190247	1961	14	RB	70	71	72	50	67	63	71	68	0	70	57	62	1	38
190425	272	36	ST	70	67	76	66	48	69	42	66	0	56	67	67	2	44
190436	1524	133	CM	70	70	75	57	69	67	64	57	0	72	71	63	2	52
190450	1809	51	RB	70	69	61	51	72	64	70	62	0	68	69	64	1	58
190461	110	24	ST	70	73	79	65	57	74	50	74	0	78	67	67	3	47
190536	1879	58	CM	70	69	72	69	71	73	61	62	1	63	73	83	2	72
190567	111022	52	RM	70	72	81	62	68	69	56	60	0	56	70	71	1	62
190722	89	14	ST	70	75	84	68	60	69	46	65	1	75	66	68	2	54
190824	110500	36	RB	70	75	84	55	65	72	62	52	0	54	70	70	2	61
190876	695	95	CB	70	72	66	43	48	43	72	73	1	81	50	59	1	37
190931	674	8	CB	70	71	52	53	67	57	71	68	0	82	66	72	1	74
190969	1629	54	RB	70	74	82	63	66	67	68	61	0	63	74	75	2	71
191045	1598	54	ST	70	75	88	68	62	71	42	63	1	60	66	80	3	45
191050	900	47	CB	70	74	75	39	64	61	71	68	1	75	68	51	1	36
191065	1719	54	CB	70	78	66	38	53	61	68	70	0	76	62	81	1	64
191076	1906	24	LW	70	75	77	65	64	72	40	49	0	69	72	79	2	63
191096	673	93	CDM	70	74	65	61	65	66	72	76	1	89	69	80	1	63
191099	300	136	CAM	70	70	78	66	70	75	61	69	0	74	69	72	2	63
191251	110636	21	CDM	70	68	74	63	65	66	71	65	0	67	61	76	1	57
192083	1035	54	CB	70	70	62	44	58	40	71	70	0	81	48	65	1	38
192102	700	46	LB	70	70	90	50	57	73	51	42	1	39	71	57	1	44
192155	100767	40	RB	70	78	76	59	65	71	68	67	0	64	75	68	2	45
192253	570	27	CM	70	67	68	66	71	72	66	66	1	68	68	76	2	58
192297	110227	30	GK	70	74	70	63	69	78	33	72	0	40	25	25	0	25
192512	1892	54	ST	70	70	66	68	56	64	43	75	0	75	64	68	3	56
192608	217	18	LM	70	75	78	53	68	73	66	58	0	56	70	44	2	54
192636	112513	38	CM	70	78	66	68	73	72	62	65	0	76	74	82	2	75
192643	110500	21	CDM	70	72	72	66	71	67	67	62	0	67	70	71	1	73
192660	169	21	ST	70	75	74	64	54	66	45	72	0	79	64	74	1	46
192665	160	21	GK	70	73	71	67	68	73	38	70	0	74	20	35	0	25
192679	1860	45	LB	70	75	79	56	69	71	68	65	0	68	72	72	2	70
192767	110456	126	CDM	70	75	71	55	67	68	70	75	1	84	70	63	2	54
192838	111974	27	RM	70	78	75	63	67	69	66	71	0	75	70	78	2	60
192984	10029	7	GK	70	81	76	67	70	68	44	69	1	70	23	35	0	25
193092	36	198	RW	70	77	90	63	55	75	31	31	1	33	71	58	3	61
193141	101085	52	RB	70	72	82	50	68	63	71	68	0	75	60	73	1	63
193161	226	18	GK	70	75	71	65	62	77	37	69	0	62	25	21	0	25
193171	483	45	LB	70	73	80	50	66	67	67	62	0	60	73	62	2	61
193223	697	54	CM	70	71	75	64	67	73	68	67	1	70	71	75	3	54
193313	169	21	CDM	70	75	73	50	68	67	72	76	0	75	69	67	1	44
193549	83	14	CB	70	79	72	32	59	57	72	74	1	91	57	53	2	34
193550	78	26	CM	70	71	78	58	72	73	69	74	0	75	67	70	2	56
193569	8	14	CB	70	72	67	35	61	59	70	76	0	71	56	34	1	25
193679	110500	38	CB	70	73	65	39	59	59	71	68	0	77	66	59	1	32
194201	320	46	CB	70	76	67	46	50	59	74	59	1	81	63	56	1	45
194753	111974	27	CDM	70	78	60	57	74	72	69	70	0	71	74	76	1	60
194761	110710	45	CAM	70	73	85	66	60	79	40	59	1	58	75	58	2	57
194847	65	104	LW	70	76	88	61	61	72	40	47	1	55	66	59	2	66
195313	226	18	CB	70	76	64	34	55	49	72	70	0	73	59	35	1	24
195412	111292	54	CAM	70	76	70	67	70	70	62	64	0	67	72	80	2	74
195668	7	45	GK	70	75	69	70	74	73	49	68	0	72	24	35	0	25
196220	12	23	RB	70	74	71	60	72	69	69	70	0	74	72	68	2	41
196569	62	107	RW	70	72	84	56	64	72	38	53	0	33	69	62	2	62
197081	1809	129	CM	70	76	81	71	72	75	62	51	1	67	72	74	2	72
197169	192	44	RM	70	74	92	58	63	75	43	53	1	58	75	65	3	60
197439	1824	21	GK	70	78	71	68	53	75	34	70	0	78	21	22	0	25
197759	110456	136	CDM	70	78	75	52	63	68	72	72	0	83	68	71	1	45
197837	10	7	RB	70	75	67	34	57	41	71	73	0	78	62	57	1	25
198128	1048	54	ST	70	79	78	65	63	77	45	68	1	66	78	68	3	57
198140	234	52	ST	70	77	77	66	38	68	41	74	0	63	70	71	2	44
198386	1861	52	LB	70	70	79	59	68	69	69	66	0	75	71	65	2	67
198573	479	103	CDM	70	74	33	45	57	47	72	61	1	92	61	72	1	45
198600	1880	83	CDM	70	77	63	55	60	60	72	72	0	80	67	73	1	42
198719	1792	14	LM	70	81	86	59	63	75	34	42	1	41	75	70	3	54
198776	1799	50	CAM	70	83	83	57	64	79	48	57	1	56	75	60	2	42
198794	1473	54	ST	70	70	68	67	68	72	50	67	0	67	72	67	3	68
198861	72	18	CDM	70	79	73	48	68	64	69	61	0	67	73	54	2	47
198950	1860	45	CAM	70	83	81	62	66	77	36	46	0	47	77	62	3	72
199005	231	195	GK	70	79	70	68	70	69	62	71	1	84	33	25	0	25
199069	217	103	ST	70	80	86	66	54	62	42	72	1	84	74	82	2	39
199157	2	45	LB	70	77	77	58	61	67	69	70	0	73	73	77	1	44
199286	111271	108	RB	70	77	82	54	69	65	70	70	0	79	72	71	1	26
199392	101083	60	RB	70	75	81	52	70	70	64	59	0	68	68	69	1	49
199529	110741	133	ST	70	70	81	68	48	66	47	75	0	82	68	70	2	58
199657	110781	56	RM	70	74	84	66	67	74	48	74	0	83	72	71	3	57
199661	111239	26	CDM	70	74	70	57	65	66	72	72	0	68	68	69	1	64
199776	38	27	CB	70	80	71	44	61	54	70	75	0	78	68	62	1	52
199823	1799	45	CM	70	81	66	58	69	73	56	49	0	55	72	71	2	70
199986	480	45	RB	70	74	73	43	60	60	71	72	0	79	66	73	1	59
200087	110749	37	ST	70	70	91	61	56	71	46	74	1	75	70	61	2	36
200113	247	34	RW	70	75	88	57	63	74	38	51	1	55	70	62	2	41
200155	2007	7	CAM	70	81	61	63	71	65	44	68	1	76	78	70	2	69
200519	110710	45	CB	70	79	58	34	47	43	71	70	0	75	57	57	1	37
200606	111292	52	CAM	70	76	58	63	70	72	42	52	0	61	72	62	2	51
200677	50	38	CB	70	76	68	38	50	55	70	72	0	76	55	67	1	57
200754	166	48	CM	70	77	66	58	70	72	66	73	0	74	73	75	1	71
200922	10029	21	ST	70	75	68	65	59	67	47	72	0	78	69	74	1	46
201046	47	27	CAM	70	82	69	65	66	74	39	62	0	72	82	72	2	65
201165	100767	40	CB	70	82	72	40	57	53	72	68	0	70	62	59	1	31
201519	71	18	CM	70	82	64	67	68	66	66	58	0	70	72	71	2	64
202201	1906	34	CB	70	76	73	52	68	65	69	72	0	76	68	71	1	35
202305	1477	167	CAM	70	73	74	65	67	70	59	64	0	70	72	65	1	71
202750	57	18	CB	70	79	67	33	62	39	71	72	1	84	62	51	1	34
202944	247	46	CM	70	77	66	60	66	68	69	65	1	75	74	82	1	68
203187	1744	117	CM	70	79	69	60	68	68	69	56	0	75	71	71	1	58
203236	383	54	LB	70	74	80	59	72	74	68	57	0	56	73	61	1	65
203324	598	54	CB	70	83	71	52	71	69	71	70	0	62	71	58	1	35
203544	29	21	LB	70	75	84	61	70	70	67	61	0	59	72	74	2	68
203632	2007	140	LM	70	78	81	57	69	76	36	48	0	30	74	68	3	71
203859	111022	52	CB	70	70	53	40	50	36	70	76	1	86	53	64	1	25
203888	1915	54	CB	70	73	48	37	49	42	72	78	1	88	52	58	1	42
204060	1915	34	CAM	70	72	79	70	63	74	43	57	1	63	74	83	2	65
204136	1915	34	ST	70	71	64	66	64	68	51	76	0	65	72	66	1	56
204474	110704	45	RW	70	73	89	61	58	73	38	40	1	47	66	55	1	67
204731	1896	38	LB	70	76	76	52	72	73	68	56	0	60	72	73	1	74
204830	449	45	RM	70	78	87	56	58	82	36	49	1	50	81	58	3	50
204932	393	22	RM	70	72	80	64	66	70	51	54	0	45	71	62	2	66
205008	1043	54	CAM	70	82	78	65	66	78	43	62	1	58	78	67	3	70
205569	17	14	CM	70	85	74	53	72	73	62	59	0	64	78	67	2	77
205671	1843	60	LW	70	79	77	59	66	73	44	45	0	59	72	70	3	37
205897	5	14	CDM	70	85	75	48	62	70	69	68	0	71	74	70	1	37
205940	110710	45	CM	70	70	63	61	67	61	59	56	0	56	61	61	3	67
205988	17	14	LB	70	86	84	39	65	75	70	64	0	79	75	49	1	57
206545	483	45	CM	70	75	72	61	69	76	43	69	0	56	78	58	2	68
208520	485	163	RB	70	75	77	46	70	72	68	68	0	67	71	70	1	54
209281	112139	183	LM	70	76	84	66	67	74	45	49	0	52	71	70	3	67
209317	100409	22	ST	70	70	78	61	65	75	38	59	0	59	75	61	3	65
209643	322	51	CB	70	71	57	46	53	56	68	78	0	82	60	65	1	47
209744	1053	55	LB	70	74	74	47	73	69	68	58	0	67	70	60	2	40
209787	110930	140	LW	70	71	79	59	66	82	41	48	1	44	76	75	4	75
210008	73	18	CM	70	83	65	55	70	69	66	71	0	77	76	74	1	56
210333	269	52	LM	70	72	85	61	66	75	36	45	1	38	68	58	2	56
210363	111715	52	LM	70	70	81	60	65	75	47	48	0	58	72	68	3	67
210455	450	45	LB	70	77	81	43	60	62	68	66	0	68	67	64	1	52
210471	110770	54	ST	70	78	80	63	44	71	39	60	0	62	73	69	2	34
210696	570	43	CB	70	73	55	41	44	39	72	77	1	83	50	65	1	39
211042	315	9	CAM	70	77	77	66	67	69	46	63	0	61	74	71	1	59
211269	110580	52	CM	70	70	80	62	72	73	56	51	0	51	73	62	3	72
212092	4	138	CDM	70	76	71	52	66	68	71	64	0	74	73	70	1	37
213132	110394	52	RM	70	68	82	64	66	73	40	59	0	66	73	73	2	34
213332	1629	54	CB	70	77	67	37	52	47	70	74	0	75	63	50	1	51
216424	110930	140	ST	70	70	69	69	60	66	53	70	0	70	65	70	2	68
216472	483	51	RB	70	75	77	38	60	53	70	65	0	69	56	46	1	53
216913	110930	117	GK	70	72	70	72	74	71	50	70	0	67	23	22	0	25
2	54	27	LM	69	69	75	61	71	68	73	65	0	70	70	74	1	60
16	244	45	CAM	69	70	71	68	66	74	47	65	0	71	78	71	2	66
2904	112224	195	ST	69	69	70	70	63	72	43	66	0	66	72	70	3	63
4695	101112	25	CB	69	69	52	34	57	42	68	74	1	76	59	52	1	25
5461	239	7	CB	69	68	54	47	64	49	72	71	0	81	56	64	1	48
7849	166	20	CB	69	69	50	60	71	69	69	66	0	66	69	60	3	71
10824	1788	13	LB	69	69	86	57	63	64	68	65	1	67	64	72	1	45
11427	160	21	CB	69	69	53	44	54	44	69	74	0	74	44	44	2	54
12011	110374	27	GK	69	69	68	69	62	71	33	70	0	44	26	27	0	25
12167	58	18	RW	69	68	65	67	65	70	43	72	0	63	71	69	2	46
31624	1445	13	CM	69	69	53	67	71	51	70	74	0	68	61	80	2	65
34666	101112	167	CB	69	69	71	44	69	67	68	61	1	61	67	44	3	69
39386	110152	95	LB	69	65	92	62	64	70	55	56	1	51	67	68	1	65
45618	44	7	CM	69	69	66	62	69	67	76	66	1	89	65	89	1	61
49472	111989	18	GK	69	69	73	67	58	72	49	64	0	77	25	26	0	25
49886	231	46	LB	69	67	66	54	71	61	68	70	0	78	64	59	1	52
51353	101112	42	ST	69	69	73	69	56	65	41	71	1	71	65	69	3	56
51378	271	13	CM	69	68	65	64	72	64	70	67	0	74	70	71	1	68
51934	110231	18	ST	69	67	75	68	60	66	40	66	0	65	65	69	1	54
52090	100879	18	CB	69	69	59	51	57	53	69	74	1	87	58	64	1	35
52498	31	21	CDM	69	72	65	68	68	66	68	70	0	74	71	78	2	72
53027	64	145	CB	69	69	49	48	55	45	70	78	1	84	51	60	1	49
53384	14	25	CAM	69	69	56	70	74	72	53	49	0	71	74	72	2	76
53669	1793	82	LM	69	69	78	56	62	73	57	56	0	60	70	66	2	51
53729	920	70	GK	69	64	67	72	65	66	20	73	0	61	22	20	0	25
53785	111144	95	GK	69	64	66	68	72	70	48	72	0	77	22	25	0	25
53834	1926	14	ST	69	67	71	67	55	66	47	64	0	60	65	70	2	51
53978	97	14	CM	69	69	29	49	63	51	72	68	0	68	51	49	2	63
101488	1831	21	GK	69	69	67	70	64	72	33	69	0	71	25	23	0	25
104101	1831	21	LM	69	69	70	65	67	72	54	71	0	57	69	70	2	72
105945	100087	7	CM	69	69	61	66	67	61	70	76	0	78	64	75	1	58
109724	88	13	ST	69	66	74	68	70	69	46	66	0	59	65	67	2	63
110606	100804	35	GK	69	65	71	68	61	72	32	69	0	64	25	35	0	25
110856	1881	45	ST	69	69	64	70	69	71	45	68	0	68	71	70	3	69
111105	15021	45	CM	69	69	63	60	70	65	57	53	0	63	73	63	1	56
113278	110912	27	LB	69	64	75	57	70	68	68	65	0	70	60	70	1	52
113524	479	45	CAM	69	69	71	66	57	68	51	58	0	52	68	71	2	54
114038	462	45	CDM	69	68	64	63	67	60	68	70	1	74	67	84	1	68
115888	23	21	GK	69	68	64	68	55	74	30	72	0	80	23	29	0	25
116024	1879	83	CAM	69	72	84	60	62	77	38	47	0	27	77	61	2	61
116335	57	18	GK	69	67	68	74	69	67	32	72	1	62	23	25	0	25
116745	1530	18	GK	69	69	64	64	67	72	35	77	1	80	25	27	0	25
117492	110456	18	CDM	69	70	48	65	72	64	72	69	0	64	69	72	1	48
120060	674	18	CB	69	69	76	67	68	66	70	74	1	74	66	67	3	68
121134	191	21	GK	69	67	68	65	71	74	56	66	0	72	25	26	0	25
123611	189	27	CB	69	70	58	46	60	48	70	73	0	76	50	64	1	36
131444	820	13	CM	69	69	61	63	63	66	68	71	0	74	68	71	1	48
134697	298	46	GK	69	68	67	70	67	75	45	69	0	61	31	21	0	25
135344	111050	54	CDM	69	68	68	58	62	66	71	69	0	69	69	72	1	47
135513	111046	54	GK	69	69	72	64	78	72	43	68	1	73	22	39	0	25
135808	110062	45	LB	69	69	78	44	65	62	69	63	0	71	67	56	1	41
136594	1475	167	GK	69	69	69	67	62	72	64	71	1	57	30	22	0	25
136834	271	13	CM	69	68	56	69	74	69	61	61	0	53	76	72	2	71
137159	190	27	CDM	69	70	59	61	71	60	68	64	0	75	71	68	1	62
137359	674	7	CM	69	68	67	65	65	63	69	74	1	83	66	68	1	57
137527	1831	21	CAM	69	69	49	68	73	66	51	51	1	73	70	74	2	80
137758	112410	27	LB	69	67	84	54	65	65	63	64	0	68	62	72	2	48
138080	110832	136	CB	69	69	52	45	52	42	67	78	1	78	42	45	2	52
138089	231	13	CM	69	70	66	68	66	67	62	65	0	71	71	73	1	62
138390	1792	14	CM	69	67	64	59	78	59	60	44	1	48	67	65	1	72
138413	3	14	CB	69	68	69	31	54	48	71	76	0	77	55	37	1	25
138529	231	51	GK	69	68	67	69	65	69	42	74	0	65	33	22	0	25
138831	101112	14	CDM	69	66	69	58	64	69	76	63	1	76	71	72	1	40
138933	110326	18	CAM	69	68	73	64	62	73	48	58	0	69	74	68	2	74
138945	57	18	ST	69	64	67	68	56	60	40	72	0	70	60	71	2	53
139016	1878	83	CM	69	66	70	62	68	67	68	66	0	70	70	71	1	63
139171	110150	83	CM	69	66	70	65	70	71	69	66	0	70	69	72	1	74
139527	31	70	CB	69	69	33	56	58	43	69	81	1	81	43	56	2	58
139609	1808	42	LM	69	69	77	64	66	73	49	44	0	62	73	65	2	66
139801	95	25	CB	69	69	71	43	54	56	69	74	0	76	62	55	1	32
139836	280	97	CB	69	73	55	45	52	48	70	73	0	77	57	59	1	61
139838	711	110	LW	69	68	77	63	60	74	45	50	0	58	71	63	2	67
140089	1888	54	ST	69	68	70	65	52	68	44	70	0	74	68	71	2	42
140262	112679	83	CM	69	69	72	61	70	72	63	57	0	49	71	72	2	73
140411	432	36	CDM	69	68	54	60	67	63	71	62	0	70	63	74	2	62
140488	570	27	CB	69	70	66	45	66	61	70	68	0	69	58	64	1	35
140497	1796	42	RM	69	70	80	62	67	68	51	40	0	31	66	73	2	74
140609	224	51	CDM	69	63	65	55	66	65	70	68	0	80	60	69	1	60
141092	110178	43	LB	69	66	66	53	67	64	71	72	0	69	65	70	1	54
141111	503	44	ST	69	68	82	66	58	71	46	64	0	66	66	70	2	60
141198	110234	9	CDM	69	69	56	63	73	72	65	68	0	75	76	75	1	64
142241	1598	95	ST	69	69	74	62	66	78	36	40	1	40	78	62	4	66
142720	110395	52	RB	69	71	83	47	71	66	66	65	0	55	71	59	1	46
143032	110395	52	ST	69	72	66	67	60	62	45	70	0	65	72	73	2	56
143107	111715	52	CDM	69	68	65	54	61	67	71	65	0	70	68	63	1	60
143168	110741	52	LW	69	69	91	56	53	78	43	53	1	56	75	66	2	54
143200	101085	52	CDM	69	67	66	56	74	71	68	60	0	60	71	54	1	65
143603	101083	52	CB	69	67	64	50	64	45	68	73	0	69	51	45	1	58
143743	101102	56	GK	69	69	62	76	62	63	23	80	1	80	63	76	3	62
144440	319	46	GK	69	67	70	68	57	75	42	69	0	81	33	28	0	25
145047	1808	45	RB	69	68	75	47	71	63	69	55	0	67	70	61	1	50
145274	2023	45	RM	69	69	81	59	59	74	46	53	0	60	72	66	1	50
146058	472	45	RM	69	69	71	64	67	74	40	55	0	60	71	67	2	73
146104	459	45	CDM	69	66	50	49	64	50	68	54	0	78	57	60	1	56
146753	244	45	CB	69	69	68	44	59	58	67	68	0	68	58	44	3	59
146952	459	45	GK	69	70	71	74	68	72	59	63	1	70	22	23	0	25
147001	110062	45	LM	69	69	81	60	58	75	36	48	0	37	72	63	2	54
147449	111044	54	ST	69	70	70	70	61	68	43	68	0	70	74	82	2	71
147498	110227	40	CB	69	69	54	43	56	58	68	71	0	71	65	45	1	43
147700	110109	40	RM	69	69	73	68	65	69	54	72	0	76	70	68	2	60
148212	100767	40	GK	69	69	71	70	63	67	46	70	0	68	25	38	0	25
148526	665	37	GK	69	70	71	67	64	71	50	70	0	72	24	35	0	25
148622	111651	34	ST	69	69	34	69	44	55	49	78	1	78	55	69	2	44
148634	1913	7	GK	69	69	73	67	63	71	50	68	1	67	24	25	0	25
148673	231	36	RB	69	69	70	47	65	55	71	62	0	65	65	70	1	38
149572	110741	27	CM	69	67	70	59	68	66	66	64	0	70	68	68	1	56
150477	744	18	GK	69	69	71	68	66	70	28	68	0	63	31	35	0	25
150514	166	103	RB	69	67	78	63	66	71	51	59	0	65	72	69	2	74
152046	110724	13	ST	69	68	68	66	67	68	43	66	0	70	70	66	2	52
152356	2007	7	CM	69	70	70	60	64	67	68	70	0	72	73	68	1	64
152603	29	70	ST	69	69	72	65	53	61	49	81	1	90	66	76	1	40
152795	1891	54	CM	69	69	75	70	71	63	72	65	1	69	66	81	2	85
153160	110406	53	CB	69	69	46	45	40	47	69	69	0	75	56	73	1	50
153184	111717	52	CB	69	66	43	43	46	45	74	71	0	70	50	60	1	26
153185	1861	52	CB	69	69	59	34	54	44	68	69	0	76	45	33	1	40
155541	820	13	CB	69	69	59	33	56	49	67	72	0	74	60	47	1	31
155757	269	13	CM	69	72	65	63	69	68	66	65	0	75	71	70	1	42
156166	14	63	ST	69	69	74	66	46	67	52	78	0	80	68	70	2	55
156384	322	47	CM	69	69	77	69	66	78	42	65	1	65	78	69	4	66
156421	1879	83	CB	69	70	71	44	66	63	69	72	0	72	57	55	1	48
156477	229	7	RB	69	74	80	58	67	75	67	74	0	83	73	68	2	48
156506	101114	83	ST	69	68	60	67	55	65	49	79	1	83	64	78	2	53
156542	110109	7	RM	69	71	87	67	64	70	50	64	1	62	67	68	2	71
156838	160	21	CB	69	69	53	46	58	47	70	73	1	81	59	62	1	40
156975	94	42	CB	69	69	64	31	53	50	70	70	1	75	60	49	1	25
157515	1881	83	LB	69	70	82	65	66	66	66	70	0	64	69	68	1	49
157528	33	21	RM	69	72	78	63	66	71	58	63	0	59	66	72	1	60
157741	192	27	CM	69	73	67	58	71	65	64	67	0	78	73	80	1	60
158196	1917	18	ST	69	69	71	64	59	70	46	74	0	79	72	75	2	47
158333	110500	8	CM	69	70	59	56	67	65	66	65	0	73	69	64	1	71
158420	1823	110	CB	69	68	59	43	64	46	68	74	1	90	55	54	1	50
158444	31	44	RB	69	69	73	42	63	65	69	66	0	66	62	61	1	58
158624	59	18	RB	69	66	64	51	74	63	70	70	0	72	67	60	1	61
158657	31	21	GK	69	69	69	74	66	66	56	67	1	65	20	27	0	25
158675	417	36	LB	69	65	82	53	65	64	68	63	0	62	64	69	1	45
158685	517	54	CB	69	70	41	29	49	45	68	75	0	76	58	34	1	35
158777	110329	21	GK	69	70	73	70	60	71	38	64	1	68	24	28	0	25
158806	110062	45	RM	69	69	69	60	72	72	48	52	0	56	70	68	2	66
158902	17	42	LB	69	67	67	52	74	66	67	66	1	68	68	72	1	71
159001	432	46	CB	69	68	44	37	37	30	73	77	1	89	43	33	1	38
159577	1799	25	CB	69	71	53	41	56	35	70	72	1	84	57	48	1	48
160723	101059	49	RB	69	69	72	39	55	59	71	73	0	78	63	41	1	35
161921	919	37	GK	69	68	70	69	64	71	53	68	0	76	20	21	0	25
161995	110912	27	ST	69	66	69	70	56	69	48	70	0	77	68	70	2	68
162048	189	43	LB	69	69	71	55	63	62	68	61	0	63	68	63	1	60
162053	94	14	RB	69	68	62	27	49	40	69	74	0	81	67	39	1	25
162054	1792	14	GK	69	69	73	67	72	75	48	63	0	60	33	26	0	25
162315	109	14	CB	69	70	69	42	62	61	70	80	1	72	63	51	1	31
162776	100765	40	GK	69	73	73	60	63	74	46	71	0	69	21	35	0	25
162821	15005	7	CB	69	69	70	33	57	52	69	70	0	66	58	50	1	28
162891	1796	14	CM	69	69	68	60	74	70	62	56	0	64	70	60	1	75
162928	483	45	CM	69	69	33	64	77	61	66	53	1	53	61	64	3	77
162952	110580	52	GK	69	71	69	74	70	66	46	72	1	66	23	39	0	25
162980	1961	14	LB	69	66	72	38	68	65	68	61	0	61	65	48	1	24
162993	1917	14	RB	69	72	67	45	68	64	70	68	0	65	71	52	1	36
163264	1796	14	GK	69	71	71	68	67	72	54	68	0	62	21	25	0	25
163766	1917	14	CB	69	70	68	28	42	49	71	76	1	85	52	26	1	38
163774	110500	70	ST	69	70	85	65	45	71	41	70	1	63	65	69	1	45
164234	322	54	LM	69	74	53	70	69	70	41	68	0	75	76	79	2	79
164484	320	46	GK	69	72	63	73	67	68	30	75	0	65	23	34	0	25
164581	100409	70	LB	69	70	73	53	65	68	68	66	1	66	71	82	1	65
164851	1901	119	LW	69	73	78	58	65	72	41	40	0	57	68	64	2	67
165031	1795	58	ST	69	74	80	63	52	72	42	76	0	66	69	60	1	57
165176	25	21	ST	69	68	77	65	62	71	47	63	0	61	66	70	1	48
165185	4	50	ST	69	68	68	72	35	61	41	77	1	84	64	75	1	72
165230	1747	118	LM	69	67	73	60	67	69	42	68	0	69	68	64	1	61
165505	1838	52	CB	69	69	68	25	65	54	70	67	0	76	60	21	1	25
165546	111292	54	CDM	69	69	63	59	70	64	72	64	0	75	64	61	1	56
165547	517	54	RB	69	72	73	56	71	63	70	64	0	72	70	80	2	73
165677	111086	37	LM	69	69	77	63	65	72	46	44	0	43	69	64	1	75
165716	100087	116	LM	69	70	83	68	65	69	44	68	0	64	67	70	2	66
165783	244	52	CDM	69	69	60	57	68	58	68	54	0	72	71	70	1	71
165787	110395	52	CM	69	71	78	66	68	70	66	62	0	63	73	79	2	64
166710	100766	40	CAM	69	72	63	58	70	67	62	60	0	69	75	62	1	65
167445	111042	54	RB	69	71	78	62	67	73	66	52	0	55	73	76	1	70
167516	1871	51	CAM	69	71	76	57	63	75	53	69	0	67	65	60	3	58
167601	315	40	RB	69	75	79	40	66	60	67	72	0	68	65	52	2	45
167661	1877	52	CM	69	70	71	56	70	72	66	65	0	74	74	70	2	69
168290	112134	18	RW	69	68	68	66	66	68	51	65	0	61	70	71	2	66
168317	433	46	ST	69	70	67	66	61	69	47	72	1	86	74	75	2	53
168590	29	21	CDM	69	73	49	56	63	58	71	70	1	84	68	76	1	65
168610	320	54	LB	69	69	82	52	66	67	69	68	0	73	70	72	2	65
169152	1598	54	CM	69	69	74	59	66	70	68	58	0	58	70	59	3	66
169221	110374	49	LM	69	72	78	70	65	71	36	58	0	62	71	69	2	73
169345	256	4	LB	69	72	81	57	62	73	70	63	1	69	69	83	2	25
169388	1838	27	CAM	69	68	69	65	72	71	59	51	0	65	68	72	1	62
169422	517	54	CB	69	68	62	38	48	56	70	78	0	72	52	50	1	31
169464	15	136	LM	69	75	85	50	72	75	65	66	1	71	75	65	1	39
169792	17	14	LM	69	79	81	69	56	76	47	75	0	69	74	74	1	28
170039	1917	14	RB	69	74	68	47	65	64	71	69	1	78	67	64	1	36
170159	160	21	LB	69	73	74	63	69	67	67	71	0	74	67	73	2	69
170163	1795	14	CAM	69	73	69	74	67	71	51	60	1	68	71	80	2	73
170290	142	50	RM	69	72	82	62	63	70	39	58	0	63	67	64	2	64
170472	1799	36	LB	69	71	78	61	65	67	68	62	0	69	70	73	2	55
170514	200	27	RM	69	64	66	40	60	58	72	62	0	77	55	66	1	24
170818	1926	14	ST	69	69	74	72	64	68	56	68	1	67	65	75	2	77
170949	100766	40	LB	69	67	66	55	59	56	74	68	0	81	59	76	1	66
170966	1882	83	RM	69	70	70	66	68	68	42	63	0	64	68	66	2	62
170991	100831	45	RB	69	69	70	60	57	53	72	68	0	81	63	77	1	54
171019	97	25	GK	69	68	73	66	69	71	47	68	0	71	21	22	0	25
171087	1861	45	CB	69	69	66	56	66	62	69	76	0	76	62	56	3	66
171187	571	45	CM	69	68	60	59	70	67	63	62	1	72	73	82	2	56
171394	110724	13	LM	69	72	79	72	64	68	47	58	1	68	67	79	2	78
171772	110062	45	CB	69	69	60	39	56	39	68	71	0	75	62	46	1	35
172322	100764	80	RM	69	70	80	65	68	68	67	66	0	62	68	77	2	66
172555	1786	13	ST	69	72	86	66	52	64	41	58	1	59	65	74	1	26
172649	670	7	LM	69	70	75	64	68	71	50	47	0	58	71	62	2	73
172813	100805	42	LM	69	66	71	63	65	73	60	66	0	78	68	67	3	71
173305	39	27	LB	69	68	73	47	65	62	67	57	0	57	61	63	1	55
173470	191	4	CM	69	74	78	55	72	81	54	44	1	44	81	64	2	66
173614	8	14	CB	69	70	53	26	50	45	68	74	0	82	51	26	1	26
173834	88	50	RB	69	73	77	63	70	66	67	67	0	72	65	73	1	68
174547	15029	55	CB	69	70	71	66	65	64	71	69	0	77	64	70	2	65
174603	112578	53	ST	69	69	70	66	45	62	44	67	0	67	62	66	3	45
175367	181	42	ST	69	70	86	64	65	71	42	74	1	71	66	71	3	39
175389	614	120	ST	69	70	92	67	60	67	40	67	1	77	63	78	2	50
175996	31	21	LM	69	75	82	62	63	72	42	57	0	59	75	59	2	69
176007	674	110	RM	69	73	81	61	61	76	59	61	0	64	73	71	2	60
176071	689	95	CDM	69	71	70	59	68	66	65	56	0	60	69	67	1	54
176841	12	14	ST	69	73	75	65	46	65	48	76	0	77	65	77	2	51
176902	112116	55	RW	69	68	90	60	69	68	64	66	1	75	70	67	1	59
176948	111766	72	CAM	69	69	45	74	65	67	46	40	1	57	72	82	2	79
177106	169	21	LM	69	72	90	63	62	73	42	61	1	69	68	69	2	61
177131	1807	118	CB	69	67	60	37	55	49	70	70	1	82	57	60	1	27
177137	112513	38	CB	69	74	56	44	64	60	70	72	0	67	67	57	1	38
177521	110329	21	RB	69	71	79	61	63	68	68	66	0	69	67	70	1	67
177546	110596	48	CAM	69	70	74	65	68	72	41	57	1	65	72	74	2	81
177568	210	18	LB	69	66	69	46	68	65	68	66	0	71	65	52	1	47
177588	200	27	ST	69	66	54	66	56	61	48	78	1	90	62	69	1	41
177723	242	45	GK	69	70	70	78	63	68	52	63	1	58	22	24	0	25
177980	1744	60	LW	69	72	78	56	63	75	52	59	0	70	72	71	2	60
178132	29	97	RM	69	71	83	66	65	75	39	58	1	53	74	72	2	60
178236	569	54	RB	69	72	80	63	61	69	69	72	0	77	66	78	2	71
178322	1879	83	LWB	69	75	83	65	66	67	66	63	0	70	68	77	2	73
178363	379	80	GK	69	75	70	66	65	69	53	71	0	70	28	25	0	25
178451	110912	27	CM	69	72	73	62	71	69	61	61	0	57	65	64	2	66
178616	480	45	CAM	69	74	68	62	74	72	52	53	0	57	73	58	2	70
178620	1896	123	CM	69	69	62	59	65	59	74	73	1	73	59	59	3	65
178625	1860	45	CM	69	72	64	57	74	68	55	56	0	67	76	57	1	70
178628	1795	27	ST	69	73	79	64	62	76	41	55	0	49	79	65	3	58
179537	246	36	CM	69	75	65	64	67	69	66	70	0	71	71	74	2	59
179565	894	47	ST	69	77	78	61	58	75	49	65	0	65	72	70	2	33
179731	1881	83	CDM	69	73	71	56	66	68	66	57	0	69	71	65	1	64
179736	110144	83	CM	69	73	79	66	68	70	67	66	0	70	70	76	2	48
179897	819	24	CB	69	72	69	39	48	38	72	73	0	81	51	58	1	31
179909	34	117	CDM	69	71	78	52	63	73	69	62	1	67	80	74	1	36
179930	873	37	RM	69	72	80	68	61	70	51	55	0	54	71	72	2	62
179973	1843	47	RM	69	73	76	51	69	68	70	62	0	71	68	64	1	54
181017	226	54	CB	69	73	68	41	62	61	69	70	0	74	66	57	1	39
181276	567	54	RB	69	69	73	52	72	74	68	64	0	65	73	66	2	47
181922	1032	54	CM	69	67	67	65	72	71	63	72	0	83	70	66	2	55
182133	100766	33	CB	69	72	66	49	59	61	71	72	0	78	64	54	1	52
182178	1837	47	RB	69	74	78	42	62	57	70	65	0	67	60	61	1	41
182528	110930	140	ST	69	79	78	68	53	70	43	62	0	62	70	74	2	65
182713	165	1	CB	69	70	66	33	53	43	70	71	0	76	61	44	1	52
182741	10029	21	CB	69	69	58	27	63	49	69	74	0	74	49	27	2	63
182822	111271	18	CB	69	69	52	30	55	49	72	69	0	75	64	20	1	28
182837	1808	110	LW	69	75	86	70	59	71	41	59	1	68	70	82	3	69
183064	110636	165	LB	69	69	78	61	66	68	69	66	0	74	66	77	2	65
183125	1795	14	ST	69	75	70	67	50	68	45	67	1	87	72	78	2	35
183151	922	36	LW	69	74	78	62	58	72	44	52	0	64	66	65	3	65
183365	189	27	CB	69	72	52	24	47	34	70	73	0	75	44	25	1	20
183436	100087	54	CB	69	69	39	50	56	52	70	72	0	82	55	59	1	51
183519	69	34	CAM	69	75	74	66	66	79	42	62	1	68	77	71	3	60
183573	110500	21	CDM	69	72	55	58	66	63	68	64	0	68	65	73	1	63
183578	110329	21	CB	69	72	73	36	44	43	71	71	0	79	61	56	1	27
183671	111974	27	CB	69	76	69	37	47	47	70	76	0	82	48	66	1	27
183682	209	4	CM	69	73	73	68	62	68	69	68	0	75	66	72	1	63
183714	1831	21	ST	69	72	68	65	51	62	42	71	1	79	67	76	1	43
183736	1906	34	RB	69	70	61	33	67	61	70	70	0	75	65	58	1	23
183740	111540	38	RW	69	68	78	65	68	72	44	57	0	63	69	76	3	68
183774	1792	14	CB	69	75	60	24	48	42	69	76	0	74	64	25	1	24
184069	166	21	ST	69	72	66	70	53	63	49	70	1	81	67	75	1	68
184154	2007	7	RM	69	73	73	62	64	73	50	68	0	76	73	70	2	61
184189	691	38	CB	69	68	65	44	58	54	71	72	0	89	60	56	1	43
184271	62	18	CDM	69	76	71	58	68	72	67	65	0	75	73	63	2	49
184285	1715	47	RM	69	72	69	62	66	67	46	52	0	65	67	68	2	50
184310	110741	27	LW	69	67	79	60	60	74	45	57	0	67	72	64	2	57
184581	1843	27	RW	69	69	80	61	62	70	50	52	0	66	71	69	2	56
184747	91	14	ST	69	73	69	70	43	65	48	65	0	72	73	70	2	69
184913	674	7	CM	69	69	63	57	65	60	71	69	0	69	60	57	3	65
184982	54	52	ST	69	74	64	63	52	66	40	75	1	76	75	74	2	41
184999	110109	54	CDM	69	74	72	62	70	71	65	72	0	62	74	81	2	68
185090	1823	103	RM	69	75	91	70	63	72	42	68	1	65	69	77	1	57
185129	393	22	GK	69	74	72	68	66	73	41	67	0	62	25	37	0	25
185316	1917	36	CB	69	74	63	29	57	60	72	74	1	82	62	43	1	24
186241	1871	208	RM	69	71	79	64	65	74	40	68	0	67	68	70	2	36
186267	25	36	RB	69	75	78	60	71	73	67	60	0	62	74	78	1	70
186352	94	198	CB	69	77	72	33	61	38	70	68	0	83	47	44	1	37
186422	1939	25	LM	69	76	79	63	61	77	49	58	0	79	75	63	3	62
186456	1909	34	CB	69	73	47	61	72	64	69	68	0	73	71	74	1	66
186521	459	56	CB	69	74	44	26	36	33	69	72	1	91	48	25	1	41
186553	1837	52	RB	69	74	77	59	66	68	66	56	0	58	69	69	1	52
186559	12	14	CM	69	74	65	60	69	72	60	57	0	65	71	66	1	63
186578	95	50	CM	69	73	68	68	69	69	62	70	0	72	70	72	1	58
186719	57	18	ST	69	76	81	67	61	75	42	62	0	70	74	75	2	65
186824	110089	117	CDM	69	75	73	30	67	61	68	76	0	76	68	39	1	36
186989	1032	83	LWB	69	72	74	53	68	63	67	72	0	70	60	67	1	44
187033	1793	14	CB	69	75	65	30	47	47	69	74	1	81	53	51	1	26
187078	112096	54	CB	69	66	63	47	63	54	70	68	0	68	66	66	1	48
187298	1970	83	CB	69	72	60	48	58	60	70	70	0	71	56	63	1	42
187347	100769	40	RB	69	75	80	47	67	67	69	65	0	68	69	40	1	45
187478	1878	83	CB	69	69	66	37	56	56	69	74	0	76	58	50	1	33
187552	598	54	CB	69	71	46	38	41	33	71	79	1	91	43	56	1	46
187572	598	54	CB	69	69	72	63	70	72	70	60	1	60	72	63	3	70
187755	569	54	CAM	69	73	66	59	69	70	67	66	0	72	73	66	2	59
187789	110109	54	CAM	69	74	72	67	68	75	63	72	1	81	78	76	2	64
187998	568	54	GK	69	75	74	68	66	76	33	60	0	73	25	30	0	25
188076	1843	27	CM	69	76	63	56	72	69	66	66	0	70	69	68	1	60
188197	112679	52	ST	69	69	58	70	57	65	46	77	0	77	65	70	3	57
188277	744	54	LB	69	71	74	57	63	62	70	67	0	70	63	68	1	73
188390	2007	22	RB	69	71	76	38	69	66	70	66	0	71	68	60	1	68
188403	110930	140	CM	69	75	74	54	63	70	64	53	0	30	74	70	1	41
188406	673	18	LM	69	73	87	64	62	73	45	66	1	65	69	68	2	45
188499	110912	27	CM	69	65	60	58	71	64	65	62	0	68	65	65	1	64
188554	100831	45	LM	69	78	76	69	68	77	38	56	1	60	82	60	2	80
188599	570	27	ST	69	72	78	67	59	71	45	64	0	65	74	72	2	69
188612	110741	27	LW	69	73	70	67	67	71	38	52	0	56	70	69	2	60
188756	673	7	LB	69	73	92	53	62	74	68	70	1	73	71	65	2	47
188836	12	14	GK	69	78	71	67	65	72	55	68	0	68	25	25	0	25
189209	31	21	CAM	69	74	82	61	65	74	41	44	0	42	70	65	2	52
189263	36	48	ST	69	69	76	63	63	75	42	65	0	65	75	63	3	63
189296	46	1	GK	69	80	75	69	52	74	28	64	0	64	25	44	0	25
189432	894	145	ST	69	72	75	67	55	73	45	61	0	59	71	68	3	61
189446	1796	14	LM	69	74	84	63	64	71	44	47	0	56	66	70	3	67
189502	111050	54	ST	69	76	91	66	59	75	38	52	1	41	71	75	3	57
189615	94	14	LB	69	79	82	54	68	66	66	57	0	50	66	70	1	68
189701	468	45	CB	69	74	50	56	63	50	71	67	0	79	64	79	1	70
189729	111974	47	CB	69	75	69	39	53	52	70	71	0	72	57	68	1	25
190093	472	45	LB	69	73	82	51	62	68	68	62	0	68	71	59	1	48
190112	110089	40	CM	69	69	70	65	69	67	54	69	0	69	67	65	3	69
190122	91	42	RM	69	73	74	62	70	69	60	61	0	67	68	70	2	61
190228	1039	54	CAM	69	75	75	68	62	71	40	52	1	41	70	69	3	71
190232	111043	54	CDM	69	71	62	62	66	69	69	67	0	70	71	82	1	78
190243	100409	47	GK	69	76	71	67	61	71	41	68	0	78	29	37	0	25
190357	111046	54	CB	69	67	42	53	54	48	71	71	1	91	58	79	1	65
190562	111144	110	LW	69	68	89	61	62	70	49	63	1	58	65	61	2	49
190629	111019	52	ST	69	74	82	67	60	76	38	52	0	31	74	71	3	52
190637	110089	33	CB	69	72	62	34	53	36	69	70	1	84	57	58	1	32
190716	420	101	CM	69	69	89	55	56	74	51	71	1	71	74	55	3	56
190717	1807	14	RM	69	75	89	68	60	72	50	70	1	71	65	71	3	59
190821	922	36	CM	69	69	73	55	66	74	65	70	0	70	74	55	3	66
190906	568	54	CAM	69	69	81	64	71	81	65	55	1	53	72	71	2	65
191089	106	14	ST	69	83	70	62	56	70	44	70	0	83	72	78	1	68
191154	245	46	RW	69	70	84	60	55	76	38	45	0	33	71	62	3	43
191160	110929	140	CB	69	67	63	26	43	28	72	76	0	80	48	36	1	35
191431	100764	54	LB	69	71	72	57	68	66	69	71	0	68	67	77	1	68
191895	467	54	LM	69	69	81	64	66	72	50	55	1	69	73	71	3	62
192105	111292	54	GK	69	69	69	63	64	69	34	75	0	31	22	25	0	25
192179	203	133	CB	69	69	81	42	54	54	70	74	1	86	56	61	1	35
192205	189	44	CDM	69	75	60	57	70	63	64	67	0	70	74	70	2	54
192370	1878	52	CAM	69	74	77	66	67	73	40	58	0	55	73	70	2	59
192555	1853	129	CDM	69	75	46	33	57	53	70	70	0	82	69	59	1	42
192557	171	21	LB	69	78	75	51	71	71	65	66	0	67	75	68	2	76
192565	169	21	CAM	69	76	72	63	70	74	50	46	0	53	73	64	2	65
192573	1629	54	CB	69	76	62	40	53	47	67	77	0	75	58	57	1	54
192594	110456	60	CB	69	72	59	36	63	53	71	76	0	74	59	64	1	51
192596	1853	45	CB	69	74	57	43	56	49	71	69	1	90	55	54	1	34
192612	31	10	CM	69	69	67	65	69	75	65	66	1	66	75	65	3	69
192641	100409	21	CDM	69	76	59	50	66	61	71	68	1	78	68	67	1	48
192645	169	21	ST	69	73	68	65	54	67	48	72	0	71	68	72	2	41
192789	483	45	RB	69	76	77	51	62	62	68	64	0	74	66	66	1	52
192790	449	45	CM	69	73	66	63	75	72	52	50	1	58	75	56	2	73
192955	1914	37	CM	69	75	67	63	71	68	50	54	0	66	77	65	2	65
193159	111328	60	ST	69	70	67	67	40	69	42	66	0	66	70	70	2	50
193247	256	4	GK	69	74	73	61	63	76	47	68	1	71	25	29	0	25
193336	111540	44	GK	69	78	72	63	57	78	53	67	0	59	23	35	0	25
193414	111717	52	LM	69	76	69	59	69	70	56	62	0	62	71	70	3	57
193415	110770	117	LM	69	78	84	69	60	75	39	56	0	53	70	80	2	54
193510	46	52	CB	69	74	55	32	55	40	71	68	1	89	54	31	1	44
193584	254	4	LM	69	73	77	68	64	72	45	68	0	82	68	74	3	56
193685	247	9	RM	69	69	74	58	68	71	66	66	0	72	70	68	2	50
193688	433	46	CB	69	69	68	55	55	50	73	70	0	70	50	55	2	55
193739	320	46	CM	69	76	61	52	68	68	69	66	0	70	75	63	2	49
193953	226	118	LM	69	75	80	65	67	71	43	68	0	67	70	71	2	48
194053	28	21	CB	69	76	61	46	51	38	70	74	1	78	49	76	1	26
194091	91	14	LM	69	77	74	59	65	73	48	42	0	51	69	60	2	72
194108	1843	44	CM	69	74	65	62	72	69	65	59	0	70	70	70	1	65
194171	110929	148	CF	69	75	79	69	53	70	42	64	0	55	71	73	2	66
194174	110364	45	RW	69	76	76	61	65	73	39	50	0	55	78	68	2	60
194200	1861	45	CB	69	72	66	27	49	42	69	71	0	78	52	29	1	38
194647	453	45	GK	69	78	64	75	62	69	56	73	1	61	22	35	0	25
194704	111928	81	RM	69	64	85	63	60	75	50	55	1	50	65	73	2	64
194795	14	55	RB	69	68	71	45	63	65	70	66	0	71	67	57	1	46
194885	1877	52	RM	69	76	75	61	71	66	66	60	0	68	73	63	1	65
195010	110109	49	GK	69	69	70	72	60	68	45	69	0	76	24	25	0	25
195091	111044	54	CDM	69	75	73	63	61	50	75	68	1	70	57	73	1	54
196069	110980	55	RW	69	72	88	58	69	72	68	64	1	69	70	65	2	58
196580	110456	108	CB	69	73	68	35	59	47	70	72	0	74	62	49	1	27
197062	237	38	CB	69	75	61	47	57	57	68	76	0	69	60	55	1	52
197165	112134	95	ST	69	75	72	64	46	67	50	66	0	62	67	68	1	58
197973	15029	55	CB	69	72	70	47	65	61	70	74	0	79	65	78	1	42
198031	1892	38	CAM	69	77	64	68	67	74	42	55	1	55	74	78	3	77
198133	2	34	RB	69	77	73	71	69	70	63	67	1	77	73	83	2	77
198193	171	43	RM	69	74	83	66	63	75	40	60	1	51	74	71	3	58
198426	111706	52	CAM	69	73	70	62	73	70	60	53	0	79	73	75	2	74
198504	171	47	ST	69	82	77	67	56	66	45	65	0	71	76	75	2	50
198553	298	72	RB	69	76	87	60	66	70	68	64	1	62	72	77	1	53
198900	200	51	CB	69	76	56	43	47	58	69	67	0	74	58	61	1	42
198971	673	117	CM	69	69	65	60	64	69	66	72	1	83	66	73	1	49
199043	15029	55	GK	69	70	70	71	75	75	36	66	1	76	25	38	0	25
199051	10020	18	CB	69	73	56	40	53	52	71	65	0	76	64	46	1	48
199195	65	18	CM	69	70	79	55	65	68	66	52	0	55	69	56	2	65
199236	983	167	LB	69	77	87	49	66	64	69	66	1	72	64	71	1	75
199287	111271	108	CDM	69	76	74	47	62	46	71	51	0	75	67	58	1	52
199353	110329	21	LM	69	74	83	66	65	74	44	47	0	51	73	65	2	70
199464	110456	18	CB	69	78	66	27	59	54	69	67	0	72	65	35	1	25
199752	1516	133	LM	69	74	92	62	57	70	46	63	1	77	66	70	2	35
199779	485	21	CB	69	79	54	35	63	61	72	72	0	79	69	60	1	30
199829	110062	45	CDM	69	73	56	56	71	62	65	58	0	71	68	74	1	69
199854	571	45	LW	69	74	84	54	54	80	35	42	1	29	73	55	3	59
199912	1824	21	CAM	69	74	71	60	67	74	41	56	0	53	71	57	2	68
200108	245	13	LB	69	78	76	41	67	68	68	70	0	72	73	70	1	23
200271	237	38	LW	69	75	83	63	62	78	46	58	1	46	71	75	3	60
200302	620	42	LB	69	75	76	35	62	71	69	60	0	62	67	34	2	66
200478	91	25	CM	69	78	67	59	68	65	68	65	0	70	67	65	1	57
200536	166	21	LM	69	78	88	47	68	70	67	62	1	74	68	66	1	35
200702	190	133	LW	69	74	93	59	61	73	39	59	1	51	67	57	3	47
200888	1893	38	CDM	69	81	68	53	62	56	71	69	0	86	66	63	1	61
201136	294	18	RB	69	76	72	36	67	52	69	61	0	69	66	59	1	28
201143	379	18	RB	69	79	70	39	69	64	68	71	0	66	72	51	1	46
201265	2	13	ST	69	76	76	69	58	71	39	62	1	68	72	70	1	78
201363	110374	54	ST	69	78	80	65	55	76	40	62	0	60	76	74	2	60
201908	9	14	RB	69	80	68	28	64	58	72	75	0	79	66	33	1	25
201955	13	18	LB	69	79	75	50	64	71	70	64	0	75	69	73	1	74
202078	111140	122	RW	69	76	87	63	60	71	49	64	1	70	72	74	2	51
202088	25	21	RM	69	74	80	63	66	73	39	53	0	64	72	69	2	52
202169	417	95	RM	69	75	93	59	52	75	56	58	1	68	69	68	3	42
202371	231	7	RB	69	78	70	67	67	69	70	69	0	76	73	73	1	55
202458	1910	34	CAM	69	74	76	58	67	73	39	46	0	36	68	63	2	56
202475	1909	20	ST	69	69	75	65	56	83	39	49	1	49	83	65	4	56
202491	15	14	CM	69	82	69	57	75	68	51	43	1	33	72	58	2	64
202517	7	22	ST	69	69	67	65	48	60	46	76	1	76	60	65	3	48
202529	452	45	LB	69	73	78	44	60	64	68	62	0	67	72	52	1	57
202539	110	42	ST	69	75	77	70	61	67	39	62	0	57	64	73	2	72
202605	433	46	CB	69	76	56	49	54	50	71	70	1	78	51	78	1	28
202828	200	27	CM	69	81	64	64	71	67	64	64	0	74	71	76	2	73
203030	175	21	CB	69	81	67	41	53	47	70	71	0	76	60	59	1	45
203067	111140	56	CDM	69	69	75	61	64	68	67	58	0	65	68	71	2	61
203106	485	21	LM	69	81	82	62	69	73	56	53	0	52	77	68	3	68
203671	206	52	LW	69	71	85	65	55	74	44	73	1	69	77	72	2	62
203699	379	18	ST	69	71	68	65	52	66	43	72	0	60	68	66	2	44
203903	245	13	RW	69	80	74	58	62	77	46	53	1	40	78	59	2	55
203928	695	59	GK	69	69	69	67	59	78	51	66	0	62	24	25	0	25
204040	1043	54	CDM	69	77	72	65	68	70	68	70	0	70	72	75	1	69
204099	78	119	ST	69	75	64	64	51	58	46	75	1	90	61	71	1	51
204153	33	21	CDM	69	74	68	59	67	64	69	70	0	78	69	69	1	55
204214	111974	39	ST	69	74	74	65	53	63	42	75	0	70	65	67	1	55
204488	112225	27	ST	69	75	72	65	52	62	45	79	1	83	64	67	2	47
204493	100409	4	CM	69	76	62	59	70	67	68	60	1	81	73	77	1	74
205330	1823	80	CAM	69	78	81	63	68	68	60	57	0	65	71	69	2	65
205452	36	21	CB	69	82	67	43	63	61	70	71	0	79	67	73	1	55
205510	110152	60	CAM	69	69	93	67	66	69	63	67	1	74	70	71	2	68
205565	1903	34	LB	69	74	67	31	59	57	71	78	1	85	62	48	1	35
205603	650	34	ST	69	74	74	63	58	69	53	70	0	73	67	67	2	39
205857	110929	140	CB	69	73	65	34	47	47	70	72	0	76	60	55	1	21
205895	29	17	CM	69	73	80	63	66	72	60	57	0	65	72	70	1	48
205923	1960	50	LB	69	79	76	47	70	65	68	63	0	68	73	52	1	47
206222	453	45	CB	69	75	76	49	64	60	72	59	0	70	63	61	1	42
206590	483	45	LM	69	81	72	66	68	73	35	50	0	46	75	71	1	66
206601	110556	27	RB	69	75	69	37	66	57	68	68	0	68	61	50	1	31
206604	111327	55	CB	69	73	64	32	40	43	72	72	0	76	48	48	1	28
207510	17	163	ST	69	69	77	65	46	69	48	65	0	65	69	65	3	46
207523	175	51	CDM	69	76	67	46	65	68	71	70	0	76	71	67	1	42
207566	237	38	CDM	69	85	62	48	63	62	71	72	1	90	75	71	2	45
207641	101097	55	RM	69	79	92	66	67	75	64	56	1	51	70	66	3	68
207689	112225	22	CM	69	77	79	64	65	72	55	59	0	69	69	70	3	59
207711	449	45	ST	69	74	76	63	61	70	38	60	0	61	70	71	1	42
207958	111043	54	CB	69	69	54	58	60	64	74	69	0	69	64	58	3	60
207993	34	21	LB	69	80	77	43	64	61	72	68	0	84	64	76	1	24
208004	245	34	CB	69	79	68	38	64	63	70	66	0	72	74	55	1	33
208103	110710	27	RW	69	80	77	64	62	74	37	66	0	63	72	70	2	35
208251	206	27	ST	69	80	68	68	40	67	38	68	0	69	71	65	1	43
208298	694	52	CAM	69	70	75	63	66	69	50	56	0	57	65	71	2	67
208461	1913	34	CM	69	74	67	54	68	68	67	71	0	74	72	70	1	45
208670	1913	34	CAM	69	79	70	64	71	72	50	53	0	42	76	77	2	75
208722	191	136	LM	69	77	87	67	59	75	43	48	1	65	71	69	3	63
208824	55	54	CDM	69	78	66	45	64	67	68	65	0	62	70	65	1	47
208828	111050	54	RB	69	75	76	53	65	70	69	66	0	65	71	69	1	41
208838	111139	52	LM	69	71	76	58	66	72	42	54	0	60	70	73	2	57
208916	112139	183	ST	69	71	75	61	39	65	42	79	1	56	62	67	2	30
208923	112139	183	CM	69	74	76	57	70	67	68	64	0	71	72	66	2	44
208926	112139	183	GK	69	72	68	67	67	72	46	74	0	62	25	25	0	25
208949	605	183	LM	69	75	87	72	61	72	48	51	1	63	71	73	3	63
208960	101106	56	CDM	69	69	79	61	70	71	61	60	0	63	70	68	1	52
209019	1043	54	LB	69	72	76	58	71	73	66	64	0	58	72	65	1	75
209308	1719	54	RB	69	69	77	74	73	68	70	57	1	65	68	80	1	79
209567	112390	183	ST	69	72	79	65	57	70	41	69	0	78	67	67	2	55
209608	110781	56	LM	69	74	92	62	61	74	44	52	1	60	72	78	3	70
210234	237	118	ST	69	79	73	66	62	67	45	78	0	77	64	70	2	39
210372	66	18	LW	69	77	78	62	71	75	43	66	0	71	68	70	2	55
210404	112124	136	ST	69	74	68	64	54	68	42	66	0	80	66	80	2	48
210602	605	183	RM	69	74	85	67	63	73	37	50	1	46	68	74	3	50
210603	605	183	RB	69	71	90	57	70	76	68	57	1	71	73	72	2	35
212772	231	72	CB	69	72	66	29	49	50	70	72	0	77	56	46	1	31
213581	110394	52	RB	69	75	64	46	59	52	69	66	0	62	56	52	1	43
214009	101102	56	CDM	69	80	76	50	65	64	68	61	0	73	67	72	1	47
215273	1629	54	CB	69	72	56	40	47	41	69	78	1	91	54	56	1	54
215533	1908	34	GK	69	76	70	70	64	71	48	67	0	71	26	20	0	25
215930	52	10	CB	69	78	69	28	41	52	70	74	0	70	45	48	1	22
178086	243	45	GK	69	75	67	76	64	75	55	61	1	76	24	34	0	25
7656	112237	27	CDM	69	69	59	49	70	66	71	62	0	70	67	70	1	38
194872	100767	40	GK	69	75	67	64	62	74	43	71	0	34	27	20	0	25
204709	237	55	ST	69	80	72	65	48	72	42	67	0	65	71	73	2	41
195912	112387	167	ST	69	75	67	65	53	66	50	70	0	75	65	71	2	32
768	50	54	CB	68	71	53	40	62	56	68	68	0	67	72	68	1	26
1102	697	27	GK	68	68	69	70	64	71	42	64	0	64	71	70	3	64
2587	1799	14	ST	68	68	52	69	58	61	39	70	0	70	61	69	3	58
5231	378	18	RB	68	63	78	50	59	61	69	67	0	66	61	69	1	39
7597	39	27	GK	68	66	66	66	60	70	33	78	1	64	25	29	0	25
8012	1904	34	LW	68	68	62	71	62	76	48	54	0	64	73	72	2	68
8210	665	38	CAM	68	67	73	63	64	71	41	51	0	57	70	69	2	46
8264	1892	38	RB	68	66	74	51	66	67	67	65	0	66	66	73	1	37
8830	203	27	CM	68	68	53	65	72	67	66	54	0	54	67	65	3	72
10584	200	27	CB	68	65	54	56	69	63	72	62	0	65	57	63	1	33
12666	689	18	CAM	68	68	64	66	68	71	46	69	0	61	69	69	2	54
19687	1873	37	CB	68	68	32	51	63	61	70	68	0	80	62	56	1	64
28108	1917	42	LB	68	67	53	48	67	63	67	66	0	61	68	60	1	75
28178	83	42	LB	68	68	73	44	67	62	68	74	0	78	66	58	1	67
28230	1905	34	RM	68	69	78	55	63	75	38	44	0	52	72	59	2	51
34308	300	24	CB	68	67	63	49	56	51	70	69	0	80	58	69	1	64
44985	272	13	CB	68	68	36	33	49	40	67	70	0	69	52	45	1	21
45080	200	27	CB	68	67	59	37	58	53	69	70	0	74	54	53	1	38
46154	1053	54	CB	68	68	71	63	72	76	68	60	1	60	76	63	3	72
49026	190	27	ST	68	69	60	60	54	59	47	82	1	83	73	55	1	50
49045	82	42	ST	68	70	52	69	58	62	40	66	0	65	67	81	2	65
49223	631	42	RM	68	66	60	68	64	70	63	54	1	56	71	74	1	78
49613	1838	60	CB	68	67	34	65	68	68	70	80	1	84	67	72	1	64
50429	477	61	CAM	68	68	65	65	75	66	42	55	1	58	70	70	2	77
50723	1793	14	GK	68	66	66	72	66	70	51	67	1	76	25	24	0	25
50763	1952	14	GK	68	68	65	71	70	62	34	73	0	62	21	40	0	25
51358	1908	34	CB	68	68	33	40	58	43	70	72	0	72	43	40	2	58
51373	3	14	CAM	68	68	53	65	67	66	55	62	0	65	72	74	2	68
51513	1961	42	RM	68	67	69	64	68	68	62	47	0	64	65	66	2	71
52682	463	45	LB	68	68	73	56	71	64	68	58	0	79	73	69	2	69
52778	900	47	LB	68	67	70	60	65	62	68	76	0	77	69	71	1	65
53011	162	21	CB	68	66	44	34	51	47	70	73	0	78	56	60	1	36
53409	1807	14	CB	68	68	59	30	50	37	70	66	1	84	54	40	1	21
53435	97	133	CB	68	68	62	42	34	40	70	78	1	93	47	65	1	25
53521	14	14	ST	68	68	52	67	60	64	50	79	1	84	69	76	1	55
53585	1960	14	CB	68	68	34	26	49	40	69	77	0	77	40	26	2	49
53604	1808	42	CB	68	68	50	25	60	50	67	67	1	81	58	25	1	50
53719	97	14	CM	68	68	69	63	69	67	61	60	1	68	66	68	1	64
53759	1795	82	CB	68	67	70	32	61	54	69	66	0	75	58	48	1	27
53849	1793	63	CDM	68	67	60	56	58	59	71	71	1	84	64	76	1	33
100329	1952	136	CB	68	67	30	40	47	42	70	75	1	84	46	55	1	29
100758	94	25	LM	68	67	71	55	67	69	68	68	0	64	65	61	2	53
100807	1884	22	GK	68	68	65	70	66	70	27	68	0	65	32	33	0	25
101015	480	83	CF	68	68	71	70	64	72	41	60	0	62	73	75	2	69
101803	165	44	CDM	68	69	53	59	65	58	69	80	1	87	63	75	1	63
102088	112487	27	CM	68	67	59	57	72	64	70	62	0	69	70	74	1	55
107305	379	18	CB	68	71	62	42	59	56	66	74	0	78	63	64	1	49
107494	110915	27	GK	68	67	66	64	61	68	26	72	0	33	21	35	0	25
108075	614	54	ST	68	68	68	68	64	71	39	64	0	54	71	72	2	69
112778	571	45	CDM	68	67	61	60	62	64	68	68	0	79	65	81	2	56
116655	110326	18	CDM	68	66	55	69	69	59	66	72	1	77	65	85	1	76
118054	111395	21	LW	68	68	64	66	68	73	45	59	0	56	71	74	2	70
122445	100634	117	CM	68	66	67	59	65	69	65	57	0	56	71	63	1	32
134746	1793	28	CB	68	67	48	34	49	48	69	74	1	79	54	44	1	24
135095	111043	54	CB	68	68	71	29	44	40	70	70	0	70	40	29	2	44
135447	1039	54	CB	68	68	63	51	36	33	67	70	0	70	33	51	2	36
136285	110765	167	CAM	68	68	81	65	60	70	41	50	0	59	72	61	2	76
136601	982	167	GK	68	69	67	69	70	68	35	68	0	70	23	22	0	25
137261	100409	21	RB	68	68	64	36	56	48	70	66	0	73	64	58	1	31
137277	687	95	CM	68	68	69	64	64	65	60	62	0	62	65	64	3	64
137510	1913	34	CB	68	69	51	45	63	47	68	72	0	74	53	62	1	54
137774	206	27	CB	68	71	59	28	44	36	70	69	0	78	52	31	1	24
138052	111065	95	CB	68	68	60	41	49	52	70	72	0	80	61	60	1	39
138065	379	18	LB	68	69	70	47	69	67	68	56	0	62	71	65	2	45
138247	700	13	GK	68	68	61	69	68	70	50	72	1	66	22	22	0	25
138373	1904	34	CB	68	67	52	60	70	62	70	69	0	77	66	74	1	55
138452	1048	54	CB	68	68	75	56	69	74	68	64	1	64	74	56	3	69
138528	100831	45	LB	68	68	70	39	67	60	68	59	0	69	67	54	1	53
138722	109	14	RB	68	71	68	54	64	67	68	66	0	67	68	58	1	58
139017	110152	83	CDM	68	65	41	61	72	65	69	58	0	64	72	73	2	68
139572	110724	7	RM	68	69	75	62	63	74	47	54	0	58	71	67	2	55
139727	674	7	GK	68	68	72	65	73	73	47	62	0	62	73	65	3	73
139871	1902	34	LM	68	68	63	73	70	65	63	58	1	68	69	84	1	82
139974	239	111	CM	68	68	72	64	69	72	60	71	0	76	73	72	2	56
140156	1882	83	ST	68	64	66	66	54	65	48	65	0	71	60	71	1	55
140271	112578	56	CDM	68	66	57	62	71	62	70	66	0	66	63	70	1	66
140284	1887	38	CB	68	70	54	55	63	57	71	70	0	80	62	69	1	39
140422	4	14	RB	68	69	77	39	52	56	72	75	1	81	56	56	1	25
140545	1814	18	CAM	68	64	71	57	68	70	48	59	0	67	70	59	2	33
140798	110234	9	RM	68	66	57	72	69	68	54	60	1	71	68	71	2	70
142313	62	18	LB	68	68	66	52	65	62	67	69	0	67	65	64	2	53
142670	110554	52	CM	68	70	69	57	67	67	70	63	0	78	69	72	1	58
142710	112526	56	CB	68	67	31	50	47	47	70	70	0	74	47	57	1	39
142774	110093	58	LB	68	68	73	57	66	61	69	66	0	64	57	77	1	73
142783	111022	58	CM	68	68	65	60	74	72	62	66	0	66	72	60	3	74
143088	1877	52	RM	68	67	70	57	74	68	50	59	0	64	72	64	3	52
143274	15005	7	CB	68	68	44	38	62	50	69	69	0	70	60	57	1	40
144968	298	46	LB	68	66	66	59	68	64	70	70	0	71	65	66	2	69
144979	418	46	GK	68	64	67	65	67	71	54	72	1	76	28	39	0	25
145020	100831	45	CDM	68	68	56	64	75	58	57	46	1	67	69	71	1	79
145149	110062	45	ST	68	67	70	64	63	73	46	49	0	56	73	68	2	52
145591	1807	45	CB	68	64	54	59	62	47	67	77	1	83	56	61	1	62
145595	468	45	CM	68	68	61	58	64	58	68	62	0	70	66	73	1	60
146459	2023	45	CM	68	68	68	65	71	68	52	55	0	55	68	65	3	71
146464	110062	45	CB	68	68	58	44	37	46	71	66	1	85	51	65	1	21
146537	2023	45	CDM	68	68	63	55	68	60	59	58	0	61	68	70	2	57
146621	450	45	ST	68	68	41	63	59	57	54	82	1	82	57	63	3	59
146637	100831	45	GK	68	68	73	61	60	78	61	59	1	62	21	25	0	25
146704	33	45	CB	68	69	56	50	49	52	70	71	1	80	56	78	1	62
147042	1793	40	ST	68	69	56	71	58	61	47	71	1	80	70	77	2	69
148625	1884	34	CDM	68	69	63	58	67	70	66	70	0	76	74	65	1	44
148866	1905	34	CDM	68	68	56	64	68	64	66	64	0	72	64	72	1	74
149309	111974	27	GK	68	69	67	64	50	75	32	70	0	65	27	35	0	25
149611	112237	10	ST	68	65	34	64	47	63	48	83	1	91	70	74	1	42
149612	17	54	LM	68	67	68	65	67	71	49	71	0	74	67	70	2	56
150414	160	21	CB	68	66	41	51	64	37	68	72	0	82	52	68	1	56
150675	112199	18	LB	68	67	62	40	67	41	69	71	0	74	65	57	1	35
151225	14	50	CB	68	67	52	34	57	45	69	75	0	72	47	37	1	38
151586	1788	13	LW	68	68	75	67	68	62	62	61	0	72	65	74	2	69
151708	819	13	GK	68	67	71	64	77	73	40	64	1	70	30	27	0	25
152211	111239	4	GK	68	68	69	63	66	73	54	64	0	77	26	31	0	25
152273	191	4	CB	68	72	67	54	53	57	63	82	1	79	62	69	1	32
152880	14	14	LB	68	69	69	65	68	70	66	65	0	73	72	66	2	68
152883	687	95	CB	68	71	53	49	53	54	71	76	1	84	57	62	1	55
152893	111139	95	GK	68	64	72	69	53	69	55	68	0	50	22	35	0	25
152896	695	81	CM	68	68	79	68	65	69	41	45	0	45	69	68	3	65
153004	1871	37	LB	68	68	72	45	60	59	68	65	0	74	59	57	1	36
154543	110741	27	ST	68	67	74	66	55	63	40	65	0	72	68	70	2	59
154563	110364	27	LB	68	66	73	60	68	68	68	64	0	66	65	77	1	60
154867	110089	39	LM	68	66	57	69	69	70	36	61	0	41	65	68	2	59
155267	33	70	ST	68	64	48	64	52	56	49	79	1	90	63	72	1	40
155277	111139	70	CDM	68	66	71	66	67	70	66	66	0	72	67	74	1	64
155309	1474	167	ST	68	68	79	68	56	66	47	76	1	90	64	68	2	62
155532	110	133	GK	68	71	70	68	63	70	50	68	0	80	23	21	0	25
155676	111092	37	CDM	68	66	64	71	66	57	69	75	1	80	60	78	1	64
155681	1853	103	ST	68	68	86	65	60	69	49	70	1	75	69	73	2	55
155724	88	14	CM	68	68	58	73	68	67	50	54	1	54	67	73	3	68
155931	1855	45	GK	68	71	82	58	55	81	36	57	1	52	26	23	0	25
155961	457	45	GK	68	68	74	64	60	75	42	64	0	60	26	22	0	21
155964	97	195	ST	68	68	75	64	55	67	50	69	0	71	66	67	2	52
156164	1932	14	CB	68	67	68	40	62	54	66	73	0	68	64	64	1	38
156373	1028	83	LB	68	68	72	67	71	69	65	61	0	68	70	76	1	75
156443	166	21	CB	68	69	58	36	51	50	68	71	0	75	64	61	1	39
156649	71	18	RM	68	66	68	64	69	71	45	60	0	56	73	71	1	51
156662	110392	52	CM	68	67	53	62	64	65	70	67	0	69	70	68	1	62
156688	110109	54	ST	68	69	75	66	47	79	47	53	1	63	77	63	3	64
156894	4	14	CAM	68	67	67	66	66	67	67	70	0	74	64	72	2	51
157300	1530	18	ST	68	65	72	64	49	68	43	72	0	75	64	63	1	50
157707	111395	1	ST	68	68	74	61	48	66	50	74	0	81	63	62	2	45
157803	110596	1	ST	68	68	53	66	59	65	45	68	0	78	67	73	2	38
158131	110329	21	CB	68	68	65	28	46	51	68	74	0	73	58	36	1	22
158172	1831	21	CDM	68	69	72	49	67	66	68	66	0	71	67	54	1	53
158394	110500	21	LB	68	70	72	53	67	65	67	64	0	77	63	62	1	51
158483	1893	47	GK	68	65	71	66	61	69	46	67	0	75	25	24	0	25
158595	1878	83	CDM	68	72	63	48	70	64	69	68	0	72	66	66	1	62
158663	110596	21	LB	68	70	78	67	69	65	52	59	0	67	71	66	3	60
158664	29	21	CDM	68	70	70	57	68	70	60	64	0	69	73	71	2	73
159017	873	17	CAM	68	69	76	59	64	66	57	57	0	65	63	62	2	33
159039	1744	27	CB	68	68	45	39	50	37	70	74	0	81	45	58	1	41
159040	50	27	CM	68	68	41	66	70	62	64	74	0	79	68	73	1	45
159051	1901	18	GK	68	67	73	66	57	72	38	66	0	66	22	31	0	25
159096	111264	24	CB	68	68	52	39	48	37	70	68	0	79	48	61	1	20
159202	1882	83	LB	68	68	67	50	66	64	69	64	0	72	65	65	1	57
159332	110152	83	GK	68	63	68	67	61	70	49	68	0	51	21	27	0	25
160556	100764	6	ST	68	68	65	66	58	60	46	74	0	82	64	73	2	56
161733	1970	83	CB	68	68	55	48	58	51	68	82	1	80	55	66	1	50
161781	110913	51	CM	68	66	67	73	70	67	67	69	1	79	68	86	2	69
161787	894	47	LM	68	72	58	59	69	71	40	52	0	46	67	69	2	69
162471	97	25	ST	68	67	76	64	62	69	48	69	0	70	69	65	2	58
162476	1960	14	ST	68	67	79	63	54	65	46	73	0	79	62	67	2	26
162780	110109	40	CAM	68	74	69	65	67	69	59	66	1	82	73	61	2	58
163263	695	95	ST	68	65	55	68	57	64	48	76	1	85	69	75	2	61
163495	1747	7	RM	68	68	69	65	68	64	48	62	0	63	63	69	2	68
163570	1808	50	CM	68	68	63	67	68	64	66	65	0	68	67	75	1	51
163619	77	25	RM	68	71	81	61	63	72	50	48	0	62	67	61	3	65
163670	896	46	LB	68	68	84	46	68	68	68	55	0	69	64	65	1	57
163779	4	14	LB	68	68	68	39	63	57	68	52	0	63	59	44	1	52
163806	450	45	GK	68	72	64	68	79	66	46	74	1	62	23	36	0	25
163927	112124	27	CM	68	67	55	66	69	67	62	60	0	64	67	65	2	66
164375	112487	27	CB	68	65	58	41	48	43	71	71	1	85	40	51	1	25
164464	689	14	ST	68	73	84	64	49	67	43	66	1	61	69	72	2	41
164610	693	95	CDM	68	68	66	63	56	63	68	68	1	73	69	84	1	69
164858	165	17	CDM	68	71	33	60	65	54	69	64	1	85	65	84	1	66
165065	246	108	LW	68	69	80	67	54	66	47	67	0	71	68	78	2	48
165219	14	14	CB	68	73	65	37	58	47	67	68	1	80	61	52	1	27
165226	1799	25	CAM	68	67	69	64	70	65	57	55	0	59	65	62	2	71
165237	1799	18	LB	68	68	61	49	67	60	71	68	0	71	66	76	1	36
165243	111271	18	CB	68	71	61	45	71	61	68	70	0	69	71	51	1	36
165244	112409	27	CB	68	69	59	40	54	43	70	73	0	81	49	66	1	65
165269	226	144	CAM	68	73	80	65	60	73	41	66	0	71	73	72	2	62
165564	922	117	GK	68	71	67	69	65	72	61	66	1	74	28	31	0	25
165761	111042	54	CM	68	68	70	63	67	71	52	55	1	55	71	63	3	67
166039	110930	147	ST	68	67	71	65	49	65	43	71	0	88	70	71	2	38
166744	100766	40	GK	68	72	67	66	65	71	38	67	0	76	21	24	0	25
166838	1943	14	LM	68	68	82	64	64	69	39	52	0	66	67	66	2	68
167180	1456	36	CM	68	65	81	63	69	74	61	66	0	70	66	75	2	61
167497	1906	46	ST	68	70	58	66	52	60	46	74	0	83	66	75	1	52
167803	94	14	GK	68	71	73	64	62	72	56	66	0	70	25	21	0	25
167931	13	14	GK	68	71	69	66	67	71	47	68	0	71	21	25	0	25
168379	459	45	RM	68	72	73	57	61	73	54	59	0	58	73	56	3	65
168676	110234	43	ST	68	68	63	68	67	63	43	66	1	85	67	76	1	67
169106	226	18	RM	68	68	79	60	62	75	44	52	0	67	72	62	2	36
169405	111239	10	CB	68	66	31	40	45	34	69	73	1	80	51	54	1	25
169407	110500	21	ST	68	68	67	65	52	61	41	65	1	72	66	77	1	39
169447	111396	198	CM	68	68	75	69	61	73	49	53	0	56	72	70	2	72
169568	1939	14	RWB	68	64	80	67	66	75	39	40	0	57	73	71	3	71
169804	217	18	RB	68	69	65	38	70	61	68	66	0	60	68	52	1	25
170307	1838	27	CB	68	70	65	45	53	46	70	68	0	73	50	68	1	34
170569	450	45	ST	68	68	77	64	50	69	42	70	0	72	68	74	2	48
170814	100087	7	ST	68	66	74	65	54	63	41	70	0	74	62	66	1	51
171077	2023	45	RB	68	68	76	48	53	56	69	64	0	70	56	64	1	49
171082	1903	7	ST	68	71	88	63	63	73	41	52	1	67	71	69	2	46
171139	1861	45	ST	68	68	66	65	59	73	46	66	1	71	72	82	2	63
171363	110144	83	CB	68	68	48	46	53	53	67	76	0	73	55	59	1	33
171364	111678	95	LB	68	69	84	51	64	71	65	64	0	40	68	67	2	58
171555	100764	43	GK	68	68	71	68	63	73	41	62	0	62	23	25	0	25
171881	91	25	ST	68	69	81	61	51	58	50	72	0	79	60	77	2	34
172041	298	13	RW	68	67	88	49	63	70	39	49	1	60	66	47	2	31
172050	100081	18	CB	68	68	62	38	65	61	70	68	0	78	65	62	1	25
172149	100081	7	CDM	68	70	66	46	66	64	68	64	0	61	65	60	1	69
172412	200	27	RW	68	68	86	69	64	72	41	57	1	52	69	64	2	67
172529	673	13	LB	68	70	81	52	68	66	68	70	0	76	65	70	1	70
172561	112424	13	LB	68	72	71	55	70	64	65	55	0	48	69	74	1	72
172780	1943	14	ST	68	74	68	70	62	65	40	67	0	71	67	72	2	72
172950	101112	95	CB	68	68	50	37	47	40	69	72	1	72	40	37	2	47
173370	696	95	CM	68	72	73	64	68	72	62	64	1	70	75	70	2	75
173602	450	45	CB	68	68	55	46	65	57	71	61	0	61	57	46	3	65
173673	1952	25	CM	68	70	72	69	68	74	60	64	0	61	70	72	2	73
174746	695	87	ST	68	67	68	65	55	66	44	67	0	69	65	69	2	47
174859	110832	45	CM	68	68	66	47	66	57	67	56	0	59	70	49	1	71
175253	110147	57	CM	68	69	64	61	73	68	65	62	0	80	71	80	2	71
175613	68	18	CB	68	70	53	40	63	52	67	77	0	82	58	60	1	37
175688	698	82	CB	68	63	70	30	62	57	69	76	0	78	52	43	1	31
175932	95	7	RB	68	75	87	39	57	63	68	70	1	73	67	60	1	32
176009	15005	7	CDM	68	71	70	60	69	71	61	52	0	53	73	68	1	70
176418	111292	54	CB	68	71	51	51	55	60	70	69	0	77	65	63	1	52
176494	10020	38	CM	68	67	62	63	67	65	66	62	0	70	66	74	1	60
176553	111974	27	CM	68	71	75	65	72	71	52	66	1	62	76	68	2	60
176766	1477	7	ST	68	68	61	65	50	60	42	77	1	77	60	65	3	50
176913	111019	52	GK	68	72	74	65	63	69	40	67	0	54	25	36	0	25
177004	687	95	GK	68	67	69	65	67	73	51	69	0	57	25	29	0	25
177036	25	43	ST	68	67	61	64	63	65	71	70	1	90	63	75	1	33
177485	192	126	ST	68	66	61	65	42	59	40	71	0	74	64	74	1	50
177638	462	207	CB	68	71	53	29	56	40	69	71	0	82	49	45	1	44
177772	1786	136	ST	68	68	65	66	45	64	48	77	0	83	68	71	1	45
177803	111139	27	ST	68	71	73	65	62	68	45	67	0	68	69	70	2	51
177815	1906	7	GK	68	68	71	66	61	71	48	67	0	64	27	37	0	25
177912	1445	36	CM	68	73	76	61	70	74	55	63	0	66	77	76	2	54
177958	1838	27	ST	68	66	70	68	55	67	47	64	0	70	68	72	2	60
178033	13	18	RM	68	72	87	58	62	73	45	57	1	67	69	66	3	38
178040	111292	54	ST	68	68	64	66	50	69	40	72	0	75	72	71	2	51
178059	1808	34	CM	68	68	67	57	70	70	65	66	0	82	73	76	2	64
178063	112487	97	CF	68	67	74	66	63	70	48	68	0	81	71	69	2	63
178113	312	51	LB	68	68	66	42	76	62	69	63	1	72	68	57	2	75
178187	1913	21	CB	68	68	74	42	60	59	67	72	0	72	56	72	1	31
178374	1747	116	CAM	68	70	73	70	54	69	45	63	0	67	68	75	2	69
178414	1902	34	CB	68	66	58	65	67	63	70	72	0	77	63	80	1	68
178565	110406	52	LB	68	68	84	35	67	46	67	62	0	64	63	68	1	70
179633	1910	13	CAM	68	70	79	63	68	69	43	54	0	64	72	70	2	60
179698	111706	52	LB	68	68	74	58	68	69	67	67	0	66	72	72	1	47
179708	111139	56	CB	68	68	66	40	50	34	69	72	0	72	34	40	2	50
179778	111144	95	RM	68	67	70	67	65	64	68	69	0	66	68	74	2	58
179822	110930	140	RB	68	73	74	55	67	72	65	62	0	60	78	63	1	42
179856	1932	14	CM	68	67	69	50	66	64	65	58	0	70	66	64	2	61
179924	14	14	CDM	68	66	65	58	66	67	65	66	0	63	67	64	1	57
180250	1476	54	LW	68	71	80	66	59	72	59	63	0	77	72	78	2	47
180359	242	38	LM	68	69	75	52	70	72	65	54	0	56	74	58	1	48
180433	110636	21	RB	68	68	67	48	60	56	68	67	0	78	59	63	1	46
180440	420	37	CB	68	67	65	33	54	54	68	69	0	74	56	55	1	27
180706	1926	35	CB	68	70	67	31	56	52	69	72	0	70	58	38	1	38
180942	25	12	CB	68	69	28	39	41	35	73	72	1	78	36	60	1	33
181214	315	28	CM	68	75	75	62	69	69	58	53	0	39	72	75	2	62
181298	269	46	CB	68	71	81	31	42	34	70	74	0	80	38	59	1	22
181412	1039	54	CB	68	68	76	56	67	69	69	64	0	64	69	56	3	67
181499	378	18	CM	68	65	60	48	69	64	67	58	0	72	66	57	1	55
181777	256	44	CM	68	68	73	63	67	73	47	55	0	55	73	63	3	67
181866	110596	195	ST	68	68	91	59	63	68	44	56	1	62	66	68	2	61
182091	111397	198	ST	68	66	86	65	53	73	43	52	1	56	62	65	2	41
182107	111043	54	LW	68	74	86	64	61	73	45	66	1	63	71	62	2	64
182147	383	54	CDM	68	68	63	71	66	60	71	52	1	78	68	84	2	78
182628	111086	38	ST	68	70	73	64	63	69	45	68	0	62	64	67	2	55
182641	1901	38	CDM	68	68	63	51	66	67	67	69	0	70	68	63	1	44
182743	36	21	GK	68	72	71	66	59	71	57	65	0	70	28	33	0	25
182864	110392	60	ST	68	72	64	64	61	65	43	70	0	71	71	72	1	42
183068	62	18	RM	68	71	92	62	59	68	46	63	1	62	67	61	2	53
183156	110329	21	CM	68	68	52	62	63	62	70	72	1	72	62	62	3	63
183392	670	7	ST	68	72	72	67	47	61	42	76	0	82	65	77	1	49
183420	278	45	CDM	68	73	66	51	63	63	68	63	0	67	63	72	2	55
183471	110770	195	CAM	68	74	76	66	64	71	49	56	0	71	72	69	2	72
183520	1039	45	CM	68	74	72	68	72	73	54	49	1	66	76	78	2	78
183662	29	4	CM	68	68	91	63	64	69	44	59	1	59	69	63	3	64
183920	160	21	ST	68	72	77	66	52	65	47	71	0	84	70	77	2	48
183936	1902	34	CAM	68	71	65	63	64	68	68	70	0	85	68	76	1	49
183939	1904	34	LW	68	70	81	59	57	72	42	52	0	60	74	58	3	68
183955	100081	18	RM	68	68	81	66	62	67	43	69	0	59	67	71	2	56
184334	1478	167	CAM	68	72	85	61	63	68	62	46	1	60	66	62	3	70
184450	1902	34	CM	68	72	51	61	67	70	60	62	0	80	73	70	2	43
184456	14	95	RB	68	73	75	42	58	66	69	62	0	72	62	57	1	30
184467	1926	14	ST	68	71	90	61	49	75	38	68	1	70	70	68	2	35
184480	1793	50	ST	68	73	78	66	62	71	50	63	0	76	69	74	2	34
184565	1915	44	RW	68	66	72	63	66	72	52	62	0	64	72	66	2	71
184634	1902	7	CB	68	71	52	38	56	49	68	74	0	77	55	47	1	25
184781	294	51	GK	68	73	69	67	55	71	47	68	0	57	20	24	0	25
184853	1053	54	LB	68	70	83	56	67	71	65	62	0	63	72	70	2	58
184873	378	108	CB	68	65	61	37	48	39	69	70	1	82	59	44	1	57
184895	232	7	RM	68	75	81	70	65	72	40	60	0	68	73	81	3	73
184924	1807	99	LB	68	70	78	49	58	56	70	82	1	90	57	68	1	51
184965	452	54	RB	68	74	68	52	69	74	68	61	0	60	75	71	2	42
185026	450	45	CB	68	70	43	35	45	40	66	76	1	79	46	67	1	36
185030	650	34	RW	68	69	85	65	62	71	42	60	1	57	70	69	2	50
185046	665	54	CDM	68	67	61	46	68	69	69	67	0	80	65	58	1	45
185120	110915	27	CB	68	72	59	37	48	50	68	70	0	73	57	54	1	42
185313	100765	6	CDM	68	68	67	30	62	49	71	74	0	67	68	37	1	31
185349	2007	7	LB	68	72	84	50	65	66	65	73	0	66	66	61	1	58
185400	110636	20	CAM	68	73	68	54	70	74	44	53	0	52	68	58	3	63
186100	111139	45	CB	68	67	73	38	62	36	67	70	0	69	55	43	1	40
186102	472	133	ST	68	75	76	67	46	61	41	69	0	81	62	68	2	58
186132	95	14	CM	68	78	70	56	68	68	55	56	0	64	71	66	2	42
186260	673	23	GK	68	71	71	62	66	73	51	66	0	71	21	23	0	25
186335	432	46	CB	68	71	61	35	59	57	69	69	0	75	56	47	1	39
186385	1939	14	CM	68	74	68	61	67	69	62	50	0	58	70	68	1	63
186392	1799	14	RB	68	78	66	37	72	64	69	65	0	76	71	69	1	33
186395	1943	14	RM	68	74	72	57	62	70	56	51	0	58	64	68	2	53
186400	110770	47	CB	68	71	49	41	60	59	70	69	0	83	58	68	1	47
186541	1880	83	RB	68	71	67	59	65	60	69	67	0	68	66	69	1	50
186645	697	95	RB	68	68	84	53	60	64	68	70	1	73	63	70	1	53
186876	78	133	CB	68	74	73	46	63	67	68	74	0	82	67	74	1	41
186881	256	195	CDM	68	71	68	58	65	64	66	58	0	72	65	59	2	45
186939	110329	21	ST	68	72	70	64	49	64	44	71	0	71	65	71	2	38
186941	38	21	GK	68	73	69	65	65	71	36	70	0	65	20	23	0	25
186950	1843	47	LM	68	78	85	53	64	69	65	70	1	71	63	58	1	42
186962	1820	18	CB	68	73	64	32	60	54	68	68	0	76	60	46	1	38
187004	1887	132	ST	68	74	91	64	52	57	43	71	1	82	60	81	2	44
187085	110144	83	RB	68	71	80	50	62	70	64	63	0	53	67	67	1	41
187110	1880	83	LB	68	72	76	58	66	65	67	60	0	79	69	74	1	64
187228	110144	83	ST	68	71	70	64	60	67	43	78	0	69	67	68	1	49
187256	110147	83	ST	68	73	69	64	52	66	41	68	0	74	67	71	1	44
187337	320	46	RM	68	74	83	67	61	71	45	52	0	77	73	79	2	59
187489	1952	25	CM	68	72	53	56	71	66	68	70	0	78	72	67	1	53
187491	312	40	ST	68	75	73	68	62	67	42	62	0	71	74	69	2	63
187577	110233	40	CAM	68	74	73	67	66	71	57	59	0	50	70	70	2	72
187850	485	47	RM	68	76	79	59	63	74	43	51	0	64	74	56	2	58
188103	3	45	RM	68	79	70	71	62	70	49	62	0	73	76	71	3	65
188182	110636	21	RB	68	70	74	41	59	62	70	71	0	77	61	60	1	37
188194	101085	52	LB	68	69	80	60	66	71	65	61	0	59	69	81	2	70
188538	1896	18	CB	68	74	52	27	50	43	69	72	0	76	55	39	1	25
188541	1844	27	RM	68	75	84	63	64	69	58	63	0	68	70	70	1	56
188580	160	13	ST	68	68	70	70	65	71	46	63	1	63	71	70	3	65
188617	206	27	CM	68	67	69	58	72	64	66	67	0	74	68	66	1	61
188765	614	97	CDM	68	68	63	49	62	44	68	72	0	74	67	47	1	53
188770	25	47	CF	68	79	73	66	49	68	39	55	0	71	75	74	2	61
188930	242	45	RB	68	70	80	47	61	65	67	62	0	57	68	69	1	38
188975	1913	78	LM	68	71	70	69	66	77	51	47	0	45	73	81	3	74
189106	674	45	RB	68	68	72	38	59	59	71	69	0	78	60	60	1	29
189135	110144	83	LM	68	72	81	67	62	71	49	50	0	41	67	72	2	65
189431	820	46	ST	68	75	69	63	60	69	43	54	1	67	71	71	1	35
189451	1881	52	ST	68	72	56	67	50	67	55	74	1	91	63	81	2	56
189558	1837	37	CB	68	74	60	55	64	61	68	74	0	78	71	65	1	69
189669	1838	52	CB	68	66	45	39	54	46	70	72	0	77	50	61	1	34
189713	100632	34	CAM	68	71	61	68	65	68	48	62	0	74	71	67	1	62
189717	232	161	ST	68	70	78	63	58	74	47	58	0	68	72	64	2	53
189736	112020	27	CM	68	74	78	63	69	77	58	59	0	68	72	68	2	66
189757	710	47	ST	68	68	71	61	50	71	46	65	1	65	71	61	3	50
189899	650	34	CB	68	70	53	42	57	51	69	70	0	81	56	63	1	61
190074	111993	27	RW	68	70	79	61	64	69	49	62	0	73	70	65	2	61
190160	8	82	CM	68	67	82	68	64	64	73	72	1	83	64	85	1	68
190195	62	126	GK	68	72	72	69	57	76	54	60	1	86	25	23	0	25
190313	271	20	RM	68	68	75	62	65	69	48	60	0	72	67	64	2	44
190424	231	117	CM	68	73	71	39	60	66	70	57	0	71	71	50	1	35
190445	1	117	CDM	68	74	73	57	64	69	68	63	0	82	67	71	2	72
190459	1456	36	GK	68	75	66	68	63	70	34	71	0	77	25	33	0	25
190494	232	117	RB	68	75	90	49	66	70	67	65	1	64	66	75	1	34
190630	694	81	CDM	68	68	61	45	60	63	71	64	0	70	66	54	1	59
190640	1910	24	CDM	68	72	73	57	66	65	68	73	0	78	67	67	1	56
190653	1882	83	RM	68	76	87	60	63	68	40	55	1	68	80	75	3	42
190698	873	8	GK	68	73	70	65	61	75	30	62	0	62	21	25	0	25
190738	191	36	ST	68	75	78	65	52	67	51	62	0	75	68	76	1	27
190769	1838	27	GK	68	75	68	69	66	71	29	67	0	52	25	39	0	25
190792	670	110	GK	68	71	75	60	62	74	53	62	0	73	21	21	0	25
190883	697	95	CB	68	70	74	47	60	62	69	69	0	70	63	52	1	54
190907	567	54	LW	68	76	90	61	60	77	47	61	1	48	73	67	3	61
190941	269	17	GK	68	73	72	68	72	67	42	66	0	48	25	25	0	25
190943	1788	13	LW	68	74	76	60	54	77	41	58	0	57	78	54	2	54
190981	1445	36	ST	68	74	83	61	54	67	44	69	0	71	68	73	1	26
191059	468	45	CDM	68	71	63	72	77	71	61	56	1	68	76	85	2	70
191123	254	4	ST	68	74	79	70	60	68	39	64	0	63	71	75	2	71
191257	1831	21	RM	68	68	79	62	62	68	42	70	0	74	67	68	1	54
191259	10030	21	RB	68	70	80	53	65	64	66	59	0	67	66	64	1	54
191269	605	183	CM	68	69	77	53	69	72	61	50	0	61	74	60	2	45
191390	229	18	LB	68	74	78	41	64	64	65	64	0	63	65	44	2	49
191409	111674	183	ST	68	71	71	65	54	64	50	81	1	74	65	71	2	45
191668	110231	167	ST	68	71	75	61	53	62	48	76	0	76	61	64	2	51
191783	191	36	CM	68	76	75	71	70	80	55	57	1	76	77	78	2	65
191841	605	183	ST	68	68	76	65	47	61	43	78	0	74	54	67	2	57
191980	15	167	LB	68	74	81	57	65	66	67	67	0	75	66	64	1	55
192227	1837	21	CB	68	80	66	42	50	45	69	73	0	75	58	64	1	45
192320	2	14	CM	68	77	57	78	72	65	58	72	1	57	73	82	2	79
192323	1903	195	RM	68	71	69	60	69	67	64	64	0	69	72	67	1	66
192358	674	34	GK	68	73	71	63	70	73	41	64	1	73	32	38	0	25
192766	1806	45	CB	68	80	68	28	55	50	70	64	0	68	63	24	1	39
192768	219	214	RB	68	71	68	27	59	53	72	70	0	78	54	43	1	30
192775	1853	22	LB	68	71	76	35	59	60	71	58	0	73	68	58	1	27
192788	479	45	LB	68	72	77	55	66	64	65	64	0	66	67	71	2	50
192930	1970	83	ST	68	74	88	63	54	72	46	63	1	56	72	70	2	47
193142	111046	54	CB	68	68	74	63	71	71	69	60	0	60	71	63	3	71
193143	744	38	CB	68	74	47	45	57	51	70	70	1	84	56	70	1	31
193152	448	45	GK	68	72	69	80	57	61	45	68	1	82	21	21	0	25
193172	3	14	RM	68	78	75	67	68	71	39	54	0	60	68	74	1	71
193195	322	47	CF	68	72	72	60	66	71	42	68	0	73	62	64	3	52
193220	110636	54	CB	68	72	65	33	44	49	71	69	1	79	52	64	1	25
193226	1823	18	ST	68	75	72	65	57	64	38	64	0	56	65	68	2	48
193283	819	13	CM	68	77	71	61	70	69	61	57	0	63	73	75	2	40
193429	598	54	RB	68	75	83	65	61	64	66	52	0	51	69	77	1	55
193561	1909	34	RB	68	75	73	57	66	67	68	70	0	66	69	59	1	53
193796	459	45	CAM	68	74	78	61	63	73	39	50	0	56	72	66	1	66
193887	483	58	LM	68	76	76	67	60	72	44	62	1	70	71	82	2	48
193985	111239	54	CB	68	69	61	53	62	56	70	68	0	79	60	68	2	55
194060	1744	27	CM	68	75	70	59	69	67	64	62	0	69	71	65	1	61
194148	91	25	CB	68	75	56	36	51	51	68	70	0	72	60	53	1	30
194329	457	45	CM	68	77	67	64	66	62	61	51	1	61	70	82	2	60
194334	1792	45	CB	68	73	65	34	53	56	70	69	0	71	63	41	1	32
194519	452	45	LB	68	70	79	37	55	61	69	62	0	71	64	58	1	38
194806	109	14	CB	68	76	68	35	40	38	67	76	0	74	62	56	1	23
194858	110913	26	CB	68	72	63	36	64	60	69	71	0	75	64	63	1	39
194876	110234	40	LW	68	76	71	67	48	65	46	74	0	77	63	71	2	51
194953	378	18	CB	68	72	63	28	57	48	69	69	0	71	57	40	1	32
194988	189	60	ST	68	68	78	67	62	71	45	57	0	57	71	67	3	62
194998	1806	42	CM	68	74	69	51	71	70	65	67	0	71	72	65	2	34
195256	379	18	LB	68	76	75	48	65	68	70	58	0	75	66	57	1	50
196889	1746	27	CAM	68	76	89	57	55	71	35	44	1	34	71	61	3	55
196898	1902	104	CB	68	67	54	50	47	57	68	75	1	84	59	75	1	54
197166	691	95	ST	68	77	79	64	52	71	45	71	0	70	68	74	3	50
197776	418	36	LM	68	69	84	58	62	67	56	58	0	35	66	51	2	63
197786	32	27	RB	68	76	78	47	65	57	69	66	0	76	66	66	1	45
198020	453	45	LB	68	74	77	43	59	62	68	65	0	64	62	57	1	52
198023	453	45	RB	68	71	79	44	61	66	68	62	0	68	63	62	1	40
198348	210	18	LW	68	74	75	63	70	72	50	44	0	57	70	70	2	57
198355	1841	95	GK	68	70	70	65	61	76	63	65	1	50	25	25	0	25
198511	234	38	GK	68	68	70	66	68	72	37	67	0	67	72	66	3	68
198790	100879	45	CB	68	72	58	60	51	49	67	70	1	82	53	83	1	55
198819	111271	18	ST	68	75	75	63	63	71	46	66	0	63	70	71	2	50
198849	254	22	CDM	68	74	62	46	61	57	69	70	0	74	67	73	1	68
198866	111050	54	CB	68	68	38	42	50	42	70	76	0	76	42	42	2	50
198951	226	18	ST	68	76	80	63	54	68	40	68	0	63	68	73	2	47
198955	110069	45	CAM	68	74	67	65	72	68	33	44	0	40	68	68	2	75
199107	111070	57	CDM	68	64	69	56	68	62	67	65	0	73	66	64	1	60
199215	256	4	RW	68	73	75	69	62	70	44	64	0	68	70	71	2	56
199288	503	18	CDM	68	72	64	49	63	64	69	69	0	75	68	60	1	42
199310	981	167	GK	68	66	68	66	64	66	56	75	0	64	25	25	0	25
199382	379	99	RB	68	70	68	50	69	65	67	68	0	73	67	61	1	48
199386	100634	34	LW	68	72	81	67	64	69	49	59	0	44	70	81	2	70
199387	64	52	RM	68	74	87	63	62	66	46	70	1	72	66	68	2	57
199511	217	18	CB	68	73	66	35	51	39	71	69	0	80	65	49	1	32
199532	112237	54	CF	68	69	79	66	61	72	46	67	0	73	72	70	2	62
199566	246	34	LB	68	74	79	62	64	72	66	66	0	61	70	71	2	67
199570	1880	83	RW	68	71	84	59	65	73	50	64	0	56	69	60	2	52
199639	650	34	LW	68	74	81	66	57	75	39	51	0	42	71	66	3	66
199663	674	54	CM	68	74	64	63	65	68	69	74	0	80	66	70	1	65
199669	674	52	CB	68	76	66	44	50	47	70	68	0	75	62	60	1	38
199718	1871	10	CDM	68	67	56	43	63	64	69	65	0	81	62	54	2	34
199729	256	4	LM	68	73	84	60	62	75	40	42	1	57	72	64	2	61
199761	873	37	CB	68	74	69	42	61	52	68	72	0	70	63	46	1	53
199764	70	18	GK	68	74	74	66	62	72	46	61	0	54	25	24	0	25
199818	674	108	LW	68	72	87	61	57	73	38	63	1	55	65	64	3	56
199931	1892	38	LW	68	74	84	60	60	73	34	44	0	30	70	62	2	53
200110	1915	34	GK	68	76	70	68	65	70	47	66	0	70	31	25	0	25
200120	101101	56	CAM	68	75	89	53	68	79	38	57	1	57	74	70	2	54
200260	1906	34	RW	68	75	75	61	62	73	42	57	0	42	76	76	2	72
200301	620	42	CAM	68	74	69	52	64	71	61	60	0	62	68	61	2	49
200305	700	138	ST	68	68	74	66	61	77	43	70	1	70	77	66	4	61
200395	1861	60	CB	68	72	55	37	48	48	64	76	0	82	52	60	1	45
200414	15005	118	RM	68	75	78	51	60	76	48	51	0	39	74	56	3	56
200424	100634	34	CM	68	74	60	48	66	58	68	71	0	74	70	60	1	51
200471	417	133	ST	68	74	74	62	48	67	43	84	1	83	64	62	2	48
200678	244	45	RM	68	74	75	60	67	71	48	69	1	87	75	76	1	49
200698	1908	34	GK	68	74	69	69	70	69	42	67	0	68	22	25	0	25
200818	48	54	CB	68	78	40	44	48	49	69	67	0	76	55	63	1	41
201013	873	37	ST	68	75	76	63	57	70	42	70	0	83	69	69	1	48
201043	674	7	CAM	68	73	72	59	63	77	54	52	0	59	72	60	3	64
201114	573	37	CF	68	82	76	62	57	82	38	55	1	48	81	56	3	62
201138	1738	18	GK	68	76	77	64	64	74	59	64	1	50	28	25	0	25
201140	162	10	CB	68	68	66	39	59	38	67	73	1	83	56	66	1	43
201141	100765	40	CB	68	76	68	44	53	47	70	73	1	72	50	69	1	29
201155	19	14	CAM	68	84	76	63	73	75	50	51	0	63	78	66	2	64
201327	920	133	CM	68	73	78	64	65	69	70	75	0	81	70	78	2	54
201374	244	45	RB	68	76	85	40	55	60	65	63	1	66	64	63	1	36
201438	674	7	CDM	68	77	59	61	68	70	61	60	0	59	71	62	1	61
201450	100632	34	RW	68	72	91	55	59	74	34	41	1	38	70	57	2	46
201495	506	43	ST	68	73	81	64	57	71	40	66	0	59	68	72	2	43
201510	69	18	LB	68	79	73	47	62	55	66	67	0	69	73	64	2	50
201888	300	36	ST	68	78	69	62	47	69	47	61	0	70	74	70	1	23
201917	2	126	CM	68	77	75	48	62	65	71	67	0	85	73	65	1	38
202035	111271	18	LM	68	77	90	57	64	72	34	57	1	41	67	59	2	42
202087	169	21	CDM	68	82	66	60	70	67	67	72	0	74	74	83	1	74
202151	32	22	LB	68	78	87	55	73	66	66	46	1	42	73	60	1	59
202193	650	34	LW	68	72	74	69	62	72	48	66	0	65	67	77	2	47
202238	111292	54	CDM	68	77	74	64	70	72	68	70	0	67	73	66	2	59
202429	111239	21	RB	68	77	78	46	68	69	67	71	0	78	71	56	2	48
202547	110456	18	ST	68	77	78	67	57	69	42	64	0	69	72	66	2	73
202744	647	34	RW	68	75	93	51	53	72	35	38	1	36	68	51	3	45
202856	101105	56	ST	68	68	91	63	58	65	49	66	1	66	65	63	3	58
202889	232	48	CB	68	68	82	55	62	65	67	70	0	70	65	55	3	62
203118	1039	54	CM	68	68	78	67	66	75	45	62	1	62	75	67	3	66
203537	13	14	LM	68	74	83	63	64	72	45	58	1	68	70	65	2	61
203568	1837	37	CAM	68	76	79	60	66	65	51	62	0	78	74	66	2	52
203574	7	14	CB	68	79	67	38	61	56	68	67	0	68	68	47	1	28
203663	110741	27	CB	68	68	59	45	41	35	70	76	1	76	35	45	2	41
203822	10030	1	RM	68	69	76	66	66	71	50	50	1	49	69	77	2	81
203864	101085	52	CM	68	79	81	60	66	67	68	63	0	59	70	66	1	37
203890	110556	10	RM	68	80	82	45	65	66	65	68	0	61	72	73	1	51
203895	1960	45	CAM	68	76	77	57	66	73	43	50	0	52	74	63	1	58
203980	29	22	RM	68	75	78	66	65	72	42	58	0	54	72	67	2	63
204062	100081	140	GK	68	72	68	73	69	67	45	66	0	69	31	36	0	25
204078	110374	37	CAM	68	80	71	63	64	76	45	54	1	55	79	80	2	67
204138	245	34	RB	68	75	89	45	65	76	62	63	1	44	72	64	2	27
204260	58	97	RM	68	74	75	67	65	70	40	66	0	62	69	71	1	48
204332	1913	34	RB	68	73	78	56	65	67	68	72	0	71	68	80	2	44
204425	110929	140	ST	68	68	81	64	57	70	43	61	0	52	65	65	1	48
204427	169	21	ST	68	79	81	63	52	72	44	66	0	68	69	77	2	60
204519	1908	85	RB	68	74	77	52	61	66	68	70	0	70	66	60	1	44
204627	1913	23	CB	68	75	73	35	50	48	69	74	0	82	53	58	1	27
204677	696	45	CM	68	68	61	42	59	62	69	68	0	68	62	42	3	59
204826	1887	136	CB	68	75	53	40	42	39	69	77	1	84	51	57	1	58
205083	210	18	CAM	68	75	69	60	69	71	52	52	0	63	73	66	2	75
205175	100409	37	ST	68	81	75	66	59	57	46	71	0	60	66	72	1	61
205343	1809	108	RM	68	74	75	51	69	68	65	60	0	57	70	58	1	44
205431	165	21	ST	68	76	69	62	44	66	43	69	0	74	69	77	2	30
205522	244	52	CM	68	73	63	58	71	64	61	60	0	72	69	75	1	57
205548	54	27	CM	68	80	75	64	69	71	57	53	0	57	75	68	2	72
205588	25	21	CB	68	75	60	30	56	51	68	73	0	68	59	35	1	34
205670	1799	14	ST	68	76	83	66	55	67	36	65	0	57	65	71	2	59
205687	39	27	CF	68	77	89	65	57	76	37	50	1	49	78	68	2	59
205756	245	34	CB	68	79	69	56	67	64	65	71	0	80	65	82	1	67
205869	481	45	RM	68	78	79	56	59	75	37	41	0	35	73	52	2	32
205966	23	21	CF	68	78	80	62	61	78	37	52	1	39	74	65	2	58
205998	59	115	CDM	68	74	76	50	59	66	70	62	0	67	69	63	1	49
206511	175	21	CAM	68	82	69	63	67	70	48	51	0	53	77	83	2	52
206516	91	14	CM	68	85	68	45	71	70	64	58	0	57	77	53	2	53
206633	688	95	CAM	68	71	78	63	65	66	56	62	0	58	66	69	2	70
206650	101105	56	CM	68	71	70	59	66	71	69	66	0	58	75	71	1	48
207465	111139	54	CAM	68	68	72	62	65	68	55	38	0	52	65	68	2	63
207797	1862	103	CB	68	75	52	34	46	39	69	74	1	85	54	48	1	33
207805	432	46	CB	68	68	61	52	57	58	71	61	0	61	58	52	3	57
207962	111722	56	CB	68	66	49	26	47	40	72	74	1	80	49	33	1	23
207964	694	56	CM	68	68	74	64	66	69	58	56	0	56	69	64	3	66
208017	100081	10	ST	68	72	65	64	47	62	48	71	1	89	65	77	1	45
208100	110231	40	CB	68	77	64	44	45	33	70	71	1	81	52	65	1	63
208333	32	21	CM	68	83	65	56	65	72	64	61	0	77	77	75	3	57
208437	320	46	ST	68	73	64	67	64	65	47	66	0	72	72	75	2	62
208808	1908	34	RW	68	80	82	61	59	74	40	58	0	61	75	76	3	68
209001	607	183	ST	68	74	75	62	38	59	38	72	0	63	72	69	2	25
209504	23	46	LM	68	76	77	65	58	72	39	62	0	63	73	72	2	47
209620	165	117	LB	68	74	79	36	65	68	67	63	0	71	70	45	1	22
209658	34	21	RM	68	85	73	58	64	71	64	70	0	72	74	68	2	64
209962	1908	21	RW	68	75	74	60	69	70	52	55	0	58	68	68	2	69
210324	22	21	RM	68	78	77	48	63	73	36	44	0	52	75	54	2	48
210406	55	37	CAM	68	78	69	58	71	73	47	45	0	34	76	70	2	65
210413	52	27	CB	68	80	55	27	43	38	71	66	0	72	60	60	1	28
210514	234	38	RB	68	83	83	49	60	70	67	60	0	59	68	79	1	67
210536	322	18	ST	68	69	91	60	48	68	37	56	1	55	60	65	2	39
210801	432	117	LM	68	77	92	61	57	72	42	53	1	57	68	67	2	33
210868	244	45	CDM	68	73	66	54	67	67	66	61	0	69	74	64	1	48
211354	1844	27	CM	68	80	74	61	72	70	59	62	0	70	73	64	2	63
212229	237	38	CM	68	68	78	54	58	70	40	59	0	59	70	54	3	58
212449	38	10	CB	68	68	50	33	48	50	69	75	1	75	50	33	2	48
212980	171	48	CB	68	72	61	33	55	50	67	70	0	79	58	47	1	31
213013	229	117	LW	68	79	87	64	59	70	37	60	1	68	67	65	2	51
213114	59	60	RM	68	75	79	65	62	73	40	60	0	62	75	66	3	69
213400	189	60	CM	68	77	76	55	71	73	61	55	0	65	78	70	2	60
214692	480	59	LW	68	72	81	54	62	74	39	46	0	34	71	44	2	59
216666	206	60	CB	68	77	73	27	48	48	69	71	0	76	55	29	1	33
192081	517	54	ST	68	76	69	65	59	69	46	66	0	60	73	59	2	48
193862	1884	38	CB	68	74	53	49	49	46	72	64	1	85	58	71	1	62
198817	13	18	CAM	68	75	67	55	62	70	47	32	0	34	70	51	2	62
135656	242	45	LB	68	63	79	42	62	63	69	62	0	67	59	52	1	59
2091	111271	18	LB	67	67	66	58	68	71	69	53	0	67	66	60	2	60
2135	1903	34	ST	67	67	70	67	60	73	44	59	0	61	72	67	2	68
2231	111398	14	ST	67	65	32	62	60	65	63	85	1	91	73	75	1	25
6668	272	13	GK	67	59	70	62	71	74	37	64	0	72	28	29	0	25
8119	1958	82	ST	67	67	72	63	53	67	41	68	0	72	70	63	2	50
9273	299	36	ST	67	67	59	67	59	64	43	74	0	74	64	67	3	59
9764	112427	34	RW	67	67	86	57	62	71	48	56	1	57	67	59	3	59
9833	1914	34	GK	67	70	68	64	65	71	31	68	0	64	28	27	0	25
11808	39	27	RB	67	69	40	48	68	57	70	64	0	67	59	68	1	50
11811	8	25	CM	67	67	67	58	66	67	66	67	0	67	70	64	2	54
11998	165	21	CB	67	67	43	40	49	36	68	74	1	74	36	40	2	49
15800	417	36	CM	67	66	52	62	66	65	68	71	0	76	68	67	1	45
15947	697	95	CM	67	67	60	51	53	59	70	74	0	74	59	51	3	53
15976	1908	34	GK	67	67	65	68	65	65	39	72	0	72	65	68	3	65
18771	1932	14	GK	67	66	72	59	64	73	55	67	0	59	20	23	0	25
19271	1799	50	CB	67	69	60	33	44	47	67	72	0	71	61	56	1	34
19351	81	25	ST	67	64	72	62	33	66	42	71	0	72	63	64	2	25
19975	900	47	LM	67	67	74	60	63	67	56	54	0	60	67	69	1	62
20817	191	46	GK	67	67	64	60	65	69	51	72	0	72	69	60	3	65
27532	14	34	GK	67	67	69	64	75	73	54	62	1	77	24	37	0	25
27971	206	27	LB	67	70	67	46	64	61	67	62	0	63	65	63	1	57
33005	418	17	CB	67	63	53	49	52	40	67	72	0	80	45	52	1	20
41634	62	18	CM	67	65	51	51	70	58	64	59	0	60	71	69	1	50
43020	1926	42	CM	67	62	47	64	69	64	69	59	0	68	64	71	1	70
44414	100805	42	ST	67	67	50	63	53	63	47	74	1	82	63	71	2	33
45501	1750	7	CM	67	65	33	68	65	60	64	62	1	69	65	70	1	63
45552	820	13	CM	67	65	53	57	59	64	67	68	1	84	61	63	1	62
45880	271	13	ST	67	67	52	65	59	62	46	74	1	74	62	65	3	59
46167	433	46	CB	67	67	35	42	56	56	68	72	1	72	56	42	3	56
49502	300	36	ST	67	67	84	70	57	67	42	49	1	49	67	70	3	57
49756	69	13	CM	67	67	70	66	71	69	54	59	0	69	76	78	1	66
49939	894	47	CB	67	65	40	34	47	30	66	82	1	85	47	51	1	37
49940	898	118	ST	67	62	88	64	54	69	41	61	1	66	60	65	3	58
50390	59	18	ST	67	65	66	67	63	68	42	67	0	64	70	65	2	62
50993	110596	21	CB	67	66	32	46	54	45	70	70	1	86	55	66	1	57
51319	1938	35	CM	67	65	51	63	71	62	57	64	1	64	70	71	1	84
52070	1807	82	RM	67	63	85	66	56	75	40	56	1	63	61	68	2	54
52998	10030	21	CB	67	66	52	40	53	42	68	73	1	79	53	68	1	36
53021	100879	45	ST	67	67	63	67	51	63	40	57	0	59	66	71	2	50
53519	744	38	CB	67	66	53	43	61	59	68	69	0	77	63	50	1	50
53644	8	14	GK	67	66	69	70	65	67	51	64	0	71	20	25	0	25
53739	91	14	GK	67	67	68	67	67	67	56	68	0	69	25	37	0	25
53755	142	14	ST	67	65	61	62	54	63	51	70	0	72	62	69	1	20
100330	110456	18	CM	67	67	39	59	67	62	65	59	0	59	68	69	1	62
100803	15	14	CM	67	67	54	55	70	66	72	66	0	82	66	69	2	41
102021	503	12	LM	67	66	74	65	65	70	49	58	0	69	70	75	2	69
107261	224	18	GK	67	66	68	69	67	67	46	69	0	61	27	34	0	25
107758	110329	21	CB	67	67	62	43	58	49	67	71	0	77	55	59	1	32
110146	110831	45	GK	67	66	63	72	62	62	41	70	0	56	24	44	0	25
110627	110062	45	LM	67	67	69	57	63	74	39	51	0	51	72	52	2	66
111503	111989	145	CAM	67	65	72	66	66	75	47	58	0	40	64	64	3	63
112292	12	14	RB	67	65	67	47	68	62	68	64	0	70	61	59	1	48
112549	100879	45	RB	67	67	75	64	64	66	68	64	0	75	67	80	2	60
112552	459	45	CB	67	67	45	47	56	43	69	67	0	80	52	60	1	44
113521	15021	129	CM	67	67	69	56	69	66	59	56	0	72	67	74	2	59
116309	1813	126	CB	67	64	33	35	57	42	67	76	0	67	56	55	1	30
117343	695	18	ST	67	67	53	69	52	65	48	66	1	66	65	69	3	52
118868	711	46	GK	67	66	59	65	51	71	23	74	0	80	22	25	0	25
119275	111651	50	ST	67	64	70	65	55	68	42	64	0	46	64	72	2	68
120018	95	14	CM	67	67	52	58	64	64	65	59	0	71	71	61	1	62
120297	1939	14	CDM	67	67	54	57	64	59	68	65	0	73	62	65	1	47
121988	10030	21	GK	67	67	73	65	56	75	59	57	0	69	25	21	0	25
122048	22	21	CDM	67	69	76	56	69	67	66	66	0	67	70	73	1	46
122118	110500	21	GK	67	67	70	65	65	67	44	65	0	70	26	28	0	25
122649	100087	7	GK	67	69	71	62	67	72	51	64	0	78	30	39	0	25
122827	1750	7	GK	67	67	68	64	72	70	46	65	0	56	25	35	0	25
129566	1952	25	CB	67	67	58	36	54	42	67	72	0	76	46	42	1	35
132740	111271	13	GK	67	68	67	61	68	72	36	69	0	64	22	25	0	25
135778	112679	52	CB	67	67	58	46	55	53	66	68	0	75	66	60	1	28
135861	100879	45	CAM	67	67	56	55	71	68	52	42	0	56	71	54	2	65
136454	982	167	ST	67	67	85	58	64	67	48	54	1	54	67	58	3	64
136504	605	167	CB	67	67	60	44	47	30	68	73	0	73	30	44	1	47
136839	1913	34	CB	67	67	58	42	62	56	65	71	0	68	64	63	1	25
137397	112096	136	ST	67	69	89	62	57	72	44	58	1	70	70	70	2	50
137686	1904	34	CAM	67	67	69	66	64	72	38	47	0	50	74	70	2	74
138155	95	95	CB	67	67	52	34	47	48	70	69	0	75	54	40	1	40
138279	95	14	LM	67	67	89	55	64	71	42	44	1	58	62	57	1	57
138353	1799	25	CB	67	67	59	38	50	42	68	74	0	75	63	58	1	25
138355	97	214	CDM	67	67	79	46	62	67	67	65	0	71	60	56	2	42
138719	1932	14	ST	67	65	79	63	49	60	45	74	1	85	62	72	2	34
138880	171	54	CB	67	67	54	39	49	48	66	74	0	74	48	39	2	49
138885	1746	27	CB	67	67	67	44	62	55	70	72	0	72	55	44	2	62
139076	983	167	CB	67	67	69	50	52	59	67	72	0	72	59	50	3	52
139211	1880	83	CB	67	67	51	49	51	45	66	72	1	86	50	67	1	51
139223	110152	83	RM	67	65	79	62	65	68	42	62	0	64	65	65	2	59
139343	110	25	RB	67	65	62	44	66	58	69	63	0	69	59	63	1	36
139440	1477	167	CM	67	67	74	53	65	66	68	76	0	76	66	53	3	65
139475	14	14	RB	67	68	64	62	71	62	67	68	1	75	64	76	1	76
139621	83	14	ST	67	67	62	59	46	59	47	76	1	91	63	72	1	22
139716	112217	40	CDM	67	64	58	60	72	64	65	62	0	61	63	72	1	67
139755	100087	7	CAM	67	67	68	64	65	68	52	59	0	60	68	67	2	61
139837	710	46	CM	67	62	51	61	65	62	59	70	0	65	65	66	2	56
140035	1032	83	CB	67	68	68	45	66	64	68	70	0	61	70	60	1	61
140057	982	167	RB	67	67	86	52	66	60	69	67	1	84	60	78	2	60
140161	1882	83	CB	67	67	49	38	62	58	66	71	0	78	62	65	1	40
140257	1881	83	GK	67	69	70	64	68	73	47	62	0	65	25	25	0	25
140277	110145	83	LWB	67	66	72	53	68	64	68	55	0	66	65	55	1	69
140420	15	25	GK	67	67	65	70	59	69	34	67	0	41	25	29	0	25
140423	91	14	CB	67	69	54	36	54	35	65	79	1	82	65	65	1	25
140442	1803	14	CB	67	67	62	36	47	42	67	77	1	86	53	47	1	26
140483	110912	27	GK	67	65	67	65	60	70	25	68	0	40	21	35	0	25
142829	110395	52	CDM	67	71	52	52	69	65	70	74	0	70	68	78	1	68
143044	101103	56	CM	67	67	59	66	65	70	41	52	1	52	70	66	3	65
146545	571	45	RB	67	66	77	48	56	58	68	60	0	72	58	63	1	50
146691	244	45	RB	67	67	66	34	62	66	69	63	0	68	69	42	1	37
146702	1861	45	RB	67	68	83	54	57	67	66	60	0	70	63	71	1	58
146969	1871	45	CB	67	66	71	28	53	42	66	71	0	69	55	36	1	26
147131	112218	40	LB	67	67	76	50	73	71	63	60	0	46	66	67	2	37
147427	100764	40	CDM	67	65	79	59	71	68	64	49	0	58	67	59	2	62
148745	319	36	CB	67	67	49	38	44	36	66	76	0	81	55	69	1	29
148771	874	37	LM	67	67	65	64	68	63	52	59	0	64	67	56	2	72
150338	506	21	CB	67	66	44	38	34	42	73	68	1	86	44	74	1	26
150374	162	117	CAM	67	64	70	65	67	67	41	56	0	60	63	66	2	67
150472	614	18	CB	67	68	66	46	60	61	65	74	0	81	59	61	1	38
151095	1786	13	CB	67	67	40	54	65	60	67	57	0	75	64	61	1	67
151213	91	14	RM	67	66	65	67	64	69	60	62	0	70	68	63	1	70
151376	711	17	LB	67	66	76	57	62	73	67	59	1	72	72	77	2	57
152048	1788	13	RM	67	68	75	61	60	71	47	46	0	62	69	64	2	60
152271	256	4	CB	67	67	53	29	52	42	66	80	1	81	52	38	1	20
152463	920	36	RW	67	66	76	69	55	73	51	74	0	72	71	68	2	74
152507	110	103	LB	67	64	63	43	55	49	73	80	1	95	46	64	1	45
152618	922	23	ST	67	66	51	63	44	50	54	81	1	93	61	69	1	41
152621	300	36	CB	67	73	68	40	57	47	67	72	0	74	61	66	1	26
152723	1952	14	RB	67	67	77	52	59	65	63	61	0	60	66	68	2	34
152926	224	18	CAM	67	67	62	65	66	71	47	58	0	60	70	60	2	72
153066	101084	52	LB	67	68	81	46	64	70	68	61	0	55	69	64	1	70
153161	111715	52	ST	67	69	73	65	65	73	41	65	1	56	74	75	3	78
155325	1476	167	LB	67	67	80	58	66	66	64	58	0	56	65	58	1	50
155344	1474	167	GK	67	68	74	54	63	75	54	67	0	60	21	35	0	25
155383	1477	167	CB	67	67	67	41	49	54	69	78	1	78	54	41	2	49
155671	873	37	CDM	67	67	67	59	62	57	66	70	0	77	60	61	1	62
155694	110724	7	CDM	67	68	65	56	61	53	68	73	0	71	63	67	1	57
155808	209	4	GK	67	67	64	66	70	72	60	64	0	66	25	38	0	25
155883	83	42	CB	67	67	54	38	50	46	68	74	1	90	53	62	1	25
155891	112134	95	CB	67	66	59	34	51	47	72	68	0	80	52	51	1	32
155930	1808	45	LW	67	70	70	65	72	72	51	63	0	62	72	68	2	66
156012	15021	45	RW	67	67	90	57	58	66	42	53	1	49	63	74	2	56
156259	1871	37	CB	67	71	77	41	60	51	68	63	0	76	46	62	1	26
156313	1808	111	CB	67	67	48	38	51	44	67	68	1	84	45	57	1	25
156381	1028	83	ST	67	70	82	61	65	70	38	65	0	53	65	73	2	40
156438	780	4	GK	67	67	68	66	60	71	59	67	0	71	22	21	0	25
156681	700	46	LW	67	66	81	65	56	64	43	52	0	61	65	65	2	53
156689	109	19	LB	67	66	60	56	62	65	68	75	1	73	62	84	1	44
156698	702	46	RM	67	66	69	62	69	60	59	55	0	76	65	77	1	75
156726	59	18	RM	67	69	77	59	67	70	69	64	0	76	70	78	2	52
156768	110145	83	CB	67	65	57	51	52	58	63	71	0	80	44	57	1	36
157022	1882	83	LB	67	68	69	50	64	54	65	62	0	48	67	65	1	60
157089	101114	83	CM	67	67	46	52	63	56	70	70	0	70	56	52	3	63
157305	1915	46	CM	67	67	53	68	63	64	67	69	1	72	69	82	1	74
157698	111083	37	ST	67	68	75	62	57	67	54	72	0	83	65	64	2	49
157791	110915	27	CM	67	67	66	56	67	67	64	57	0	55	68	65	2	60
157983	1961	14	RM	67	67	65	66	67	69	46	62	0	65	72	72	2	50
158132	10030	21	LM	67	66	75	58	64	70	51	62	0	66	66	61	2	51
158221	477	45	CB	67	69	66	47	62	46	65	80	1	80	54	65	1	40
158716	110	50	CAM	67	67	68	56	67	69	62	65	0	66	68	60	2	52
158734	112237	27	CM	67	66	75	59	64	65	51	54	0	60	66	64	2	70
158746	209	4	CM	67	68	72	58	65	66	66	64	0	68	66	62	1	56
158877	1530	52	CAM	67	64	77	50	67	70	41	39	0	32	63	65	2	68
159490	88	14	CB	67	67	47	43	56	51	67	72	0	77	55	54	1	43
159499	190	27	RM	67	63	78	49	60	58	65	62	0	72	60	65	1	43
160295	111393	195	GK	67	67	71	62	62	69	58	63	0	68	31	25	0	25
160578	110231	108	LB	67	66	74	48	60	63	71	74	1	84	63	64	1	28
160593	110231	6	RM	67	68	70	66	67	66	43	54	1	53	65	69	2	76
161644	111239	103	CB	67	68	65	48	58	56	68	72	0	79	57	67	1	46
161690	101116	83	LM	67	66	78	58	64	71	58	64	0	61	67	67	2	57
161801	472	45	LB	67	67	68	49	55	61	70	67	0	78	67	62	1	54
161804	110152	83	RB	67	66	71	50	68	67	64	66	0	63	65	67	1	41
161857	191	4	RB	67	71	83	55	64	70	66	56	0	66	65	58	2	65
162004	112237	54	CAM	67	68	70	67	68	67	45	67	0	68	70	70	2	64
162043	110781	83	GK	67	67	68	68	65	65	49	67	0	77	31	22	0	25
162221	12	7	CAM	67	66	70	62	64	69	45	62	0	71	66	67	2	62
162407	1788	13	CB	67	72	65	49	60	55	68	68	0	83	63	71	1	61
162901	88	25	GK	67	66	69	66	64	70	52	64	1	59	31	45	0	25
163351	8	14	ST	67	66	75	61	64	68	47	77	0	64	65	65	1	41
163584	97	14	CB	67	67	56	41	48	43	70	72	0	73	54	58	1	25
163662	1832	18	LM	67	67	77	58	65	70	50	43	0	28	67	64	2	61
163796	294	18	RM	67	67	61	67	69	67	59	62	0	72	72	72	2	67
163810	162	4	GK	67	65	68	67	66	67	33	65	0	72	25	27	0	25
163972	570	27	LB	67	64	59	45	61	46	68	66	0	66	55	60	1	34
164339	110749	12	ST	67	65	70	63	57	65	44	75	0	77	62	70	2	39
164470	110831	45	CDM	67	69	51	58	71	57	63	65	0	78	68	78	2	71
164471	1867	45	ST	67	67	61	65	43	60	43	74	1	84	68	78	2	59
164571	693	95	LM	67	67	74	66	57	70	47	64	0	49	71	70	2	54
164579	1905	34	CAM	67	66	44	63	67	66	64	70	1	72	69	71	1	51
164642	271	13	ST	67	67	80	58	44	71	43	68	0	61	67	68	1	36
164643	689	95	CB	67	63	73	51	60	65	67	65	0	70	62	62	1	56
164839	100409	95	CB	67	69	65	38	60	50	68	70	0	68	68	48	1	30
164907	111822	45	LM	67	65	79	72	61	79	43	59	1	64	69	74	3	66
164973	1892	18	CB	67	67	34	33	47	39	65	73	1	73	39	33	2	47
164979	1932	14	CB	67	66	53	41	56	53	65	72	0	76	59	58	1	34
165161	14	18	CDM	67	65	63	39	58	58	71	69	0	83	59	66	1	21
165169	698	95	CB	67	69	33	35	54	49	68	79	1	76	56	43	1	25
165403	100804	42	CB	67	66	54	37	56	53	67	75	0	78	56	43	1	41
165724	873	37	CM	67	67	64	61	72	64	65	66	0	64	66	68	2	58
165809	1719	54	LB	67	69	72	62	70	77	62	58	0	54	78	61	1	68
165903	982	167	RB	67	67	86	56	65	69	70	66	1	70	64	61	1	48
166847	1917	25	CM	67	71	68	54	65	66	64	70	0	74	66	67	1	41
166940	110231	33	CDM	67	68	67	37	66	60	67	66	0	72	65	49	2	54
167078	111277	46	GK	67	62	68	62	55	74	30	69	0	71	24	20	0	25
167232	112533	55	CB	67	67	35	44	50	43	67	73	0	78	49	64	1	44
167520	1880	83	CDM	67	68	70	57	61	56	67	67	0	68	65	73	1	64
167526	101116	83	CM	67	70	67	46	67	62	66	56	0	76	66	68	1	37
167571	112217	40	CDM	67	72	76	57	67	68	54	71	0	57	72	69	2	51
167653	112020	13	CB	67	73	55	37	49	41	71	74	1	90	52	61	1	21
167662	110977	52	CM	67	67	91	56	67	62	51	46	1	46	62	56	3	67
167933	58	18	CDM	67	68	68	44	59	43	68	66	0	67	59	53	1	44
167967	1478	54	ST	67	67	84	64	60	69	41	70	0	70	69	64	3	60
169112	97	14	LM	67	67	77	63	65	69	52	57	0	64	65	71	2	59
169348	256	4	ST	67	69	81	65	53	72	41	68	0	70	69	69	3	42
169435	1832	9	ST	67	66	73	64	56	64	47	62	0	67	65	69	2	44
169575	8	14	RB	67	67	72	35	58	60	69	68	0	78	62	31	2	37
169816	110394	52	GK	67	67	73	61	45	71	52	68	0	62	22	39	0	25
170305	94	14	CM	67	69	70	55	69	66	66	68	0	75	66	56	1	56
170353	89	18	ST	67	68	62	71	57	57	47	75	0	80	63	74	1	65
170585	1747	7	CB	67	69	66	36	61	57	69	68	0	76	63	55	1	32
170632	80	42	GK	67	67	68	69	64	68	22	67	0	58	25	38	0	25
170635	698	42	LM	67	70	83	58	63	70	53	49	0	61	67	66	3	69
170912	1878	83	RB	67	68	80	52	68	66	65	60	0	66	69	68	1	69
171183	110145	83	CM	67	68	70	56	68	67	65	67	0	73	68	68	1	69
171273	57	18	CAM	67	64	61	61	67	69	47	52	0	63	66	60	2	69
171391	1970	83	GK	67	68	64	65	64	68	42	70	0	75	25	25	0	25
171574	2023	45	GK	67	69	66	72	57	64	48	69	0	62	24	32	0	25
171578	110069	45	RB	67	67	71	41	59	54	68	66	0	70	59	58	1	46
171971	81	42	LM	67	72	73	63	66	67	64	66	0	81	70	68	2	71
172141	1913	34	CDM	67	68	66	60	71	62	65	72	0	82	64	65	1	45
172199	64	18	CM	67	70	63	63	66	67	67	67	0	74	69	70	1	47
172475	72	34	CAM	67	69	68	67	61	73	46	54	0	54	76	67	2	73
172494	110912	27	RB	67	64	74	52	69	65	66	65	0	71	60	69	1	35
172594	100831	45	GK	67	70	69	62	67	73	56	65	0	67	23	23	0	25
173040	1738	18	LM	67	72	71	57	65	70	41	40	0	37	65	69	2	69
173073	72	18	ST	67	67	56	68	65	66	40	68	0	68	66	73	2	59
173155	1837	27	LM	67	72	84	65	68	65	64	65	0	73	67	77	2	67
173162	570	27	ST	67	72	83	64	60	66	45	68	0	69	72	55	2	60
173211	200	27	LM	67	62	73	44	64	61	67	55	0	64	58	54	1	42
173654	100805	42	CM	67	72	73	62	66	73	51	67	0	39	71	60	2	46
173667	819	24	RM	67	72	77	62	64	68	45	60	0	69	75	71	2	59
173859	1919	14	ST	67	75	83	65	44	68	43	58	0	56	66	69	1	61
174203	111399	198	ST	67	67	67	66	41	61	43	75	0	75	64	62	2	53
174402	110929	140	RB	67	68	82	48	56	65	67	67	0	66	68	64	1	57
174737	873	87	LB	67	65	77	60	67	62	65	66	0	74	58	67	1	59
175313	710	46	ST	67	67	73	66	60	67	46	66	0	66	67	66	3	60
176035	100081	51	CDM	67	67	50	56	57	52	70	71	0	76	60	69	1	48
176262	873	37	CB	67	70	76	39	65	49	68	64	0	71	52	38	1	31
176545	110145	56	CAM	67	67	70	59	66	68	67	64	0	69	70	67	2	52
176608	110398	56	CAM	67	68	78	62	63	70	46	60	0	46	68	67	2	67
176628	897	1	LM	67	72	81	55	56	72	42	44	0	33	81	65	2	53
176815	2056	54	CAM	67	67	81	61	66	72	44	55	1	44	70	62	3	66
177052	110147	83	ST	67	72	64	66	66	70	41	69	0	75	71	73	2	69
177273	1878	83	CB	67	71	62	43	62	62	70	72	0	75	61	61	1	47
177409	162	21	CM	67	68	66	54	70	63	65	70	1	82	69	66	1	38
177481	64	18	LB	67	69	81	50	67	62	64	63	0	72	70	49	1	49
177536	111715	52	LM	67	71	81	55	67	67	45	50	0	48	73	70	3	53
177544	33	21	CB	67	69	61	37	62	55	66	70	0	76	60	51	1	31
177564	450	45	LB	67	66	79	44	62	67	64	56	0	56	70	63	1	57
177712	217	18	LM	67	76	82	62	58	71	42	60	0	64	75	68	2	38
177955	101116	83	CM	67	71	61	47	66	66	65	62	0	72	67	62	1	45
178032	503	18	CB	67	71	62	30	49	48	70	70	1	87	54	23	1	54
178037	1747	18	CDM	67	67	64	51	62	55	67	65	0	66	63	73	1	49
178051	71	18	CDM	67	76	65	45	59	59	67	71	0	80	69	61	1	37
178135	110724	7	CDM	67	71	66	53	64	54	68	72	1	84	65	77	1	68
178164	922	36	CB	67	72	72	36	56	44	69	70	0	74	56	61	1	32
178177	15005	18	ST	67	71	77	64	58	68	43	69	0	78	63	73	2	51
178194	1958	14	LM	67	69	76	62	64	70	36	58	0	61	67	65	2	64
178328	1837	54	CM	67	73	58	68	72	66	65	58	1	77	73	84	1	72
178703	110724	7	CAM	67	66	55	64	64	62	55	64	0	76	65	73	1	61
179702	693	126	CB	67	64	59	36	56	48	66	76	1	91	56	56	1	36
179808	110144	83	LB	67	69	73	57	68	66	65	64	0	57	63	68	1	67
179934	698	95	GK	67	67	66	72	70	69	31	64	0	64	31	29	0	25
179941	1904	34	ST	67	69	73	66	54	67	43	58	0	74	67	77	1	68
179983	570	101	RM	67	74	85	49	62	69	56	59	1	59	68	68	2	51
180818	94	14	ST	67	72	76	66	50	66	41	64	0	69	68	72	1	68
180974	110233	12	ST	67	67	53	63	53	62	54	76	0	82	63	75	2	48
181456	72	18	CB	67	74	67	36	59	57	68	78	0	78	60	36	1	26
181795	110109	40	LB	67	70	71	43	58	64	70	66	0	73	68	42	2	40
181896	110724	19	GK	67	66	66	67	56	71	48	65	0	68	24	41	0	25
181907	110152	83	GK	67	65	71	59	70	73	62	62	1	69	32	44	0	62
182130	1902	23	ST	67	72	77	64	55	72	45	62	0	62	68	69	2	54
182209	97	14	CB	67	70	54	36	47	43	67	70	1	75	60	52	1	56
182627	379	97	ST	67	65	71	67	62	71	47	55	0	56	65	65	2	68
183315	111723	56	GK	67	67	66	67	69	66	54	74	0	72	24	25	0	25
183477	346	12	GK	67	72	66	68	61	73	36	69	0	66	20	25	0	25
183607	1915	34	ST	67	71	65	64	51	66	46	63	1	86	70	74	2	41
183644	256	4	CM	67	71	65	62	65	70	64	56	0	81	72	65	2	68
183921	226	18	LB	67	74	73	48	73	58	64	63	0	66	67	52	1	36
183933	1902	34	LB	67	66	66	58	58	64	68	68	0	68	62	66	1	60
184001	1906	34	LB	67	68	69	62	69	71	66	57	0	63	71	69	1	66
184042	1920	14	LM	67	73	81	62	60	70	36	51	0	56	64	72	3	67
184055	1926	45	CM	67	68	72	56	67	69	63	53	0	70	70	62	2	62
184249	1750	7	CM	67	70	64	63	67	70	59	56	0	56	69	66	1	70
184301	1919	14	CF	67	75	77	67	64	69	51	70	0	82	67	79	3	67
184350	1747	148	LM	67	64	74	63	66	68	65	58	0	58	63	65	1	66
184399	111046	54	GK	67	67	71	64	65	75	65	60	1	60	75	64	3	65
184436	1939	14	GK	67	74	69	66	66	71	59	65	0	66	22	45	0	25
184461	110749	43	CB	67	63	67	26	58	49	66	70	0	74	58	38	1	39
184696	101114	83	RW	67	68	79	61	59	69	40	65	0	61	67	69	2	55
184707	1807	14	ST	67	73	69	62	46	59	43	76	1	77	64	71	1	34
184777	110144	83	ST	67	70	64	63	52	58	49	67	1	87	66	73	1	41
184850	695	54	RM	67	68	82	62	58	68	61	64	1	65	68	69	1	51
184927	503	18	LM	67	73	92	60	59	76	37	56	1	58	70	70	2	60
185064	689	52	ST	67	68	76	66	60	71	42	59	0	64	67	83	2	67
185122	191	23	GK	67	75	66	69	62	66	60	68	0	65	24	25	0	25
185173	111264	23	CM	67	74	73	63	70	70	57	55	0	63	72	65	2	64
185255	900	52	RM	67	68	80	65	62	76	39	54	0	58	75	67	3	64
185306	673	7	GK	67	68	69	62	61	69	25	68	1	84	23	35	0	25
185339	100087	103	CDM	67	69	78	56	61	64	67	67	0	74	65	69	1	53
185427	417	36	GK	67	72	68	61	80	77	51	63	1	69	28	36	0	25
186098	110147	83	GK	67	68	68	65	61	70	44	65	0	76	33	36	0	25
186135	3	35	CDM	67	72	70	42	58	59	69	62	0	66	65	57	1	31
186139	95	14	CM	67	74	70	61	70	69	62	65	0	68	71	71	2	61
186144	89	14	LM	67	73	84	61	62	73	42	48	0	51	69	76	3	74
186499	192	10	LB	67	73	79	48	58	62	66	66	0	64	65	80	1	30
186503	1908	34	RB	67	70	73	50	63	64	66	65	0	66	64	68	1	45
186518	100764	58	CAM	67	72	78	63	67	69	41	68	0	64	69	68	2	75
186525	1814	103	ST	67	71	73	64	55	65	44	75	0	80	66	74	1	42
186551	110781	83	RB	67	72	88	54	67	70	60	49	1	30	67	64	1	61
186644	15	14	LM	67	72	76	59	67	71	46	43	0	60	66	58	2	69
186681	459	45	GK	67	69	74	60	64	76	58	62	0	56	28	21	0	25
186702	111065	95	CB	67	67	64	52	53	58	69	70	1	70	58	52	3	53
186817	1901	97	CB	67	73	60	41	55	49	68	71	0	77	55	58	1	35
186823	217	38	RB	67	67	67	46	64	61	68	63	0	67	66	60	1	45
186895	1799	140	CDM	67	68	63	57	62	58	70	72	0	78	68	66	1	42
187038	110724	7	ST	67	71	75	56	63	73	46	73	1	92	74	70	2	42
187048	59	126	CM	67	73	74	59	65	73	60	58	0	64	77	65	1	48
187073	1477	167	CM	67	67	80	63	65	67	64	64	0	64	67	63	3	65
187076	33	21	ST	67	71	73	60	50	75	39	64	0	49	70	71	2	43
187083	1880	83	CB	67	70	58	47	57	45	67	70	0	83	55	60	1	31
187193	1879	83	CB	67	75	69	45	60	58	65	72	0	75	57	37	1	35
187279	983	167	RM	67	70	80	55	65	67	46	56	0	42	67	65	2	56
187345	983	167	ST	67	67	87	55	54	60	44	72	1	72	60	55	3	54
187353	110147	83	CDM	67	70	51	53	61	64	66	62	0	66	66	71	1	42
187386	110233	39	CDM	67	67	65	69	65	57	68	70	1	76	61	84	1	69
187576	100766	40	LM	67	71	70	62	66	63	42	68	0	72	66	68	2	39
187620	1910	34	CB	67	67	43	30	57	48	68	68	0	78	53	57	1	31
187940	378	18	CDM	67	75	67	41	59	53	68	59	0	75	59	59	1	53
187988	57	18	RW	67	69	73	64	63	75	41	38	0	43	72	62	2	71
187991	100081	18	CB	67	67	47	32	50	39	68	66	0	77	55	44	1	31
188017	111974	27	GK	67	67	65	63	58	70	44	70	0	65	21	34	0	25
188271	379	144	RW	67	76	83	59	59	70	37	56	0	55	73	67	3	69
188313	1888	38	RW	67	78	77	56	62	70	38	42	0	53	72	75	3	69
188334	206	27	RB	67	72	78	43	65	60	65	66	0	71	61	71	1	38
188375	1901	139	ST	67	67	84	61	59	72	39	61	0	61	72	61	3	59
188400	229	7	GK	67	76	69	61	65	75	47	64	0	62	25	36	0	25
188540	1913	34	RW	67	72	84	61	59	74	42	48	0	65	70	68	3	57
188563	2023	45	CB	67	69	66	48	53	38	70	67	0	83	41	74	1	56
188621	650	34	LB	67	69	78	56	66	70	66	62	0	66	73	66	2	66
188693	12	52	RM	67	71	74	59	62	71	50	59	0	66	67	60	3	70
188768	896	108	CDM	67	72	74	57	68	68	64	71	0	86	71	64	1	58
188782	89	14	CB	67	69	57	32	56	39	67	70	0	81	53	46	1	36
188805	112218	51	LB	67	67	73	55	55	52	66	56	0	44	63	68	1	59
188807	1910	13	LB	67	68	69	53	65	58	68	69	0	69	61	79	1	65
188970	1903	46	CM	67	69	62	54	66	66	65	58	0	67	67	54	1	70
189065	110915	27	LB	67	74	79	54	66	65	65	60	0	65	65	68	1	54
189148	1794	42	LM	67	72	79	65	63	72	44	64	0	60	66	67	2	56
189181	272	4	ST	67	71	68	71	59	73	40	61	0	74	70	72	2	67
189253	1887	117	LB	67	73	78	52	64	65	66	60	0	64	66	65	1	48
189278	8	14	CM	67	76	69	59	69	69	57	51	0	71	70	61	1	58
189300	1906	46	RB	67	74	83	41	63	71	63	51	0	49	71	67	2	21
189349	110596	21	RM	67	70	74	55	61	73	41	44	0	54	74	55	2	64
189387	165	21	GK	67	76	70	64	68	69	47	64	0	59	31	47	0	25
189397	160	21	CDM	67	73	66	32	62	55	68	68	0	71	68	41	1	24
189430	110912	27	GK	67	76	70	64	52	74	45	67	0	43	25	35	0	25
189459	110710	45	LM	67	74	78	60	63	72	41	52	0	48	69	66	2	54
189464	110329	21	CM	67	72	72	58	68	71	59	57	0	69	70	60	1	65
189470	111050	54	CB	67	67	76	61	69	68	66	60	0	60	68	61	3	69
189576	110062	45	RB	67	73	75	35	56	48	66	69	0	76	54	22	1	34
189706	1719	54	CB	67	71	68	35	47	40	67	71	0	76	51	58	1	30
189721	432	24	CM	67	69	79	66	59	65	50	66	0	73	66	75	1	66
189860	110710	45	LM	67	71	82	57	55	77	49	52	0	60	70	67	2	54
189908	52	37	GK	67	77	75	59	44	73	48	65	0	58	29	28	0	25
190094	472	45	CDM	67	70	58	40	61	50	66	64	0	77	62	51	1	39
190105	100766	40	CB	67	72	65	51	64	54	68	71	0	74	63	58	1	47
190438	1456	36	CB	67	79	60	37	52	35	67	73	1	88	63	75	1	64
190467	110152	83	CM	67	72	74	69	66	66	65	54	0	73	68	84	2	75
190542	1867	45	RM	67	71	83	67	57	74	39	53	0	57	67	81	2	62
190552	688	95	LM	67	72	73	66	63	69	59	68	0	70	67	74	2	59
190611	101114	83	LW	67	73	70	62	51	69	40	73	0	62	67	69	2	31
190631	101084	60	CM	67	67	71	57	72	62	50	63	0	63	62	57	3	72
190636	1882	83	CDM	67	74	63	58	64	61	68	62	0	74	68	72	1	65
190697	298	36	CB	67	75	67	42	55	55	69	70	0	81	57	67	1	53
190765	111239	21	CM	67	73	70	58	68	65	60	58	0	67	72	65	2	64
190885	91	14	RB	67	74	73	53	65	67	66	52	0	60	70	66	2	65
190887	111043	54	CDM	67	72	55	59	70	69	66	66	0	69	70	66	1	58
190976	101112	163	CM	67	63	70	62	70	68	40	46	0	50	68	71	3	71
190985	101106	59	CM	67	67	83	50	68	67	43	56	0	56	67	50	3	68
191052	111540	38	CM	67	73	62	63	68	70	57	64	0	61	71	82	2	69
191256	112387	183	CB	67	67	50	32	46	37	66	72	0	78	50	62	1	25
191262	605	183	LM	67	74	74	61	66	70	44	32	0	53	71	62	3	55
191294	453	54	CDM	67	72	51	46	70	56	68	66	0	76	63	61	1	50
191327	160	163	RM	67	68	67	59	63	72	50	62	0	54	70	67	2	59
191502	112096	183	LM	67	70	84	65	60	70	38	47	0	38	66	69	3	76
191819	1474	167	RW	67	67	74	62	64	67	52	68	0	71	66	65	2	56
191848	111674	183	GK	67	63	68	64	67	67	38	69	1	84	25	31	0	25
191868	982	167	CB	67	71	83	50	51	59	68	73	0	76	57	64	1	57
192020	1881	83	RM	67	70	83	61	60	72	45	56	0	61	70	60	2	55
192041	110144	83	CB	67	73	73	41	57	55	70	64	1	86	58	68	1	45
192067	2007	54	ST	67	73	79	66	64	68	50	69	0	73	70	73	2	47
192174	700	46	CB	67	65	34	29	44	44	69	71	1	84	59	51	1	29
192321	110329	21	CM	67	76	80	65	64	72	52	56	0	52	73	72	2	66
192449	162	21	RM	67	74	73	67	61	71	46	57	0	73	69	78	2	64
192454	110770	11	RM	67	74	76	67	62	67	49	66	0	73	74	73	1	50
192611	280	126	CDM	67	76	67	59	65	65	60	62	0	75	68	68	2	57
192678	1855	45	ST	67	80	66	62	52	64	40	73	0	75	77	75	1	45
192816	110710	60	CB	67	75	70	32	57	54	64	75	0	79	56	41	1	47
192989	166	21	CDM	67	68	64	40	60	62	69	59	0	64	62	43	1	46
193158	1909	34	CAM	67	78	74	67	68	71	58	64	0	59	78	72	2	70
193246	111144	95	LM	67	70	85	63	58	69	55	59	1	61	69	71	2	50
193253	171	4	CM	67	67	71	60	64	71	68	62	0	62	71	60	3	64
193277	111373	4	GK	67	72	71	65	73	68	56	63	0	63	25	40	0	25
193346	1902	34	RM	67	77	84	62	65	69	50	59	0	64	69	69	2	49
193422	920	36	ST	67	75	77	65	46	70	39	64	0	70	69	72	3	66
193571	52	54	LB	67	76	79	55	70	73	65	54	0	55	77	72	2	58
193690	100081	15	CB	67	70	66	51	62	59	69	66	0	80	62	68	1	56
193900	1799	14	RB	67	78	84	46	62	70	65	68	0	63	67	58	1	28
194078	1832	48	LM	67	72	79	54	63	72	43	44	0	46	68	52	2	70
194149	1755	36	CM	67	76	71	64	65	72	56	56	0	70	73	72	2	63
194222	244	45	CB	67	74	65	36	47	40	69	66	0	75	45	34	1	34
194228	1843	27	GK	67	67	68	65	58	68	34	68	0	68	68	65	3	58
194569	271	13	CM	67	76	67	57	64	69	60	48	0	56	70	65	1	30
194634	1744	27	CM	67	67	57	62	70	59	62	64	0	75	69	69	2	62
194792	94	14	CM	67	76	72	49	68	64	65	56	0	66	72	52	1	54
194904	688	95	GK	67	77	70	71	51	72	66	58	1	76	23	37	0	25
194927	111264	40	CDM	67	75	62	56	69	66	66	60	0	60	71	55	1	44
194990	190	27	CM	67	68	75	57	60	71	45	59	0	69	65	68	2	54
195011	110109	40	RB	67	70	74	45	65	64	65	59	0	48	66	48	1	41
195033	110596	195	LM	67	74	90	64	58	70	40	63	1	63	68	75	2	35
195038	209	4	LM	67	74	83	58	60	76	43	56	0	55	65	71	3	61
195149	1871	20	ST	67	65	73	62	63	62	44	67	0	82	64	71	1	42
195202	3	42	CM	67	72	73	61	69	64	57	60	0	61	73	72	2	69
195319	111989	18	CB	67	67	53	29	53	43	68	73	1	73	43	29	2	53
195859	1796	14	ST	67	81	89	57	46	72	43	68	1	68	72	69	2	35
196063	110929	148	ST	67	68	74	60	50	67	46	66	0	71	66	68	2	36
196912	101114	53	CM	67	67	63	52	68	58	64	52	0	59	67	68	1	50
197641	110326	18	GK	67	77	69	65	59	71	34	68	0	23	25	23	0	25
197698	1750	7	CDM	67	76	65	54	64	62	65	62	0	58	66	68	1	53
197777	206	27	RM	67	75	68	66	68	68	57	59	0	63	69	72	1	68
197911	112134	95	CDM	67	70	77	53	54	62	67	71	0	71	62	68	1	52
197950	101102	56	ST	67	67	75	69	63	66	42	60	1	60	66	69	3	63
197966	110152	60	LB	67	70	67	42	68	62	68	67	1	80	66	64	1	48
198117	192	27	CB	67	71	55	38	45	45	69	72	1	82	51	57	1	48
198135	1914	34	CB	67	75	69	46	52	53	71	67	1	89	58	69	1	55
198147	1903	34	RB	67	70	72	42	59	61	68	62	0	64	64	57	1	39
198250	165	23	CB	67	74	64	37	62	45	67	74	0	80	65	67	1	39
198261	4	95	CB	67	75	73	45	61	63	66	70	0	71	65	47	1	51
198289	315	40	GK	67	71	65	68	67	70	45	72	0	63	33	25	0	25
198335	7	72	LB	67	74	76	51	65	71	63	52	0	55	72	65	2	62
198428	28	103	ST	67	77	79	60	60	69	49	68	0	81	72	71	2	43
198478	111396	52	CAM	67	69	64	63	60	69	39	52	0	45	71	60	3	65
198560	260	45	CB	67	67	67	55	58	47	68	69	0	68	52	72	1	49
198604	1463	36	CDM	67	73	74	64	68	67	69	65	0	75	70	69	2	69
198635	1855	54	RM	67	80	90	62	58	83	36	54	1	42	81	70	4	67
198688	1819	118	CB	67	74	65	52	64	33	67	75	1	85	54	76	1	68
198735	1853	45	GK	67	74	78	61	62	73	50	59	1	62	25	36	0	25
198846	1878	83	CF	67	72	83	62	56	73	39	69	0	61	68	68	1	38
198852	459	45	CB	67	71	68	55	58	60	65	61	0	71	68	68	1	50
198856	485	21	CB	67	72	69	40	56	52	67	71	0	78	56	63	1	54
198873	873	140	LM	67	68	75	54	64	74	55	51	0	50	67	50	1	59
198904	3	42	CB	67	75	64	33	51	37	67	70	0	75	53	31	1	38
199085	1842	38	CM	67	71	65	64	70	67	56	62	0	69	70	61	2	58
199121	710	51	RM	67	68	72	52	63	71	42	41	0	61	70	61	2	55
199169	1914	140	CM	67	79	71	52	67	68	63	54	0	66	76	56	2	40
199178	111292	54	CAM	67	70	72	59	68	73	44	60	0	74	70	61	2	60
199192	691	81	ST	67	65	72	62	50	65	43	67	0	47	69	67	2	42
199205	206	54	LW	67	76	92	66	71	74	63	60	1	67	73	75	2	59
199302	983	54	CF	67	67	84	64	65	68	50	67	0	59	66	68	2	61
199470	191	4	LM	67	73	79	63	65	74	38	44	0	66	69	68	3	66
199517	192	54	CB	67	69	62	38	43	50	68	69	0	78	55	50	1	35
199537	1823	18	RB	67	69	72	33	67	60	66	70	0	69	63	29	1	49
199584	1915	34	CM	67	72	71	67	70	66	63	67	0	71	70	81	1	69
199763	1871	37	RB	67	73	86	57	65	67	66	63	1	67	65	62	2	49
199800	462	129	LB	67	71	79	34	60	61	65	70	0	78	69	58	1	24
199900	100766	40	RB	67	72	65	46	58	53	68	58	0	58	58	44	1	47
200055	111715	60	RB	67	68	81	58	63	67	63	64	0	69	71	72	2	57
200059	110913	7	GK	67	75	72	63	64	71	43	61	0	67	32	35	0	25
200086	874	37	ST	67	71	84	61	54	66	42	62	0	61	63	61	1	56
200109	1905	34	CM	67	67	64	68	69	69	56	57	0	57	69	68	3	69
200119	110234	40	CAM	67	73	73	65	68	69	37	49	0	29	64	68	2	50
200157	15005	7	LM	67	74	74	61	62	69	45	68	0	73	68	70	2	49
200346	1871	37	LM	67	70	75	59	64	69	51	56	0	75	66	69	1	59
200469	23	21	RM	67	73	70	61	66	71	51	54	0	53	68	70	2	59
200517	110704	45	LB	67	78	73	36	60	59	69	68	0	70	67	47	1	48
200595	1478	167	GK	67	68	66	67	64	68	32	67	0	31	25	31	0	25
200601	1478	167	CAM	67	68	62	66	69	69	57	57	0	61	68	70	3	72
200726	110569	18	GK	67	74	74	66	67	68	45	62	0	48	22	25	0	25
200727	461	45	CB	67	72	65	39	60	52	65	70	0	69	60	50	1	46
200797	110456	18	LB	67	75	70	50	64	66	66	68	0	68	68	60	1	50
200882	112409	133	ST	67	77	90	61	52	67	46	73	1	81	71	69	2	55
201004	379	104	RW	67	74	91	54	55	79	42	46	1	59	72	61	2	36
201042	65	18	RB	67	76	72	43	63	64	67	65	0	68	71	56	1	23
201093	1917	14	CAM	67	79	75	63	62	65	45	53	0	62	68	69	1	54
201244	110912	27	CB	67	65	59	36	40	36	69	73	0	80	48	45	1	25
201258	111042	54	LB	67	76	77	58	64	72	65	62	0	66	70	66	1	51
201303	272	13	RM	67	74	85	59	55	70	39	63	1	57	74	64	2	35
201505	452	45	CDM	67	78	57	55	57	52	70	61	0	83	74	77	1	50
201539	171	21	RM	67	75	77	58	63	71	36	51	0	37	69	67	2	68
201931	47	54	GK	67	77	74	62	63	72	43	58	0	60	26	25	0	25
201941	110147	56	CB	67	72	81	41	54	57	70	61	0	82	57	63	1	26
201971	453	163	CM	67	67	80	58	62	72	41	60	0	60	72	58	3	62
202050	100634	34	CM	67	73	75	60	68	68	63	61	0	63	67	65	2	49
202058	1843	44	CB	67	69	66	47	50	45	68	70	0	82	50	65	1	36
202077	698	95	ST	67	71	71	65	52	64	43	69	0	65	70	68	1	51
202104	232	26	ST	67	69	65	67	51	62	42	68	0	75	64	69	1	58
202126	18	14	ST	67	74	69	65	55	66	41	61	0	63	73	73	2	49
202172	111264	3	ST	67	68	76	65	61	74	38	58	0	48	70	66	2	59
202182	1841	17	RW	67	73	78	67	69	73	50	63	0	53	72	68	2	55
202200	1913	34	RW	67	73	90	58	56	69	39	60	1	58	67	66	2	41
202220	696	95	RW	67	69	77	59	59	73	48	74	0	83	66	69	1	45
202282	181	42	CAM	67	82	81	58	62	71	53	66	0	66	73	67	2	53
202413	472	45	CDM	67	71	62	46	66	56	64	66	0	66	68	48	1	49
202456	110329	34	ST	67	71	64	67	54	56	46	76	0	79	63	74	1	67
202459	1914	34	CM	67	75	73	61	64	70	63	60	0	59	69	64	2	45
202561	111050	54	CB	67	73	67	50	65	50	67	76	0	71	64	69	1	51
202562	226	18	LB	67	78	76	26	64	64	65	60	0	56	66	27	1	31
202820	111722	56	ST	67	67	76	60	62	71	48	64	0	64	71	60	3	62
202827	1795	27	CM	67	76	75	59	69	72	59	54	0	46	73	71	2	53
202968	982	167	LW	67	73	73	63	66	69	51	59	0	68	67	70	1	55
203158	503	21	GK	67	70	73	65	58	69	41	60	0	69	32	30	0	25
203297	517	54	CAM	67	77	83	57	65	75	39	59	1	30	68	60	3	50
203440	110500	161	GK	67	69	68	65	67	72	52	66	0	73	32	36	0	25
203456	110500	21	CDM	67	67	67	62	63	63	68	58	0	68	64	71	1	52
203483	245	34	CAM	67	82	68	62	60	68	48	66	0	75	80	75	1	42
203485	246	34	CB	67	82	72	47	59	59	65	80	1	77	68	67	1	43
203767	110832	22	CB	67	67	50	36	50	31	67	70	1	70	31	36	1	50
203975	569	54	CB	67	79	61	38	45	45	67	66	0	79	60	58	1	32
204022	256	10	CB	67	72	46	25	41	35	69	79	1	86	39	28	1	27
204144	110913	43	ST	67	65	67	64	52	66	48	70	0	71	65	68	2	42
204166	2	9	LM	67	72	90	67	63	69	49	59	1	58	64	79	2	66
204193	38	21	CDM	67	75	59	50	65	64	67	66	0	69	73	60	1	51
204226	897	58	ST	67	73	79	58	62	73	53	70	0	57	72	64	2	57
204238	226	18	CAM	67	76	72	61	67	66	52	57	0	68	66	62	2	67
204338	62	18	CB	67	74	69	35	56	59	66	66	0	74	69	44	1	29
204346	229	45	LM	67	78	78	55	60	72	45	48	0	33	68	55	2	56
204444	1913	34	LW	67	75	86	67	59	70	47	58	1	79	72	85	2	60
204476	650	34	CB	67	70	40	36	48	39	67	74	1	86	54	55	1	22
204512	110749	37	RM	67	68	93	56	65	68	61	56	1	47	55	53	1	48
204539	111043	59	RB	67	73	84	62	67	71	65	70	0	67	67	72	2	46
204542	569	59	LB	67	73	64	42	72	65	64	59	0	54	71	57	2	48
204652	110144	83	LW	67	75	74	60	64	70	45	66	0	65	70	74	2	73
204771	111928	83	CM	67	69	55	57	67	67	59	55	0	59	71	63	1	58
205065	1476	54	CF	67	69	83	60	54	72	41	62	1	52	69	54	3	55
205084	171	21	GK	67	75	69	63	65	72	50	63	0	67	24	31	0	25
205138	269	19	RM	67	74	76	62	62	74	48	61	0	68	73	67	2	73
205157	110069	45	CAM	67	77	66	45	70	68	49	52	0	56	75	43	1	40
205485	3	50	RB	67	75	75	34	62	60	67	65	0	67	62	36	1	38
205509	1876	52	CM	67	66	65	68	69	67	68	71	0	70	68	70	2	63
205559	1917	18	ST	67	76	87	61	54	71	43	52	1	73	71	75	2	50
205753	64	103	LM	67	77	88	61	62	78	36	54	1	35	72	65	3	52
205850	112237	27	ST	67	75	67	60	40	60	42	76	0	80	64	64	1	25
205876	1820	126	ST	67	74	77	66	51	70	43	65	0	71	65	70	2	60
205934	1842	27	LB	67	84	74	34	60	60	64	60	0	68	66	58	1	40
205963	1915	60	ST	67	66	71	63	54	66	40	69	0	70	63	67	2	42
206018	819	7	ST	67	74	91	61	55	69	39	67	1	57	69	65	1	38
206040	15005	7	LB	67	73	81	53	61	64	67	67	0	73	64	62	1	54
206113	1	21	RM	67	84	80	54	61	73	48	53	0	66	73	64	2	37
206198	29	21	CB	67	76	65	31	57	48	67	71	0	79	57	48	1	35
206311	110062	45	LM	67	73	82	61	65	73	32	41	0	43	71	70	2	54
206313	226	136	CDM	67	75	68	44	62	60	67	58	0	57	67	58	1	52
206436	66	18	ST	67	85	74	67	68	78	42	57	1	55	74	63	3	70
207485	1881	83	LM	67	76	83	61	61	70	40	46	0	41	66	65	2	62
207555	320	46	CB	67	78	51	40	47	43	72	64	1	82	57	57	1	44
207732	244	45	ST	67	75	78	65	49	62	39	66	0	68	64	81	1	45
207768	100764	58	ST	67	74	70	60	57	63	43	72	0	78	62	72	2	48
207785	110930	140	LB	67	72	79	53	67	72	66	53	0	48	71	74	1	44
207835	598	54	ST	67	79	79	63	52	67	38	68	0	68	76	71	3	45
207981	420	49	CB	67	64	49	38	52	50	65	75	1	83	53	45	1	31
207984	101114	83	CM	67	82	69	59	70	67	51	50	0	40	69	69	2	45
208013	110930	140	CDM	67	75	73	49	68	64	63	50	0	50	71	70	1	45
208025	1901	54	CB	67	69	61	35	51	52	67	70	0	69	53	54	1	32
208128	28	48	LM	67	84	71	60	66	69	44	56	1	52	77	84	3	87
208156	200	27	LW	67	74	84	55	61	70	48	48	0	59	70	60	2	52
208334	31	21	LB	67	76	73	50	63	66	67	62	0	68	70	55	1	47
208470	166	21	LB	67	70	69	42	63	58	67	70	0	71	67	53	1	39
208574	1915	51	LW	67	77	79	62	63	71	48	58	0	75	71	77	2	65
208616	110062	45	GK	67	71	74	63	51	78	50	60	0	58	25	48	0	25
208630	1871	37	CM	67	77	68	59	66	64	64	60	0	60	67	72	1	65
208727	1831	21	CAM	67	69	76	65	65	67	48	56	0	68	66	76	2	67
208830	95	14	ST	67	71	75	65	52	68	41	56	0	64	67	72	2	47
208898	1871	37	CDM	67	73	58	46	63	64	68	56	0	71	59	56	1	62
208920	5	34	CB	67	82	76	54	68	65	68	64	0	67	71	62	1	58
208928	112139	183	RM	67	68	82	44	60	74	48	60	0	69	70	45	3	37
209301	59	18	LB	67	78	80	32	62	69	65	62	0	59	69	33	2	39
209444	31	54	CB	67	74	71	35	46	58	68	72	0	70	61	41	1	31
209457	687	72	ST	67	64	72	66	55	67	50	64	0	70	69	67	2	48
209499	69	54	RB	67	80	76	45	59	66	67	60	0	74	74	68	1	44
209564	112390	183	RM	67	68	83	58	64	70	48	52	0	55	67	62	2	67
209572	112390	183	GK	67	71	70	70	64	65	59	67	0	74	20	25	0	25
209736	1053	54	CF	67	83	87	63	61	80	32	50	1	28	76	62	2	65
209818	247	34	RB	67	75	85	28	59	66	67	69	1	65	65	29	1	30
210035	110704	45	LB	67	78	80	37	70	64	64	56	0	63	68	43	1	46
210129	873	23	RM	67	76	88	65	66	70	53	73	1	71	72	81	1	45
210147	112387	183	LB	67	72	83	42	65	68	64	60	0	57	67	42	2	50
210172	1812	136	GK	67	64	71	58	63	76	30	64	1	78	22	44	0	25
210209	111674	183	ST	67	67	79	60	40	58	40	76	0	60	60	62	2	31
210239	33	10	LM	67	70	85	63	63	69	48	56	1	58	67	66	2	67
210769	112407	129	ST	67	69	73	69	49	65	42	70	0	77	73	67	2	79
210917	1848	27	CM	67	79	67	61	62	71	56	54	0	59	70	70	1	68
211103	450	115	CDM	67	75	71	50	59	62	66	66	0	79	67	77	1	46
211499	236	56	LB	67	76	77	54	59	67	67	55	0	49	67	67	1	36
211619	110724	93	CB	67	74	70	29	60	61	65	73	0	80	63	55	1	28
211783	517	54	ST	67	78	68	62	50	69	36	66	0	59	70	60	2	40
211862	100409	21	RM	67	77	73	57	67	66	49	62	0	81	70	80	1	49
212096	10029	27	CAM	67	72	67	54	65	72	44	50	0	59	70	56	2	42
212253	2007	13	CB	67	77	66	49	58	50	69	69	0	77	65	57	1	34
212462	1629	54	LWB	67	84	76	55	70	71	67	52	0	63	75	75	2	76
212932	232	163	LM	67	75	80	59	62	72	36	54	0	40	73	60	1	57
214092	100765	40	CAM	67	78	73	61	67	69	37	45	0	57	70	61	1	41
214419	15029	55	ST	67	78	77	68	47	63	38	67	0	61	65	68	3	51
215701	647	34	CAM	67	71	75	58	66	65	48	49	0	65	71	59	2	53
193663	568	54	GK	67	72	64	67	69	72	48	66	0	44	33	35	0	25
11	68	18	CM	66	69	61	61	65	67	57	67	0	79	73	72	2	49
603	69	27	GK	66	66	65	69	62	64	27	67	0	67	64	69	3	62
2172	111398	34	CB	66	66	62	39	62	64	66	62	0	66	62	32	1	33
3081	111540	38	GK	66	65	72	59	72	67	48	69	0	64	34	37	0	25
4520	1798	14	CAM	66	63	73	60	60	69	53	62	0	64	60	46	2	58
5005	1524	36	ST	66	64	81	68	55	71	48	58	0	66	68	73	2	62
5134	1823	18	GK	66	66	70	68	60	62	42	66	0	66	62	68	3	60
6016	2007	10	CM	66	66	31	64	73	63	39	41	1	41	63	64	3	73
7612	1943	25	LB	66	65	38	71	76	63	68	72	1	68	69	86	1	86
8040	1905	13	RM	66	65	86	67	63	61	41	51	1	46	61	70	2	62
9751	1904	23	GK	66	66	70	62	59	67	29	66	1	66	22	21	0	25
11595	620	25	CDM	66	67	62	61	64	67	64	66	0	73	68	67	1	65
15304	1799	42	GK	66	66	66	67	61	67	53	68	0	71	24	31	0	25
16177	8	25	ST	66	65	63	62	53	61	48	79	1	71	63	62	1	54
18289	417	36	CM	66	66	63	67	70	71	52	38	0	38	71	67	3	70
18785	1747	7	RM	66	64	61	66	67	67	42	43	0	53	68	65	2	70
19976	1902	34	ST	66	66	37	64	47	48	50	82	1	93	62	70	1	40
27487	112224	34	CB	66	64	37	45	64	57	66	70	0	69	60	54	1	34
28061	110913	34	CDM	66	65	49	51	61	51	67	69	0	75	60	65	1	51
30697	1800	42	CB	66	63	57	23	52	53	67	68	0	72	52	22	1	25
32190	111651	95	LM	66	63	68	59	64	66	59	44	0	52	64	64	2	64
42570	209	23	ST	66	66	70	67	59	66	46	70	0	70	66	67	3	59
44960	433	46	LB	66	67	42	37	58	57	70	77	1	88	62	64	1	39
45101	112424	13	ST	66	66	60	61	58	64	48	70	0	70	64	61	3	58
45475	160	21	CB	66	66	68	64	64	71	67	56	0	56	71	64	3	64
47014	1750	7	RB	66	66	65	60	65	62	65	62	0	64	65	68	1	67
47186	694	95	ST	66	65	70	62	52	68	47	70	0	73	70	74	2	49
47529	1915	54	GK	66	66	70	56	64	74	60	64	0	64	74	56	3	64
47996	112427	195	GK	66	66	67	68	66	68	38	61	0	66	21	24	0	25
49490	111140	18	ST	66	66	59	64	57	67	45	71	1	71	67	64	3	57
49902	111928	95	GK	66	68	69	62	62	68	51	65	0	61	25	33	0	25
49920	1747	7	LB	66	65	67	61	66	64	65	60	0	61	63	67	1	65
50385	111400	195	RM	66	65	67	63	61	68	55	60	0	74	69	70	1	59
51008	28	21	GK	66	66	65	68	46	66	21	67	0	67	66	68	3	46
51159	1715	38	LM	66	65	71	67	62	64	54	54	0	59	61	73	2	62
51620	110569	18	CB	66	66	56	50	69	62	62	68	0	76	71	64	1	46
51732	1746	27	CB	66	66	54	47	55	42	69	73	0	82	48	60	1	46
52115	1786	13	RM	66	66	85	70	62	66	46	43	1	63	65	84	2	67
52278	1447	13	CM	66	64	68	59	60	67	48	51	0	64	69	65	2	69
52326	1952	47	GK	66	67	67	68	62	68	46	65	0	62	24	47	0	25
52679	1800	25	GK	66	66	69	60	57	70	52	65	0	55	32	29	0	25
53034	57	18	CM	66	65	68	45	58	60	67	65	0	71	63	44	1	65
53502	111835	17	CM	66	67	58	61	62	64	59	52	0	66	66	67	1	64
53686	91	14	CM	66	66	52	64	67	61	70	70	0	77	67	68	2	53
53842	8	14	CM	66	65	54	66	70	68	56	53	0	65	68	76	2	68
53855	1926	14	ST	66	66	91	60	61	70	45	61	1	64	65	63	2	53
53874	1795	82	CB	66	66	52	38	48	43	67	72	0	80	49	48	1	32
100701	111766	66	RW	66	66	68	63	62	71	48	51	0	62	67	62	2	56
101490	112134	95	ST	66	67	46	64	42	65	47	78	1	89	73	73	1	54
101508	159	21	GK	66	65	64	62	57	68	41	69	0	76	23	36	0	25
105533	78	37	GK	66	66	64	67	65	66	54	68	0	72	22	42	0	25
108750	896	47	CM	66	66	82	57	62	69	54	56	0	56	69	57	3	62
110301	463	45	RM	66	66	71	58	67	64	54	56	0	58	63	67	2	59
111033	110831	45	CB	66	66	61	42	49	49	65	82	1	82	49	42	2	49
111085	1867	45	CDM	66	67	45	68	74	58	56	49	1	63	68	78	2	78
111114	1925	45	CB	66	66	62	46	66	61	70	58	0	58	61	46	3	66
111172	378	18	ST	66	63	80	65	59	74	40	58	0	56	69	67	2	59
111590	97	14	RM	66	67	83	54	57	69	46	51	0	64	62	59	2	47
112384	111989	18	CDM	66	67	65	51	71	67	58	65	0	60	75	65	1	69
112875	100879	45	LB	66	66	62	45	66	61	65	64	0	65	65	59	2	51
116314	1798	14	GK	66	67	68	61	67	70	50	67	0	73	29	22	0	25
116479	1809	18	CM	66	65	54	61	67	66	67	64	0	68	65	66	1	55
122040	10030	48	ST	66	67	71	62	48	71	41	65	0	60	69	68	2	58
122124	550	21	CB	66	66	22	37	52	39	69	68	0	77	47	58	1	49
123620	1844	21	LM	66	66	78	50	65	65	60	64	0	67	66	57	1	45
134621	110831	45	RB	66	66	78	39	57	61	66	62	0	71	63	55	1	26
134828	1926	42	CB	66	66	60	34	56	56	65	67	1	81	59	54	1	52
135190	111822	4	CM	66	68	70	70	67	69	56	58	0	64	72	74	2	73
135364	111043	54	CB	66	67	60	37	43	45	69	73	1	75	42	69	1	41
135430	695	54	CDM	66	68	74	62	64	64	67	61	0	60	68	81	2	77
135647	112116	52	ST	66	67	57	68	56	59	46	66	0	74	60	70	2	57
137204	112237	27	GK	66	65	64	65	55	68	35	70	0	64	21	34	0	25
137330	226	18	LB	66	66	54	37	68	62	66	65	0	67	69	46	2	63
137578	463	45	GK	66	66	71	75	62	60	44	61	1	69	28	24	0	25
137661	1831	21	GK	66	66	72	61	60	69	40	62	0	70	27	37	0	25
137692	1903	34	GK	66	66	57	68	70	72	28	65	1	74	28	33	0	25
137729	550	21	ST	66	67	80	64	60	68	46	64	0	62	66	73	1	57
137862	212	18	GK	66	66	64	65	60	67	42	71	0	59	21	22	0	25
137956	1831	21	CB	66	65	51	46	48	49	69	62	1	86	56	69	1	42
138180	1937	82	RM	66	64	81	61	61	69	41	54	0	56	68	64	2	64
138291	111065	88	GK	66	66	69	62	65	71	53	65	0	65	71	62	3	65
138704	71	136	RB	66	71	73	55	65	61	63	66	0	80	69	75	2	66
138901	39	27	RB	66	66	59	44	62	55	68	66	0	68	59	69	1	40
138957	112410	27	CM	66	66	65	54	69	61	61	59	0	73	71	64	1	53
138971	50	27	GK	66	66	71	60	61	63	25	72	0	72	63	60	3	61
139010	1970	83	LB	66	63	68	57	65	65	65	64	0	64	65	68	2	48
139348	1798	14	CB	66	66	66	54	56	54	67	70	0	80	58	60	1	61
139370	1474	167	CAM	66	66	91	61	61	74	44	73	1	76	69	60	2	61
139459	1924	14	CB	66	64	52	37	45	40	70	67	1	82	44	51	1	45
139500	1477	167	GK	66	66	68	64	67	69	43	66	0	66	69	64	3	67
139700	111396	34	CB	66	60	63	34	60	51	66	77	1	80	58	40	1	22
140164	101116	83	GK	66	64	67	66	63	68	44	69	0	66	33	29	0	25
140200	111091	163	CM	66	66	67	65	61	73	41	56	0	56	73	65	3	61
140468	1844	27	GK	66	66	63	62	71	69	23	70	0	42	20	34	0	25
140535	33	21	RB	66	66	66	48	62	61	67	68	0	74	66	59	1	41
140630	693	208	CM	66	66	59	65	66	65	59	61	0	61	65	65	3	66
140739	100764	20	CB	66	66	63	45	40	53	69	74	1	85	55	56	1	67
142270	1786	13	RB	66	66	74	49	67	56	66	60	0	77	63	67	1	61
142715	110554	52	CM	66	67	63	63	68	67	47	56	0	59	71	72	1	50
142748	1876	52	LM	66	69	72	62	67	67	57	57	0	49	72	74	1	75
142749	110392	52	CB	66	68	70	41	64	53	71	62	0	69	63	53	2	37
142757	110093	52	LB	66	66	68	49	65	68	63	66	0	50	71	39	1	56
143031	695	56	LB	66	65	83	54	61	64	67	64	0	73	60	75	1	67
144016	897	145	LB	66	69	75	52	63	64	65	58	0	66	67	65	2	59
144964	433	146	CM	66	66	70	60	58	77	45	54	1	54	77	60	4	58
145014	2023	45	CDM	66	70	66	44	65	60	67	60	0	71	64	49	1	55
145651	463	45	LM	66	66	55	64	66	69	45	51	0	61	72	70	2	62
146453	260	45	LB	66	66	80	50	58	65	64	59	0	59	65	63	1	47
146501	1855	45	CB	66	66	67	58	65	61	64	71	0	71	61	58	3	65
146510	1861	45	CM	66	68	55	60	77	66	59	46	1	65	69	50	2	77
146589	1855	45	RM	66	66	81	61	56	66	52	49	0	55	64	60	1	50
146718	571	45	LW	66	70	64	69	75	77	46	52	1	55	72	67	2	74
147620	2045	4	GK	66	66	62	64	62	68	44	72	0	62	20	32	0	25
147623	110231	40	CDM	66	66	69	52	66	64	66	72	0	70	69	48	1	63
148130	463	12	CB	66	66	33	57	66	50	73	61	1	85	63	68	1	46
148140	315	8	CM	66	66	34	57	64	62	66	74	1	74	62	57	3	64
148470	420	37	LM	66	66	77	59	63	65	52	56	0	58	66	64	2	59
148720	700	36	CM	66	63	66	56	63	57	71	66	0	70	68	73	1	54
148731	300	36	RB	66	67	72	61	61	61	63	66	0	74	68	77	2	71
148741	111140	36	CB	66	64	69	40	53	54	66	80	1	87	56	43	1	34
148751	111091	37	CB	66	66	38	45	53	42	68	69	1	69	42	45	2	53
148814	1902	34	LM	66	66	68	63	69	65	42	53	0	51	64	64	2	70
149067	110912	27	CB	66	64	62	35	38	40	69	73	0	77	45	42	1	21
149185	111974	27	CDM	66	71	70	56	73	62	60	58	0	74	68	66	1	61
149196	2038	27	ST	66	65	76	61	51	62	46	66	0	62	60	65	1	50
149825	94	25	ST	66	66	63	62	61	61	47	76	0	82	62	69	1	52
149852	1747	26	ST	66	65	68	65	56	60	42	74	0	73	64	65	2	54
150382	506	21	RB	66	66	60	40	59	56	69	69	0	74	60	62	1	40
150490	503	21	GK	66	68	70	64	63	71	43	60	0	63	34	22	0	25
150515	506	21	CB	66	66	66	35	47	48	69	68	0	80	52	70	1	36
150554	254	15	CM	66	66	57	65	69	71	55	66	0	70	73	72	2	65
150650	898	47	RM	66	65	81	62	61	69	41	59	0	58	68	71	2	63
150668	110913	18	CDM	66	65	67	55	66	61	67	72	0	71	66	67	1	60
151159	1952	14	ST	66	65	76	63	44	68	46	66	0	79	64	71	2	41
151270	142	14	RM	66	66	69	61	64	70	45	56	0	45	68	66	2	46
151710	820	13	LM	66	64	75	67	65	66	46	47	0	58	63	69	1	65
151885	110724	7	GK	66	67	68	63	60	72	31	63	0	71	33	25	0	25
152122	209	4	RM	66	65	77	58	65	65	55	61	0	53	65	60	2	56
152126	256	4	CM	66	66	68	60	65	67	58	66	0	65	72	72	2	67
152483	1938	110	CB	66	66	80	26	42	41	65	74	0	74	41	26	2	42
152523	1941	14	GK	66	67	68	67	58	71	57	61	0	65	30	37	0	25
152740	1926	14	RB	66	65	66	45	57	63	69	64	0	74	63	52	1	48
152875	89	14	CM	66	66	56	67	71	60	53	48	0	44	69	74	2	74
152950	33	37	RB	66	66	68	41	56	57	68	69	0	69	65	41	1	43
152991	1796	14	CM	66	68	71	64	70	68	66	68	0	78	69	71	1	51
154568	112225	27	CB	66	67	53	36	51	44	68	70	0	80	55	55	1	34
155266	919	36	RM	66	68	77	63	64	74	56	61	0	57	72	79	1	33
155351	983	167	LB	66	67	71	55	69	63	65	65	0	56	62	45	2	72
155352	1473	167	CAM	66	64	73	61	66	65	49	54	1	56	65	67	2	77
155530	82	35	CDM	66	63	69	66	70	63	61	60	1	63	64	74	1	74
155533	1800	14	ST	66	67	60	65	53	57	44	72	0	80	62	70	2	65
155537	111239	13	LB	66	66	76	56	66	63	66	60	0	65	66	73	1	48
155625	982	167	LB	66	66	77	62	71	60	65	66	0	62	59	68	1	71
156253	1961	14	GK	66	73	74	56	60	74	61	62	1	70	20	35	0	25
156289	239	145	CB	66	66	63	43	54	47	67	71	0	71	47	43	2	54
156301	1808	14	ST	66	66	76	65	53	66	39	67	0	63	63	70	2	63
156500	1028	83	CB	66	66	73	44	63	67	64	62	0	65	65	58	1	52
156549	1747	18	CB	66	66	43	47	61	44	65	72	0	78	64	57	1	40
156625	65	107	GK	66	66	69	66	55	70	38	64	0	64	70	66	3	55
156664	8	14	CM	66	64	53	64	65	66	63	59	0	65	69	64	2	56
156677	299	36	GK	66	65	65	63	66	73	46	62	0	76	20	40	0	25
157053	112679	83	ST	66	68	71	63	60	66	40	65	0	73	67	69	1	50
157098	110062	45	CB	66	66	53	33	53	40	65	70	0	71	54	53	1	42
157518	1881	83	CB	66	65	40	46	51	42	64	66	1	90	50	58	1	34
157703	10030	21	CB	66	68	67	47	58	53	63	75	0	73	60	64	1	59
157941	1958	25	ST	66	66	67	62	59	64	39	69	0	66	68	68	1	42
157970	1891	38	GK	66	68	64	66	64	73	44	64	0	68	20	32	0	25
158087	346	14	CB	66	66	45	45	60	53	66	71	0	73	57	54	1	25
158167	254	4	CB	66	69	78	35	47	49	67	72	0	74	60	41	1	26
158192	209	4	RM	66	65	87	62	62	65	44	61	1	70	64	65	2	47
158541	689	146	CB	66	64	55	45	48	64	65	76	1	82	63	65	2	37
158738	112409	27	CM	66	67	67	58	69	63	64	66	0	73	69	77	1	56
158933	1516	46	CM	66	69	77	62	70	66	60	63	0	68	68	68	2	68
158937	780	4	ST	66	67	69	62	49	66	45	66	0	67	65	68	2	42
158971	110398	52	LM	66	67	71	68	66	69	44	54	0	54	69	69	2	67
158979	111022	52	RM	66	65	63	42	69	63	53	59	0	58	65	52	1	48
159157	112116	55	CM	66	69	75	63	68	71	65	62	0	52	72	65	2	70
159233	1848	27	GK	66	67	63	64	56	71	44	68	0	64	27	37	0	25
159578	1925	14	RM	66	63	78	61	52	63	42	60	0	84	60	66	2	28
159819	2023	45	RB	66	66	72	46	56	54	67	66	0	80	58	64	1	49
160770	15005	24	CDM	66	67	62	55	63	56	65	68	0	75	66	69	1	56
161664	674	60	CB	66	66	66	55	64	63	68	69	0	69	63	55	3	64
161667	112679	83	CDM	66	69	71	48	62	62	66	74	0	75	63	75	1	62
161703	242	52	CM	66	66	64	69	65	68	56	62	1	62	68	69	3	65
161709	111019	52	RB	66	64	75	44	67	71	65	60	0	74	66	44	2	40
161841	12	93	RB	66	66	84	33	59	57	64	64	0	67	64	52	1	25
161867	100831	45	CB	66	66	56	41	60	44	67	69	0	75	48	63	1	29
161943	1943	14	CB	66	66	57	34	49	34	67	74	0	75	49	49	1	30
162006	162	10	CAM	66	65	74	62	65	71	40	46	0	57	67	63	2	50
162045	101116	83	RB	66	69	78	52	65	67	64	56	0	63	69	64	1	39
162052	101112	13	GK	66	66	70	65	66	66	58	65	1	75	31	34	0	25
162226	100081	7	CAM	66	67	61	65	65	66	45	64	0	67	71	67	2	65
162335	1915	34	CM	66	68	59	64	68	65	64	67	0	80	72	78	1	67
162343	1909	34	RB	66	66	55	37	60	54	68	65	0	75	57	46	1	37
162365	1904	34	CB	66	68	46	39	57	54	67	70	0	70	57	51	1	39
162890	88	95	CDM	66	66	72	51	62	57	68	74	0	70	63	56	1	51
162926	95	42	LM	66	65	65	70	60	70	53	52	0	45	71	71	2	75
162927	32	95	GK	66	66	67	57	67	73	28	66	0	69	25	43	0	25
163302	101116	83	CB	66	66	44	49	55	51	68	69	0	81	54	64	1	42
163579	1919	82	CM	66	64	74	59	64	65	67	74	0	81	62	70	1	61
163794	62	18	RM	66	66	69	54	64	71	50	45	0	69	68	60	2	65
163907	650	34	RB	66	67	74	47	65	64	66	66	0	71	62	59	1	41
164417	1919	25	RB	66	65	68	39	66	54	66	68	0	73	64	44	1	36
164495	162	21	CM	66	69	63	55	65	66	67	57	0	63	67	71	1	60
164542	111928	95	ST	66	64	53	61	55	59	50	76	1	78	63	68	1	47
164568	111140	70	CM	66	69	80	62	62	67	64	63	0	70	69	75	2	70
164855	1939	50	CB	66	71	70	35	57	57	65	70	0	73	62	52	1	34
165314	239	129	CAM	66	66	54	65	60	63	51	70	0	71	66	71	1	69
165427	379	119	CDM	66	66	71	37	61	65	66	60	0	74	70	49	1	41
165474	62	54	CB	66	66	42	38	53	45	66	73	0	75	62	40	1	46
165615	110746	37	GK	66	66	65	56	44	78	22	66	0	65	25	26	0	25
165882	983	167	CM	66	66	74	63	65	64	63	49	0	62	65	69	2	65
166664	1855	45	RB	66	66	76	49	62	62	62	64	0	65	70	67	1	39
166855	97	14	CB	66	70	78	31	50	48	65	70	0	84	53	40	1	30
167111	110234	40	CB	66	66	32	39	62	48	68	67	1	88	55	43	1	42
167515	88	51	ST	66	65	43	66	69	56	58	64	1	85	66	74	1	36
167521	1880	83	RB	66	70	78	53	66	65	67	63	0	71	64	65	1	60
167539	1970	83	CM	66	66	72	58	66	70	51	45	0	45	70	58	3	66
167694	1961	14	RB	66	71	68	42	59	56	68	73	0	83	63	62	1	24
167833	80	42	CM	66	63	77	45	62	62	65	70	0	72	66	64	1	42
168294	1747	18	CB	66	67	32	50	51	44	69	66	0	79	56	65	1	47
168562	101102	56	CM	66	66	64	57	64	60	72	71	1	71	60	57	3	64
168605	1914	34	ST	66	65	75	64	53	67	46	54	0	66	61	65	2	41
169063	1799	18	CAM	66	65	77	61	68	71	49	65	0	59	71	67	2	56
169072	1820	18	LB	66	62	68	47	62	55	66	63	0	71	65	55	1	53
169100	1795	42	LM	66	75	92	55	58	69	46	62	1	70	64	76	1	35
169184	1939	42	LWB	66	68	74	54	65	68	63	64	0	59	69	70	1	66
169207	110145	83	CM	66	66	69	55	68	66	63	60	0	60	66	55	3	68
169324	191	4	LB	66	70	76	53	63	68	65	60	0	66	68	71	1	32
169347	256	4	CM	66	66	75	62	65	71	51	54	0	54	71	62	3	65
169424	100087	9	RB	66	67	74	45	61	70	65	56	0	60	65	69	1	39
169493	1919	14	GK	66	68	66	64	71	70	58	65	0	64	33	25	0	25
169534	1516	13	ST	66	63	69	61	57	67	46	73	0	72	61	63	2	52
169584	69	18	CM	66	69	71	53	67	62	65	70	0	74	71	61	2	52
169644	1807	110	LM	66	67	83	62	64	68	39	51	0	62	65	65	2	63
169713	1793	82	RB	66	71	78	44	58	64	66	65	0	68	64	52	1	42
169919	94	14	RM	66	72	80	54	61	69	45	53	0	65	68	50	2	53
170286	110	14	LB	66	72	75	30	62	67	66	73	0	76	62	28	1	42
170355	670	107	LB	66	66	84	44	60	54	67	63	0	72	58	51	1	37
170830	110724	7	CB	66	67	48	47	53	50	67	65	1	86	58	64	1	44
170865	711	17	CM	66	66	61	67	73	60	37	38	0	38	60	67	3	73
171006	100879	45	GK	66	66	77	62	57	71	53	56	1	62	25	25	0	25
171033	1786	13	GK	66	70	68	63	61	70	36	64	1	76	21	45	0	25
171088	2023	45	CB	66	66	71	40	50	47	63	71	0	70	52	58	1	52
171601	110749	37	CDM	66	67	69	62	68	67	62	56	0	63	71	68	1	65
171774	1867	45	CDM	66	64	76	52	64	56	66	68	0	71	58	72	1	47
171900	1831	21	CB	66	69	70	54	63	62	66	66	1	82	65	73	1	60
172179	3	14	LB	66	71	72	51	62	54	65	68	0	74	62	62	1	33
172200	420	37	LB	66	65	75	51	64	60	67	52	0	60	52	59	1	67
172258	1807	38	CDM	66	66	63	39	55	56	70	63	0	75	64	45	1	36
172265	1926	14	CDM	66	71	73	55	65	62	65	66	0	78	63	66	2	38
172297	212	110	RW	66	66	82	58	61	62	42	55	0	60	60	60	2	56
172623	477	45	ST	66	66	77	63	53	73	40	53	0	56	72	58	2	63
172691	111086	45	ST	66	67	79	62	59	65	41	68	0	61	67	65	1	52
172756	1871	37	CDM	66	66	60	47	53	55	66	68	0	86	63	69	1	42
172851	1832	34	ST	66	66	55	62	60	60	55	68	1	87	64	67	1	36
172904	1938	14	CAM	66	74	73	66	54	68	44	59	0	72	68	75	1	66
172966	89	50	LB	66	69	74	43	56	60	66	66	0	72	62	46	1	65
173030	1809	52	CM	66	80	82	63	68	81	46	58	1	58	81	72	3	72
173097	670	22	RB	66	73	85	45	68	65	63	65	1	66	66	80	1	40
173160	570	27	CM	66	76	66	62	72	66	59	66	0	70	70	70	2	70
173440	1943	14	CB	66	65	52	29	56	48	65	71	0	90	51	47	1	20
173454	1799	50	CB	66	70	68	47	64	61	67	72	0	71	64	59	1	36
173484	100879	45	RB	66	71	76	40	58	58	66	61	0	78	62	54	1	43
173531	11	14	GK	66	71	66	67	66	73	50	60	0	62	22	25	0	25
173815	1938	14	CB	66	71	58	58	58	58	67	68	1	83	65	75	1	62
174407	110929	140	CAM	66	68	58	60	69	66	43	63	0	65	70	65	2	62
174670	1873	37	LM	66	71	78	69	60	66	58	63	0	70	60	73	1	57
176018	1750	7	LB	66	67	72	44	66	65	65	63	0	62	65	60	1	55
176236	111140	82	ST	66	66	76	62	56	65	47	72	0	72	65	62	3	56
176264	873	56	CB	66	65	69	42	59	52	65	71	1	92	55	63	1	21
176322	1474	167	ST	66	66	64	61	44	62	48	80	1	80	62	61	3	44
176631	418	46	GK	66	57	70	62	64	70	39	65	0	64	25	25	0	25
176692	1530	129	LM	66	68	87	50	60	69	35	50	1	59	64	53	2	53
176720	1755	46	CB	66	65	66	28	50	39	67	78	0	77	52	31	1	24
176770	1598	54	CB	66	66	61	60	69	51	62	46	1	46	51	60	2	69
176917	691	56	CM	66	66	73	60	65	67	50	63	0	63	67	60	3	65
176991	112427	195	CB	66	64	50	31	53	58	65	71	1	87	61	59	1	28
177153	101114	83	LB	66	63	63	55	64	63	68	67	0	77	62	67	2	54
177160	1445	136	ST	66	63	77	63	58	68	45	61	0	70	63	66	1	44
177288	111239	21	CB	66	66	44	41	53	35	68	67	0	81	49	58	1	33
177315	1924	14	LM	66	66	73	60	67	67	41	57	0	67	65	64	3	68
177361	1813	18	CDM	66	64	61	42	59	59	67	68	0	81	64	67	1	62
177479	1738	18	CB	66	68	52	42	59	44	65	72	1	86	57	52	1	42
177495	3	14	LM	66	67	78	59	63	69	48	56	0	62	68	60	3	58
177515	462	1	RM	66	69	79	59	58	77	37	52	0	65	74	73	2	54
177602	112679	83	LB	66	65	81	53	63	68	64	62	0	66	65	66	1	69
177618	97	14	CM	66	71	58	61	68	70	57	55	0	66	71	64	1	64
177619	111239	4	CM	66	66	79	59	63	68	43	60	0	60	68	59	3	63
177667	110329	21	RB	66	67	71	41	62	60	67	64	0	78	63	61	1	47
177696	1882	83	CM	66	70	71	62	61	70	50	62	0	52	70	64	2	55
177719	1871	37	RB	66	67	72	56	57	56	63	65	0	64	63	68	1	61
177823	294	54	ST	66	66	51	66	61	60	46	70	0	72	63	71	2	64
177868	472	45	ST	66	66	80	62	54	62	48	62	0	66	64	76	2	50
177896	10030	21	CM	66	71	62	63	64	69	43	57	0	68	72	68	2	66
177960	112225	27	CM	66	66	66	64	67	65	60	56	0	59	69	69	3	67
178009	110913	10	LB	66	65	57	52	58	56	68	67	0	68	61	66	1	47
178152	614	136	CDM	66	71	59	50	62	61	67	69	0	73	71	67	1	50
178189	1853	45	CDM	66	71	59	53	64	58	65	58	0	67	65	71	1	50
178256	1516	34	ST	66	66	71	65	60	65	44	70	0	73	64	71	2	65
178318	1820	108	CB	66	64	48	34	52	37	67	72	0	81	51	53	1	38
178435	112225	27	LW	66	70	73	63	64	66	53	66	1	84	67	70	2	56
178585	89	50	ST	66	69	73	62	58	62	49	66	0	66	63	62	1	48
178593	1796	25	LM	66	70	79	70	60	65	45	52	1	70	63	82	2	67
179516	1832	21	ST	66	68	75	67	60	63	46	66	0	72	61	72	2	67
179692	691	95	ST	66	64	68	64	50	66	45	66	0	65	60	68	2	48
179713	101103	56	CM	66	66	86	63	59	73	39	56	1	56	73	63	3	59
179746	1796	50	ST	66	74	67	60	49	61	47	78	0	81	70	69	1	45
179782	698	82	ST	66	60	79	63	55	67	43	64	0	62	58	71	2	53
179802	1882	83	CM	66	68	69	61	67	65	64	61	0	72	68	69	1	59
179811	100081	7	RM	66	69	78	61	61	65	65	62	0	60	64	58	1	63
179845	2038	54	CDM	66	63	60	55	71	65	61	61	0	64	64	64	1	70
179982	106	47	CM	66	72	69	51	65	61	70	75	0	78	64	68	1	39
180293	1477	167	LB	66	65	80	42	56	65	68	63	0	82	63	46	2	33
180316	110724	117	LM	66	65	72	53	63	73	49	54	0	46	71	60	2	55
180408	110329	21	RM	66	69	88	65	63	63	51	65	1	73	63	77	1	60
180409	325	48	CB	66	74	63	59	57	40	71	71	1	85	59	77	1	65
180724	111043	54	CB	66	65	63	51	52	46	67	68	0	74	49	50	1	50
181001	101112	95	GK	66	64	69	66	64	67	59	66	0	57	21	40	0	25
181339	873	116	RB	66	68	91	50	59	59	65	67	1	80	62	49	1	35
181383	319	46	CM	66	75	56	50	63	60	70	60	0	83	67	73	1	41
181479	1477	195	CB	66	66	54	47	56	47	64	70	0	75	59	61	1	32
181699	982	163	LM	66	70	88	58	61	61	52	70	1	76	62	71	2	50
181794	110227	40	ST	66	73	63	65	54	63	40	71	0	75	65	72	2	52
181917	110152	83	CM	66	68	70	54	64	63	68	68	0	75	68	69	1	58
182126	1901	54	CM	66	68	79	57	64	66	67	70	0	67	66	68	2	49
182145	15021	45	CB	66	69	53	41	58	53	64	67	0	68	61	57	1	38
182166	58	18	LB	66	73	78	57	66	69	62	56	0	49	74	60	2	62
182520	506	21	GK	66	68	67	66	64	67	52	64	0	51	30	33	0	25
182731	111043	52	CM	66	66	85	57	55	78	38	42	1	42	78	57	4	55
182761	91	14	GK	66	67	68	65	67	66	45	67	0	77	33	25	0	25
182866	112393	103	ST	66	68	74	65	61	68	39	68	0	64	66	68	2	52
182897	15005	7	GK	66	69	66	60	68	72	44	66	0	56	32	33	0	25
183113	111766	198	ST	66	69	67	68	47	58	41	68	0	76	60	65	2	62
183141	241	45	GK	66	73	64	65	74	63	45	73	0	66	25	35	0	25
183147	12	14	CB	66	70	74	25	51	50	65	71	0	75	54	20	1	33
183275	112267	54	ST	66	71	64	65	50	62	53	66	0	60	61	71	1	52
183356	1823	18	CDM	66	69	67	57	66	55	62	67	0	73	64	62	1	51
183360	78	18	CB	66	69	74	36	50	37	68	69	0	81	56	56	1	34
183377	1755	36	CB	66	69	69	35	53	40	68	63	0	75	52	49	1	25
183410	62	18	RM	66	70	92	55	60	71	37	42	1	52	67	57	1	49
183475	1755	36	GK	66	71	65	64	62	74	35	65	0	58	22	37	0	25
183524	97	195	LB	66	73	65	36	62	61	67	70	0	80	60	50	1	61
183545	2	195	CB	66	73	74	57	63	60	69	76	0	77	60	72	2	37
183564	1904	34	CB	66	68	52	64	64	60	67	66	0	76	64	78	1	73
183643	254	4	GK	66	69	70	60	66	72	52	63	0	69	22	22	0	25
183813	1888	126	CDM	66	68	65	45	56	50	68	68	0	81	60	46	1	42
183823	100831	45	CB	66	66	53	33	45	40	66	68	0	82	50	61	1	35
183853	468	45	CAM	66	74	79	61	57	75	43	54	0	49	76	68	2	59
183894	687	52	CDM	66	68	68	51	60	66	66	49	0	62	73	50	1	57
184176	58	7	ST	66	74	67	61	55	70	39	60	0	55	68	58	2	52
184336	982	167	CM	66	69	79	62	67	67	43	55	0	60	67	67	1	61
184397	110150	83	GK	66	66	68	66	62	70	43	66	0	66	70	66	3	62
184407	110741	27	CM	66	74	65	61	66	61	66	68	0	70	66	72	2	55
184451	1908	34	LB	66	70	55	47	63	61	67	67	0	76	67	60	1	32
184471	3	25	LM	66	72	77	65	64	72	39	56	0	62	69	71	1	65
184474	506	21	CB	66	66	42	35	49	44	66	74	1	74	44	35	2	49
184515	1793	14	RM	66	70	75	64	59	66	44	70	0	72	66	68	1	53
184519	190	27	GK	66	63	67	66	61	67	35	67	0	56	25	25	0	25
184520	110912	23	ST	66	65	70	62	57	62	47	74	0	78	64	65	2	56
184523	920	51	CM	66	66	57	72	70	77	51	58	1	65	78	81	3	70
184550	1831	54	ST	66	66	70	65	59	69	45	72	0	76	67	73	2	53
184584	144	14	LB	66	76	72	37	60	64	66	63	0	73	63	61	1	29
184587	192	37	RM	66	75	84	57	62	66	51	56	0	66	75	70	2	61
184635	1914	34	LM	66	67	73	63	58	69	41	60	0	67	69	66	2	61
184900	1474	167	CB	66	66	93	40	53	54	69	69	1	72	55	47	1	29
184928	1820	18	ST	66	64	72	67	53	62	40	66	0	72	62	65	2	55
185360	110231	6	GK	66	69	64	63	64	70	46	67	0	76	25	22	0	25
185430	110233	9	CB	66	66	65	39	59	49	66	62	1	62	49	39	2	59
186155	1935	14	RM	66	74	85	59	62	68	41	46	1	58	64	60	2	56
186158	88	14	CB	66	73	67	27	46	37	66	70	1	81	60	35	1	33
186161	217	18	LM	66	76	76	60	57	71	41	62	0	68	71	69	2	46
186198	1932	14	CM	66	70	75	63	66	66	55	60	0	68	69	68	2	67
186238	3	14	GK	66	70	67	65	63	69	50	63	0	55	25	35	0	25
186361	1882	83	RB	66	71	77	63	62	71	56	61	0	58	64	72	2	73
186450	12	116	LM	66	70	89	55	55	72	39	41	1	63	67	70	3	58
186453	1915	34	CDM	66	68	72	55	63	67	67	66	0	65	67	56	1	54
186502	110234	34	LM	66	73	64	64	66	68	60	62	0	73	70	74	1	75
186513	110147	83	LB	66	69	78	61	65	67	65	61	0	62	66	70	2	53
186515	1970	83	CAM	66	73	74	69	67	69	43	62	0	64	69	74	3	72
186526	29	21	GK	66	69	67	65	63	67	32	66	0	63	28	35	0	25
186531	696	95	RB	66	69	82	57	64	64	65	62	0	65	61	66	1	41
186538	900	51	CB	66	71	64	43	48	50	64	70	0	75	56	60	1	42
186579	550	52	CDM	66	66	66	53	65	67	65	54	0	73	70	59	2	60
186607	206	27	CF	66	74	89	64	59	73	36	45	1	45	68	62	2	50
186680	477	45	GK	66	71	62	74	63	63	36	68	1	64	51	26	0	25
186682	571	45	CDM	66	73	58	48	66	60	63	66	0	74	69	64	2	48
186684	15021	45	CB	66	73	49	35	50	47	68	68	1	87	51	38	1	35
186715	111928	95	LM	66	67	81	57	61	67	53	53	0	51	65	61	2	60
186905	1808	4	ST	66	76	68	67	57	68	51	72	0	70	68	72	1	55
186992	1970	83	RB	66	71	71	57	67	67	63	60	0	72	66	70	2	50
187063	417	133	CM	66	68	82	52	63	70	63	64	0	72	73	60	2	48
187338	111540	46	ST	66	72	67	63	51	62	40	70	0	71	68	69	1	49
187517	315	40	CB	66	75	60	38	49	42	69	62	1	78	62	30	1	71
187518	110233	40	RB	66	66	67	45	63	50	63	67	0	60	64	74	1	67
187603	100765	40	CB	66	66	69	46	62	59	66	64	0	64	59	46	3	62
187734	100766	40	GK	66	73	61	73	62	72	47	60	0	73	21	21	0	25
188091	417	36	ST	66	73	84	61	54	72	43	64	0	70	73	72	1	44
188146	1815	18	RB	66	70	68	37	60	52	68	67	0	67	56	56	1	37
188161	1914	34	ST	66	67	82	64	54	67	44	63	0	72	65	72	2	64
188164	1794	14	ST	66	75	70	67	66	66	51	56	0	66	68	71	2	71
188181	1799	14	LB	66	69	71	55	61	67	65	62	0	67	69	68	1	38
188412	110930	140	CM	66	66	72	54	60	67	40	56	0	56	67	54	3	60
188485	1848	60	CB	66	79	60	38	46	40	67	72	1	89	55	68	1	56
188561	674	102	CB	66	68	71	39	46	47	67	74	1	84	48	52	1	47
188575	780	4	RM	66	69	78	61	62	74	40	55	0	68	73	64	2	58
188772	894	47	RB	66	74	73	39	61	59	66	63	0	62	62	39	1	30
188789	94	14	ST	66	66	73	62	50	70	40	52	0	53	66	63	1	57
188821	100831	18	LB	66	66	86	35	56	62	64	64	1	76	59	60	1	42
188826	110929	140	LM	66	67	72	52	51	72	34	42	0	32	75	52	2	35
188969	463	45	CAM	66	66	65	64	73	68	47	50	1	57	71	73	2	78
189007	420	37	CM	66	66	57	56	62	57	70	66	0	66	66	57	1	56
189047	110749	37	CB	66	63	61	52	42	53	69	72	0	80	47	61	1	61
189084	100632	34	GK	66	73	65	68	64	66	51	66	0	65	25	25	0	25
189153	695	52	CAM	66	76	73	55	66	70	40	52	0	52	71	69	3	73
189177	1800	42	CM	66	76	70	60	66	72	46	57	0	71	72	65	2	65
189410	160	21	CM	66	71	70	50	67	66	62	63	0	66	69	64	1	58
189415	224	18	LB	66	68	71	54	63	62	65	52	0	59	64	71	1	59
189541	89	14	RB	66	74	71	34	61	65	66	68	0	71	65	26	1	29
189557	570	27	RB	66	69	77	51	63	59	66	64	0	75	61	62	1	39
189724	209	15	CB	66	69	51	30	45	42	65	77	1	82	52	33	1	51
189751	1837	27	CM	66	71	70	64	65	68	58	64	0	59	69	71	2	58
189772	97	14	LM	66	66	70	63	65	66	48	50	0	63	64	68	2	52
190090	1837	22	CDM	66	73	70	48	65	63	65	72	0	77	65	59	2	58
190140	8	25	LM	66	69	91	56	61	67	64	62	1	57	64	61	1	56
190490	110636	108	RM	66	72	97	56	54	67	40	56	1	63	62	67	2	28
190504	1793	133	CM	66	75	72	51	63	67	67	64	0	79	69	68	1	45
190585	112134	95	RB	66	69	82	52	59	63	63	58	0	64	60	61	1	32
190588	111140	72	LW	66	67	80	59	60	66	57	65	0	64	65	62	2	48
190635	15005	126	CDM	66	71	71	55	62	71	66	69	0	71	68	60	1	57
190666	1832	21	CB	66	70	64	40	60	56	66	68	0	68	64	49	1	29
190667	25	21	CF	66	72	76	65	62	73	43	54	0	53	70	67	2	58
190685	1815	126	ST	66	70	90	64	54	65	39	57	1	57	65	69	2	64
190745	192	27	GK	66	76	66	63	59	72	33	65	0	64	21	25	0	25
190780	693	95	GK	66	72	72	58	59	74	60	63	0	62	23	42	0	25
190783	689	46	CB	66	66	41	32	59	45	69	66	0	66	45	32	2	59
190979	417	36	CM	66	74	74	63	62	76	55	55	0	58	68	68	3	64
191261	110178	21	ST	66	66	65	63	49	59	46	73	0	78	61	66	1	41
191263	607	183	CAM	66	68	63	62	66	70	54	58	1	64	71	64	4	65
191548	1473	163	CM	66	66	71	56	59	62	65	56	0	56	62	56	3	59
191655	1473	167	GK	66	82	67	61	62	67	57	68	0	61	25	25	0	25
191871	983	167	CM	66	66	73	54	65	63	64	70	1	70	63	54	3	65
192045	112679	83	RM	66	70	83	39	65	70	59	58	0	64	70	60	2	30
192110	1880	83	RW	66	76	80	58	59	70	41	68	0	55	69	68	2	52
192122	467	45	RB	66	72	75	34	58	60	64	63	0	64	66	48	1	35
192126	433	46	LM	66	76	79	62	60	72	44	61	0	68	73	74	1	63
192128	320	46	RB	66	74	67	55	68	74	64	58	0	66	75	68	2	66
192170	711	133	CM	66	66	66	53	57	55	66	63	0	63	55	53	2	57
192437	165	21	CAM	66	71	68	64	64	69	45	60	0	54	69	66	2	70
192457	243	45	GK	66	70	62	67	52	68	36	69	0	77	25	21	0	25
192561	110329	21	RM	66	74	78	65	58	71	41	65	0	77	70	74	2	58
192567	110178	21	RB	66	75	77	45	64	65	64	50	0	44	63	57	1	28
192617	110500	21	LM	66	70	76	62	64	66	61	61	0	73	64	77	1	69
192619	110596	21	CB	66	69	69	29	40	36	68	67	1	77	40	49	1	29
192622	7	25	CB	66	74	52	32	47	33	66	67	1	79	56	45	1	32
192624	88	35	LM	66	76	77	53	62	74	59	52	0	47	73	54	1	57
192638	110374	45	LB	66	78	69	59	61	62	68	61	0	69	57	75	1	71
192661	162	21	RB	66	70	72	43	62	65	66	65	0	59	65	64	1	39
192663	159	21	ST	66	70	70	63	39	56	42	69	1	83	59	74	1	41
192824	1738	97	CAM	66	71	73	64	65	68	46	58	0	59	77	63	2	65
192840	112410	8	ST	66	71	65	62	57	59	48	70	1	87	65	69	1	53
192877	110233	43	CB	66	69	54	43	51	34	66	71	1	87	48	69	1	37
192997	226	18	CDM	66	67	56	30	56	47	68	66	1	84	58	29	1	42
193083	620	14	CDM	66	71	63	51	62	67	64	70	1	87	64	51	2	46
193095	10030	34	ST	66	72	70	65	56	64	47	66	0	78	65	71	1	60
193133	1788	13	RB	66	73	89	58	65	63	66	56	1	68	64	57	1	50
193179	1445	117	CB	66	69	73	42	53	52	67	70	1	90	57	65	1	40
193187	142	14	RM	66	70	82	59	62	70	46	42	0	58	68	63	2	56
193308	1473	54	ST	66	66	82	64	51	65	48	72	0	72	65	64	3	51
193331	14	14	GK	66	72	69	66	64	69	59	64	0	58	26	25	0	25
193339	112527	56	CAM	66	67	62	64	65	73	58	62	0	73	70	70	3	64
193448	70	129	RB	66	75	77	56	68	58	65	61	0	68	63	62	2	33
193493	665	38	CAM	66	71	64	59	63	69	42	56	0	69	70	72	2	48
193517	100634	10	CAM	66	72	68	63	64	72	44	52	0	60	68	67	2	64
193546	631	42	CB	66	73	71	28	44	61	67	70	0	74	61	25	1	25
193632	506	30	LM	66	72	90	61	57	72	41	53	1	61	71	71	2	51
193686	1837	27	LB	66	76	70	38	58	57	68	68	0	75	63	68	1	33
193716	80	42	CB	66	71	67	37	51	57	66	72	0	77	59	36	1	29
193798	1961	25	ST	66	78	74	61	55	66	47	68	0	70	65	63	2	40
193896	36	21	CDM	66	71	67	51	62	61	68	63	0	62	65	68	1	41
193938	112679	83	CB	66	69	70	38	62	60	66	68	0	68	59	46	1	39
193983	110326	18	ST	66	76	74	61	56	71	39	63	0	78	72	69	2	54
194015	162	21	CB	66	71	65	47	54	55	67	69	0	76	57	73	1	49
194083	111092	38	ST	66	69	71	59	57	69	47	66	0	73	70	70	2	45
194333	111092	37	GK	66	66	68	63	54	70	26	69	0	69	70	63	3	54
194669	647	4	CM	66	77	72	63	71	69	59	57	0	57	76	71	2	68
194738	693	54	ST	66	62	60	64	56	65	46	67	0	71	67	76	2	54
194783	1838	27	ST	66	77	80	59	58	70	39	60	0	65	70	60	2	50
194955	450	45	LW	66	70	75	59	57	73	46	57	0	56	67	51	2	55
194985	110109	54	CB	66	67	81	57	65	57	66	67	1	78	61	71	2	68
195020	110	14	CDM	66	70	69	48	65	59	65	60	0	58	59	51	1	46
195037	110	14	CB	66	74	53	26	48	37	67	75	1	81	43	31	1	25
195261	160	21	ST	66	69	65	65	54	63	44	69	0	75	69	77	1	58
195357	1815	99	GK	66	70	68	66	65	63	39	75	1	85	25	25	0	25
195722	15029	55	LB	66	65	92	39	64	58	67	58	1	56	68	38	3	49
196884	744	61	LW	66	72	82	65	54	71	41	60	0	58	69	81	2	55
196935	95	45	CB	66	77	66	28	58	58	66	63	1	62	68	42	1	23
197233	74	18	GK	66	76	65	62	61	74	42	64	0	75	28	34	0	25
197239	244	45	CM	66	66	73	65	61	69	43	46	1	46	69	65	3	61
197503	112387	183	CB	66	66	72	41	56	55	67	71	0	73	55	56	1	25
197768	217	18	CM	66	77	72	60	68	73	42	43	0	32	77	58	2	70
197891	573	45	ST	66	75	77	60	50	71	39	60	0	47	70	67	2	56
197926	110734	27	CM	66	73	66	55	70	67	60	66	0	77	64	59	2	57
197941	433	133	ST	66	72	90	62	42	67	36	69	1	57	64	67	2	24
197948	378	18	CB	66	75	47	45	57	47	68	67	1	91	59	54	1	40
197961	873	37	RB	66	69	77	65	62	65	61	54	0	64	63	69	2	66
197981	269	13	ST	66	76	63	61	43	61	44	78	1	91	67	74	1	37
198000	111928	95	LB	66	70	72	55	61	59	68	64	0	70	59	61	1	53
198104	33	21	CDM	66	70	68	55	59	59	67	72	0	78	67	76	1	42
198129	1906	58	CDM	66	74	72	55	62	67	64	60	0	64	74	66	1	42
198177	100634	34	CB	66	72	64	36	54	48	66	66	0	73	56	47	1	32
198190	1919	25	LB	66	70	77	45	64	63	65	67	0	66	65	59	1	51
198257	696	95	LB	66	68	68	48	62	63	66	55	0	64	64	42	1	56
198285	1917	14	GK	66	76	68	67	55	70	55	63	0	60	30	29	0	25
198292	110231	40	RB	66	74	70	43	64	47	66	58	0	65	67	50	1	45
198338	112225	27	CB	66	74	60	37	39	45	68	76	1	86	50	59	1	25
198352	169	21	CB	66	77	67	44	60	50	68	69	1	78	59	64	1	39
198599	417	36	RB	66	75	81	50	55	66	67	57	0	55	65	60	1	37
198638	894	47	CM	66	77	72	59	66	62	57	50	0	62	65	61	1	50
198654	110234	40	CM	66	74	56	61	71	61	60	71	0	74	68	72	1	66
198657	298	36	RB	66	72	72	63	66	69	64	66	0	69	66	73	1	53
198782	239	7	CDM	66	69	63	37	60	52	67	67	0	74	65	55	1	43
198857	112409	27	CB	66	75	52	40	46	50	69	72	1	85	55	53	1	37
198977	1831	21	RM	66	73	83	60	57	71	37	49	0	43	64	63	2	39
199000	111396	195	CB	66	79	74	48	68	64	69	69	0	80	66	60	1	30
199027	1926	14	LB	66	81	76	38	61	59	63	62	0	57	66	42	1	39
199149	111395	195	CB	66	67	59	34	50	48	68	74	0	79	60	39	1	29
199313	110569	108	RB	66	74	79	43	63	56	65	64	0	68	62	49	2	48
199524	110912	133	CDM	66	68	72	46	66	65	63	63	0	55	65	62	2	45
199538	650	34	CM	66	73	55	57	69	63	57	51	0	61	67	77	1	75
199562	110704	45	CB	66	71	68	46	67	62	62	53	0	61	69	48	2	48
199578	1867	45	ST	66	68	63	65	46	56	48	63	1	83	62	82	2	44
199625	1905	18	LB	66	67	75	57	67	66	64	67	0	68	62	77	1	56
199651	682	54	CAM	66	74	81	58	63	76	45	51	1	53	74	61	3	60
199667	1876	52	LB	66	73	62	34	41	39	69	66	0	72	62	68	1	48
199791	272	13	LM	66	74	84	61	58	72	41	64	0	66	73	72	2	52
199959	101114	83	CM	66	72	76	54	66	70	57	54	0	64	68	72	2	59
199980	110913	7	GK	66	65	74	57	62	73	45	61	0	63	27	40	0	25
200105	1915	34	CB	66	71	68	37	62	63	66	68	0	67	64	56	1	34
200107	1902	34	CDM	66	71	76	44	63	67	66	65	0	69	61	60	1	32
200209	820	13	GK	66	74	68	64	65	70	39	65	0	66	27	36	0	25
200236	1873	8	LB	66	72	83	42	55	61	70	64	1	92	44	75	1	57
200314	453	45	CAM	66	77	71	59	61	65	47	52	0	53	67	72	2	56
200318	100634	21	ST	66	72	72	62	55	65	44	70	0	67	65	70	2	56
200357	59	51	CB	66	75	47	32	48	47	67	68	1	82	54	52	1	26
200446	101112	54	ST	66	73	74	70	61	72	41	58	1	48	76	82	3	83
200553	110765	167	LW	66	69	80	58	60	65	43	69	0	74	65	61	1	47
200592	1476	167	CM	66	66	79	55	66	66	65	69	0	69	66	55	3	66
200759	95	117	LB	66	60	86	60	34	68	49	62	1	70	63	67	1	33
200953	1910	21	RW	66	72	66	63	63	67	49	61	0	70	68	73	1	45
201041	294	18	LB	66	76	78	39	63	60	65	69	0	72	62	52	1	33
201073	379	18	ST	66	76	75	64	58	65	41	61	0	49	72	69	1	55
201085	88	42	CM	66	76	78	49	64	75	54	51	0	60	73	64	2	63
201266	820	13	RM	66	77	76	63	61	67	50	57	0	60	72	65	2	64
201271	1445	13	RM	66	74	85	52	63	70	50	64	1	65	70	57	2	46
201914	110915	27	CB	66	74	67	37	47	52	65	68	0	70	59	64	1	30
201922	191	4	CB	66	80	67	55	58	59	66	72	1	78	61	84	1	32
201938	673	7	LM	66	76	86	55	61	73	37	50	1	47	68	56	2	48
201965	320	46	CM	66	75	72	60	68	68	50	46	0	44	73	65	2	58
202153	247	34	LB	66	71	71	46	62	65	67	64	0	72	63	47	1	40
202171	687	95	RB	66	66	69	56	54	57	68	71	0	70	57	63	1	49
202245	111144	95	LM	66	62	76	59	64	67	60	60	0	57	59	70	3	51
202348	517	54	CDM	66	72	55	49	68	63	64	66	0	68	68	59	1	45
202416	670	45	CB	66	66	72	34	62	60	66	67	0	65	61	46	1	42
202445	112237	27	CB	66	75	68	37	52	52	67	72	0	80	49	53	1	28
202512	10030	21	LB	66	72	75	48	64	65	66	66	0	74	65	69	1	44
202530	111651	45	CM	66	66	83	51	58	70	43	52	0	52	70	51	3	58
202708	72	115	RB	66	73	77	50	64	61	65	56	0	65	64	52	2	48
202864	112584	55	LM	66	72	91	58	65	65	62	66	1	68	66	62	1	74
202885	101114	83	CAM	66	73	74	63	51	66	39	68	0	67	66	70	1	38
202985	1474	167	LB	66	68	79	40	60	63	67	67	0	70	63	34	1	43
203060	4	14	CM	66	79	71	47	68	71	53	48	0	50	70	45	2	49
203159	110178	21	CB	66	69	63	29	50	36	67	72	1	86	47	51	1	25
203166	503	21	RM	66	68	82	60	59	69	49	63	0	71	67	67	2	49
203177	110832	18	RB	66	76	77	49	65	62	67	61	0	74	62	58	1	38
203263	1794	14	CB	66	78	54	27	47	41	65	73	0	81	45	37	1	25
203348	1798	25	RM	66	75	68	58	59	72	44	35	0	49	71	61	2	62
203355	4	14	LM	66	78	82	62	62	69	39	60	0	58	67	61	2	62
203362	112199	36	LM	66	75	83	57	62	74	45	61	0	55	73	62	4	68
203731	110929	140	CB	66	68	66	27	42	35	69	69	0	71	41	40	1	35
203786	110596	1	RM	66	69	89	58	61	70	48	64	1	62	66	60	2	58
203823	10030	21	LB	66	69	75	58	61	60	67	70	1	84	63	66	1	49
203886	71	18	CM	66	75	76	59	63	70	58	46	0	61	73	68	2	60
203912	110912	27	ST	66	70	91	58	49	72	39	56	1	47	67	70	2	47
204074	15021	83	ST	66	65	60	63	41	54	50	74	1	85	50	72	1	46
204102	1903	34	CDM	66	79	70	52	66	71	62	61	0	60	76	63	2	56
204103	1903	163	CM	66	66	75	54	60	75	36	38	0	38	75	54	3	60
204254	44	54	RB	66	78	79	51	68	71	61	48	0	47	71	64	1	57
204336	1873	51	CB	66	66	65	40	53	60	67	65	0	72	50	38	1	53
204353	91	42	LB	66	70	65	61	64	64	66	76	1	68	69	68	1	52
204386	1908	34	LB	66	71	67	41	66	66	65	66	0	60	66	52	1	36
204392	650	34	CM	66	74	66	54	65	65	62	63	0	68	69	63	1	52
204394	100634	34	RW	66	70	89	57	54	71	39	58	1	58	66	73	2	41
204436	38	21	CAM	66	77	66	59	65	75	41	58	0	46	69	58	2	56
204478	1910	12	CB	66	66	63	39	58	50	65	73	0	73	50	39	2	58
204616	110915	27	RB	66	73	76	42	59	44	67	70	0	77	55	62	1	48
204687	420	37	RB	66	73	89	39	58	62	66	60	1	73	58	51	1	35
204778	110704	45	LW	66	72	70	57	68	69	48	49	0	42	71	58	2	61
204845	162	46	LM	66	74	79	64	62	74	40	44	0	42	68	74	3	69
204849	110147	83	ST	66	66	84	59	58	67	42	70	0	70	67	59	3	58
205053	1807	42	CM	66	67	76	57	69	67	61	57	0	64	65	70	1	65
205121	242	38	RM	66	74	82	65	59	70	46	60	0	75	74	70	3	58
205210	711	46	CDM	66	74	61	54	59	59	65	67	0	65	65	73	1	44
205391	65	18	CDM	66	79	75	47	62	65	66	64	0	79	71	67	1	47
205401	1909	20	CAM	66	75	75	55	55	78	42	54	1	65	75	66	3	62
205408	1013	52	CB	66	71	67	33	59	51	65	64	0	72	59	53	1	41
205590	459	45	RB	66	71	75	44	67	57	65	68	0	72	70	73	1	41
205617	110929	140	CDM	66	70	67	36	67	67	65	60	0	65	66	60	1	29
205654	39	108	CM	66	75	68	57	70	65	61	72	0	75	75	71	1	59
205682	110915	8	LW	66	75	80	62	60	69	42	64	0	79	74	72	2	46
205951	674	54	RB	66	66	76	60	66	67	66	60	0	69	67	70	1	53
206126	1943	140	ST	66	73	92	58	55	74	39	60	1	61	67	63	2	31
206393	110913	19	LM	66	68	69	67	64	71	45	64	0	66	70	71	2	66
206408	254	95	ST	66	74	70	65	42	57	42	74	0	82	57	76	2	37
206585	448	45	GK	66	77	64	57	71	73	34	68	0	51	25	34	0	25
206591	21	21	RM	66	77	84	53	62	73	42	48	0	34	72	51	3	51
206606	111239	21	ST	66	78	53	62	42	60	45	70	1	86	64	81	1	30
207507	1755	133	ST	66	73	74	63	51	66	38	50	0	71	69	70	2	35
207531	10029	21	CB	66	74	67	36	55	53	67	66	0	73	61	57	1	30
207642	1960	35	ST	66	73	72	65	48	66	45	67	0	74	69	64	1	53
207684	110636	22	RM	66	75	76	50	60	72	35	53	0	49	69	51	2	64
207894	10029	21	CDM	66	74	62	47	60	57	67	71	0	78	65	78	1	38
207928	78	195	CAM	66	78	72	65	65	77	41	60	0	73	76	65	3	56
207929	894	54	LM	66	69	79	46	52	75	35	40	0	50	69	65	2	58
208379	920	72	CB	66	76	74	47	58	54	66	68	0	70	65	67	1	26
208459	1913	34	LB	66	73	73	41	63	65	70	50	1	85	69	60	1	46
208535	1844	117	CM	66	79	69	54	64	70	65	70	0	73	73	70	2	50
208587	1755	82	ST	66	66	80	61	51	69	38	57	0	57	69	61	3	51
208636	1474	167	CM	66	66	70	53	66	64	65	66	0	66	64	53	3	66
208675	239	42	ST	66	78	81	59	40	66	38	70	0	80	67	68	2	32
208822	567	54	CF	66	80	90	59	55	74	33	47	1	27	70	62	2	39
208927	112139	183	LB	66	66	60	37	68	53	69	68	0	73	55	60	2	60
209051	111674	183	RM	66	68	77	59	61	73	35	42	0	42	70	65	3	60
209346	110233	40	ST	66	74	76	67	65	67	39	62	0	73	68	72	2	66
209372	1914	48	RM	66	76	83	61	63	68	32	51	0	46	69	62	2	39
209377	1914	34	LB	66	68	70	53	69	68	63	48	0	49	65	59	1	67
209436	110746	163	CAM	66	69	73	60	64	68	50	50	0	52	73	58	3	63
209636	570	27	CB	66	79	65	28	44	38	69	68	0	79	55	43	1	25
209674	1904	34	RW	66	71	83	56	58	68	35	50	0	55	68	65	3	55
209785	110930	140	LB	66	69	77	39	64	67	65	49	0	55	75	55	1	33
209889	217	18	LB	66	79	80	52	62	66	64	57	0	57	69	53	2	57
209965	110500	47	ST	66	72	68	62	56	63	42	66	0	79	68	74	1	45
210142	112139	183	LM	66	68	90	58	58	75	35	42	1	39	71	66	3	42
210219	70	52	ST	66	67	50	66	51	64	37	66	0	74	66	74	2	32
210304	25	21	LM	66	73	76	59	61	70	38	50	0	39	68	65	2	38
210361	15005	7	LB	66	70	63	35	61	50	68	67	0	75	63	55	1	37
210434	1820	18	RB	66	71	79	51	63	63	65	60	0	74	65	59	1	42
210532	2038	60	LM	66	70	69	52	68	62	63	64	0	78	60	64	2	48
210599	100765	40	GK	66	78	68	60	63	66	46	71	0	71	25	24	0	25
210700	607	183	CDM	66	73	69	60	63	66	64	68	0	74	67	66	2	46
211321	110556	136	RW	66	78	79	59	53	51	41	70	0	67	67	69	2	36
211353	112124	39	GK	66	71	69	65	59	72	55	65	0	63	25	42	0	25
213133	110745	45	CAM	66	70	73	59	71	75	39	48	0	42	78	59	2	61
213311	110912	59	CB	66	66	70	34	64	60	63	60	0	60	60	34	3	64
215886	1831	10	CDM	66	73	56	56	61	61	65	68	0	77	65	71	1	74
1318	110178	21	LB	65	66	66	64	66	66	65	64	0	74	67	73	1	75
2208	100634	117	ST	65	66	64	65	50	64	39	69	0	66	66	65	1	60
3189	1812	18	ST	65	66	60	67	71	65	51	64	0	71	67	72	2	74
6186	674	7	CM	65	65	30	66	65	48	64	64	1	64	48	66	2	65
7080	1892	38	CDM	65	64	50	50	65	58	67	68	0	67	64	61	1	56
7221	2045	4	ST	65	65	65	69	62	65	48	67	0	70	62	75	2	65
9807	1910	34	CB	65	65	36	38	57	35	65	72	0	72	35	38	2	57
10899	1794	14	ST	65	59	66	60	54	62	48	70	0	72	52	52	2	50
11841	89	14	CM	65	62	40	63	72	64	60	56	0	66	61	66	1	68
17992	112513	38	RW	65	67	73	56	66	67	51	51	0	54	73	77	1	69
19119	1801	70	ST	65	65	79	65	56	63	44	67	0	65	62	65	2	60
19382	1796	50	CM	65	64	53	59	67	64	53	48	0	48	65	68	1	64
20057	432	36	CB	65	63	47	55	65	55	69	60	0	73	61	68	2	31
22151	269	13	CB	65	69	77	45	53	53	67	72	1	84	58	65	1	25
32420	897	47	RM	65	64	68	60	59	70	45	56	0	59	63	68	3	53
34373	111397	195	ST	65	64	78	59	50	71	44	52	0	57	62	61	2	57
35310	1902	7	CDM	65	63	65	59	66	67	63	59	0	68	62	63	1	63
41049	1516	13	ST	65	65	54	61	46	60	40	65	0	65	60	61	3	46
45104	1516	13	ST	65	68	65	59	48	52	43	76	0	76	68	67	1	25
45110	920	36	CM	65	65	72	58	66	63	65	65	0	65	63	58	3	66
45359	920	36	CB	65	63	60	36	48	57	68	74	1	81	49	58	1	25
45362	100081	7	LB	65	67	69	63	66	67	64	62	0	67	67	67	2	64
45375	922	36	ST	65	65	68	56	49	60	43	73	0	73	60	56	3	49
45587	272	13	ST	65	64	61	62	59	57	45	68	0	75	58	68	2	57
45609	33	21	CM	65	65	67	63	62	69	64	56	0	56	69	63	3	62
46014	77	42	RM	65	66	54	72	70	68	60	74	1	80	70	85	2	84
49214	100804	42	RB	65	64	39	46	61	57	70	73	1	90	62	66	2	71
49441	1530	18	CDM	65	65	66	51	64	65	60	61	0	63	67	56	1	45
49457	71	18	RW	65	67	73	63	55	66	39	68	0	71	66	68	2	53
49574	300	46	ST	65	65	80	64	50	66	42	64	0	64	66	64	3	50
49589	700	46	CB	65	64	56	59	60	59	63	78	0	76	57	70	1	72
49945	434	80	CB	65	63	70	42	42	55	68	69	0	71	61	46	1	48
50632	1939	14	CB	65	65	41	34	41	38	68	72	1	86	43	49	1	36
51116	702	36	CB	65	65	62	45	53	48	65	73	0	73	48	45	2	53
51363	1910	34	GK	65	65	62	66	63	65	37	69	0	69	65	66	3	63
51466	1750	7	CB	65	65	48	41	57	45	65	68	0	74	58	56	1	42
52107	361	14	CB	65	61	37	28	46	38	67	69	1	78	45	42	1	25
52280	920	13	CB	65	64	60	38	41	41	67	68	1	85	53	48	1	25
52309	111139	95	RM	65	69	76	58	61	69	46	48	0	57	69	67	2	65
52474	299	36	RB	65	67	69	66	67	60	68	60	0	68	65	81	2	62
52846	896	47	RB	65	65	78	50	60	65	65	66	0	72	64	63	2	45
52978	319	46	RB	65	65	76	45	59	63	66	51	0	61	63	49	1	41
53496	694	42	CM	65	65	57	62	69	61	50	49	0	49	61	62	3	69
53500	14	14	LB	65	63	67	47	63	59	66	66	0	68	59	55	1	57
53593	15	14	RM	65	68	62	63	67	69	60	58	0	58	70	66	2	50
53618	88	14	CM	65	65	60	52	63	60	68	62	0	64	64	60	1	39
53847	1932	14	GK	65	65	64	68	66	62	50	67	0	67	62	68	3	66
53867	111396	42	CDM	65	66	51	45	52	55	70	65	0	81	65	69	1	32
54008	97	14	GK	65	65	66	67	54	67	56	64	0	70	20	24	0	25
101882	8	14	LB	65	64	62	36	63	65	65	62	0	67	71	39	1	41
102129	271	17	CB	65	64	33	54	58	44	63	77	0	80	49	76	1	70
102293	110178	51	ST	65	65	60	63	52	60	47	65	1	79	61	69	2	51
102881	433	70	GK	65	60	67	60	66	72	33	63	0	72	23	25	0	25
103578	874	37	CB	65	63	53	61	59	50	65	59	0	67	54	77	1	60
104296	111395	25	CM	65	65	58	59	68	68	51	59	0	60	71	67	1	65
104509	922	36	CB	65	65	66	64	58	50	66	69	1	79	63	84	1	77
105827	1873	37	ST	65	66	67	64	60	55	46	68	1	71	53	82	2	50
106202	1871	37	ST	65	65	63	64	51	53	53	76	0	77	51	64	2	50
107280	1738	18	CB	65	61	40	32	59	40	66	71	0	67	60	52	1	25
108361	256	4	GK	65	65	65	65	66	65	53	64	0	68	23	25	0	25
110371	110062	45	CB	65	65	31	48	57	47	72	58	1	87	57	64	1	55
111106	260	45	GK	65	65	70	60	63	71	63	59	1	59	71	60	3	63
112373	1820	18	GK	65	63	61	64	55	69	41	68	0	53	34	25	0	25
112745	503	45	CDM	65	65	49	54	64	64	64	55	0	69	64	64	2	71
115577	1867	45	CB	65	64	51	35	45	40	68	72	1	90	49	33	1	41
119834	142	14	CM	65	65	45	63	71	67	62	60	0	72	70	64	1	59
120326	1447	13	CB	65	65	54	46	59	45	65	71	0	75	51	58	1	49
120451	298	36	GK	65	66	65	66	64	68	35	65	1	60	25	25	0	25
134792	1798	14	LM	65	66	71	62	60	68	51	60	0	58	66	62	2	65
136110	1905	7	CB	65	64	42	39	57	42	67	66	0	80	58	60	1	45
136275	2056	167	RB	65	65	78	53	63	50	67	69	0	76	58	61	1	55
136467	1476	167	CB	65	65	73	39	54	52	66	71	0	71	52	39	2	54
136775	1914	34	CB	65	66	34	53	58	58	65	62	0	77	65	67	1	62
137403	111139	27	CM	65	65	74	56	60	68	45	53	0	53	68	56	3	60
137464	506	21	CDM	65	64	41	42	54	55	70	67	0	79	60	67	1	66
137466	110734	27	CB	65	65	53	45	44	45	65	75	0	75	45	45	2	44
137511	110596	21	RB	65	66	75	34	61	58	65	55	0	59	62	49	1	38
137637	100765	10	GK	65	67	74	60	66	68	58	56	1	77	21	23	0	25
137699	1832	21	CB	65	65	46	38	45	45	66	68	0	74	57	43	1	33
137829	687	54	CB	65	65	51	44	48	42	67	68	0	68	42	44	2	48
137971	614	97	CM	65	65	71	57	68	67	46	52	0	52	67	57	3	68
138188	689	117	RM	65	67	79	50	59	74	44	54	0	64	70	68	2	40
138239	77	42	CB	65	66	34	40	45	42	66	68	0	71	60	35	1	46
138295	697	95	LB	65	64	59	52	61	62	67	63	0	67	64	57	1	57
138710	294	18	CB	65	64	53	42	54	47	67	66	0	75	54	57	1	39
138830	1798	14	LB	65	65	61	38	60	56	68	63	0	77	62	52	1	62
138972	1831	18	RB	65	64	64	45	60	59	66	67	0	73	63	76	1	51
139225	110150	83	ST	65	64	54	61	54	56	45	68	1	91	62	60	1	49
139317	1939	14	ST	65	65	63	64	57	62	42	66	1	68	64	67	2	48
139476	94	14	GK	65	66	69	60	62	70	56	61	0	70	34	32	0	25
139535	1932	93	ST	65	65	45	63	45	63	47	68	1	68	63	63	3	45
139795	100087	7	LB	65	65	72	53	57	43	64	70	0	67	47	72	1	47
140029	110147	83	GK	65	70	64	66	62	66	42	70	0	66	26	30	0	25
140253	101116	83	ST	65	65	57	63	62	64	47	71	0	71	64	63	3	62
140453	1932	35	LM	65	65	66	60	60	74	38	52	0	65	73	64	3	63
140595	1439	51	CB	65	62	51	55	58	57	63	73	0	70	57	64	1	70
142385	110749	37	CAM	65	64	68	65	62	63	64	62	0	63	62	66	1	58
142455	1808	45	RB	65	67	53	49	64	64	65	68	0	66	65	60	1	52
143101	111393	52	CAM	65	67	65	64	66	70	34	39	0	42	72	68	2	68
143327	110233	6	CB	65	65	53	39	61	58	64	66	0	66	62	58	2	34
144021	191	47	RB	65	66	71	43	61	68	64	64	0	69	68	68	1	44
144430	299	46	CM	65	61	71	62	60	66	54	58	0	66	73	75	2	47
144432	111835	46	LM	65	66	54	62	69	62	48	50	0	58	66	73	1	76
144593	232	47	CB	65	65	71	56	60	65	65	61	0	61	65	56	3	60
145899	100831	45	ST	65	65	63	66	43	57	49	72	1	72	57	66	3	43
145902	15021	45	LB	65	65	72	41	57	49	69	68	0	80	53	65	1	36
145903	1867	45	CAM	65	66	62	58	71	61	52	54	0	58	68	68	1	71
145996	110831	45	CDM	65	69	62	37	51	48	67	59	0	73	62	58	1	49
146059	472	45	CB	65	65	63	41	54	50	65	65	0	74	58	48	1	45
146450	110831	45	RM	65	65	60	58	65	67	53	60	0	61	67	59	2	60
146743	1867	45	LB	65	68	63	47	61	56	70	62	0	78	64	69	1	50
147619	110234	40	CM	65	71	62	61	70	62	65	72	0	77	63	66	1	56
148146	110089	40	CDM	65	68	67	60	67	66	62	58	0	62	69	59	2	67
148434	420	37	CDM	65	67	30	55	58	46	70	64	0	77	52	73	1	57
148478	873	37	ST	65	65	73	59	53	61	48	74	1	74	61	59	3	53
148811	1904	34	CDM	65	65	59	46	65	64	64	57	0	63	66	52	1	31
150417	506	21	CM	65	64	56	62	66	66	64	66	0	71	67	71	1	52
150588	1814	18	CB	65	64	32	32	52	32	66	69	0	74	52	38	1	30
150677	224	18	CB	65	65	51	36	50	36	65	71	0	81	57	57	1	44
150894	320	17	CM	65	66	49	54	63	55	69	72	0	83	66	70	1	52
151891	1902	7	RB	65	64	56	49	63	62	64	62	0	59	57	66	1	45
152038	1447	13	LW	65	65	72	59	61	67	40	52	0	64	67	72	2	51
152092	256	4	CAM	65	69	74	66	63	74	42	61	0	64	73	69	3	62
152650	111399	195	CM	65	65	33	58	55	48	67	65	1	65	48	58	2	55
152695	1936	14	ST	65	64	56	66	40	54	36	54	0	42	60	70	2	40
152724	8	14	LM	65	65	65	55	67	66	63	66	0	69	67	61	2	64
152826	981	54	CB	65	68	54	42	41	56	66	65	0	81	59	34	1	40
152876	1804	25	LM	65	64	72	65	62	70	46	58	0	67	67	67	2	72
152887	111065	95	LB	65	65	60	50	63	58	67	66	0	70	61	55	1	68
152900	111065	95	CM	65	65	65	57	65	63	61	59	0	63	67	59	1	61
155494	110745	37	RM	65	70	89	63	64	67	43	59	1	62	56	68	2	59
155524	110	14	CB	65	74	53	37	50	46	70	71	1	73	57	49	1	32
155539	83	16	GK	65	65	65	68	60	64	44	65	0	70	25	22	0	25
155551	1786	13	LM	65	65	66	62	68	65	48	65	1	81	62	63	2	68
155598	1478	167	ST	65	65	66	61	51	70	49	72	1	72	70	61	3	51
155835	1905	7	CB	65	65	63	36	53	50	67	60	0	73	60	37	1	28
156257	110178	133	CB	65	66	65	32	44	43	66	72	1	90	53	60	1	21
156275	432	34	CM	65	65	77	55	54	78	35	42	1	42	78	55	4	54
156600	160	37	LM	65	69	76	60	58	73	49	63	0	71	69	68	2	51
156920	1747	7	GK	65	64	69	60	66	71	46	61	0	68	21	35	0	25
157006	477	45	RM	65	65	61	58	64	65	49	72	0	59	64	59	2	50
157035	112679	83	CAM	65	65	68	64	65	65	47	67	0	66	64	66	2	58
157495	670	27	ST	65	64	42	64	44	43	45	77	1	89	49	74	1	36
157787	112237	27	CB	65	65	53	30	50	48	66	70	0	79	54	41	1	31
157797	110741	27	CB	65	65	66	41	55	48	67	67	0	75	52	64	1	23
158627	68	18	ST	65	65	55	65	57	62	47	77	1	82	61	70	1	60
158718	48	27	GK	65	65	63	64	55	69	27	68	0	62	21	33	0	25
158788	110394	52	CM	65	62	60	56	63	59	64	62	0	75	69	72	1	58
158867	1939	25	CB	65	66	56	34	48	50	63	68	0	74	52	56	1	57
159582	100831	45	RM	65	65	77	58	56	69	42	54	0	32	70	50	3	59
161651	82	42	CB	65	63	65	50	60	62	67	65	0	71	58	62	1	61
161658	111678	83	CB	65	65	46	49	44	38	66	72	1	72	38	49	2	44
161697	110150	83	CAM	65	67	61	62	61	66	49	62	0	71	72	75	2	58
161807	111092	43	GK	65	65	66	58	64	66	30	67	0	44	23	22	0	25
162198	294	18	ST	65	68	59	67	63	61	47	70	0	75	66	74	1	63
162455	111400	195	RB	65	62	76	66	60	69	66	68	0	76	59	67	2	60
162900	1919	195	CM	65	64	57	59	67	67	57	46	0	58	67	58	2	64
162978	111140	82	GK	65	68	72	50	74	74	62	63	1	81	34	35	0	25
163169	112237	27	ST	65	65	78	61	54	66	38	60	0	60	66	61	3	54
163184	239	129	LM	65	65	66	58	65	67	62	58	0	57	65	61	2	66
163212	631	42	CB	65	58	52	43	53	56	64	68	0	74	57	47	1	44
163254	346	14	CB	65	65	69	29	52	60	67	68	0	70	60	27	1	31
163356	112260	14	CB	65	63	62	35	49	47	65	72	1	84	49	44	1	26
163445	1797	25	CM	65	66	72	63	65	62	59	59	0	65	68	68	2	58
163480	1747	18	CB	65	64	41	46	60	47	66	66	0	71	50	57	1	54
163625	12	14	CM	65	66	67	63	70	62	65	64	0	71	72	74	2	67
163713	62	18	CF	65	65	80	65	63	69	38	53	0	33	61	65	2	48
163856	1932	14	ST	65	65	78	64	49	63	38	54	0	57	63	69	2	40
164010	77	25	CDM	65	67	80	51	63	69	61	60	0	56	68	64	2	63
164529	694	95	CB	65	66	67	36	56	56	66	73	0	75	60	43	1	36
164543	695	95	CB	65	65	75	38	55	49	65	68	0	68	49	38	2	55
164572	693	72	LB	65	64	69	54	62	62	67	64	0	72	61	62	1	53
164645	1932	25	CM	65	65	68	45	65	59	65	63	0	81	64	68	1	42
164766	86	42	LB	65	71	82	34	56	62	66	72	0	81	63	24	1	32
164770	631	35	CM	65	65	90	59	56	66	49	59	1	59	66	59	3	56
164829	100087	24	CM	65	65	49	57	58	53	64	69	1	69	53	57	2	58
166074	1892	38	LW	65	76	82	60	57	73	40	68	0	78	74	81	1	72
166376	8	14	LM	65	68	71	60	62	67	52	44	0	55	61	70	1	74
166387	689	35	CM	65	65	65	63	63	63	59	55	0	55	63	63	3	63
166406	111144	95	CB	65	64	65	43	55	53	64	68	0	72	60	56	1	41
166848	95	14	CM	65	65	70	68	68	67	57	58	0	68	62	70	2	67
167519	1032	83	RB	65	68	67	52	65	61	66	66	0	70	66	68	1	60
167626	110930	140	CB	65	65	55	41	50	49	62	72	0	73	54	41	1	62
168362	1744	27	ST	65	70	70	58	40	60	45	77	1	82	66	60	1	47
168633	100805	14	CB	65	65	63	48	61	63	64	62	0	62	63	48	3	61
168732	670	47	RM	65	69	60	65	66	66	38	37	0	41	69	66	2	68
169046	1876	58	CAM	65	71	55	71	68	68	47	65	1	86	74	78	2	80
169069	62	18	RB	65	68	68	42	68	63	60	61	0	67	65	53	2	43
169343	209	4	CB	65	68	66	52	59	56	66	70	0	75	60	67	1	73
169448	1786	24	CM	65	68	63	61	63	65	57	65	0	75	65	66	2	59
169458	1952	35	CB	65	67	54	31	53	50	64	69	0	74	53	42	1	21
169465	14	14	ST	65	63	74	60	56	62	40	63	0	59	61	61	2	26
170008	89	14	GK	65	70	69	63	65	66	49	63	0	64	22	30	0	25
170051	1939	35	ST	65	65	84	61	44	60	44	60	0	70	56	71	1	36
170072	142	82	ST	65	71	89	60	49	59	47	49	1	65	50	63	2	34
170082	1798	25	CDM	65	68	74	57	62	62	61	60	0	67	66	60	1	35
170164	1919	25	RB	65	68	71	36	63	60	66	68	0	70	58	52	1	23
170349	614	129	CM	65	65	71	57	62	71	42	54	0	54	71	57	3	62
170602	110745	133	CB	65	66	78	29	34	32	70	73	1	86	41	47	1	22
170748	110500	21	CB	65	66	53	45	50	49	66	69	0	76	54	59	1	43
171232	1744	27	RM	65	65	79	53	60	63	62	62	0	75	69	69	1	66
171682	689	72	LB	65	66	75	52	68	58	63	68	0	70	63	72	1	57
171892	110734	27	GK	65	65	64	59	52	70	23	68	0	68	70	59	3	52
171994	2023	45	LM	65	68	71	60	64	67	42	49	0	50	71	59	2	50
172076	980	54	ST	65	65	78	65	45	67	38	73	0	73	67	65	3	45
172553	1516	13	GK	65	69	59	65	63	70	62	66	1	76	25	43	0	25
172858	100634	34	CB	65	66	68	34	61	64	65	63	0	74	65	40	1	29
173326	472	45	ST	65	65	58	59	39	52	53	76	0	82	71	78	1	44
173346	1932	50	CB	65	66	70	27	46	55	66	69	0	70	56	34	1	25
173660	88	42	RB	65	70	76	49	60	64	65	65	0	74	64	54	1	60
173695	77	42	CB	65	68	70	26	60	59	66	68	0	72	63	27	1	29
174045	1937	14	ST	65	68	90	61	54	61	40	66	1	57	59	66	2	44
174425	110089	40	CDM	65	65	47	63	58	61	66	56	0	65	65	76	1	59
174812	1786	126	LB	65	65	76	54	68	65	63	66	0	75	64	62	1	52
174904	159	107	ST	65	65	73	60	47	64	42	69	0	69	64	60	3	47
175314	110	42	CM	65	73	74	58	68	65	59	65	0	74	70	71	1	55
175567	10020	112	RW	65	69	84	61	64	68	46	58	0	64	68	64	2	41
175961	418	36	RB	65	65	91	59	60	62	63	54	1	67	61	67	1	22
176019	100081	7	CAM	65	65	55	64	65	68	44	44	0	52	67	64	2	67
176023	1884	45	LB	65	67	73	60	66	60	65	57	0	76	67	81	2	67
176107	1747	110	ST	65	67	82	60	59	67	50	70	0	73	65	68	1	52
176209	242	37	CDM	65	69	76	58	58	51	69	65	0	69	51	61	2	53
176254	110109	37	CB	65	66	74	60	58	58	63	70	0	71	58	72	1	41
176345	1477	167	GK	65	65	70	61	65	63	39	64	0	69	23	20	0	25
176347	1477	167	CB	65	70	71	32	49	53	66	68	0	80	55	35	1	33
176430	162	56	ST	65	67	73	62	54	67	39	66	1	76	62	71	2	49
176614	111721	56	RM	65	63	77	65	66	62	62	63	0	60	65	72	2	75
176773	462	46	RM	65	73	87	62	61	67	43	60	1	64	66	81	1	52
176780	1800	7	LM	65	70	73	57	60	68	50	51	0	62	65	68	2	34
176828	111092	54	LB	65	65	78	53	60	67	63	66	0	65	66	59	1	71
176964	670	54	CDM	65	66	50	57	59	62	66	70	0	78	65	65	1	56
176992	111397	195	CDM	65	69	64	56	56	54	67	72	0	73	58	72	1	65
176997	1888	117	ST	65	65	81	54	60	66	50	57	0	57	66	54	3	60
177016	212	136	CB	65	69	56	39	53	38	65	80	1	89	56	52	1	34
177285	1958	18	CM	65	66	66	52	64	66	66	78	0	78	66	64	1	44
177433	1443	13	ST	65	67	70	55	45	54	43	66	0	69	63	64	1	21
177488	110596	21	CDM	65	69	66	55	62	55	67	66	0	80	61	67	1	50
177549	687	117	ST	65	64	94	60	44	66	42	61	1	63	55	66	2	42
177572	1904	7	RB	65	65	71	50	67	64	66	61	0	67	66	64	1	61
177598	550	21	RB	65	66	83	54	62	62	63	60	0	70	66	67	1	68
177769	110724	103	LB	65	68	77	42	61	67	67	66	0	75	62	62	1	47
177790	112218	37	RB	65	71	71	48	56	61	65	68	0	73	61	66	1	33
177802	900	47	CDM	65	66	63	67	59	67	51	53	0	58	73	74	1	74
177825	1798	14	RM	65	71	80	60	61	68	38	44	0	60	62	69	2	70
177984	780	4	RB	65	68	73	49	62	64	63	64	0	68	65	60	1	56
178006	614	18	CDM	65	64	66	49	59	55	65	66	0	74	62	58	1	59
178140	239	34	CB	65	65	62	32	53	40	65	72	0	69	54	36	1	44
178160	1823	18	CM	65	69	66	52	65	60	67	64	0	71	65	69	1	73
178211	650	34	GK	65	65	67	60	65	68	47	67	0	66	29	28	0	25
178233	1902	103	CDM	65	69	67	64	62	67	55	58	0	74	66	65	2	53
178287	1796	42	RM	65	69	71	58	59	69	60	64	0	70	67	68	2	64
178312	1746	27	GK	65	72	65	64	60	69	40	66	0	60	21	33	0	25
178313	112225	27	CM	65	65	73	60	67	66	60	64	0	66	69	71	1	68
178365	1814	129	CM	65	65	65	60	64	66	51	60	0	62	68	71	2	68
178479	111993	27	CM	65	70	70	60	68	68	56	62	0	65	70	66	2	54
178502	162	18	RM	65	66	80	61	60	69	37	54	0	34	63	65	2	49
178508	203	27	ST	65	65	65	61	51	62	45	71	0	71	62	61	3	51
179660	1801	82	RWB	65	53	92	52	56	65	40	53	1	66	59	59	2	44
179667	110745	20	LB	65	65	72	32	59	60	66	63	0	72	59	41	1	26
179685	695	95	GK	65	66	71	58	73	69	64	63	1	67	31	38	0	25
179794	294	18	CDM	65	70	68	46	68	63	65	53	0	63	64	61	1	51
179820	689	95	GK	65	68	69	59	59	70	51	63	0	68	24	25	0	25
179864	190	27	CB	65	70	73	29	54	46	66	71	0	81	50	26	1	48
179874	10020	38	CM	65	67	58	64	67	67	61	64	0	71	67	73	2	62
179911	111065	95	ST	65	64	91	62	50	66	43	60	1	57	60	66	2	59
179955	322	61	RM	65	65	80	64	60	65	47	52	0	69	60	54	1	58
180174	1831	21	RB	65	68	81	41	61	64	65	65	0	72	63	52	2	60
180635	1943	14	CB	65	72	62	38	51	47	63	70	0	78	53	54	1	38
180680	112139	183	CAM	65	65	67	60	55	76	51	55	1	62	79	52	3	69
180740	112427	195	CB	65	65	49	39	60	56	65	79	1	91	64	63	1	25
180750	111400	195	CDM	65	60	66	56	63	70	50	53	0	58	69	54	3	65
181113	111091	54	RB	65	65	80	50	67	62	63	59	0	66	63	64	1	35
181384	700	46	LB	65	62	73	45	58	61	66	60	0	65	58	55	1	29
181472	111396	32	CDM	65	66	65	66	65	62	63	62	0	70	66	65	1	61
182004	111277	46	LM	65	68	83	56	59	66	43	63	0	60	64	61	2	61
182160	299	36	ST	65	68	92	59	54	70	45	51	1	67	69	72	2	45
182221	111928	81	CM	65	65	69	59	56	66	58	59	0	59	66	59	3	56
182621	1832	82	CB	65	67	48	51	60	57	66	71	1	80	64	64	1	49
182677	506	21	RM	65	66	78	49	62	66	61	58	0	60	61	62	1	55
183122	919	24	RB	65	64	82	45	57	60	66	68	0	71	63	47	1	35
183204	110234	9	LB	65	71	69	44	60	60	65	75	0	76	66	52	1	36
183480	1807	14	CB	65	71	69	44	56	60	65	68	0	71	60	60	1	53
183488	110831	27	ST	65	74	60	67	44	67	45	59	0	76	76	81	2	70
183597	10029	21	GK	65	65	69	67	65	62	48	63	0	64	21	22	0	25
183598	110178	21	CB	65	65	60	34	48	44	67	72	0	72	44	34	2	48
183640	10030	21	CB	65	70	52	26	38	37	67	70	1	86	49	32	1	21
183686	111070	83	CB	65	66	63	34	50	47	66	67	0	76	57	40	1	45
183706	97	14	ST	65	71	73	63	55	63	44	68	0	75	63	69	2	64
183797	1823	18	LB	65	70	66	25	60	52	65	68	0	65	63	21	1	31
183847	110929	140	RM	65	69	78	58	65	72	38	50	0	46	65	64	3	52
183973	212	18	RB	65	74	77	38	61	47	65	74	0	71	55	40	1	28
184032	111588	51	CM	65	65	75	63	64	67	53	61	0	61	67	63	3	64
184035	110832	56	LB	65	73	81	55	62	64	66	57	0	76	63	77	1	45
184274	1926	14	CDM	65	69	67	61	63	58	65	63	0	64	57	71	1	71
184278	110150	83	LW	65	72	86	57	64	64	43	56	1	63	64	67	2	42
184287	894	47	RM	65	70	76	48	62	63	37	45	0	55	65	60	1	48
184328	1842	27	RB	65	69	66	59	62	58	63	66	0	68	60	64	1	62
184337	982	167	RM	65	68	77	50	61	65	61	64	0	62	65	48	2	39
184352	91	14	CM	65	71	68	50	65	65	65	60	0	63	68	58	1	39
184434	479	45	CB	65	69	59	41	50	47	65	72	0	75	50	41	1	48
184512	614	27	CB	65	68	53	35	42	44	68	67	0	78	50	41	1	31
184615	1794	42	CAM	65	65	72	62	65	69	50	48	0	70	61	65	2	64
184807	10020	38	RB	65	69	82	49	58	60	62	60	0	56	66	65	1	45
184872	1814	18	LM	65	63	71	50	67	62	51	50	0	67	61	65	1	68
184901	1474	167	RB	65	67	81	48	65	63	68	64	0	78	62	47	1	52
184952	1465	136	RM	65	70	80	66	56	77	38	59	0	70	77	68	2	71
185010	110745	37	CB	65	69	34	49	61	62	64	67	0	65	63	68	1	40
186133	1952	35	LB	65	69	67	44	61	61	65	66	0	67	65	61	1	33
186143	1939	35	CM	65	73	62	58	71	60	55	56	0	64	65	67	2	70
186449	1919	42	CM	65	72	77	57	64	66	64	57	0	71	66	63	1	57
186451	1910	34	CM	65	65	60	67	65	64	61	60	0	60	64	67	3	65
186528	111070	95	RM	65	68	71	62	62	67	57	50	0	56	63	74	2	58
186529	111065	95	RB	65	70	84	51	58	60	66	63	0	70	63	58	1	42
186533	693	117	RM	65	63	86	54	60	66	52	55	1	46	59	66	2	42
186568	1901	54	CM	65	71	67	55	65	70	60	63	1	65	72	76	3	73
186614	112124	27	ST	65	70	66	62	38	62	43	67	0	79	64	66	2	57
186630	111083	43	CB	65	65	48	57	52	57	62	83	1	83	57	57	3	52
186643	111928	95	ST	65	65	63	62	46	59	52	78	0	85	63	74	1	44
186666	695	95	CM	65	65	67	61	63	64	64	63	0	63	64	61	3	63
186721	614	18	CB	65	73	63	52	64	44	67	63	0	81	58	71	1	61
187183	983	167	CM	65	65	50	57	64	60	64	71	1	71	60	57	3	64
187215	1880	83	CDM	65	68	69	52	60	62	66	70	0	75	64	65	1	47
187268	1477	167	ST	65	65	83	54	67	64	41	48	0	48	64	54	3	67
187797	1938	14	CB	65	69	66	29	47	33	66	73	0	76	40	50	1	23
187916	3	46	LM	65	70	79	53	59	64	54	56	0	48	56	65	2	43
187925	1862	18	CAM	65	77	80	62	54	67	44	56	0	56	67	66	1	40
188031	111974	27	LW	65	65	82	61	53	66	40	60	0	54	70	64	2	55
188038	106	12	RB	65	74	76	51	61	59	61	60	0	53	59	58	1	49
188107	922	36	ST	65	65	78	55	42	64	43	68	0	68	64	55	3	42
188168	12	14	LB	65	69	74	52	60	65	66	71	0	78	65	62	1	56
188381	111989	18	ST	65	65	77	61	53	61	42	67	0	74	64	68	1	44
188430	110770	47	RB	65	75	75	47	56	64	64	67	0	78	67	64	1	53
188487	570	27	CM	65	70	78	61	56	71	57	50	0	77	72	65	1	61
188566	142	140	CB	65	66	75	29	34	33	66	70	0	78	45	42	1	32
188657	1801	14	GK	65	74	66	64	62	68	54	61	0	64	22	25	0	25
188724	111091	37	CDM	65	68	66	55	60	60	65	60	0	75	64	59	1	57
188753	110724	18	RB	65	69	67	40	61	61	68	64	0	74	65	49	1	38
188779	111588	195	CB	65	72	65	39	43	40	70	69	1	90	56	55	1	35
188872	162	21	LB	65	68	82	44	58	64	65	62	0	72	62	60	1	44
188900	83	42	LM	65	69	65	59	63	68	63	60	0	71	68	69	2	65
188916	160	24	CB	65	68	51	41	55	48	67	69	0	78	52	58	1	37
188996	1807	4	ST	65	66	53	62	50	60	45	74	1	85	68	65	2	38
189118	1744	37	CB	65	75	76	31	48	43	67	64	0	81	55	30	1	34
189141	319	46	ST	65	69	83	60	60	67	40	64	0	57	67	70	1	40
189155	110569	18	LB	65	70	73	26	56	57	67	68	0	71	50	21	1	31
189345	1832	21	CDM	65	65	31	58	56	52	72	67	1	92	53	78	1	57
189433	550	21	CB	65	70	63	33	49	52	67	67	1	78	57	51	1	41
189492	1799	14	CM	65	74	69	56	64	66	63	52	0	74	67	62	1	35
189498	142	14	LM	65	73	75	61	62	69	42	54	0	41	68	68	2	64
189591	780	4	CB	65	70	60	26	34	38	66	74	0	72	45	27	1	25
189661	468	45	CF	65	72	78	55	55	68	38	53	0	55	66	53	2	37
189682	1796	14	LB	65	71	70	35	57	50	67	75	0	78	63	53	1	30
189727	1802	110	CM	65	69	65	52	58	56	65	68	0	74	65	61	1	48
189808	346	25	ST	65	68	82	62	48	61	39	63	0	61	63	65	1	46
189865	86	42	LM	65	72	87	58	56	70	52	56	1	61	65	61	3	58
189874	110069	45	RM	65	74	76	61	59	72	42	56	0	57	71	65	2	50
189938	1914	34	CB	65	69	64	44	59	51	66	60	0	74	62	66	1	73
189939	110724	8	LM	65	67	82	58	58	67	52	61	0	58	65	65	2	47
189944	217	136	RB	65	72	79	31	63	50	63	66	0	69	66	35	1	36
189945	1862	18	RM	65	73	74	50	61	65	48	55	0	70	62	60	1	41
189955	417	46	GK	65	67	64	65	61	70	44	66	0	63	25	23	0	25
189978	418	36	CM	65	67	71	69	69	66	63	78	0	67	60	74	1	62
190060	322	47	CAM	65	72	83	54	60	67	63	61	0	68	68	64	2	35
190079	111083	37	CAM	65	69	76	65	64	73	48	62	0	70	69	65	2	59
190120	1910	46	GK	65	71	70	60	52	74	50	61	0	59	21	20	0	25
190169	100634	34	GK	65	68	65	64	58	65	49	69	0	65	21	25	0	25
190254	1943	14	ST	65	64	78	57	44	61	43	66	0	72	64	65	2	36
190430	2	14	LB	65	70	69	39	60	63	65	62	0	65	67	64	1	60
190451	1934	14	ST	65	65	76	65	42	66	41	67	0	67	66	65	3	42
190528	110234	37	CDM	65	66	64	50	63	59	64	68	0	72	63	51	2	42
190561	477	45	RM	65	69	77	61	60	71	44	56	0	62	68	67	2	71
190569	111651	47	GK	65	65	68	61	64	70	42	66	0	70	28	36	0	25
190634	896	52	CB	65	70	65	43	53	53	64	70	0	76	60	66	1	53
190658	378	126	RB	65	68	75	35	63	48	60	64	0	60	59	56	1	27
190674	614	18	RM	65	74	77	52	61	68	42	50	0	59	65	61	2	45
190724	819	21	ST	65	71	78	59	45	64	41	67	0	67	67	72	2	45
190793	13	44	CAM	65	76	71	66	57	66	40	62	0	68	70	75	2	65
190865	689	95	RB	65	63	74	54	62	62	64	59	0	70	63	60	2	55
191066	38	21	CDM	65	76	65	56	61	64	65	66	0	68	71	65	1	63
191082	269	13	CB	65	71	74	25	55	48	68	68	0	81	53	20	1	30
191207	378	18	LB	65	73	76	58	68	64	64	57	0	62	71	59	2	49
191212	112217	39	CDM	65	70	68	59	65	62	65	66	0	61	69	62	1	58
191218	688	70	CB	65	65	53	39	45	58	68	68	0	68	58	39	3	45
191252	29	21	LM	65	72	82	54	61	68	52	62	0	65	68	63	1	25
191627	110724	7	CAM	65	74	60	56	65	68	43	53	0	62	72	54	2	68
191662	1473	167	CDM	65	70	71	65	59	65	68	80	1	88	63	75	1	67
191673	1478	167	CM	65	65	54	57	62	63	61	63	0	63	63	57	3	62
191678	981	167	LW	65	66	80	53	60	67	49	51	0	56	64	45	2	64
191679	983	167	CB	65	65	68	31	56	50	67	59	0	59	50	31	2	56
191842	111674	183	RB	65	68	88	60	67	62	65	57	1	72	65	79	1	67
191911	1475	167	CF	65	69	90	51	41	74	40	58	1	51	71	55	2	32
191922	111588	167	CM	65	65	73	50	66	66	64	62	0	72	65	64	2	46
191944	981	167	CM	65	65	70	61	65	65	60	64	0	64	65	61	3	65
192027	110913	18	RB	65	69	74	37	60	63	64	62	0	62	64	62	1	47
192101	1439	46	CB	65	68	50	25	49	47	69	70	0	74	55	21	1	33
192118	1747	7	CAM	65	71	63	63	64	64	62	65	0	69	65	76	1	65
192285	298	133	ST	65	65	73	63	59	70	38	53	0	53	70	63	3	59
192308	1478	54	ST	65	65	71	62	60	63	48	71	1	71	63	62	3	60
192316	920	36	GK	65	74	67	61	60	72	23	64	0	51	25	33	0	25
192473	88	14	ST	65	68	72	60	51	60	47	70	0	74	60	68	1	28
192540	142	14	RM	65	66	79	47	62	65	40	54	0	66	62	54	2	51
192548	693	95	LM	65	67	71	57	62	68	49	58	0	63	65	66	2	63
192756	312	40	CDM	65	73	69	59	71	68	60	58	0	56	73	56	1	48
193011	1943	14	CB	65	74	61	29	50	44	66	69	0	73	68	46	1	21
193105	64	18	GK	65	84	65	64	64	68	54	67	0	51	21	28	0	25
193238	101097	55	CB	65	66	63	50	52	63	68	72	1	88	63	62	1	40
193302	1902	37	GK	65	67	68	63	62	69	59	62	0	67	24	25	0	25
193303	1939	50	RB	65	72	69	44	68	65	66	64	0	76	67	55	2	41
193304	1873	37	RB	65	68	72	46	54	57	70	62	0	82	54	51	2	43
193315	691	18	ST	65	64	65	63	52	63	41	64	0	66	61	68	2	53
193361	1837	27	CAM	65	76	69	58	66	66	59	59	0	66	74	68	2	60
193421	2023	45	CAM	65	68	63	63	67	67	45	52	0	54	67	60	1	76
193427	110569	18	CAM	65	74	73	60	62	69	46	56	0	61	68	65	2	56
193467	571	45	CB	65	66	59	27	60	54	66	66	0	77	57	72	1	56
193808	1893	54	CDM	65	67	58	46	66	61	65	67	0	73	64	54	1	47
193956	1797	14	LM	65	72	71	63	62	63	59	52	0	59	62	61	1	66
194059	1873	37	CM	65	72	47	56	66	68	53	58	0	58	75	55	2	40
194080	31	45	CB	65	75	53	30	37	35	67	71	1	75	55	51	1	26
194102	200	27	CM	65	75	72	53	63	62	67	67	0	74	64	69	1	55
194163	1913	17	LB	65	68	70	36	62	57	66	70	0	70	57	57	1	31
194202	72	18	CB	65	74	52	29	37	38	67	72	1	84	41	46	1	35
194319	1939	14	ST	65	73	77	67	63	67	43	58	0	64	64	75	2	62
194349	70	18	RW	65	73	90	52	57	67	48	53	1	53	62	53	2	53
194958	112427	195	CM	65	70	73	64	67	69	57	54	0	62	70	68	2	76
194979	744	38	LB	65	70	75	50	62	67	63	60	0	64	66	58	2	68
195148	271	20	ST	65	69	64	63	45	65	44	56	0	70	66	69	1	54
196153	101101	56	RB	65	64	81	47	65	69	64	60	0	67	67	58	1	54
196906	1909	26	CB	65	69	56	31	40	48	66	64	0	76	58	45	1	38
196932	1	18	ST	65	80	78	55	38	57	44	74	1	80	65	71	2	39
196941	10	14	ST	65	70	81	59	50	70	42	58	0	74	67	68	2	33
196991	1747	136	CDM	65	71	69	52	62	66	65	67	0	72	67	60	1	56
197079	160	21	CB	65	69	65	31	52	34	67	68	0	78	45	41	1	21
197164	111065	95	CAM	65	79	74	56	63	67	50	51	0	54	69	53	2	63
197231	1744	136	ST	65	82	74	62	53	65	47	68	1	87	75	77	2	65
197307	112407	126	CDM	65	68	74	59	66	64	65	58	0	81	62	68	1	60
197359	82	133	CM	65	65	81	52	60	71	36	54	0	54	71	52	3	60
197689	2038	27	GK	65	73	69	60	50	72	30	60	0	48	21	21	0	25
197741	1039	60	CM	65	65	73	59	70	68	53	61	1	61	68	59	3	70
197775	110745	20	LM	65	71	85	59	59	71	43	65	1	56	66	53	2	57
197983	433	46	RB	65	67	72	40	57	66	63	62	0	62	68	52	1	47
197984	111277	46	ST	65	65	68	58	49	60	42	68	0	72	63	64	1	44
198070	10029	21	RM	65	72	71	64	62	67	53	56	0	55	68	67	2	67
198276	1750	7	CB	65	72	71	47	60	47	65	65	0	70	64	67	1	68
198281	111144	95	ST	65	65	79	62	53	62	49	64	0	63	64	73	2	56
198288	111928	95	RB	65	67	79	56	64	67	65	58	0	71	62	63	1	58
198641	269	13	ST	65	75	64	63	43	58	45	69	1	85	64	75	1	57
198731	1456	36	LW	65	74	72	58	50	74	43	51	0	51	73	63	3	64
198743	226	38	CAM	65	73	58	64	69	64	54	43	0	42	70	75	2	76
198826	110741	27	CB	65	66	63	35	51	46	67	70	0	72	55	44	1	35
198970	111271	117	CB	65	70	59	37	44	44	67	72	0	80	50	54	1	30
198998	111396	195	LB	65	65	73	48	65	64	67	57	0	71	64	37	1	36
199199	110710	45	LB	65	72	74	36	54	58	64	64	0	68	64	47	1	47
199238	981	167	CB	65	71	82	36	43	46	69	68	1	92	63	22	1	22
199339	110178	21	GK	65	73	65	59	71	67	53	66	0	65	32	25	0	25
199378	210	18	ST	65	72	68	63	49	61	42	70	0	81	74	71	2	46
199393	1813	18	CB	65	75	54	42	61	54	64	70	1	92	59	62	2	40
199409	472	45	CB	65	72	71	31	59	72	62	66	0	71	69	39	2	26
199413	503	21	LM	65	70	73	63	61	68	41	56	0	70	67	71	2	64
199419	294	18	LM	65	71	72	54	66	64	48	43	0	60	64	71	2	40
199456	15005	18	ST	65	68	59	65	57	68	41	76	0	73	66	72	2	58
199510	1952	21	ST	65	63	49	62	49	55	44	74	1	82	59	71	1	46
199520	112237	27	CDM	65	64	69	56	64	63	61	64	0	70	65	64	2	59
199530	112237	27	ST	65	67	67	62	53	61	45	74	1	81	60	68	2	54
199551	254	4	CB	65	68	70	37	45	49	62	76	1	84	46	53	1	24
199568	246	22	GK	65	72	66	57	69	75	59	60	0	42	32	42	0	25
199569	111070	83	ST	65	78	71	61	54	63	45	73	0	71	71	71	2	40
199577	110704	45	CB	65	76	60	39	60	54	66	68	0	71	64	43	1	44
199598	100831	45	CDM	65	66	62	56	57	55	66	60	0	76	57	74	1	50
199689	101116	83	ST	65	72	73	63	51	62	39	69	0	58	65	67	1	49
199780	31	21	ST	65	69	74	63	55	63	46	69	0	67	60	74	2	43
199837	434	47	LB	65	70	75	45	61	59	63	64	0	63	59	62	1	48
199866	1901	133	CM	65	71	49	64	62	65	69	66	1	90	65	80	1	51
199897	25	21	CDM	65	71	59	47	66	61	64	59	0	67	64	61	1	47
199915	1808	14	CB	65	74	54	31	50	54	66	64	1	75	57	41	1	31
200151	100087	7	ST	65	72	77	60	61	67	37	56	0	49	68	62	2	53
200152	100087	7	LM	65	71	75	59	64	70	37	46	0	56	68	58	1	55
200201	1915	34	LB	65	73	74	51	65	68	63	67	0	70	68	71	2	45
200276	1905	129	CDM	65	71	67	45	64	67	66	64	0	67	67	62	2	51
200312	1938	14	ST	65	63	82	59	45	61	39	70	0	77	59	73	1	30
200422	100632	34	LW	65	72	84	62	60	66	38	65	0	65	64	72	2	53
200425	100634	34	RB	65	71	58	43	60	59	64	66	1	68	63	52	1	30
200441	1807	18	LM	65	72	90	56	60	66	59	64	1	61	62	67	1	43
200607	33	21	CB	65	71	69	30	51	46	65	64	0	74	59	51	1	32
200981	111993	27	LW	65	71	88	59	55	62	44	65	1	66	64	63	2	39
201061	246	34	LW	65	77	86	65	55	67	39	66	1	78	68	75	2	51
201083	1871	37	RM	65	69	77	59	56	70	46	67	0	63	66	68	2	38
201179	110556	27	GK	65	70	68	62	54	72	25	62	0	55	23	37	0	25
201202	110929	140	CB	65	65	77	48	65	67	63	64	0	64	67	48	3	65
201302	100804	34	ST	65	72	90	61	55	70	48	60	1	77	69	64	2	62
201313	110912	27	CF	65	73	75	62	60	65	43	56	0	58	68	64	2	60
201380	614	108	ST	65	76	69	64	62	65	41	65	0	74	66	69	1	53
201391	110734	27	CM	65	65	68	46	69	63	56	52	0	52	63	46	3	69
201409	2038	27	CM	65	65	74	55	66	65	59	64	0	71	68	60	1	69
201514	10030	21	ST	65	76	77	63	46	70	35	56	0	47	67	72	2	43
201523	70	18	RB	65	73	64	33	66	46	64	65	0	67	65	45	1	54
201870	101112	117	CDM	65	69	72	55	62	65	60	68	1	80	68	69	2	45
201990	448	45	LB	65	71	76	43	62	65	62	64	0	69	72	53	1	45
202052	1	14	ST	65	73	81	64	54	65	41	66	0	72	66	63	2	56
202276	29	21	ST	65	77	83	62	51	68	39	56	0	63	68	69	2	54
202325	10030	21	CM	65	65	77	55	64	71	56	48	0	48	71	55	3	64
202428	33	95	ST	65	71	83	63	57	68	40	67	0	67	66	69	1	60
202534	919	36	LM	65	69	72	66	54	78	42	52	1	52	74	76	3	54
202540	1906	34	CB	65	66	42	32	56	53	66	68	0	76	59	49	1	29
202600	670	117	CDM	65	65	72	51	57	52	68	74	0	83	58	71	1	43
202648	573	45	CM	65	72	61	41	66	62	51	44	0	56	71	50	1	54
202686	1804	68	ST	65	74	90	66	47	70	38	53	1	50	65	72	2	52
202802	1908	34	CM	65	82	76	54	61	67	60	70	0	75	74	70	2	51
202858	695	56	LW	65	76	88	60	57	75	47	56	1	51	68	68	3	51
202894	190	43	CM	65	77	72	48	66	64	64	63	0	73	67	59	1	59
202910	702	46	GK	65	71	59	57	59	76	31	72	0	76	33	39	0	25
202940	670	18	CAM	65	74	74	56	65	69	38	58	0	68	69	65	2	63
203128	57	18	CDM	65	73	71	28	55	50	66	65	0	75	60	46	1	26
203363	1465	36	CB	65	75	57	39	45	34	66	72	1	89	55	68	1	60
203377	1909	129	LW	65	75	73	62	56	70	41	58	0	58	68	74	3	52
203447	1904	34	ST	65	72	73	66	40	67	37	57	0	42	63	67	1	54
203464	1795	25	CB	65	76	56	38	57	54	64	70	0	74	53	52	1	28
203543	110749	43	CM	65	65	70	68	69	69	62	64	0	57	66	59	1	70
203619	112513	38	CB	65	65	63	36	43	53	65	72	0	72	53	36	2	43
203782	190	123	CM	65	75	80	48	68	69	47	42	0	45	68	53	1	62
203833	110596	21	LB	65	69	77	51	66	69	61	57	0	55	70	64	1	60
203835	1832	21	GK	65	68	63	65	59	63	33	71	1	67	25	35	0	25
203845	1915	34	LB	65	70	81	37	61	69	62	65	0	52	66	41	2	31
203850	254	4	CB	65	74	65	30	46	55	67	74	0	77	59	22	1	26
203979	1824	21	CDM	65	72	66	60	56	56	66	71	1	75	68	84	1	51
204137	165	21	LM	65	65	73	55	64	66	57	58	0	60	68	63	2	53
204250	1925	27	ST	65	76	67	60	41	54	49	70	0	75	57	66	2	48
204352	232	7	CB	65	79	66	32	55	41	66	66	0	79	60	62	1	25
204396	1915	34	RW	65	71	70	56	60	69	36	53	0	42	68	54	1	43
204485	1738	18	RM	65	75	82	55	56	73	32	44	0	32	65	76	2	47
204497	29	4	CAM	65	77	70	53	63	72	36	48	0	47	72	49	2	49
204638	29	21	CB	65	71	56	32	46	38	67	67	0	77	49	36	1	31
204651	1909	208	GK	65	73	68	55	66	74	59	61	0	64	25	34	0	25
204689	111821	101	ST	65	69	81	63	43	68	41	66	0	74	68	74	2	29
204813	254	43	GK	65	66	66	60	63	68	46	67	1	73	21	21	0	25
204847	3	14	RB	65	74	77	43	58	64	62	55	0	54	64	67	1	34
204884	219	18	LB	65	79	79	26	58	50	65	63	0	69	66	29	1	28
204920	111086	37	RB	65	69	68	47	60	60	69	62	0	71	62	63	1	35
204923	254	4	RM	65	77	89	68	57	72	36	57	1	53	72	69	2	62
205100	112218	40	GK	65	71	65	60	63	68	42	68	0	77	21	20	0	25
205186	17	52	GK	65	72	72	58	83	71	56	58	1	67	21	39	0	25
205363	206	27	CB	65	81	54	41	44	48	64	67	0	77	53	69	1	41
205377	57	18	GK	65	76	68	56	66	71	50	64	0	79	25	20	0	25
205599	711	37	ST	65	66	67	60	54	64	52	73	0	73	63	64	2	32
205693	57	18	ST	65	78	75	60	42	56	38	73	0	71	55	68	2	35
206022	320	46	CB	65	70	52	51	53	51	68	73	1	78	59	67	1	45
206152	101085	52	LM	65	66	70	57	75	64	36	57	1	73	61	66	2	51
206306	66	18	CM	65	78	75	34	68	68	62	41	0	70	68	72	1	44
206626	110734	46	ST	65	74	70	60	36	60	42	70	0	83	66	75	2	29
206629	111139	95	LW	65	70	79	61	55	66	61	67	0	72	68	71	2	48
206630	101112	82	ST	65	69	90	60	45	67	41	67	1	65	64	76	2	28
206656	110832	55	LM	65	73	75	52	69	60	62	67	0	75	62	71	1	62
207599	11	14	CB	65	79	58	31	53	53	62	72	0	68	62	33	1	24
207610	689	25	GK	65	70	68	63	66	66	47	65	0	53	25	25	0	25
207618	111277	46	CB	65	69	54	28	45	42	66	67	0	73	43	33	1	29
207651	239	7	CM	65	65	92	63	60	76	39	63	1	63	76	63	3	60
207741	1905	34	ST	65	68	70	60	50	60	40	66	0	69	63	66	1	41
207742	647	34	CAM	65	67	64	57	69	67	49	64	0	65	71	65	1	42
207780	110569	108	LB	65	68	71	39	60	59	64	59	0	65	57	55	1	32
208093	453	45	ST	65	74	70	61	47	66	38	62	0	64	67	73	1	34
208196	111327	55	CB	65	65	40	36	58	48	69	70	1	70	48	36	2	58
208230	280	22	CDM	65	80	71	64	67	67	59	62	0	79	74	71	2	72
208299	100765	40	CB	65	75	68	28	41	32	67	72	0	73	35	39	1	31
208322	1478	54	CM	65	65	75	62	61	69	43	52	1	52	69	62	3	61
208324	1819	18	LB	65	76	75	43	58	61	66	65	0	72	64	58	1	40
208374	29	95	ST	65	69	60	62	61	61	44	69	0	78	64	74	1	36
208684	111822	4	GK	65	69	66	64	60	68	41	66	0	50	25	23	0	25
208782	245	34	GK	65	76	68	58	64	69	41	67	0	60	26	23	0	25
208861	110569	18	CM	65	70	68	61	65	69	60	60	0	70	67	65	1	59
208918	112139	183	CB	65	66	57	26	30	29	70	74	0	81	31	34	1	26
208959	100409	39	RB	65	72	82	41	61	62	66	56	0	68	66	58	1	48
208965	607	183	CB	65	74	63	29	44	34	65	66	0	53	42	42	1	25
208994	111674	183	LM	65	66	75	61	60	73	39	48	0	50	69	70	3	64
209294	239	9	ST	65	65	63	64	46	57	42	68	0	74	65	73	1	48
209371	1914	34	RB	65	66	75	44	59	66	62	61	0	66	67	44	1	36
209381	378	18	ST	65	70	73	56	41	67	40	68	0	71	70	58	1	45
209411	111086	37	GK	65	69	73	52	56	72	41	66	0	69	22	23	0	25
209447	1904	85	RW	65	73	89	57	54	71	35	55	1	39	65	67	2	44
209544	485	54	CM	65	65	70	47	63	62	66	70	0	70	62	47	3	63
209553	112096	183	ST	65	70	80	59	39	66	45	63	0	72	67	66	2	27
209568	112393	164	CDM	65	65	62	46	62	57	65	65	0	81	61	72	1	32
209660	1915	55	RB	65	72	78	35	61	64	65	64	0	73	65	47	2	35
209662	100634	34	RW	65	70	86	58	55	68	37	54	1	70	67	62	2	58
209786	110930	140	LB	65	67	73	41	62	65	66	64	0	68	67	60	2	30
209874	110929	140	GK	65	70	68	65	71	68	65	61	1	59	31	30	0	25
209911	111264	147	RM	65	75	82	50	59	70	43	58	0	71	73	59	2	39
209958	110636	21	CB	65	74	64	26	44	54	68	62	1	82	56	43	1	20
209975	693	54	RM	65	64	71	58	66	67	47	44	0	43	69	59	2	57
210027	112139	183	RB	65	65	85	26	42	61	65	62	1	55	60	36	1	27
210314	165	51	ST	65	72	62	59	56	62	42	64	1	79	66	78	1	38
210405	1884	22	RB	65	76	76	46	66	62	62	54	0	53	64	54	1	47
210427	3	38	LM	65	70	71	59	64	69	46	50	1	65	63	66	2	56
210465	57	115	CB	65	71	67	25	43	38	69	67	0	71	46	36	1	26
210784	111050	52	CAM	65	67	69	57	63	68	43	49	0	65	68	64	3	67
210787	1855	52	CB	65	68	67	36	55	42	62	68	0	65	55	50	1	41
210831	231	7	CM	65	71	73	50	63	65	63	55	0	49	66	51	1	52
210891	433	117	CM	65	74	76	59	65	67	62	61	0	67	66	76	1	36
210897	229	110	CB	65	83	69	29	56	42	64	67	0	80	66	78	1	27
210903	605	183	GK	65	68	67	64	61	66	41	65	0	64	24	22	0	25
211101	450	45	GK	65	80	69	75	49	58	54	62	1	35	29	39	0	25
211214	573	103	LM	65	83	85	61	55	74	37	60	1	55	72	68	2	54
211284	301	54	RM	65	69	73	57	61	71	43	51	0	43	69	63	2	38
211489	110394	52	RM	65	75	82	50	62	72	41	45	0	50	72	53	1	48
211584	1908	117	CAM	65	79	79	53	56	72	44	48	0	55	72	77	2	45
211671	48	10	CDM	65	80	65	49	59	54	67	64	0	74	60	65	1	56
211930	100769	40	LM	65	73	66	48	67	66	50	51	0	37	65	59	1	43
212029	569	54	LM	65	78	76	55	65	74	43	52	0	61	75	65	3	60
212150	34	21	CAM	65	86	71	52	62	79	33	37	1	32	81	53	2	48
212212	32	21	CDM	65	74	66	47	62	63	63	72	0	66	70	49	1	45
212224	110089	60	LW	65	79	75	65	61	68	37	50	0	58	69	63	1	52
212225	110975	55	CB	65	83	61	35	48	51	66	78	1	88	70	43	1	29
212508	68	119	CDM	65	73	63	37	57	57	67	66	0	82	61	53	1	38
212577	1629	54	CM	65	65	70	54	70	71	53	47	0	47	71	54	3	70
212592	691	95	RB	65	76	82	46	58	64	67	76	0	81	58	64	1	52
212718	694	95	CAM	65	76	70	63	65	65	58	62	0	74	66	74	2	66
212977	171	21	CDM	65	79	65	52	64	60	62	63	0	68	73	65	1	46
213051	896	111	CDM	65	76	68	55	70	70	60	57	0	67	62	65	2	60
213099	14	168	GK	65	65	71	59	39	73	43	63	0	63	73	59	3	39
216341	1871	11	CB	65	66	56	37	47	48	65	71	1	87	57	48	1	28
4421	111399	42	CM	64	60	53	64	56	63	54	61	1	73	60	75	1	59
5208	64	18	GK	64	64	64	64	61	66	40	64	0	62	21	28	0	25
6665	69	18	GK	64	64	63	64	55	64	35	66	1	68	21	25	0	25
10457	112072	46	GK	64	65	63	61	50	62	30	68	1	79	26	35	0	25
11260	100805	25	CM	64	63	66	55	65	63	66	69	1	81	64	76	1	62
11430	142	14	CB	64	64	45	28	44	29	66	73	1	90	40	29	1	21
11495	1530	18	CB	64	64	29	26	58	43	67	70	1	75	50	20	1	39
13739	1798	14	CDM	64	64	50	61	60	63	67	80	1	80	68	68	1	48
14752	1919	42	CM	64	63	74	56	64	63	64	55	0	64	64	67	2	55
16261	691	95	GK	64	64	70	53	69	67	52	61	1	61	67	53	3	69
17954	689	95	GK	64	64	64	55	68	62	52	76	1	76	62	55	3	68
18708	1786	13	CM	64	64	67	58	68	65	64	62	1	74	73	72	1	68
18766	1889	24	CDM	64	67	59	47	58	58	72	69	1	71	62	64	1	44
19101	1945	50	LB	64	57	66	49	59	61	66	66	1	60	52	55	1	56
19324	94	93	RM	64	64	74	60	60	67	65	57	0	63	61	69	2	59
19376	88	14	CM	64	65	63	68	70	72	45	52	1	62	70	72	2	66
19400	1951	14	ST	64	64	55	63	57	58	45	70	1	70	58	63	3	57
19463	89	79	CB	64	64	51	36	46	41	66	72	1	72	41	36	2	46
20082	700	46	LB	64	61	78	48	60	62	64	61	1	67	61	54	1	48
20537	1893	38	RB	64	63	58	48	60	57	66	64	1	65	59	52	1	60
20761	432	46	RM	64	63	68	65	59	59	55	57	1	73	61	77	2	62
20776	111540	38	RB	64	63	68	48	66	66	64	60	1	67	65	60	1	47
21104	112267	46	LM	64	62	59	68	68	65	36	34	1	47	67	67	2	71
23823	702	46	CM	64	65	54	58	61	54	70	71	1	74	69	55	1	55
24846	111396	195	CM	64	64	69	67	65	63	55	65	1	65	63	67	3	65
31675	1456	36	CB	64	64	53	55	58	57	63	76	1	76	57	55	3	58
35179	900	47	CM	64	64	61	49	64	58	67	69	1	69	58	49	3	64
45082	472	103	LB	64	64	62	50	68	69	63	63	1	78	73	72	2	36
45580	417	36	CB	64	64	71	42	50	50	64	70	0	70	50	42	2	50
45758	112267	186	CDM	64	63	59	61	67	63	58	63	1	72	64	69	2	74
46807	1837	27	CB	64	64	66	41	63	60	66	62	1	68	64	64	1	39
47020	1914	7	GK	64	64	63	65	64	65	43	66	1	72	32	34	0	23
49511	299	36	CB	64	64	32	61	53	38	68	70	1	91	54	83	1	64
50509	14	14	CM	64	64	50	59	65	61	63	56	1	56	61	59	3	65
50952	212	18	CDM	64	64	55	60	64	63	61	62	0	63	67	64	2	63
51277	1925	14	CB	64	63	34	31	40	35	66	70	1	91	41	51	1	25
51471	1930	14	CM	64	58	60	61	66	62	56	59	1	79	57	68	2	60
52279	1447	13	ST	64	63	75	60	52	61	39	66	0	63	60	64	2	57
52521	112424	13	ST	64	64	74	58	59	62	61	68	1	83	65	76	1	37
52646	111083	37	RB	64	64	73	49	55	62	62	65	0	59	55	47	2	37
53073	110178	4	CDM	64	65	71	52	55	60	68	62	1	65	61	60	1	29
53101	1928	14	ST	64	64	50	66	50	48	43	66	1	66	48	66	2	50
53103	15048	50	CM	64	64	51	69	70	70	45	38	1	50	72	69	3	74
53544	1949	14	CM	64	62	53	48	64	58	57	60	0	64	62	56	1	47
53639	142	14	CM	64	64	61	62	65	64	61	62	1	62	64	62	3	65
53741	1801	14	LM	64	65	77	54	62	67	40	47	0	57	63	51	2	62
53756	1799	50	GK	64	64	66	65	59	67	51	58	0	42	20	33	0	25
53778	1924	14	ST	64	64	70	61	51	63	39	68	0	78	64	64	1	56
53832	8	14	CM	64	62	43	61	61	58	65	58	1	65	63	73	1	54
53924	1943	42	CM	64	64	53	54	60	55	66	57	1	57	55	54	2	60
54021	12	14	RB	64	64	70	44	55	57	65	70	0	69	61	65	1	27
100143	1750	7	RW	64	63	58	65	65	61	61	65	1	61	63	65	1	63
100585	3	133	CM	64	62	59	53	59	61	74	72	1	90	56	70	1	44
103735	1747	7	RB	64	64	65	47	56	59	64	65	0	66	61	62	1	41
104463	710	36	GK	64	64	64	63	64	69	35	56	0	80	25	35	0	25
104732	1807	14	CM	64	64	53	62	66	54	62	58	1	70	67	67	2	56
104742	1919	14	ST	64	64	66	60	45	56	47	74	1	84	59	71	1	56
105532	111086	37	CM	64	64	68	57	66	65	55	45	1	45	65	57	3	66
106431	874	37	CB	64	64	54	38	51	39	66	66	1	70	44	35	2	31
106436	874	37	CDM	64	63	60	53	60	62	66	60	1	60	60	61	2	59
107796	10030	21	CM	64	64	56	45	52	47	68	73	1	73	47	45	2	52
109910	181	42	RB	64	60	67	36	65	63	66	69	1	70	61	72	1	25
110843	100831	45	CDM	64	66	56	61	60	55	68	56	1	80	57	81	1	53
111238	294	18	CB	64	64	42	42	57	49	61	74	1	73	60	57	1	42
111328	1929	14	GK	64	65	62	64	68	64	39	61	1	73	31	35	0	25
112396	897	47	CM	64	64	51	60	61	61	63	66	1	66	61	60	3	61
112476	110069	45	CB	64	64	71	42	54	52	61	76	1	71	58	46	1	39
113564	260	45	LM	64	64	62	69	66	62	47	48	1	55	62	80	2	74
114356	900	47	GK	64	65	69	52	74	70	53	63	1	60	25	25	0	25
114960	15021	45	RB	64	64	87	53	61	65	60	57	1	49	66	71	1	49
118359	1480	42	ST	64	64	62	65	59	60	49	73	1	79	62	69	1	62
119689	97	50	ST	64	62	72	59	55	63	41	62	0	72	64	64	2	34
119723	3	82	CM	64	64	72	65	67	66	63	68	1	69	64	60	2	62
119814	110313	14	ST	64	63	74	59	50	69	44	63	1	56	61	64	2	28
120112	1870	46	CAM	64	63	47	57	66	64	55	46	1	59	67	65	1	59
122586	80	42	ST	64	61	65	57	61	63	58	67	1	84	60	66	1	53
122660	682	7	LB	64	63	64	63	66	61	64	58	1	64	60	77	1	74
130893	1808	13	GK	64	63	67	54	53	68	55	65	0	65	30	34	0	25
134881	217	18	GK	64	66	62	60	68	65	35	72	1	90	21	35	0	25
135883	1943	14	RB	64	66	69	43	62	57	67	55	1	76	64	55	1	65
135989	688	78	ST	64	64	67	65	43	66	39	62	1	62	66	65	3	43
136286	111588	167	ST	64	64	53	63	51	59	52	88	1	88	59	63	3	51
136445	981	167	LB	64	64	79	56	62	65	62	65	0	75	62	64	2	62
136556	1473	167	CAM	64	64	58	58	64	66	43	46	1	59	66	62	2	74
137163	112134	95	CDM	64	63	57	45	52	59	66	62	1	59	59	57	1	41
137206	111974	27	CB	64	68	46	38	45	42	66	68	1	70	48	53	1	37
137208	112487	27	CB	64	65	54	26	38	44	67	69	1	75	50	36	1	25
137317	1814	18	GK	64	64	65	58	62	67	48	69	1	72	24	22	0	25
137509	1949	42	ST	64	62	34	63	52	58	46	72	1	82	62	70	1	40
138098	111140	95	RB	64	64	68	63	62	63	64	67	1	70	67	69	1	74
138280	127	14	CB	64	62	68	39	58	59	65	68	0	70	46	66	1	25
138287	1937	14	CB	64	62	55	33	44	43	65	66	0	76	57	51	1	21
138296	698	95	ST	64	64	44	62	60	61	53	74	1	74	61	62	3	60
138421	434	47	CAM	64	64	70	64	64	59	49	48	1	58	64	70	2	70
138637	2023	45	CB	64	64	50	48	60	52	64	68	0	75	59	65	1	54
139454	112115	167	GK	64	64	66	62	65	65	36	65	1	65	65	62	3	65
139489	112679	83	CM	64	64	76	65	63	66	60	59	1	64	68	67	2	68
139728	682	7	CM	64	64	42	63	63	62	59	56	1	67	67	65	2	66
140307	143	42	CAM	64	63	60	58	59	68	35	50	1	52	65	62	3	50
140406	920	36	ST	64	63	72	57	53	74	54	67	1	67	66	67	2	35
140462	1813	136	CM	64	65	67	61	62	69	47	56	1	59	68	46	2	66
140596	209	51	CB	64	64	52	27	49	56	64	73	1	73	56	27	3	49
142273	1788	13	CAM	64	66	71	59	63	63	49	58	0	66	63	58	1	61
142532	896	47	GK	64	62	68	60	56	65	34	66	1	58	31	29	0	25
142747	110975	52	GK	64	62	64	68	62	62	31	64	1	70	24	36	0	25
144024	897	47	GK	64	63	68	57	62	72	31	57	1	57	25	37	0	25
145025	477	45	LM	64	68	60	64	70	61	48	49	1	63	64	71	2	71
145117	1855	45	CDM	64	64	54	49	58	50	67	60	1	80	57	75	1	40
145423	571	45	GK	64	65	63	71	56	64	42	63	1	71	21	22	0	25
145627	463	45	CB	64	64	51	40	56	44	66	68	1	80	47	59	1	47
145652	260	45	RM	64	64	73	55	58	62	58	60	0	73	61	71	1	59
145657	110062	45	CM	64	64	49	56	70	54	57	42	1	61	61	56	2	65
145758	1887	54	CB	64	64	47	35	47	40	66	68	1	68	40	35	2	47
146305	260	45	CM	64	65	43	58	63	60	62	58	1	64	71	73	1	67
146634	1867	45	CB	64	65	60	37	57	46	63	71	0	71	45	37	1	56
146762	459	45	CM	64	64	67	61	65	58	60	61	1	71	71	71	1	43
146786	110069	45	ST	64	64	63	59	46	62	47	72	1	71	65	55	2	54
147016	110234	165	CB	64	64	38	47	56	50	66	68	1	68	50	47	2	56
148137	112218	40	CB	64	64	66	63	61	62	66	62	1	62	62	63	3	61
148159	110234	40	GK	64	64	58	67	63	70	57	60	1	82	27	28	0	25
148645	100632	34	ST	64	65	46	62	60	59	46	74	1	80	66	69	1	61
148764	301	37	GK	64	62	63	65	65	60	54	66	1	85	32	25	0	25
148817	1904	34	CB	64	64	54	37	59	56	65	64	1	64	56	37	3	59
148994	1906	34	GK	64	64	64	65	65	62	43	66	1	68	29	28	0	25
149270	111974	195	CM	64	64	65	49	70	60	60	64	1	68	64	69	2	53
150340	110745	37	CM	64	64	73	56	65	59	68	63	1	65	55	67	2	56
150548	1831	25	LB	64	64	69	40	58	60	64	64	0	69	61	57	1	60
151419	127	50	LM	64	64	72	59	63	65	59	57	0	58	63	60	2	62
152480	417	46	RM	64	63	81	58	60	64	49	45	1	56	58	62	1	49
152594	919	36	CM	64	64	66	66	67	59	61	71	1	71	59	66	3	67
152725	1934	14	CB	64	61	50	37	41	35	65	74	1	80	39	44	1	37
152870	210	54	CB	64	64	57	48	43	47	64	70	0	71	55	70	1	45
152990	17	14	ST	64	64	67	60	47	60	44	71	0	70	63	67	1	29
153052	300	36	CAM	64	67	73	60	60	73	56	70	1	71	73	71	2	39
153100	1802	14	GK	64	65	66	63	68	63	59	64	1	68	25	25	0	25
153148	1873	37	CAM	64	66	52	62	72	60	51	54	1	52	42	61	2	70
153222	111083	37	RM	64	65	81	58	63	74	54	52	1	58	67	57	3	62
153253	159	21	RM	64	64	75	58	62	65	49	58	0	49	64	61	2	57
153293	111065	82	CM	64	61	57	65	60	65	58	68	1	85	68	82	2	67
154545	112225	27	CM	64	64	62	56	67	64	66	67	1	71	68	65	1	56
155018	142	14	CB	64	64	40	29	44	29	65	70	1	91	41	48	1	24
155289	873	37	GK	64	64	76	54	66	68	26	59	1	49	25	27	0	25
155334	1473	167	CB	64	64	69	40	49	52	60	76	1	76	52	40	2	49
155339	1474	167	CDM	64	64	67	48	59	63	63	72	1	81	58	64	1	34
155861	571	45	LB	64	64	72	35	60	54	63	62	0	67	60	44	1	42
155877	82	42	GK	64	63	68	62	52	69	46	61	0	64	32	25	0	25
155937	1478	195	CB	64	64	46	41	52	45	66	69	1	69	45	41	2	52
156464	89	14	CB	64	64	47	28	41	40	65	70	1	75	50	38	1	26
156634	1530	18	RM	64	63	72	52	61	67	45	59	0	73	64	55	2	59
156675	77	42	CB	64	66	55	32	51	50	62	71	0	82	56	41	1	54
157168	110831	47	LB	64	66	75	55	62	58	62	54	0	58	67	71	1	66
157431	159	21	CAM	64	64	72	60	61	67	58	62	0	54	64	71	2	62
157590	1832	21	CB	64	67	65	26	50	36	65	64	1	81	54	39	1	24
157706	110596	21	GK	64	65	63	64	58	65	49	66	1	44	21	31	0	25
157727	57	38	LB	64	62	64	37	63	59	62	64	0	61	56	51	1	39
157786	2038	27	CB	64	66	34	36	39	38	68	66	1	93	45	55	1	34
158111	1738	18	ST	64	64	63	63	49	55	42	72	1	86	59	69	1	50
158282	897	47	LB	64	65	72	47	61	64	62	69	0	71	62	61	1	52
158667	31	21	LM	64	63	86	65	55	62	49	69	1	82	60	78	1	43
159168	294	54	CDM	64	64	55	51	60	53	65	66	0	73	61	65	1	61
159274	110915	27	CM	64	64	71	52	66	64	63	55	1	65	68	67	1	51
159447	1901	38	RB	64	66	70	43	60	55	65	65	0	66	60	48	1	45
160615	420	37	CB	64	63	73	52	59	59	65	59	1	69	48	77	1	58
160642	100764	6	GK	64	64	63	71	66	70	28	54	1	74	25	25	0	25
161646	378	18	GK	64	70	64	63	62	66	55	67	1	68	25	34	0	25
161666	112679	83	ST	64	65	58	61	46	62	50	75	1	74	62	63	2	52
161861	2023	45	CB	64	65	40	40	57	40	64	67	1	85	46	62	1	45
162222	100087	7	CDM	64	64	64	48	63	57	62	61	0	60	61	63	1	48
162265	181	37	GK	64	63	67	61	53	67	56	63	0	56	31	21	0	25
162796	100087	7	GK	64	64	63	61	65	68	41	62	0	64	24	35	0	25
162979	1804	14	CB	64	65	67	25	44	39	65	69	1	86	44	30	1	30
163116	111399	195	CB	64	64	64	46	55	41	66	68	1	71	54	63	1	21
163145	1930	14	CB	64	64	48	46	30	35	69	72	1	87	36	68	1	32
163621	89	14	GK	64	64	61	59	57	76	34	61	1	61	76	59	3	57
163627	142	14	ST	64	64	68	59	47	63	47	69	0	72	63	63	1	37
163731	1934	14	CM	64	62	57	63	67	69	52	61	1	58	65	68	2	74
163848	1871	37	LB	64	67	74	65	66	62	63	61	1	67	62	77	1	73
164041	15021	45	GK	64	68	62	70	52	65	46	63	1	79	21	25	0	25
164613	688	95	RB	64	63	75	39	66	53	62	58	1	70	54	44	1	31
164957	696	54	CM	64	64	69	62	61	64	62	59	1	70	65	72	2	62
164977	1814	126	ST	64	64	72	60	55	68	42	75	1	70	70	67	2	61
164996	110746	54	CM	64	64	39	63	67	61	43	44	1	44	61	63	3	67
165001	111091	37	CB	64	66	34	39	56	46	66	64	1	78	58	38	1	23
165033	111083	37	RB	64	64	72	55	65	63	62	66	1	71	59	75	1	71
165070	111091	37	GK	64	64	68	61	52	64	44	70	1	60	24	25	0	25
165435	112225	18	LW	64	70	65	69	64	68	48	53	1	66	70	77	2	72
165509	110890	25	ST	64	68	68	64	47	64	38	59	1	39	64	69	2	50
165671	111086	37	ST	64	64	46	59	41	55	52	73	1	84	63	66	1	39
165891	111588	167	ST	64	64	69	70	65	61	40	47	1	47	61	70	3	65
166076	101102	56	LB	64	68	66	67	64	70	60	53	1	50	69	88	1	80
166137	2045	12	CDM	64	64	52	55	62	60	64	68	0	73	62	57	1	60
166695	110234	40	LM	64	70	64	49	66	65	49	56	1	62	64	57	2	52
166851	1797	24	CB	64	63	49	59	65	60	64	71	1	84	66	72	2	56
167432	506	133	ST	64	68	81	59	54	65	47	72	1	83	63	71	2	47
167530	112679	83	CM	64	64	69	60	66	68	42	59	1	59	68	60	3	66
167841	1807	42	RM	64	68	76	61	63	66	41	60	0	65	66	73	2	71
168403	200	27	CB	64	69	57	36	44	37	67	70	1	85	52	44	1	30
168869	607	183	CB	64	64	68	41	49	45	64	68	0	70	47	46	1	44
168962	1889	38	CB	64	64	75	61	66	72	65	50	1	50	72	61	3	66
168983	62	18	CB	64	65	41	37	58	34	65	68	0	78	59	52	1	30
169169	100087	7	RB	64	65	63	36	61	46	65	54	0	68	61	48	1	35
169389	1937	25	LB	64	64	67	54	68	62	62	58	1	58	62	66	1	79
169452	83	42	CM	64	62	38	59	68	64	58	54	1	56	65	66	1	63
169461	1797	35	CM	64	70	68	65	65	60	62	64	1	68	67	70	2	68
169578	1939	14	RB	64	65	75	49	60	61	63	62	0	64	58	53	1	37
169604	1924	14	GK	64	65	61	64	60	68	39	63	1	62	22	42	0	25
169623	361	14	LB	64	67	54	31	56	44	63	66	0	72	56	38	1	25
169638	1943	14	LB	64	66	82	46	62	64	61	62	1	63	65	47	1	67
169708	1909	14	CDM	64	69	67	45	60	62	66	64	1	64	63	54	1	54
169725	14	14	ST	64	66	77	57	46	63	46	66	1	81	65	65	1	36
169784	110326	18	ST	64	64	65	63	51	64	38	59	1	56	65	59	1	38
170078	1938	14	RB	64	67	81	28	61	62	62	66	1	70	60	35	1	24
170342	1801	14	CB	64	64	48	28	37	30	64	75	1	80	36	37	1	34
170346	110069	45	CDM	64	64	52	42	62	57	67	67	1	73	58	44	1	52
170612	110770	1	CDM	64	72	69	52	66	58	62	60	1	56	66	64	1	54
170795	110596	21	CDM	64	65	63	50	58	48	64	70	0	73	60	63	1	41
170798	165	37	CM	64	68	71	62	65	73	46	51	1	60	69	62	3	71
170879	1943	50	CM	64	68	69	53	64	69	59	56	1	72	68	64	2	32
171063	15021	45	LB	64	64	71	43	67	61	63	56	1	68	63	59	1	55
171480	110069	45	CM	64	68	69	57	64	63	41	46	0	39	64	58	2	60
171620	94	14	CM	64	68	58	67	72	56	45	59	1	57	67	71	1	77
171642	110975	55	RB	64	70	62	42	58	56	67	69	1	74	66	55	1	42
171699	1888	38	LB	64	67	68	48	64	64	63	58	0	60	61	62	1	39
171721	112225	27	CB	64	65	53	47	54	38	65	64	0	71	55	51	1	48
171970	346	14	CM	64	69	63	52	62	64	52	58	0	60	69	64	1	67
172063	111395	195	CB	64	65	54	48	52	50	64	68	0	81	52	59	1	51
172122	111144	42	CDM	64	64	63	69	62	63	63	66	1	72	64	82	2	66
172152	110913	7	RB	64	65	65	57	62	60	65	65	0	72	63	68	1	57
172207	1796	70	CM	64	67	66	49	63	56	66	70	1	72	64	58	1	45
172547	1715	17	ST	64	64	59	57	48	54	45	67	1	84	59	71	2	39
172568	200	13	CM	64	66	69	65	66	66	62	61	1	71	63	74	1	60
172573	820	13	RB	64	65	69	60	62	66	61	55	0	56	64	71	1	52
172648	110913	7	CDM	64	65	61	50	62	53	65	66	0	72	62	70	1	60
172808	1790	25	LB	64	61	61	30	63	58	62	64	0	66	59	48	1	25
172850	647	34	CB	64	70	68	45	64	64	64	65	0	82	66	49	1	40
172944	1807	14	CM	64	65	78	64	64	67	60	60	1	72	65	74	2	47
172960	1943	14	ST	64	70	82	64	54	63	40	59	1	70	56	67	2	59
173360	74	136	GK	64	68	67	57	64	67	32	66	1	63	22	23	0	25
173361	112260	35	LM	64	64	71	65	64	64	44	52	1	62	64	66	2	68
173383	110912	27	CB	64	64	53	35	45	43	66	69	1	79	52	46	1	31
173444	698	14	ST	64	67	75	63	61	66	51	51	1	57	66	78	2	67
173483	210	80	CB	64	65	30	31	44	42	64	72	1	72	56	51	1	20
173671	110890	14	CB	64	65	60	33	43	35	66	70	1	85	43	47	1	27
175657	111092	44	CDM	64	67	61	66	71	62	59	68	1	72	64	69	2	69
175721	1905	31	ST	64	65	60	63	54	63	42	71	1	77	63	74	1	57
175911	110913	18	CB	64	63	52	51	60	47	65	63	1	72	55	65	1	61
176058	111144	95	CB	64	63	67	35	53	49	64	70	0	64	57	46	1	23
176123	239	7	CB	64	64	60	38	55	57	66	62	1	62	57	38	3	55
176154	110724	7	RB	64	68	73	38	60	58	64	60	0	60	62	54	1	35
176211	110746	37	ST	64	71	66	60	46	60	48	74	1	83	66	74	2	40
176226	696	95	RW	64	64	73	63	61	64	53	54	1	60	66	74	1	71
176253	111092	37	CB	64	64	41	37	52	31	70	54	1	91	30	62	1	38
176310	111588	167	CB	64	65	52	35	62	41	68	73	1	80	48	48	1	32
176392	1474	167	LB	64	64	85	50	65	59	63	61	1	71	56	57	1	54
176428	112427	21	RB	64	67	73	55	68	66	61	67	1	74	66	63	1	55
176575	900	47	RB	64	71	69	49	65	61	64	66	1	79	64	48	1	33
176880	111678	83	ST	64	64	77	58	56	71	40	62	1	62	71	58	3	56
177041	111674	183	CDM	64	60	47	58	65	56	62	50	1	64	62	71	1	44
177095	506	21	RB	64	64	78	50	60	62	63	66	1	74	59	72	1	48
177363	1938	14	RB	64	68	71	29	57	52	65	64	0	69	56	45	1	20
177373	820	13	CB	64	66	70	40	64	59	61	74	1	72	63	60	1	40
177414	1928	14	ST	64	63	75	59	41	48	46	77	1	84	54	63	1	34
177522	260	45	RM	64	65	82	54	50	73	55	51	1	60	66	43	2	63
177554	112487	27	RM	64	60	71	40	62	57	62	60	0	60	59	65	1	30
177582	780	4	CB	64	68	55	32	38	42	67	67	1	77	50	46	1	24
177646	110831	45	LW	64	64	47	63	74	61	42	42	1	49	61	63	1	78
177653	112487	54	ST	64	68	66	61	48	65	44	68	0	71	66	64	2	57
177672	894	47	GK	64	65	65	64	60	63	58	65	0	56	22	22	0	25
177690	1841	13	CM	64	69	75	60	62	66	67	64	1	78	63	60	1	53
177692	110890	14	LM	64	68	86	57	59	65	42	37	1	56	66	66	2	54
177804	190	27	CM	64	70	69	51	65	64	53	56	1	70	66	61	2	50
177920	874	37	CB	64	64	51	31	45	32	69	56	1	75	37	41	1	22
177975	203	27	ST	64	68	71	59	54	60	47	70	1	88	63	64	2	50
177988	1478	167	ST	64	64	60	60	51	64	44	76	1	76	64	60	3	51
178089	112224	195	ST	64	66	86	66	59	66	49	57	1	56	61	70	2	58
178139	1867	34	CB	64	64	75	28	65	58	62	60	1	60	58	28	3	65
178141	682	7	RM	64	64	76	66	60	64	44	62	1	66	63	72	2	67
178222	111070	83	CDM	64	68	66	42	62	54	66	59	1	68	60	67	1	65
178259	100766	133	CB	64	64	70	37	43	40	67	78	1	78	40	37	2	43
178284	691	95	CAM	64	75	80	63	65	72	52	48	1	54	77	73	3	70
178412	110831	45	CB	64	64	58	44	52	48	63	67	0	77	58	53	1	54
178433	112124	27	GK	64	73	66	58	50	72	53	62	1	64	32	41	0	25
178521	111327	52	ST	64	64	62	63	40	57	43	71	1	78	58	70	1	54
179575	298	36	CB	64	64	65	38	50	54	63	78	1	82	57	59	1	29
179636	1797	14	RM	64	70	81	52	59	66	49	50	1	56	61	53	1	43
179703	111140	95	LB	64	63	74	56	57	56	64	64	0	70	58	67	1	59
179745	1802	14	CM	64	63	66	54	66	58	58	60	1	71	66	67	1	57
179787	694	95	CDM	64	62	67	62	63	63	57	58	1	60	67	70	1	62
179984	239	7	CB	64	64	51	38	54	43	66	62	1	62	43	38	2	54
180400	477	45	RB	64	68	79	40	58	52	64	59	1	68	52	64	1	43
180455	111070	95	CB	64	63	34	41	47	45	66	64	1	84	47	47	1	45
180700	689	163	RB	64	62	76	51	61	64	63	54	0	51	62	49	1	44
180746	111766	198	CB	64	64	50	37	52	35	65	74	1	90	52	31	1	28
180753	112427	195	LW	64	64	71	62	56	66	43	60	1	60	60	61	1	48
180783	112393	183	ST	64	64	76	61	50	60	40	71	0	70	51	61	2	51
181238	110749	12	CDM	64	63	51	56	62	55	65	72	1	77	54	60	1	51
181311	111835	180	ST	64	64	76	62	49	69	43	55	1	59	68	63	2	43
181436	670	18	CDM	64	67	63	33	61	58	65	71	0	70	63	41	1	29
181451	1516	24	LM	64	63	69	63	62	63	57	64	1	61	55	68	2	56
181462	689	195	LB	64	64	71	63	63	67	63	57	1	70	69	65	2	58
181491	111398	195	CM	64	64	81	59	61	62	50	65	1	65	62	59	3	61
181681	1798	25	CB	64	66	59	59	65	65	64	64	1	65	69	60	1	64
181694	68	18	GK	64	74	65	66	64	67	55	67	1	61	25	32	0	25
181734	294	54	CB	64	68	52	37	47	37	64	65	0	72	49	64	1	28
181792	1915	46	LB	64	64	78	56	64	64	60	61	1	44	64	72	1	69
182184	89	14	CM	64	67	65	55	67	61	55	64	1	65	64	63	1	60
182201	110929	140	RM	64	64	73	57	63	65	44	53	1	45	70	58	2	49
182365	1958	14	GK	64	66	69	55	64	73	32	61	1	70	22	32	0	25
182442	111397	195	CM	64	64	73	61	63	64	58	58	0	58	64	61	3	63
182818	110326	18	LB	64	67	59	34	64	52	66	62	1	71	62	44	1	32
182909	1755	36	CM	64	67	71	52	60	63	66	71	1	72	68	59	1	29
182923	980	167	CM	64	64	72	58	63	60	61	67	0	67	60	58	3	63
183066	1958	18	CB	64	67	59	31	49	52	64	70	0	68	58	42	1	35
183118	111766	198	CB	64	64	49	31	47	30	65	72	1	84	40	42	1	29
183142	1932	133	CM	64	69	81	53	64	58	65	58	1	82	59	59	2	31
183235	159	21	CB	64	65	58	43	55	45	67	63	1	81	53	64	1	51
183272	111397	54	CAM	64	66	64	55	64	63	34	46	0	55	65	62	2	64
183393	212	18	ST	64	69	60	61	48	61	42	62	0	70	64	65	2	36
183457	111678	83	ST	64	64	68	59	50	63	49	74	1	74	65	65	1	35
183513	10029	21	GK	64	72	69	62	58	66	41	57	1	74	25	25	0	25
183645	256	4	CB	64	68	53	35	27	39	66	70	1	85	48	45	1	28
183741	111393	195	LB	64	68	82	50	63	70	59	52	1	56	69	40	2	45
183768	1755	36	CM	64	66	69	42	65	62	63	59	1	72	66	64	1	32
183905	58	18	CAM	64	69	77	61	54	62	42	58	0	49	58	66	2	53
183918	1715	51	CM	64	64	63	51	59	65	37	51	0	51	65	51	3	59
183925	1823	108	CM	64	69	87	66	72	67	46	58	1	65	69	73	1	64
184027	1910	34	CB	64	64	66	46	63	55	62	74	1	74	55	46	2	63
184084	294	18	GK	64	64	65	71	58	69	49	57	1	57	69	71	3	58
184283	110329	21	CDM	64	66	70	43	56	54	63	65	0	62	62	60	1	30
184341	200	27	ST	64	73	62	62	48	58	47	76	1	84	64	69	2	42
184469	1943	25	CM	64	72	72	57	64	66	55	52	0	64	67	65	2	69
184475	112512	18	CDM	64	70	49	45	61	63	64	70	1	93	67	73	1	41
184557	1887	107	LM	64	70	83	60	56	66	41	63	1	64	63	72	1	67
184614	650	34	ST	64	67	70	59	59	59	42	72	1	76	66	63	1	31
184637	100632	34	CM	64	66	65	60	63	64	62	63	0	65	65	62	1	60
184878	417	36	ST	64	68	76	60	52	65	48	64	1	67	67	72	2	39
184896	110913	7	LM	64	67	69	62	62	67	58	57	1	58	66	67	1	66
184981	209	4	CF	64	69	79	61	63	69	46	61	1	57	65	67	2	49
185181	450	45	GK	64	77	67	61	65	68	50	58	1	70	33	35	0	25
185249	1755	82	LM	64	66	85	56	58	72	54	58	1	59	67	67	2	52
185250	1820	108	ST	64	64	88	57	52	63	39	62	1	62	63	57	3	52
185422	3	36	LM	64	74	90	61	56	70	36	57	1	57	66	73	2	41
185438	111705	46	RW	64	72	87	61	55	68	35	44	1	47	67	75	2	64
186157	1935	14	CM	64	70	68	53	65	66	62	60	1	66	66	56	1	36
186272	1746	20	ST	64	74	68	59	55	61	46	70	0	76	70	70	2	50
186415	896	47	RM	64	72	80	61	58	65	50	49	0	47	68	67	1	54
186507	300	36	CM	64	70	71	49	64	56	71	72	1	82	65	66	1	45
186587	15	14	CM	64	64	75	60	56	68	38	52	1	52	68	60	3	56
186602	687	95	CDM	64	60	67	60	60	65	65	66	0	72	64	68	1	53
186710	698	95	CB	64	61	45	36	48	44	68	72	1	72	49	46	1	52
187176	110765	167	CB	64	64	60	48	44	58	63	70	0	74	58	60	1	37
187245	110765	167	CB	64	64	62	25	42	47	65	78	1	85	46	24	1	38
187289	1882	83	ST	64	70	44	60	59	67	43	61	0	82	63	68	1	40
187361	1843	51	CB	64	77	66	30	57	51	66	69	1	80	58	28	1	22
187514	647	34	CB	64	66	70	50	60	63	64	64	0	70	59	68	1	62
187524	112218	40	RM	64	68	79	51	66	57	61	54	1	47	70	46	1	65
187663	112579	56	CAM	64	64	66	68	63	65	60	62	1	77	66	69	2	57
187773	111239	21	RM	64	64	73	57	63	67	36	49	0	33	65	57	2	62
187891	110745	55	CB	64	64	71	47	68	62	59	67	1	67	62	47	3	68
187899	710	46	ST	64	65	80	60	59	65	47	62	0	57	66	60	2	44
188025	112124	27	CM	64	64	70	58	63	59	63	76	1	91	66	73	1	52
188063	111086	37	CAM	64	67	74	56	67	70	51	60	1	58	68	68	1	58
188185	1914	34	LM	64	67	84	54	60	69	42	43	1	56	66	59	2	45
188200	1804	14	CB	64	65	62	30	35	38	66	71	1	74	56	42	1	38
188261	112022	4	LM	64	68	72	54	63	65	37	56	0	53	62	56	1	57
188272	110456	54	GK	64	64	68	62	73	65	44	62	1	63	22	39	0	25
188285	112225	43	GK	64	64	63	60	50	70	28	66	1	56	20	38	0	25
188386	226	18	ST	64	70	68	58	55	60	46	63	0	65	61	60	1	44
188405	506	8	CAM	64	64	72	65	57	69	40	53	1	70	67	70	2	70
188572	100879	26	LM	64	75	82	55	51	82	38	42	1	43	79	49	2	50
188727	224	18	CB	64	70	50	24	45	36	68	58	1	79	53	24	1	35
188793	260	45	CB	64	64	84	39	56	61	60	63	1	63	61	39	3	56
188856	209	4	LB	64	69	80	51	61	65	63	48	1	45	61	58	2	57
188924	111092	37	RB	64	67	80	44	49	59	63	57	0	61	62	45	1	47
189121	1867	45	LM	64	66	80	57	57	71	36	55	1	51	65	53	3	62
189218	77	42	CDM	64	76	72	55	67	67	61	63	1	65	67	65	2	52
189221	1891	38	RB	64	70	73	61	63	69	61	68	1	69	69	69	2	61
189328	1903	46	CB	64	66	61	35	43	34	66	68	1	83	43	56	1	26
189342	1744	27	GK	64	72	65	60	59	67	43	65	0	60	25	38	0	25
189346	110747	21	RM	64	67	82	62	65	62	42	60	1	59	64	64	1	63
189386	110326	18	RM	64	68	81	61	63	66	38	51	1	41	65	69	2	68
189504	1598	54	CB	64	64	81	53	51	70	61	56	1	56	70	53	3	51
189619	1920	14	CM	64	73	73	42	64	66	65	47	0	66	65	49	1	54
189686	1943	25	LM	64	61	82	54	61	65	38	56	1	48	55	61	2	32
189792	1945	14	LM	64	70	77	63	57	66	41	66	1	60	58	63	2	52
189811	15048	14	CAM	64	74	66	59	66	64	52	64	1	72	67	75	2	41
189842	1939	14	CM	64	74	68	48	62	65	61	62	1	63	67	54	1	43
189858	463	45	CM	64	71	60	54	71	66	52	60	1	57	73	64	2	58
189958	110704	45	CM	64	72	62	60	71	62	51	60	1	56	63	60	1	69
189993	1795	14	CM	64	68	71	54	69	65	59	61	1	77	68	57	1	39
190014	1815	18	LM	64	73	84	51	54	69	42	57	1	68	62	65	2	70
190196	1738	136	CB	64	74	63	30	50	42	67	65	1	78	58	43	1	41
190421	15021	45	CB	64	69	55	25	55	49	65	65	0	72	51	28	1	35
190446	1926	14	ST	64	71	75	61	48	66	37	60	0	58	62	71	2	50
190499	111974	145	LW	64	75	79	59	60	66	44	53	0	35	71	70	2	68
190543	1797	14	ST	64	63	69	60	49	58	40	63	0	61	57	65	2	47
190545	100634	21	LB	64	67	66	36	64	61	65	65	0	72	64	54	1	35
190558	696	95	CB	64	70	86	37	36	47	64	74	1	76	51	57	1	46
190565	691	95	RB	64	68	81	50	54	62	65	65	1	70	56	55	1	52
190592	111822	4	CB	64	67	55	26	52	38	65	72	1	76	43	29	1	25
190602	112487	27	CB	64	72	55	37	41	40	66	69	1	72	52	55	1	38
190683	1934	14	CAM	64	71	69	64	66	66	45	53	1	57	64	64	2	63
190987	15029	52	LM	64	72	71	60	56	66	49	58	1	83	55	67	2	60
191126	1802	14	ST	64	63	69	60	36	58	39	68	0	61	54	67	1	42
191237	15021	45	CDM	64	68	68	33	54	44	67	56	1	69	51	51	1	52
191255	605	183	RB	64	67	75	44	65	57	64	56	1	70	60	60	1	25
191260	605	183	LB	64	65	65	36	53	60	63	74	1	77	64	50	1	22
191490	112390	183	LM	64	64	77	57	57	66	52	66	1	77	68	70	2	42
191669	1477	167	CDM	64	63	74	61	66	63	61	61	1	71	62	65	2	72
191843	111674	183	CDM	64	65	75	42	51	56	69	68	1	75	49	62	1	36
191847	111674	183	LB	64	65	78	55	71	70	60	56	1	56	67	70	1	50
191909	982	167	ST	64	69	72	60	51	60	45	72	1	73	59	68	2	44
191927	112115	54	CM	64	64	73	60	66	66	40	65	1	65	66	60	3	66
192242	614	18	RM	64	72	58	41	60	57	64	62	0	73	71	70	2	61
192251	1800	25	CM	64	71	68	58	67	67	55	52	1	50	66	59	2	35
192276	110233	6	LB	64	65	65	50	63	56	65	72	1	76	60	45	1	68
192319	1935	14	LB	64	72	68	40	60	40	65	61	0	63	63	57	1	62
192365	110734	7	LW	64	70	75	58	57	69	38	50	1	46	68	64	2	56
192447	175	21	ST	64	69	58	60	50	58	44	66	1	78	62	72	1	33
192560	1832	21	CDM	64	75	73	51	61	67	63	64	0	76	67	62	2	40
192597	58	18	CB	64	64	50	38	52	45	65	68	1	68	45	38	2	52
192728	111239	21	ST	64	66	71	60	51	62	40	63	0	61	62	67	1	46
192751	100766	20	CB	64	73	68	38	50	50	67	62	1	89	60	43	1	61
193028	1801	14	ST	64	63	73	60	50	64	46	67	0	73	62	67	2	48
193102	159	21	LM	64	67	86	58	57	66	45	66	1	58	61	62	1	65
193157	100632	34	CB	64	68	50	47	56	47	65	62	1	76	55	74	1	75
193205	1938	25	RM	64	68	83	53	60	66	36	50	1	61	63	56	3	56
193252	254	4	LB	64	69	78	45	61	62	63	60	1	62	62	47	1	37
193557	94	14	ST	64	69	80	62	42	63	41	64	1	79	63	71	2	50
193621	112020	44	RW	64	67	73	56	59	65	40	53	0	60	61	55	2	53
193678	111046	54	CM	64	64	73	41	61	63	67	55	1	55	63	41	3	61
193697	111083	8	CDM	64	67	69	45	62	61	64	55	0	72	61	65	1	40
193706	269	13	CB	64	69	70	38	49	50	64	72	1	90	50	68	1	20
193728	100804	42	LM	64	74	81	50	62	67	58	67	1	65	69	65	2	69
193772	112409	23	GK	64	75	64	60	50	66	64	68	1	65	20	35	0	25
193878	100087	148	RM	64	68	78	50	62	64	55	63	0	61	58	59	1	46
193880	1913	19	ST	64	69	70	61	48	63	45	64	0	72	66	67	1	36
193889	1809	18	GK	64	67	66	65	64	65	38	66	1	72	30	22	0	25
193909	100879	45	CB	64	67	59	53	68	58	58	62	1	66	65	45	2	56
193910	1925	14	CM	64	73	65	54	64	65	47	46	0	57	69	66	1	66
193932	111651	68	CM	64	64	82	56	60	65	48	37	1	37	65	56	3	60
193975	111993	27	CB	64	70	44	34	39	37	68	68	1	86	48	54	1	29
194018	81	25	ST	64	72	72	64	34	56	43	72	1	74	58	63	1	60
194032	1873	37	CB	64	64	44	44	52	51	65	67	1	82	51	49	1	51
194033	696	80	CM	64	64	78	50	62	72	51	46	1	46	72	50	3	62
194146	1796	25	CB	64	71	62	32	36	48	65	71	0	81	50	55	1	31
194199	68	18	ST	64	69	73	59	50	72	43	60	1	66	68	65	2	41
194325	110930	140	CB	64	68	64	30	35	38	66	68	1	78	45	50	1	29
194367	100879	8	LM	64	74	78	59	54	69	39	54	1	57	65	59	1	44
194879	477	45	ST	64	70	61	60	43	62	42	62	0	71	65	65	2	46
194915	100765	40	CAM	64	72	70	58	63	68	49	66	1	75	69	62	1	47
194924	1855	45	CDM	64	68	67	50	59	54	63	58	1	69	55	68	1	55
194996	242	45	ST	64	77	67	57	40	66	40	70	0	74	70	60	1	45
194999	77	42	LM	64	71	91	47	60	66	53	53	1	55	64	68	2	73
195012	100879	45	RM	64	72	73	56	54	71	42	60	1	70	72	64	2	58
196830	674	147	ST	64	64	74	59	61	63	42	72	1	72	63	59	3	61
197031	22	21	ST	64	77	76	57	50	60	40	69	0	68	64	71	2	30
197480	1819	18	ST	64	77	68	62	47	64	42	70	1	78	65	71	2	62
197716	696	95	RM	64	68	81	64	48	65	46	66	1	67	66	72	2	57
197818	111144	95	CM	64	64	69	60	58	66	60	64	0	64	66	60	3	58
197819	695	95	RB	64	67	76	49	53	58	66	65	1	70	59	51	1	48
197831	100634	195	LB	64	70	74	48	62	62	64	62	0	64	60	50	1	39
197928	1795	14	GK	64	78	65	63	62	69	54	62	0	69	23	29	0	25
198007	689	95	LM	64	66	68	61	65	66	62	66	1	70	67	69	2	54
198011	4	14	ST	64	70	60	60	42	63	43	73	1	84	68	71	1	28
198027	111651	133	ST	64	68	72	62	35	60	44	70	1	91	57	83	2	46
198063	479	45	ST	64	71	76	61	47	56	44	64	1	74	60	76	2	54
198080	192	117	RM	64	74	81	60	60	69	39	54	1	55	73	69	2	43
198195	169	10	ST	64	72	69	61	55	67	41	65	1	81	70	67	1	43
198223	570	27	CAM	64	71	73	57	63	65	56	63	0	63	74	64	2	58
198256	1914	34	RB	64	65	81	54	59	65	61	60	1	63	62	63	1	38
198266	1750	133	RW	64	67	68	57	46	62	44	74	1	85	64	74	1	21
198330	111395	195	RW	64	70	75	57	65	64	62	63	1	70	65	67	1	31
198363	22	21	GK	64	68	65	61	62	68	44	64	1	72	21	21	0	25
198479	1439	17	CB	64	69	48	29	43	41	67	68	1	87	48	43	1	29
198810	1801	195	CB	64	74	70	35	46	43	64	75	1	72	51	45	1	26
198934	111292	54	ST	64	64	75	61	50	66	40	66	0	66	66	61	3	50
199057	100764	40	LB	64	75	71	47	62	61	63	58	0	58	64	50	1	45
199118	110724	46	ST	64	65	74	60	47	59	39	57	0	72	62	62	1	43
199172	647	34	GK	64	67	66	64	67	66	30	61	0	54	29	49	0	25
199193	101112	81	CB	64	70	62	51	61	62	63	66	0	66	66	63	1	53
199384	256	4	RB	64	67	85	50	60	68	61	50	1	56	64	63	2	29
199467	2007	7	LM	64	70	74	63	57	69	45	45	1	37	64	70	2	67
199560	1530	18	RB	64	64	52	40	60	46	70	73	1	80	51	66	1	38
199658	1794	7	CM	64	70	71	65	65	68	55	56	1	64	72	71	2	65
199740	1893	38	LW	64	70	78	56	62	66	52	43	1	33	63	56	2	69
199745	1516	13	CB	64	72	58	30	45	38	65	70	0	78	43	39	1	27
199825	110734	27	ST	64	64	71	61	59	74	40	48	1	48	74	61	3	59
199895	110770	47	CB	64	75	47	46	60	55	65	70	1	91	60	62	1	49
199964	101103	56	ST	64	68	82	64	52	57	46	68	1	72	58	79	1	75
199977	472	45	CM	64	66	53	49	63	59	60	61	1	69	71	53	1	49
200259	254	4	RB	64	73	78	43	59	67	63	68	1	70	65	65	1	36
200292	3	14	CM	64	75	65	51	67	67	66	60	1	63	71	71	1	67
200429	100081	7	ST	64	77	91	62	51	67	33	56	1	38	63	65	2	66
200488	190	46	ST	64	64	66	60	42	57	47	73	1	73	57	60	3	42
200512	1873	81	CB	64	64	67	40	33	42	60	70	1	70	42	40	2	33
200532	1750	7	LW	64	68	74	55	58	69	53	40	1	43	63	59	1	51
200534	1750	7	CDM	64	68	64	42	59	54	66	66	1	72	63	56	1	45
200546	111393	52	ST	64	64	66	62	50	68	39	56	1	57	65	62	1	59
200574	1474	167	CB	64	67	67	34	36	33	66	74	1	71	34	33	1	33
200673	897	10	CB	64	63	44	44	53	44	67	74	1	85	54	68	1	20
200734	110710	45	GK	64	68	63	66	68	65	59	61	1	68	24	35	0	25
200820	1793	14	LB	64	78	83	54	58	66	40	41	1	51	67	67	2	63
200998	112225	22	CB	64	71	62	30	50	54	62	64	0	69	56	49	1	32
201049	1746	27	CB	64	73	54	36	46	46	64	72	1	72	50	52	1	22
201079	112237	27	RB	64	72	83	54	61	61	62	60	1	68	60	69	2	60
201112	110745	37	GK	64	68	62	60	58	70	46	67	1	57	25	25	0	25
201208	111651	70	CB	64	74	51	31	50	44	65	69	0	81	56	70	1	39
201229	1750	103	ST	64	72	78	61	39	69	38	61	1	77	70	72	1	44
201285	1463	13	ST	64	73	67	64	45	62	40	59	1	61	68	71	1	55
201301	272	13	CB	64	71	60	38	39	49	65	69	0	78	56	57	1	27
201368	100805	42	CM	64	74	72	64	63	67	53	61	1	70	70	72	2	66
201389	110364	27	LB	64	74	83	53	55	63	61	56	1	68	64	80	1	50
201429	1719	54	CM	64	64	61	56	63	66	66	68	1	68	66	56	3	63
201873	111651	95	GK	64	69	67	62	65	68	38	63	0	70	25	23	0	25
201886	110231	140	CB	64	76	75	51	59	51	65	64	0	73	55	52	1	59
201895	691	60	LM	64	74	79	59	55	71	36	48	1	48	69	69	3	50
201967	922	36	LW	64	75	76	52	46	74	46	48	1	57	74	65	3	32
202002	64	18	CB	64	76	57	31	50	49	64	70	0	69	51	55	1	23
202011	1841	36	CB	64	67	56	55	58	56	63	73	1	76	64	81	1	77
202075	698	95	RB	64	69	84	53	57	62	64	63	1	63	58	64	1	44
202106	110178	21	LM	64	70	76	60	65	69	58	61	1	67	67	75	1	69
202107	111239	95	CDM	64	71	67	46	62	66	64	59	0	66	66	63	1	52
202113	1958	14	RM	64	70	86	53	62	66	54	60	1	66	60	62	2	41
202160	2007	7	CM	64	72	70	53	59	65	62	58	0	70	68	62	1	50
202199	1794	14	GK	64	75	71	60	48	70	48	61	1	54	22	28	0	25
202211	691	95	CB	64	65	56	55	53	57	65	71	1	70	56	62	1	50
202215	688	95	GK	64	67	67	64	59	64	47	67	1	71	34	32	0	25
202217	112134	95	CM	64	68	70	59	65	70	62	52	1	59	64	65	3	57
202243	698	95	CDM	64	63	64	58	66	62	64	68	1	70	62	64	1	66
202263	700	36	CDM	64	71	71	62	64	61	68	70	1	82	63	74	1	47
202296	981	167	ST	64	69	74	61	54	65	42	64	0	70	65	62	1	53
202400	1871	54	CAM	64	66	70	59	55	70	51	60	1	59	65	63	2	60
202408	1919	14	CB	64	69	62	30	32	34	65	72	1	83	49	41	1	24
202430	110147	83	RM	64	76	78	55	59	67	39	64	0	61	67	61	2	53
202513	110734	27	CB	64	64	64	34	46	46	66	70	1	70	46	34	2	46
202518	2045	4	LM	64	71	75	67	51	72	49	49	1	72	68	73	3	57
202541	467	45	CAM	64	75	66	52	63	72	38	49	1	57	76	49	2	67
202560	1903	34	LW	64	72	75	61	59	65	45	56	0	61	64	70	2	55
202607	110913	15	CB	64	65	40	33	49	29	66	68	1	82	43	59	1	24
202654	110749	51	LB	64	63	69	44	36	45	72	65	1	79	47	70	1	34
202659	1439	46	ST	64	72	77	57	59	68	32	45	1	47	70	66	1	56
202711	203	27	CM	64	64	70	52	61	63	62	66	0	66	63	52	3	61
202715	467	45	ST	64	70	55	58	41	49	50	78	1	90	51	74	1	46
202751	1823	97	CM	64	64	68	60	68	68	36	62	1	62	68	60	3	68
202795	1938	140	LB	64	71	78	29	56	54	67	68	1	72	57	49	1	25
202886	2	47	GK	64	64	67	64	73	60	40	62	1	62	60	64	3	73
202919	111140	117	RW	64	68	82	49	58	67	54	56	1	56	61	60	2	59
202952	981	167	RB	64	70	76	50	56	62	65	72	1	77	62	40	1	52
202959	982	167	CM	64	67	67	69	66	62	64	68	1	71	60	82	1	61
202994	110765	167	RW	64	67	69	61	59	63	42	63	0	63	65	62	1	56
203024	111393	45	CDM	64	68	65	47	64	60	53	53	0	60	68	62	1	55
203048	4	14	RB	64	76	72	49	59	63	64	58	0	61	60	64	1	34
203069	94	14	CM	64	72	69	54	62	57	63	55	0	66	67	67	1	46
203127	57	144	CM	64	75	76	53	65	71	55	51	1	67	69	57	2	65
203160	159	21	CB	64	64	59	31	48	36	65	69	0	71	44	45	1	22
203264	8	14	CB	64	70	60	29	51	48	64	66	0	72	62	38	1	25
203445	110500	21	RB	64	69	67	39	59	63	63	65	1	78	64	64	1	44
203458	896	47	CB	64	78	71	40	62	60	66	71	1	83	62	65	1	52
203585	15021	45	LB	64	64	74	32	53	49	66	62	1	71	56	41	1	39
203754	10030	21	CM	64	64	64	61	64	61	64	68	1	68	61	61	3	64
203889	64	18	ST	64	70	79	61	51	65	36	71	0	64	62	71	1	40
203971	212	18	LM	64	65	68	54	65	62	51	51	1	69	65	54	2	67
204043	256	4	RB	64	70	72	53	58	66	63	63	1	71	71	66	1	47
204098	159	34	ST	64	74	70	62	60	76	36	53	1	50	78	65	3	53
204145	112512	37	LB	64	63	77	55	61	63	53	61	0	65	55	69	1	54
204350	110724	19	LM	64	72	73	63	62	69	39	61	1	62	69	67	1	62
204405	694	57	CB	64	64	62	25	39	62	66	66	1	66	62	25	3	39
204468	165	21	LM	64	70	68	59	62	66	52	56	0	68	68	68	2	54
204496	1893	21	CB	64	71	49	42	55	41	66	59	1	89	48	53	1	39
204509	346	14	ST	64	76	79	59	43	65	45	66	1	83	63	65	2	54
204612	298	36	CM	64	73	67	62	62	68	59	58	1	67	68	65	1	66
204665	101112	95	CB	64	64	59	30	48	36	64	66	1	66	36	30	2	48
204676	744	38	CM	64	76	70	57	65	66	53	53	1	58	68	71	1	76
204684	1904	34	CM	64	68	68	61	48	64	38	68	0	71	67	64	1	47
204685	1747	7	CDM	64	74	79	53	59	60	65	71	0	82	62	65	1	44
204688	111821	4	CAM	64	73	67	60	63	66	54	55	1	71	71	65	2	56
204782	9	21	ST	64	77	75	60	45	72	34	51	1	43	69	56	2	41
204858	2023	45	RM	64	68	84	56	56	61	43	58	1	62	56	75	1	44
205070	461	45	CM	64	72	64	59	70	63	51	56	1	56	73	62	1	63
205096	175	21	CB	64	73	54	33	51	55	64	65	0	74	61	56	1	28
205158	448	45	ST	64	77	79	59	40	70	39	52	1	48	63	56	1	53
205212	100879	45	RM	64	71	81	61	57	66	38	42	1	36	62	62	2	73
205243	210	126	CB	64	72	62	29	41	35	64	72	1	78	39	43	1	33
205351	1934	14	LM	64	76	74	60	63	70	40	44	1	33	66	63	2	74
205455	111239	21	GK	64	72	69	60	63	68	37	58	1	54	25	26	0	25
205465	919	4	ST	64	67	64	67	52	62	37	58	1	64	65	76	1	36
205491	1970	83	CM	64	76	68	64	66	66	49	60	1	62	68	77	1	78
205556	110915	44	CB	64	76	65	32	46	43	62	65	1	66	45	44	1	31
205644	112487	27	RW	64	74	75	59	53	68	37	52	1	59	63	63	2	39
205672	1903	34	CB	64	69	63	30	44	46	65	72	1	73	63	41	1	32
205701	472	9	ST	64	64	72	66	53	61	40	63	1	63	61	66	3	53
205720	111974	27	LB	64	70	73	36	53	58	64	66	0	69	68	67	1	40
205845	236	38	CB	64	77	63	36	47	43	64	73	1	69	55	49	1	37
206041	111706	52	ST	64	72	68	58	39	55	45	69	1	74	58	76	1	49
206110	1877	52	RM	64	72	71	51	59	72	38	48	1	56	72	66	2	42
206124	110929	148	CM	64	68	69	42	64	68	66	58	1	68	68	48	1	38
206157	696	120	CDM	64	60	64	46	55	49	62	69	0	76	59	54	1	31
206209	28	21	LB	64	75	80	48	62	70	62	47	1	48	72	58	2	55
206492	1814	136	ST	64	69	76	61	59	69	35	61	1	50	62	63	1	52
206549	111139	95	GK	64	64	65	64	56	69	45	65	0	63	24	22	0	25
206603	689	95	CDM	64	65	77	46	58	62	60	58	0	49	61	48	1	47
206631	691	95	CM	64	70	59	61	68	66	51	50	1	49	67	73	2	60
206635	688	95	RM	64	69	67	65	60	67	53	56	1	57	68	75	2	67
206651	479	45	CAM	64	72	67	61	56	57	55	46	1	52	64	73	1	68
206662	695	95	CB	64	71	56	27	44	44	65	66	1	79	54	39	1	24
207427	687	95	GK	64	70	69	60	71	69	48	62	1	77	21	25	0	25
207502	418	36	LB	64	64	89	42	56	71	64	53	1	60	60	46	2	41
207512	693	95	CB	64	65	54	26	39	44	67	69	1	73	41	34	1	21
207554	700	46	CM	64	68	71	61	61	67	41	50	0	58	70	74	1	54
207614	694	95	LM	64	66	82	60	56	64	40	60	1	64	63	68	2	48
207629	697	95	ST	64	77	75	66	58	71	47	60	1	56	66	72	3	68
207635	101104	56	CM	64	64	87	58	55	71	39	41	1	41	71	58	3	55
207659	254	4	LM	64	69	82	62	57	72	41	67	1	74	66	66	2	30
207849	111140	95	CB	64	68	77	26	39	34	66	74	1	91	34	38	1	20
207877	1715	61	LM	64	77	86	55	46	72	38	64	1	58	78	64	2	52
207961	647	34	ST	64	67	50	59	36	53	43	77	1	88	58	70	1	25
208018	1906	17	CB	64	72	63	42	60	55	64	67	0	77	55	65	1	31
208045	100634	129	RW	64	75	72	65	55	74	43	57	1	73	75	80	3	70
208120	31	37	ST	64	74	63	60	44	61	39	68	1	73	63	65	1	47
208141	110741	54	CM	64	74	64	50	64	65	59	56	0	70	64	56	2	50
208144	111540	27	CM	64	64	69	55	62	70	40	46	1	46	70	55	3	62
208158	1876	52	ST	64	74	62	64	40	64	38	64	1	67	68	70	2	47
208309	232	7	CDM	64	75	76	41	57	59	65	66	0	71	63	66	1	40
208448	320	46	LM	64	75	74	64	57	72	36	50	1	61	74	73	2	61
208451	433	46	CM	64	76	71	59	65	71	55	54	1	60	72	62	2	59
208488	1831	10	CB	64	74	75	29	47	48	64	68	0	72	56	51	1	22
208521	682	18	CB	64	65	51	31	46	33	66	69	1	82	42	57	1	34
208730	550	27	LM	64	68	73	56	61	67	57	54	0	65	67	68	1	52
208731	550	21	CDM	64	66	58	41	60	55	67	61	1	74	64	56	1	42
208805	1906	7	CB	64	64	73	36	66	60	64	62	1	62	60	36	3	66
208917	112139	183	RB	64	67	90	27	65	65	64	62	1	75	61	27	2	33
209212	112395	97	CB	64	63	51	38	30	33	66	77	1	90	26	66	1	66
209264	919	36	ST	64	81	83	58	39	61	37	52	1	59	68	73	1	28
209276	605	183	GK	64	64	63	63	66	66	47	67	1	80	24	25	0	25
209287	110704	103	ST	64	77	90	57	52	61	41	70	1	71	59	74	2	32
209378	1914	34	LB	64	65	69	56	63	63	62	65	1	62	66	74	1	76
209453	110746	37	RB	64	65	78	54	64	63	61	70	0	74	59	59	2	40
209498	567	54	CB	64	76	44	31	41	30	64	69	0	75	35	52	1	29
209535	620	14	CB	64	65	54	35	42	51	64	70	0	73	56	41	1	29
209551	112096	183	LB	64	70	88	44	59	67	62	71	1	71	66	51	1	40
209561	112390	183	CB	64	68	75	37	51	59	66	63	1	74	62	39	1	30
209569	112390	183	LM	64	71	76	52	71	68	53	50	1	67	70	59	2	40
209739	159	21	CDM	64	66	68	50	60	60	64	65	0	73	57	56	1	44
209767	1908	34	ST	64	64	72	60	54	69	48	63	1	63	69	60	3	54
209839	1915	34	CB	64	72	67	52	66	59	63	62	1	65	63	60	1	44
209846	25	21	LB	64	74	71	34	61	60	63	60	0	76	64	60	1	60
209992	162	21	LM	64	72	73	64	61	68	56	54	1	53	65	74	2	63
210007	191	54	CB	64	79	63	41	55	60	59	76	1	74	69	71	1	60
210021	166	21	CAM	64	77	73	52	57	70	42	44	1	48	73	57	2	45
210110	110710	45	CB	64	74	71	37	50	49	61	70	0	75	56	55	1	38
210133	112387	183	CDM	64	66	64	39	56	60	66	71	1	82	65	50	2	34
210138	112387	183	RM	64	66	76	53	65	65	53	67	1	72	64	70	2	38
210140	112387	183	GK	64	64	65	63	61	67	50	62	0	79	24	22	0	25
210205	650	92	CDM	64	67	71	43	61	62	65	62	0	70	62	67	1	36
210237	165	21	LM	64	77	75	52	61	73	37	52	1	48	73	56	2	61
210414	110749	37	CB	64	64	69	42	58	54	65	60	0	60	54	42	2	58
210488	247	34	CM	64	72	67	57	71	67	61	60	1	61	71	64	1	52
210566	200	54	ST	64	64	66	62	62	66	35	51	1	51	66	62	3	62
210583	1824	21	CAM	64	78	70	58	60	70	34	48	1	44	69	64	1	68
210648	110374	111	CB	64	75	34	28	38	42	62	68	1	80	49	27	1	34
210742	1439	46	CM	64	77	68	63	61	62	56	56	1	62	64	76	1	64
210826	571	55	LW	64	73	80	62	58	71	36	56	1	56	65	64	2	52
211178	110929	148	CF	64	68	83	55	51	71	37	49	1	54	77	51	2	28
211741	159	21	CDM	64	67	66	45	62	60	62	60	0	57	64	62	1	43
212139	694	95	LB	64	72	78	34	60	61	63	61	0	69	60	42	2	34
212346	110765	167	CAM	64	70	70	61	62	64	38	56	0	63	64	65	2	68
212722	111144	95	RB	64	82	89	52	58	65	62	59	1	70	65	72	2	27
212728	111139	95	CM	64	64	84	51	60	64	54	50	1	50	64	51	3	60
212883	710	117	CB	64	80	71	52	68	67	60	70	1	82	65	58	1	31
213305	432	46	ST	64	67	61	63	53	64	43	62	1	86	64	68	2	58
213428	694	95	GK	64	71	68	61	59	70	48	61	1	76	25	23	0	25
213439	111651	70	CM	64	71	68	59	61	65	46	49	0	53	65	62	2	64
213648	21	13	CM	64	81	63	57	65	67	55	59	1	74	71	66	2	69
214594	111651	52	CDM	64	78	78	56	63	63	63	60	0	70	72	68	2	65
215609	647	34	ST	64	63	59	59	44	59	38	68	0	67	63	61	1	24
215618	1902	34	RB	64	76	74	37	64	63	64	61	0	68	68	54	1	29
215942	647	34	CDM	64	68	60	43	64	64	62	58	0	65	65	55	1	49
216193	100632	34	CB	64	68	61	30	49	47	63	67	0	83	59	41	1	26
216228	650	34	LW	64	64	76	63	57	67	40	48	1	73	62	82	2	48
216281	162	8	RB	64	69	73	46	63	62	62	61	0	65	63	60	1	44
216289	1903	34	CM	64	72	64	58	67	61	57	53	1	52	67	62	1	48
216377	175	21	ST	64	70	63	60	43	53	42	68	1	84	58	72	1	28
216793	1905	18	ST	64	69	63	58	42	59	52	72	1	90	61	61	1	33
217873	301	28	ST	64	69	69	62	38	63	45	68	1	62	55	63	1	61
163855	1800	14	CDM	64	64	70	49	61	56	64	57	0	71	58	59	2	59
203498	110089	40	ST	64	74	60	63	51	60	42	67	1	74	56	67	1	52
139162	1862	47	CAM	64	65	70	57	63	68	54	55	1	62	67	66	2	51
882	688	95	CM	63	63	65	63	62	62	62	62	1	62	62	63	3	62
2151	111400	195	CM	63	63	64	61	62	63	53	67	0	67	63	61	3	62
2335	1799	14	ST	63	63	46	57	52	54	42	77	1	81	70	68	1	41
2837	15015	25	CM	63	63	42	59	71	64	65	74	1	74	64	59	3	71
4353	695	18	CDM	63	63	58	62	61	59	63	66	1	66	63	64	2	64
4394	1945	14	CM	63	63	54	60	66	65	58	55	1	67	65	71	2	71
5550	111766	7	ST	63	65	72	62	59	62	41	63	1	71	66	67	1	56
7873	1936	14	CB	63	61	39	32	34	29	67	74	1	86	37	53	1	20
8333	110069	45	CDM	63	65	32	54	62	47	66	60	1	81	61	69	1	58
8910	1792	14	GK	63	63	60	66	60	60	45	64	1	62	28	33	0	25
10884	112254	50	CM	63	61	53	58	63	56	57	64	0	75	63	69	1	50
11414	1949	14	LB	63	62	41	54	55	58	66	64	1	64	63	69	1	75
11787	1945	14	CB	63	63	47	31	44	56	64	69	0	71	62	35	1	33
11800	127	14	GK	63	63	65	58	60	67	56	66	1	63	33	25	0	25
13403	1790	25	ST	63	63	53	60	45	60	43	64	0	58	62	66	1	41
13761	100805	42	RM	63	62	67	45	60	64	47	59	0	63	61	58	2	53
15704	111400	34	CB	63	63	32	49	57	55	65	65	1	65	55	49	2	57
17051	101112	95	GK	63	63	60	63	68	60	58	73	1	73	60	63	3	68
17635	1905	34	RB	63	63	67	54	62	55	66	65	1	75	67	68	1	46
18916	111070	70	CB	63	63	60	43	62	57	63	60	0	60	57	43	3	62
19260	1750	24	CM	63	63	47	39	57	48	65	58	0	58	48	39	2	57
19332	1962	14	GK	63	63	62	65	67	61	56	66	1	72	22	25	0	25
19374	346	14	ST	63	62	61	62	53	61	43	67	1	60	61	61	2	61
19521	1935	14	ST	63	62	73	54	56	65	52	67	1	86	66	59	1	25
20543	1893	38	LB	63	62	63	46	62	61	63	58	0	59	63	64	1	44
30690	1445	181	CB	63	63	40	53	56	60	62	66	0	76	63	62	1	54
31834	1456	36	ST	63	67	61	65	51	55	53	81	1	82	65	73	2	50
32556	922	36	CM	63	60	68	67	60	63	50	68	1	62	67	68	2	70
40863	320	46	RB	63	62	54	51	64	57	64	60	0	73	62	66	1	53
41196	432	54	ST	63	61	45	58	50	56	43	64	1	84	62	65	2	40
45541	112424	13	CDM	63	63	64	62	55	62	65	53	1	74	61	73	1	61
45616	1904	23	LB	63	64	65	61	64	57	62	70	1	66	65	68	1	71
46746	694	95	RB	63	59	70	59	61	64	63	56	0	57	63	66	1	57
47854	1715	47	CM	63	63	59	53	60	55	67	63	1	63	55	53	2	60
48023	111373	4	ST	63	63	58	62	43	55	43	66	1	80	60	68	2	45
49573	111705	46	CM	63	63	61	58	69	59	61	60	1	70	61	77	1	68
50538	697	18	CM	63	63	72	60	59	66	53	47	0	47	66	60	3	59
50949	110569	18	ST	63	62	48	63	60	64	41	68	1	63	65	70	2	53
50959	1738	18	ST	63	60	71	61	61	65	42	74	1	70	61	63	2	55
52009	111928	14	LB	63	62	75	52	61	60	61	61	0	65	61	65	1	46
52305	111139	95	CM	63	64	66	68	64	64	57	60	1	60	66	79	2	68
53044	294	18	CDM	63	65	55	61	71	69	61	61	1	69	68	66	1	54
53751	1932	14	RB	63	62	50	40	58	51	64	66	0	69	57	37	1	58
53786	14	14	ST	63	63	67	62	59	64	43	80	1	80	64	62	3	59
100521	1936	42	CM	63	63	60	60	63	64	56	59	0	64	66	59	2	61
101411	506	21	GK	63	63	64	59	63	66	33	61	1	77	25	32	0	25
103581	97	25	RB	63	63	65	50	61	58	64	62	0	73	54	62	1	54
104472	300	36	LB	63	62	78	55	62	61	62	65	0	70	64	72	2	55
104737	357	25	GK	63	62	61	64	64	65	55	62	0	69	25	21	0	25
106364	100879	45	ST	63	63	34	59	39	48	46	78	1	92	58	76	2	32
111091	15021	45	LW	63	63	75	54	57	63	40	43	0	46	60	47	2	65
112243	294	18	ST	63	63	66	63	55	66	40	74	1	70	62	59	2	66
112293	1801	195	CB	63	62	69	34	58	58	62	68	0	71	55	35	1	23
112393	62	18	ST	63	65	41	68	52	59	41	71	1	74	59	71	2	69
112556	467	45	CDM	63	63	44	51	56	46	67	58	1	80	51	76	1	51
112920	2045	45	CB	63	59	39	33	46	38	63	63	0	74	35	55	1	32
116746	1813	18	GK	63	63	62	61	52	67	34	64	0	32	21	27	0	25
116917	210	18	GK	63	67	64	61	59	60	46	68	1	56	22	41	0	25
118662	1925	14	ST	63	61	58	61	60	59	48	64	0	76	61	62	2	55
120022	919	46	CB	63	62	64	59	63	57	64	64	1	72	55	72	1	65
122066	506	21	ST	63	62	41	64	49	52	46	65	1	93	62	79	1	42
136699	110765	167	GK	63	63	64	61	61	65	30	64	0	71	33	23	0	25
137200	1744	27	ST	63	63	56	62	51	57	43	69	1	72	60	65	2	60
137220	112225	27	CDM	63	63	59	49	67	54	60	60	1	54	69	75	1	36
137267	698	95	CDM	63	67	71	62	64	61	70	73	1	74	67	79	1	47
137278	111144	77	CM	63	63	60	63	58	65	63	66	1	70	66	73	2	63
137886	434	47	GK	63	63	58	63	64	68	59	62	1	62	68	63	3	64
138026	2007	7	GK	63	70	66	62	61	64	56	61	0	87	29	25	0	25
138153	1798	25	CDM	63	62	62	58	64	60	57	62	0	66	64	60	1	55
138783	1797	50	ST	63	63	76	60	45	61	43	65	0	61	62	56	2	62
138786	81	14	GK	63	64	64	61	55	66	54	62	0	76	28	21	0	25
138816	620	14	GK	63	65	61	62	60	66	31	61	0	43	34	25	0	25
139165	1032	83	GK	63	66	65	68	58	61	48	59	1	64	25	38	0	25
139301	1932	14	LB	63	63	62	40	63	61	60	58	0	60	63	42	1	56
139349	1804	14	CM	63	63	58	61	66	57	64	68	1	82	58	67	1	68
139393	983	167	RB	63	63	72	56	57	59	65	62	0	66	62	61	2	61
139420	2056	167	CB	63	63	39	32	38	48	65	69	1	69	48	32	2	38
139561	682	18	GK	63	63	63	63	58	63	25	66	1	66	63	63	3	58
139643	181	42	CDM	63	63	74	64	63	65	60	73	1	73	65	72	2	63
139829	57	18	LB	63	63	66	46	61	58	63	58	0	74	59	54	1	30
139865	111083	37	GK	63	63	67	50	59	63	21	72	1	67	31	25	0	25
140142	1882	83	GK	63	63	61	62	60	62	46	65	0	68	31	25	0	25
140210	1794	42	CB	63	64	42	34	48	50	62	68	1	75	52	46	1	32
140417	15048	14	CM	63	63	66	64	62	66	49	58	1	58	66	64	3	62
140507	142	42	RB	63	63	58	34	56	59	64	72	1	73	64	56	1	24
140618	239	208	RB	63	64	65	57	64	62	63	68	1	66	67	79	1	76
140975	1796	35	CB	63	65	50	32	50	46	64	69	0	79	57	47	1	22
142451	571	45	CM	63	66	69	70	71	67	40	50	1	51	72	58	2	77
142550	110745	43	CB	63	66	65	48	57	60	64	72	1	79	57	60	1	45
143073	110398	52	CB	63	63	48	34	47	51	60	73	1	77	61	55	1	33
144037	1920	47	CB	63	68	35	43	58	54	64	68	0	82	62	66	1	32
144086	898	29	CB	63	61	32	48	57	55	66	64	1	84	58	65	1	56
144727	15021	45	LM	63	62	59	61	71	61	46	50	1	61	61	72	1	71
145210	463	45	RM	63	63	72	59	58	63	42	51	0	58	62	62	1	54
145830	463	45	ST	63	63	66	55	50	61	45	64	0	72	62	72	2	46
146373	694	89	RM	63	60	75	60	60	62	57	71	1	80	60	71	2	39
146410	110831	45	CB	63	67	44	37	54	32	63	66	0	77	54	56	1	22
146462	110831	45	CB	63	62	41	41	49	38	65	68	0	68	42	59	1	48
146636	110831	45	GK	63	68	73	59	53	68	49	54	1	62	39	21	0	25
146956	571	45	CM	63	67	55	59	66	72	47	49	1	50	75	56	2	73
147440	100764	40	GK	63	63	68	66	56	58	56	65	0	78	26	34	0	22
147742	100764	40	CM	63	63	34	68	68	68	41	58	1	58	68	68	3	68
147817	100764	40	ST	63	63	59	61	62	66	46	61	1	61	66	61	3	62
148258	110234	40	CB	63	63	53	42	56	46	64	63	0	79	61	52	1	44
148572	874	37	CB	63	62	59	54	61	61	63	66	1	83	64	62	1	56
148697	112199	36	ST	63	64	76	59	46	62	47	66	0	68	63	64	2	43
148705	299	36	CM	63	62	71	71	61	66	60	74	1	66	68	74	2	69
148762	110746	37	CDM	63	63	76	62	63	64	55	47	1	60	61	61	2	60
149236	112409	27	ST	63	63	69	60	42	54	45	70	0	70	54	60	2	42
149257	111397	195	GK	63	63	66	58	64	61	58	65	0	69	25	35	0	25
150389	209	21	GK	63	67	65	62	57	68	26	60	1	83	33	21	0	25
150657	110569	18	CDM	63	63	56	43	56	47	67	64	1	80	55	73	1	41
150669	1813	18	ST	63	64	54	62	52	53	42	74	1	72	63	65	1	50
150761	1920	14	ST	63	63	67	60	52	60	43	68	0	63	63	66	1	33
151568	1447	13	CB	63	63	66	30	46	40	66	63	1	63	40	30	2	46
151648	1516	21	CB	63	63	69	43	57	60	63	63	0	63	60	43	3	57
151764	1443	13	LB	63	63	66	57	62	67	65	60	1	72	72	71	2	71
152456	1936	14	GK	63	63	64	58	47	67	52	62	0	56	26	28	0	25
152569	1841	36	RM	63	66	75	59	51	69	47	53	1	56	67	64	2	60
152620	1456	36	CM	63	66	69	50	58	67	58	63	1	67	69	62	2	62
152735	1794	25	CM	63	63	51	59	64	61	66	64	1	74	52	66	2	65
152907	97	14	RB	63	63	63	33	61	59	64	60	0	67	63	52	1	27
152933	1943	14	GK	63	63	61	62	64	64	52	67	1	58	32	37	0	25
153221	111087	37	CM	63	61	75	54	56	65	66	51	1	58	55	59	1	60
153267	379	18	CM	63	63	60	47	59	62	65	61	0	61	62	47	3	59
153275	58	18	GK	63	70	58	62	52	70	34	68	1	62	24	25	0	25
153282	694	95	GK	63	63	69	54	56	68	35	67	1	67	68	54	3	56
154442	110069	45	LB	63	63	74	59	61	60	61	60	1	58	62	81	1	62
155340	981	167	CB	63	63	50	38	51	48	61	78	1	78	48	38	2	51
155376	112115	167	CB	63	63	31	35	45	32	64	69	1	85	39	49	1	28
155525	271	13	CB	63	66	55	37	39	44	69	69	1	73	40	41	1	63
155567	710	13	RB	63	63	85	56	63	67	60	57	1	59	64	63	1	31
155621	112115	167	CB	63	63	80	50	61	56	62	58	0	58	56	50	3	61
155863	15021	45	CB	63	63	55	36	57	50	64	64	0	75	55	37	1	44
155871	1937	37	GK	63	68	68	61	61	64	59	60	1	75	25	23	0	25
155977	1926	42	CB	63	64	45	31	41	37	65	69	1	87	45	52	1	36
156321	1802	14	ST	63	62	45	59	51	62	49	73	1	97	69	54	1	41
156453	110178	21	ST	63	64	81	58	55	68	45	59	1	70	67	64	2	32
156786	101116	83	ST	63	63	95	49	57	64	53	48	1	48	64	49	3	57
157128	423	25	CAM	63	61	74	62	62	64	53	54	1	57	60	64	2	66
157279	15021	45	LW	63	63	76	67	58	62	41	49	1	37	60	62	1	71
157306	210	18	LM	63	67	66	48	63	62	63	60	0	70	67	67	1	56
157470	1802	14	CB	63	62	37	26	38	39	64	76	1	78	47	27	1	41
158228	144	15	RB	63	65	70	56	52	61	62	58	1	71	60	80	1	53
158268	1530	18	ST	63	64	59	61	44	55	43	70	0	76	63	66	2	50
158522	81	14	ST	63	63	70	63	57	57	50	63	1	63	57	63	3	57
158807	1443	13	CAM	63	64	82	49	43	68	39	32	1	47	61	56	1	22
158817	1881	83	CM	63	63	66	54	62	63	65	68	0	70	67	69	1	58
158859	503	21	GK	63	63	62	63	61	68	51	58	0	58	68	63	3	61
158912	1715	47	ST	63	65	55	61	56	60	52	70	0	78	65	67	1	45
159077	1926	42	LB	63	66	71	50	56	61	62	64	1	65	61	61	1	69
159160	1755	36	LB	63	63	73	66	65	64	61	58	1	65	70	76	1	72
159278	1744	27	LB	63	65	67	50	59	59	63	63	0	65	60	75	1	71
159495	15048	82	CB	63	63	49	28	39	40	64	70	1	90	52	50	1	25
159512	112020	27	CB	63	64	70	44	56	52	63	66	0	74	57	60	1	33
159599	1932	14	RB	63	64	84	36	60	64	63	64	1	67	65	56	1	42
162193	1937	25	CM	63	63	65	56	63	65	45	47	0	47	65	56	3	63
162342	1905	34	CB	63	61	48	37	58	40	64	67	0	71	49	50	1	25
162399	1841	36	LM	63	64	70	63	62	63	60	67	1	76	66	75	2	69
162417	1935	133	CB	63	64	68	40	43	44	65	70	1	81	39	50	1	27
162512	1958	42	RB	63	66	59	33	45	40	66	70	1	86	56	58	1	32
162899	110890	14	LB	63	63	62	47	61	61	63	60	0	67	63	58	1	66
163148	1794	14	LB	63	63	73	28	58	61	63	62	0	64	63	30	1	32
163158	1928	14	LB	63	64	53	32	52	53	65	73	1	74	56	37	1	33
163339	1754	14	CDM	63	64	72	46	64	65	67	71	1	81	62	54	1	40
163363	1804	14	CM	63	64	69	56	64	59	66	68	1	78	64	72	1	61
163371	100087	7	CB	63	64	51	33	46	40	64	66	0	74	47	58	1	40
163405	1746	27	CM	63	65	67	52	65	59	60	61	1	54	65	66	2	51
163500	2007	51	GK	63	61	66	55	65	64	25	68	1	71	25	39	0	25
163581	1925	14	CB	63	63	67	29	50	52	64	64	0	66	53	47	1	25
163640	239	7	CM	63	63	51	55	61	44	64	68	0	68	44	55	2	61
163658	239	111	CB	63	63	64	60	65	67	64	59	1	59	67	60	3	65
163762	1801	25	CM	63	55	64	40	56	50	66	64	1	75	50	50	1	32
163865	1797	50	CB	63	65	51	31	51	33	63	74	1	83	54	45	1	43
163898	112237	27	CM	63	64	74	60	62	61	54	62	0	63	62	69	1	60
163913	110741	27	CM	63	66	65	55	62	62	64	69	0	80	65	65	1	58
164383	1524	36	CB	63	64	59	61	58	61	63	74	1	93	51	77	2	65
164465	1794	14	RB	63	64	68	47	58	59	64	67	1	74	56	54	1	71
164476	1873	133	RM	63	68	90	49	59	63	45	47	1	49	54	69	1	61
164630	620	14	RB	63	60	65	32	56	61	64	70	0	72	60	47	1	20
164680	110912	23	CB	63	63	68	44	64	63	62	64	0	64	63	44	3	64
165010	420	37	CAM	63	65	59	56	63	63	60	58	0	61	59	54	1	41
165447	1524	36	LM	63	66	68	58	57	63	56	70	1	86	67	75	2	59
165667	874	37	LM	63	65	63	53	60	65	48	71	0	72	65	57	2	49
165738	1804	14	CM	63	61	68	56	62	61	57	56	0	67	65	62	1	60
165805	3	54	CB	63	63	71	51	52	63	63	54	0	54	63	51	3	52
165909	1476	167	CB	63	64	66	50	51	50	60	76	1	72	54	54	1	43
166038	110929	140	ST	63	63	63	62	49	64	39	64	1	64	64	62	3	49
166918	700	14	ST	63	63	72	62	51	58	51	62	1	62	58	62	3	51
166943	100764	40	CM	63	61	66	55	63	58	61	56	0	56	62	60	1	58
167159	1456	36	CB	63	64	60	38	56	37	62	68	0	75	56	44	1	22
167499	100087	7	CB	63	64	48	41	52	44	63	63	0	68	52	55	1	39
167560	100764	40	CB	63	68	57	47	54	55	63	65	0	76	57	60	1	62
167832	110596	21	ST	63	65	70	58	46	62	44	66	0	69	64	68	2	33
167834	86	42	GK	63	69	66	62	56	64	24	63	0	72	23	26	0	25
167919	1955	50	LB	63	57	77	52	58	66	38	40	0	53	64	56	2	36
167985	110456	18	LB	63	63	58	40	64	56	60	63	0	67	63	58	1	42
168629	432	46	ST	63	63	66	65	57	70	47	65	1	65	70	65	3	57
169078	361	14	LM	63	70	78	61	56	66	36	49	1	56	64	58	2	70
169223	1801	21	GK	63	63	64	62	52	66	46	61	1	85	21	24	0	25
169366	110456	105	CDM	63	65	57	57	67	69	62	63	1	72	70	60	2	52
169370	463	45	RB	63	63	77	44	59	61	60	58	0	59	63	53	1	48
169446	631	42	CM	63	59	63	61	61	63	57	51	0	65	60	64	1	42
169593	1807	14	CM	63	71	70	41	66	59	64	61	1	60	68	56	1	26
169602	271	14	LB	63	63	71	48	57	60	64	57	0	71	59	56	1	47
169609	1920	14	LB	63	67	71	35	55	50	65	62	0	81	63	40	1	36
169619	1937	14	CB	63	63	54	44	60	58	65	64	0	72	62	39	1	30
169645	1790	14	LM	63	66	83	51	59	64	42	52	1	64	64	59	2	37
169714	111393	38	RW	63	68	83	54	50	70	31	41	1	58	65	50	2	55
169898	15048	50	GK	63	64	67	58	59	72	57	58	1	73	21	25	0	25
169933	1801	42	LWB	63	68	75	54	59	58	62	63	0	65	57	65	1	59
169947	127	14	CM	63	67	66	52	64	59	60	62	0	71	63	56	2	30
169972	1747	26	RB	63	63	58	49	63	62	64	54	0	66	64	54	1	48
170446	1905	34	CDM	63	63	45	49	56	61	63	66	0	71	64	66	1	65
170457	1934	18	ST	63	66	81	57	58	72	41	68	1	76	68	68	2	42
170592	503	21	LB	63	65	70	47	57	59	64	58	0	71	58	58	1	37
171311	463	45	CB	63	65	53	36	45	38	65	64	0	72	45	49	1	23
171313	1871	38	CAM	63	65	67	53	64	64	49	47	0	60	69	62	1	70
171402	468	45	CAM	63	66	68	53	59	68	43	53	1	52	65	46	1	52
171565	571	45	ST	63	69	60	61	44	59	43	63	0	45	69	72	2	41
172002	111091	37	CAM	63	64	76	58	59	66	44	58	0	57	64	66	2	66
172188	111277	46	CB	63	61	55	32	40	43	65	70	0	72	54	36	1	32
172198	1819	18	GK	63	65	62	65	64	63	51	65	0	54	22	32	0	25
172398	1889	24	CDM	63	69	65	57	62	62	65	67	0	68	64	62	1	65
172456	111835	13	RM	63	63	79	54	51	73	39	48	1	56	70	55	2	41
172685	189	45	RB	63	70	65	39	63	52	64	64	0	70	64	51	1	27
172695	111974	27	CB	63	73	62	38	44	44	64	70	0	75	55	66	1	24
172928	1928	14	CM	63	64	71	64	69	63	51	57	1	67	65	66	1	78
173649	1790	42	CM	63	63	69	54	66	64	60	64	1	70	65	58	2	53
173666	86	14	CM	63	67	72	52	60	65	54	57	0	59	64	59	2	62
173734	1936	50	CB	63	66	64	26	52	55	63	64	0	72	58	29	1	25
173758	127	50	CB	63	61	58	46	47	45	64	71	1	85	51	57	2	45
173987	100804	42	LB	63	68	54	26	56	61	64	63	0	60	61	25	1	25
174051	682	110	GK	63	62	65	59	60	66	58	62	0	84	24	34	0	25
174665	111092	37	CB	63	65	71	38	41	49	69	65	1	80	48	66	1	23
175934	110913	7	GK	63	66	62	60	61	67	59	63	1	60	32	43	0	25
175941	922	36	CB	63	70	68	31	55	37	60	79	1	77	59	53	1	24
176030	110770	38	CM	63	63	61	52	60	63	65	71	0	71	63	52	3	60
176075	111144	95	LB	63	63	69	61	67	60	62	61	1	62	60	84	1	70
176078	694	95	CDM	63	67	55	58	62	59	62	65	0	65	63	61	1	60
176210	111083	37	CAM	63	67	77	61	60	67	44	60	1	62	65	69	2	51
176230	687	95	CB	63	63	68	58	65	57	64	64	1	72	61	74	1	66
176235	111928	129	RM	63	63	71	58	62	64	49	53	1	49	70	64	2	60
176240	694	95	RB	63	64	93	49	48	55	63	72	1	80	51	62	1	39
176241	695	95	CB	63	63	68	36	54	49	64	62	0	70	56	40	1	35
176256	110747	37	ST	63	67	84	59	53	60	45	71	1	69	57	69	1	29
176388	111091	37	ST	63	63	80	57	59	61	45	54	0	52	63	60	2	45
176417	112224	122	CB	63	60	50	42	58	44	63	68	1	81	45	52	1	37
176480	210	18	RB	63	66	62	53	65	57	65	64	1	72	66	67	1	64
176572	896	47	RB	63	67	81	50	63	65	62	62	1	65	70	64	1	51
176798	710	46	CB	63	60	47	27	38	38	70	69	1	90	40	34	1	23
176941	1920	25	ST	63	66	64	60	55	60	41	68	0	74	59	71	1	42
177261	1530	18	CB	63	63	57	40	54	42	64	74	1	92	55	68	1	25
177294	142	140	CM	63	68	69	61	66	65	59	52	1	72	68	70	2	56
177311	111139	18	RB	63	66	71	49	64	56	66	71	1	76	64	51	2	41
177389	361	38	RM	63	63	77	51	57	66	47	54	0	57	63	60	2	62
177462	111705	46	RW	63	63	66	60	57	70	42	47	1	58	71	68	2	52
177558	693	95	CM	63	60	67	62	62	66	54	66	1	66	64	69	1	65
177597	1919	14	ST	63	67	70	61	47	60	43	72	1	82	70	65	1	40
177634	550	21	CM	63	68	68	57	65	65	61	65	1	69	66	69	1	49
177637	897	47	CM	63	71	65	57	60	65	63	68	0	65	67	63	1	50
177642	1808	43	GK	63	63	65	61	58	68	31	62	1	68	26	25	0	25
177762	210	18	CDM	63	63	66	54	68	62	58	66	1	74	60	55	1	51
177800	1715	47	RB	63	66	73	59	62	60	60	60	0	62	66	64	1	56
177875	1815	18	CB	63	66	39	31	46	33	66	66	1	83	46	45	1	39
178055	2056	117	ST	63	63	88	55	49	65	39	40	1	40	65	55	3	49
178221	110152	95	CB	63	67	66	45	59	53	64	66	0	65	58	63	1	49
178316	1815	18	ST	63	63	65	65	52	58	38	66	1	62	62	75	2	67
178437	1838	27	LB	63	67	66	44	55	59	63	64	0	58	64	62	1	47
178485	1938	4	GK	63	64	66	59	51	66	33	63	0	67	22	30	0	25
178510	1744	27	CM	63	68	60	44	66	64	59	62	1	68	67	64	1	47
178520	112020	27	RW	63	70	76	60	57	61	38	59	0	61	69	62	2	59
178544	503	136	RB	63	65	77	32	59	62	64	57	0	62	61	25	1	55
178578	112022	45	CB	63	65	54	45	55	38	63	66	0	77	54	46	1	61
178590	1932	37	LM	63	69	68	63	62	63	47	55	1	57	65	67	2	62
179587	694	95	RM	63	63	81	63	57	65	43	57	1	58	62	63	2	56
179612	59	18	GK	63	65	64	63	62	62	29	65	0	75	25	25	0	25
179646	1516	13	LB	63	68	74	45	62	61	63	62	0	70	63	55	1	54
179680	1951	14	GK	63	62	72	58	51	71	48	55	1	73	31	25	0	25
179704	693	95	CM	63	63	73	56	61	64	59	48	0	48	64	56	3	61
179872	110152	83	CB	63	63	45	39	52	55	67	56	1	56	55	39	2	52
179899	272	24	CDM	63	68	68	53	64	63	55	42	0	65	67	60	1	64
179901	1786	92	CM	63	66	67	58	63	66	61	69	0	67	64	67	1	46
179903	897	195	CM	63	75	80	60	56	63	52	60	0	59	76	66	2	65
179922	873	51	CDM	63	63	64	68	64	63	63	67	1	72	62	76	1	46
180588	688	95	CB	63	63	63	45	54	53	66	56	1	56	53	45	2	54
180679	111674	183	LB	63	60	87	46	65	62	59	50	1	25	57	55	1	54
180693	112407	183	ST	63	64	68	61	46	60	43	71	0	70	58	64	1	54
180729	111395	195	GK	63	63	62	64	65	64	45	62	0	65	25	25	0	25
180733	111397	195	CB	63	67	60	38	53	52	62	77	1	80	52	49	1	30
181380	271	18	CB	63	66	67	47	62	63	64	64	0	64	64	53	1	59
181466	111398	195	CM	63	65	68	66	62	63	61	62	1	74	58	71	2	60
181481	111399	195	GK	63	63	66	61	53	72	53	55	1	55	72	61	3	53
181492	1475	195	CB	63	64	45	35	41	32	65	65	1	92	51	49	1	25
181512	1958	14	ST	63	63	78	58	61	60	45	64	1	82	58	68	2	39
181521	1925	14	CM	63	59	68	49	62	68	39	48	1	58	62	63	2	76
181725	1930	25	CM	63	62	71	59	67	57	64	64	1	77	54	61	1	47
181739	691	157	CM	63	63	71	57	59	64	52	60	0	60	64	57	3	59
182003	1465	46	GK	63	63	64	65	54	71	34	55	1	55	71	65	3	54
182053	110234	208	CM	63	67	60	64	67	55	55	51	1	56	69	70	1	54
182504	111928	70	CB	63	63	76	35	50	56	65	68	0	70	46	54	1	29
182524	110930	140	CM	63	63	69	63	66	65	52	60	1	60	65	63	3	66
182694	1807	14	LB	63	70	71	42	57	58	63	62	0	62	62	60	2	53
182740	100634	21	LB	63	63	77	56	62	66	61	62	0	60	65	59	1	61
182816	58	97	CB	63	67	64	39	66	63	61	56	1	65	66	44	1	53
183025	111396	195	ST	63	63	68	56	42	57	61	70	1	83	60	67	1	30
183138	1946	14	CB	63	67	74	26	42	46	63	70	1	83	51	27	1	21
183188	111974	27	RB	63	65	72	48	58	59	62	58	0	69	66	62	1	47
183251	322	47	RM	63	68	76	56	58	64	50	57	0	48	64	66	1	53
183289	110178	21	CDM	63	65	66	55	63	60	64	64	0	77	63	60	1	46
183369	212	18	CB	63	63	34	26	47	35	64	68	0	82	54	32	1	38
183601	160	21	CB	63	69	49	27	42	38	64	60	1	79	52	30	1	28
183621	1928	84	CDM	63	60	67	43	57	57	67	68	1	81	57	55	1	36
183735	111092	1	CAM	63	60	88	51	56	63	47	45	1	57	64	62	1	28
183795	819	4	CB	63	67	61	34	39	48	66	70	1	85	49	66	1	32
183804	1738	18	CDM	63	70	67	31	58	47	62	64	0	71	61	30	1	30
183858	112679	83	CB	63	63	58	38	57	56	65	62	0	81	56	50	1	48
183926	111989	18	CDM	63	66	59	51	61	63	64	70	1	71	68	62	1	59
183994	111835	54	ST	63	64	62	58	51	59	44	69	1	83	62	69	1	36
183999	1908	43	ST	63	68	51	60	56	62	38	62	0	70	64	68	1	33
184013	1958	82	CM	63	64	79	43	57	54	65	62	0	68	55	45	1	30
184148	1750	7	GK	63	67	67	62	65	68	43	57	0	62	23	33	0	25
184156	670	7	RM	63	67	74	57	56	67	39	55	0	61	66	58	1	58
184268	1932	18	CB	63	68	74	28	33	34	62	76	1	91	51	23	1	54
184282	1945	14	GK	63	63	63	62	61	66	35	61	0	63	21	25	0	25
184288	89	18	CB	63	68	46	33	54	36	64	62	1	80	51	57	1	28
184323	920	12	LB	63	71	70	54	66	63	60	60	1	62	62	68	1	63
184331	206	27	LB	63	75	67	35	55	50	64	68	0	73	59	71	1	45
184396	110150	83	CB	63	63	63	26	48	57	64	61	0	61	57	26	3	48
184501	322	47	RB	63	71	64	51	56	46	66	71	1	74	65	67	1	54
184554	647	34	CM	63	63	64	52	64	64	60	55	0	55	64	52	3	64
184714	88	14	ST	63	64	89	63	40	54	40	55	1	77	57	67	2	45
184785	1754	14	RM	63	70	74	60	54	67	35	43	1	45	70	62	2	62
185014	110890	14	ST	63	63	88	52	48	62	45	66	1	78	48	69	1	23
185109	874	37	CB	63	66	69	43	57	53	63	66	0	64	58	64	1	40
185201	111993	27	CM	63	61	69	64	64	64	52	68	1	68	63	67	2	58
185376	1447	10	GK	63	63	61	62	59	67	41	63	0	47	25	25	0	25
186126	1794	42	LM	63	68	73	52	62	65	40	43	0	46	61	53	1	52
186134	111651	14	RB	63	62	69	29	54	54	64	60	0	64	55	41	1	30
186152	361	14	CM	63	65	63	58	61	58	61	65	0	75	60	65	1	58
186156	346	14	RB	63	68	76	33	51	62	63	68	0	71	63	42	1	35
186172	181	25	CB	63	69	77	52	51	56	61	77	1	74	54	78	1	61
186293	110234	15	CM	63	63	64	61	66	66	62	62	1	62	66	61	3	66
186362	68	136	ST	63	67	73	59	40	53	41	73	1	78	53	71	1	44
186558	1924	25	CDM	63	66	67	59	64	64	56	53	0	70	68	70	1	64
186565	1919	14	RM	63	68	81	52	58	62	41	53	1	61	62	56	1	41
186586	112217	37	CB	63	64	32	32	50	44	61	70	0	72	50	58	1	27
186689	1871	44	CB	63	63	75	34	62	42	64	68	0	68	42	34	2	62
186717	101116	83	ST	63	63	70	58	52	66	44	65	0	65	66	58	3	52
186756	1938	42	RM	63	65	79	57	60	66	50	60	0	41	63	64	2	67
186793	112218	51	CB	63	63	51	47	42	29	67	65	1	89	46	64	1	60
186847	112409	1	ST	63	65	52	62	48	54	47	76	1	89	58	68	1	45
186849	1932	42	RM	63	68	73	57	63	65	37	45	0	52	64	59	2	54
186900	631	47	CB	63	63	68	35	54	56	63	64	1	64	56	35	3	54
187077	1935	14	CAM	63	70	84	63	55	66	40	55	1	62	65	64	2	59
187094	1880	83	CB	63	63	79	48	63	67	60	60	1	60	67	48	3	63
187113	702	31	CM	63	64	65	49	60	62	60	69	1	73	66	74	2	58
187145	981	167	LW	63	65	75	56	60	62	44	69	0	71	61	65	2	40
187180	1477	167	RB	63	67	69	30	62	64	66	69	1	73	62	38	1	24
187182	110765	167	LB	63	63	78	50	55	59	65	61	0	71	58	55	1	52
187206	1924	82	LB	63	63	88	29	60	65	63	66	1	75	61	27	1	30
187456	100764	40	CDM	63	67	64	62	67	59	60	67	1	66	64	66	2	60
187522	110109	40	LB	63	70	68	35	60	41	64	54	0	48	49	35	1	44
187590	110109	40	CF	63	70	71	57	41	68	41	66	1	90	65	68	2	41
187608	111651	95	ST	63	63	65	61	45	57	46	66	1	66	57	61	3	45
187619	1888	95	GK	63	67	64	60	65	66	36	66	1	81	28	22	0	25
187761	1924	25	ST	63	67	71	64	54	64	37	62	1	56	64	65	1	56
187768	239	7	CM	63	63	64	49	58	71	52	58	1	58	71	49	3	58
187851	112585	55	CB	63	63	46	44	50	49	66	64	1	84	53	52	1	46
187942	1961	99	ST	63	68	73	59	35	55	41	70	1	79	63	68	1	59
188153	1929	14	ST	63	61	73	57	45	61	52	64	1	81	64	63	2	48
188167	346	14	CB	63	64	54	26	54	44	64	72	1	71	44	24	1	25
188387	15005	18	RB	63	68	76	35	59	54	63	51	0	58	59	35	1	39
188534	1746	27	CM	63	63	56	44	64	51	60	61	0	61	51	44	2	64
188550	260	45	CB	63	66	53	46	59	41	63	64	1	77	54	82	1	69
188600	1884	97	CM	63	77	69	59	65	71	56	54	1	75	72	74	2	47
188720	1800	18	ST	63	63	64	61	48	62	41	65	1	65	62	61	3	48
188762	112512	37	RB	63	66	72	39	49	46	68	56	1	81	60	62	1	33
188831	1802	14	LB	63	65	68	50	60	59	64	65	0	79	60	51	1	52
188876	1746	27	CM	63	70	72	58	65	60	56	63	1	65	66	70	1	62
188936	420	37	LB	63	65	73	42	62	57	63	54	0	71	63	65	1	32
188967	711	117	CM	63	63	76	53	60	59	66	63	1	63	59	53	3	60
189043	165	21	RB	63	70	89	59	62	67	59	61	1	50	63	62	2	66
189061	166	21	GK	63	69	58	67	63	63	48	64	1	65	21	28	0	25
189171	1808	14	LB	63	72	77	47	62	60	63	56	0	61	62	58	1	28
189184	100805	42	CB	63	66	60	29	57	55	65	61	1	75	59	43	1	25
189217	77	42	CAM	63	72	84	44	54	67	39	50	1	66	69	63	2	24
189268	159	21	RB	63	69	77	48	60	63	62	58	0	61	63	57	2	44
189295	112072	46	CB	63	69	54	29	46	40	64	61	0	84	52	49	1	25
189512	100634	34	CB	63	68	33	35	49	44	65	65	1	83	59	58	1	62
189544	919	36	CB	63	63	70	39	51	43	62	71	0	71	43	39	2	51
189548	110913	14	CDM	63	67	59	59	65	67	59	61	1	62	68	69	1	68
189607	111239	21	ST	63	63	70	58	50	62	45	66	0	66	62	58	3	50
189684	1941	14	CAM	63	60	75	63	44	60	40	62	1	52	65	65	1	51
189714	111086	43	CB	63	63	62	43	44	43	65	64	1	87	50	47	1	35
189755	111993	27	CB	63	70	53	39	37	29	66	71	1	80	40	65	1	32
189905	110747	37	CM	63	70	54	55	62	69	60	61	1	76	68	68	1	57
189951	111766	32	CDM	63	66	55	41	62	58	65	62	0	84	58	48	1	35
190017	110913	51	ST	63	66	42	62	51	56	44	69	1	89	63	67	1	48
190159	3	14	CM	63	67	71	51	61	62	63	64	0	73	66	71	1	44
190184	691	95	LB	63	65	59	54	60	61	63	64	0	67	63	61	1	70
190235	1800	14	CB	63	71	79	31	61	61	62	54	1	55	70	35	1	38
190329	111139	116	RM	63	66	86	65	55	62	44	48	1	44	60	79	2	63
190491	299	36	CB	63	72	70	57	62	58	63	71	0	82	54	72	1	58
190492	1937	14	CM	63	65	72	55	64	62	64	53	0	76	63	67	1	53
190511	111070	95	ST	63	66	79	61	60	66	47	60	0	58	66	69	2	54
190529	111092	37	CAM	63	67	73	56	71	62	46	54	1	52	72	65	2	62
190551	111928	95	ST	63	63	74	57	36	65	44	68	0	68	65	57	3	36
190554	111928	95	CM	63	66	67	54	60	61	65	66	0	66	65	70	2	44
190564	697	95	CM	63	63	64	57	61	63	55	58	0	58	63	57	3	61
190580	110069	45	RB	63	66	70	33	50	50	64	62	0	72	58	60	1	23
190593	111989	51	ST	63	67	67	63	52	65	41	61	1	67	67	68	2	63
190633	820	13	RB	63	71	86	52	61	62	63	62	1	72	66	61	1	31
190676	112134	95	RW	63	64	84	58	56	65	57	57	1	66	63	62	2	54
190706	361	35	CM	63	63	72	59	60	64	40	55	0	55	64	59	3	60
190864	111140	51	GK	63	63	68	56	73	65	35	66	1	66	65	56	3	73
191077	647	34	CM	63	63	57	61	57	61	50	61	0	61	61	61	3	57
191157	319	46	CB	63	72	55	33	63	61	65	70	0	76	65	36	1	24
191216	111144	56	CB	63	63	66	31	44	39	64	67	0	72	53	40	1	36
191226	110178	21	CB	63	65	52	31	40	34	66	67	1	86	41	44	1	32
191657	1476	167	LM	63	68	69	48	61	66	51	52	0	69	64	47	2	38
191782	1881	83	RB	63	73	62	44	64	53	60	72	1	66	62	52	1	35
191924	1476	167	GK	63	71	63	60	67	64	32	65	1	68	25	32	0	25
191926	111588	167	CB	63	63	32	46	42	47	63	59	0	59	47	46	2	42
192005	1880	83	LM	63	70	76	55	62	69	39	53	1	53	63	60	2	35
192114	101114	83	CB	63	80	65	46	55	58	62	68	0	78	61	55	1	46
192162	711	46	CB	63	63	47	28	36	36	63	78	1	78	36	28	2	36
192169	320	46	CM	63	66	55	56	62	57	54	48	0	57	62	55	1	63
192283	1786	46	ST	63	69	66	63	60	63	52	62	1	66	66	74	1	61
192591	110234	33	ST	63	63	61	64	50	61	39	58	1	70	63	71	1	60
192649	15021	45	CM	63	68	54	52	63	57	59	54	0	67	62	62	2	54
192655	463	45	CDM	63	67	71	49	57	55	63	60	0	70	60	66	1	52
192673	62	136	CDM	63	67	60	45	60	59	65	68	0	82	62	55	1	39
192761	1456	36	LB	63	70	77	46	63	67	62	57	1	60	70	58	1	53
192763	550	21	ST	63	63	61	59	44	60	44	69	0	78	61	67	1	33
192811	1938	14	CDM	63	72	67	54	59	59	61	62	0	72	63	65	1	45
192965	1814	51	CB	63	63	64	28	49	36	65	63	0	76	51	42	1	33
192970	1945	14	LM	63	67	81	57	57	67	43	48	1	60	64	64	2	43
193063	650	34	LB	63	66	69	36	62	56	65	62	0	63	56	42	1	51
193081	294	18	CB	63	70	53	26	51	36	65	63	0	72	51	33	1	21
193097	159	21	LB	63	66	76	35	62	63	63	64	0	71	63	55	1	41
193103	159	21	LM	63	69	73	59	63	64	45	62	0	76	65	69	1	50
193123	15048	50	CB	63	66	64	33	41	47	61	71	0	72	54	35	1	25
193166	1032	83	ST	63	72	63	59	52	61	44	72	1	80	64	69	1	43
193182	1934	14	GK	63	70	62	63	64	70	21	59	1	59	24	33	0	25
193185	97	14	LB	63	70	73	61	65	64	62	61	1	71	65	70	1	64
193196	100081	18	CM	63	63	87	55	53	74	38	63	1	63	74	55	3	53
193244	691	95	GK	63	68	65	59	58	66	44	66	1	55	25	25	0	25
193267	2038	27	CB	63	68	54	37	39	36	64	68	0	73	50	42	1	35
193276	1832	21	RB	63	68	60	32	62	53	62	63	0	66	61	41	1	42
193357	1798	35	RB	63	71	69	48	62	66	60	55	0	49	64	59	2	32
193358	1439	54	RM	63	62	67	58	57	74	30	39	1	34	70	62	2	49
193555	1873	37	GK	63	68	71	51	41	66	63	70	1	70	24	38	0	25
193613	1804	14	ST	63	66	64	59	32	47	45	79	1	88	60	70	1	22
193628	1917	42	CM	63	68	70	52	64	64	59	60	0	60	63	62	1	61
193645	1837	27	CM	63	68	69	58	65	59	48	62	1	65	68	71	2	51
193751	2023	45	CM	63	69	64	55	65	58	53	46	1	56	71	71	1	55
193754	1832	21	RB	63	69	68	36	55	55	64	66	0	68	56	41	1	36
193771	127	14	CM	63	72	74	55	65	62	49	52	1	60	65	57	2	44
193871	111399	54	LW	63	65	78	59	50	65	39	51	1	48	61	68	2	60
193930	1961	44	ST	63	68	66	59	35	62	48	58	0	52	60	63	2	42
194122	1925	35	ST	63	71	76	62	44	60	41	62	1	73	64	64	1	49
194150	1961	14	GK	63	70	66	60	57	68	39	58	0	60	33	29	0	25
194169	110929	148	CB	63	63	71	46	60	62	63	55	0	55	62	46	3	60
194216	110734	27	LB	63	69	74	42	57	56	62	58	0	59	64	64	1	44
194223	2023	45	GK	63	63	64	59	54	71	33	60	1	60	71	59	3	54
194665	191	4	CDM	63	69	55	43	54	47	68	54	1	76	59	68	1	32
194717	1823	18	CM	63	69	76	65	68	68	44	41	1	62	68	69	2	72
194724	820	13	CM	63	65	57	59	64	65	56	51	0	63	65	62	1	50
194964	1938	14	RM	63	69	78	52	60	68	44	60	1	72	61	63	1	48
195071	112134	93	CM	63	63	71	61	62	68	62	62	1	62	68	61	3	62
195126	97	14	ST	63	65	68	57	37	59	45	66	0	83	55	60	1	33
196160	112578	56	CB	63	63	50	40	65	54	67	60	1	60	54	40	2	65
196615	1463	138	CB	63	63	75	50	62	65	62	62	1	62	65	50	3	62
196905	780	29	CDM	63	74	67	55	62	64	61	60	0	69	67	72	2	56
196916	1919	14	CM	63	71	63	57	67	58	56	62	1	71	65	71	1	67
197499	112390	183	CAM	63	63	72	58	61	69	50	64	1	73	67	67	2	38
197683	112199	36	CM	63	63	68	64	60	62	47	58	1	58	62	64	3	60
197715	693	95	CAM	63	66	69	58	63	66	47	60	0	57	66	61	2	57
197839	697	54	CB	63	63	34	34	46	44	66	71	1	80	50	42	1	35
197852	1796	14	ST	63	63	83	63	43	58	35	55	1	55	58	63	3	43
197875	694	110	ST	63	63	71	60	51	67	41	66	0	66	67	60	3	51
197901	1823	116	CM	63	63	77	59	64	60	54	60	1	60	60	59	3	64
197934	15021	45	CM	63	66	61	57	68	62	50	50	1	59	62	60	1	51
197953	1943	25	CDM	63	76	78	46	65	64	54	42	1	58	66	59	2	55
197970	1946	14	ST	63	68	60	58	55	60	53	69	0	75	62	56	1	39
198018	1855	45	CB	63	68	73	30	42	37	61	74	1	65	52	30	1	31
198051	111140	95	CM	63	66	61	58	63	63	65	67	0	70	65	71	2	59
198060	693	95	RB	63	63	64	42	55	53	62	70	0	70	53	53	1	44
198150	459	45	ST	63	68	71	58	47	63	39	58	0	58	62	50	2	49
198240	1861	45	LB	63	68	75	44	55	56	63	58	0	67	57	57	1	49
198279	111065	95	CB	63	74	54	35	50	37	64	72	1	82	47	48	1	36
198377	1807	42	RB	63	71	77	56	63	64	62	58	0	65	69	63	2	59
198379	109	14	CM	63	71	57	54	64	62	55	64	0	72	61	61	1	46
198614	467	45	CB	63	69	62	46	50	34	60	71	0	78	48	71	1	57
198785	181	48	ST	63	77	81	60	34	68	42	64	1	81	74	80	4	54
198816	224	18	CDM	63	63	65	53	62	58	64	59	0	71	65	68	2	64
198910	110178	21	RM	63	65	80	55	58	69	37	48	1	42	64	58	2	51
199002	22	195	CM	63	72	68	60	62	67	54	52	1	60	66	76	2	37
199011	1807	25	CM	63	69	64	54	63	61	58	64	0	62	63	59	1	58
199035	110109	40	ST	63	68	63	59	47	64	36	44	0	38	63	58	1	42
199064	112072	46	ST	63	63	65	63	50	60	42	63	1	77	64	73	1	60
199071	110890	14	CM	63	63	67	53	66	64	54	49	1	66	65	57	2	66
199101	472	45	GK	63	70	64	58	54	68	47	66	1	52	21	35	0	25
199112	111835	46	GK	63	63	57	72	64	54	28	70	1	81	30	33	0	25
199170	70	18	CDM	63	71	61	48	62	53	63	68	0	68	62	58	1	48
199191	210	18	CB	63	74	66	33	55	39	63	71	0	71	51	27	1	43
199202	1906	195	ST	63	68	68	58	31	64	39	67	1	81	70	67	2	44
199220	110749	9	RB	63	63	68	42	58	51	64	64	0	67	48	45	1	40
199231	981	167	RW	63	66	82	50	57	67	43	57	1	65	67	61	2	47
199285	894	10	CM	63	66	69	53	64	61	50	54	0	60	65	64	2	60
199369	110150	83	LB	63	66	72	48	62	57	62	62	0	77	62	56	2	40
199381	1715	47	CB	63	66	50	37	48	48	63	71	0	70	53	64	1	44
199441	100087	7	RM	63	64	70	57	62	63	60	63	0	65	63	70	1	55
199490	571	45	ST	63	73	74	61	41	60	40	64	1	73	57	77	2	53
199575	110704	45	GK	63	71	73	59	56	67	63	54	1	45	28	34	0	25
199653	1750	110	ST	63	67	75	59	52	64	42	67	0	80	66	68	1	48
199668	111706	52	CM	63	75	65	48	69	61	62	61	1	63	69	48	1	63
199674	894	38	CB	63	66	61	38	59	39	63	58	0	74	59	43	1	56
199698	110913	7	CAM	63	69	70	60	62	65	57	60	0	56	66	69	1	63
199762	112512	37	CDM	63	68	76	53	68	67	50	58	1	66	63	66	2	58
199788	1447	129	RW	63	67	71	50	52	73	40	50	1	26	67	56	1	37
199792	1788	13	CM	63	72	68	58	62	66	57	47	0	43	66	61	1	63
199801	159	21	CB	63	68	61	35	53	41	64	63	0	73	53	58	1	30
199803	25	21	GK	63	69	64	63	67	66	36	60	1	58	22	34	0	25
199916	1935	14	CB	63	70	53	32	51	52	64	72	1	83	57	44	1	36
199917	1808	14	CM	63	74	80	58	62	64	51	51	1	62	65	64	1	72
199982	110724	7	CDM	63	70	45	52	60	54	63	70	1	83	61	68	1	50
200159	159	21	GK	63	68	63	60	64	69	59	58	1	71	28	45	0	25
200235	246	34	ST	63	72	57	58	50	57	41	70	1	80	62	71	1	25
200256	1908	21	CM	63	67	68	53	67	64	64	61	1	64	64	64	1	62
200298	1738	18	RB	63	71	71	29	60	45	64	74	1	80	51	43	1	36
200322	112513	54	CDM	63	68	64	47	59	56	63	66	0	73	60	61	1	46
200394	112224	195	LW	63	64	90	56	51	67	43	43	1	57	57	52	3	40
200555	1478	167	ST	63	66	90	53	45	68	47	72	1	77	66	54	3	59
200586	1478	167	CB	63	68	77	35	50	52	60	80	1	79	44	48	1	42
200611	1755	36	CB	63	63	64	48	59	54	64	77	1	90	55	61	1	41
200666	1932	14	LM	63	76	83	61	34	70	42	54	1	64	73	62	1	32
200681	1476	167	CB	63	64	70	34	42	31	69	64	1	84	40	33	1	44
200696	1906	34	GK	63	73	65	60	63	67	45	62	0	66	27	22	0	25
200758	95	14	CB	63	82	65	30	51	55	62	66	0	75	60	49	1	23
200780	13	14	CM	63	76	75	52	67	66	60	49	1	63	66	52	1	65
200900	1795	25	CM	63	77	72	70	67	69	49	56	1	68	71	72	2	75
200952	506	21	RM	63	66	93	58	53	66	36	55	1	45	60	67	2	47
200960	142	14	CM	63	66	76	60	62	58	58	61	0	70	61	63	2	54
201038	209	4	ST	63	71	67	63	53	66	40	62	1	64	66	69	2	56
201105	110	50	ST	63	66	73	61	49	60	47	65	1	71	63	58	1	57
201159	100764	40	CAM	63	72	65	56	62	64	52	46	0	45	65	57	2	56
201269	1445	13	GK	63	71	65	59	64	63	22	68	1	67	25	32	0	25
201304	272	13	LM	63	73	84	62	49	74	58	69	1	69	71	71	2	48
201491	1796	35	LB	63	69	75	49	62	63	62	62	0	61	64	58	1	63
201869	101112	70	RM	63	75	72	57	61	64	51	52	1	51	63	63	3	51
201894	1800	14	LB	63	71	76	28	52	70	65	58	1	69	68	20	2	48
201940	112134	95	GK	63	70	68	59	52	66	51	65	0	61	34	36	0	25
201999	9	14	LB	63	80	74	30	58	60	64	61	0	70	72	34	1	25
202018	312	40	RB	63	68	68	51	67	53	64	55	1	61	66	56	1	40
202040	919	46	LB	63	68	82	51	63	68	60	57	1	58	70	68	1	53
202084	110912	44	LM	63	76	72	57	60	64	45	58	0	67	64	68	2	60
202157	112224	195	CB	63	63	78	49	62	68	62	60	1	60	68	49	3	62
202162	693	95	CB	63	67	71	43	51	55	66	64	1	62	57	67	1	44
202210	691	95	CB	63	68	58	35	55	46	67	63	1	63	50	30	1	47
202231	697	95	RM	63	67	78	61	58	65	55	59	1	59	63	74	2	52
202295	1475	167	ST	63	60	74	62	60	62	43	71	1	62	59	65	1	59
202338	100632	34	GK	63	68	68	63	67	63	51	60	0	64	27	36	0	25
202374	1524	117	RM	63	65	92	54	50	65	49	48	1	45	67	66	1	28
202495	696	171	LW	63	67	74	65	58	63	37	53	1	46	64	77	1	56
202498	239	7	LB	63	68	76	48	61	65	62	57	0	56	62	59	1	45
202633	897	38	CAM	63	67	57	54	58	62	49	55	0	62	56	52	2	50
202669	1870	46	CDM	63	63	57	57	59	57	60	64	1	74	62	76	1	61
202678	111399	195	RB	63	67	77	41	57	51	64	66	0	72	56	41	1	38
202694	110227	6	CDM	63	63	61	54	65	70	57	62	1	60	72	49	2	61
202748	1474	167	LW	63	71	75	60	54	64	43	62	0	64	62	62	1	54
202803	171	47	RB	63	76	58	25	43	39	63	70	0	76	67	44	1	32
202832	142	14	CB	63	63	83	30	51	57	64	67	1	67	57	30	3	51
202903	111140	116	CB	63	63	49	42	49	51	63	76	1	86	49	37	1	28
202975	983	167	CAM	63	65	65	63	61	62	53	58	1	61	63	77	1	65
202980	1476	167	ST	63	68	70	58	58	66	43	65	0	62	66	61	1	67
203120	1598	54	ST	63	63	57	55	36	61	52	74	1	74	61	55	3	36
203237	982	167	GK	63	75	63	64	62	64	42	63	1	60	25	35	0	25
203304	1938	110	ST	63	70	78	58	52	62	49	63	0	68	59	59	1	45
203306	111396	195	CB	63	75	60	43	58	51	60	71	1	89	59	62	1	30
203315	191	4	CM	63	63	93	60	56	56	44	48	1	48	56	60	3	56
203325	383	54	GK	63	63	66	59	57	63	55	65	1	65	63	59	3	57
203505	1919	42	LM	63	73	78	51	60	64	62	59	0	60	63	49	2	56
203581	112513	45	RB	63	73	76	32	55	50	63	57	0	62	58	37	1	31
203590	110178	21	CB	63	69	56	36	50	37	63	65	0	77	53	61	1	22
203615	209	4	CM	63	73	68	61	63	63	59	62	0	60	67	71	1	63
203629	111264	40	CAM	63	69	62	58	58	65	58	64	1	73	68	61	1	53
203690	467	45	LB	63	66	74	40	53	52	62	64	0	64	58	59	1	44
203704	112675	111	CDM	63	65	72	55	55	50	65	64	0	74	56	66	1	61
203734	100831	45	CB	63	68	61	31	53	47	62	65	0	67	53	45	1	43
203816	209	4	RM	63	67	78	58	58	63	38	53	0	47	59	62	2	41
203880	506	21	LM	63	71	78	61	62	64	37	57	0	60	62	73	2	57
203904	1815	18	CDM	63	67	53	36	60	54	64	57	0	78	66	45	1	40
204132	673	120	RM	63	72	80	53	58	72	36	42	1	33	68	57	2	45
204134	459	45	CM	63	69	36	36	54	44	64	54	0	78	63	50	1	42
204147	111087	37	RM	63	64	66	59	61	66	48	59	0	58	64	59	1	62
204307	23	21	RB	63	76	71	37	65	67	62	52	1	50	69	57	1	43
204318	38	51	RB	63	70	69	54	61	62	60	58	0	47	65	67	1	60
204335	1812	103	ST	63	68	80	57	47	61	42	68	1	85	54	61	2	45
204337	112110	52	LM	63	71	75	57	53	71	45	54	1	77	67	55	2	60
204448	1915	23	CAM	63	73	62	60	57	66	37	50	0	47	68	63	2	65
204449	1913	7	RB	63	71	75	29	59	59	61	64	0	63	63	41	1	39
204464	346	14	CM	63	70	70	58	64	62	56	46	0	59	65	69	1	36
204466	1754	14	CB	63	69	68	29	53	45	62	75	1	80	47	57	1	56
204506	1445	34	ST	63	69	76	62	46	62	37	63	1	71	67	60	1	60
204622	620	14	CB	63	76	69	25	42	55	62	71	0	76	57	33	1	24
204721	981	167	CM	63	65	52	51	63	63	62	64	0	76	62	51	1	61
204816	247	34	CB	63	76	68	30	52	49	62	70	1	70	58	41	1	33
204819	1813	52	ST	63	77	78	57	49	57	42	66	0	73	72	61	2	40
204878	82	34	LB	63	69	71	27	59	59	62	60	0	64	62	27	1	28
204887	689	45	RM	63	66	71	52	58	67	43	51	0	46	63	68	2	64
204895	111989	18	ST	63	70	63	63	63	58	39	63	1	70	60	65	1	59
204897	1476	167	CDM	63	67	65	58	60	64	63	60	0	59	66	67	1	55
204957	898	21	CDM	63	74	53	52	62	64	64	64	0	81	63	60	1	58
205073	1961	43	CDM	63	66	56	41	60	59	63	62	0	66	61	52	1	38
205156	111588	167	CM	63	67	70	58	64	68	49	44	1	56	66	59	1	61
205232	78	42	RM	63	74	70	50	58	72	52	56	1	63	68	68	2	44
205557	1909	34	ST	63	63	76	61	53	67	37	53	1	53	67	61	3	53
205811	301	133	CDM	63	69	87	57	61	65	62	58	1	39	64	62	2	46
205864	9	14	ST	63	78	78	60	45	61	39	58	0	61	63	61	1	42
205977	100087	8	LB	63	66	72	53	63	65	60	60	1	65	71	76	1	66
205989	17	14	RB	63	83	72	50	62	66	63	56	1	74	72	51	1	48
206096	301	145	CB	63	63	61	35	57	52	64	60	0	60	52	35	2	57
206111	112224	52	CM	63	65	63	56	60	66	58	64	0	56	68	58	1	52
206136	110233	40	CB	63	70	60	29	39	34	65	72	1	84	47	44	1	24
206238	110062	45	RB	63	76	78	37	55	65	63	52	0	62	63	49	1	36
206444	101112	93	CB	63	65	71	39	45	47	63	64	0	73	53	56	1	32
206661	688	95	ST	63	63	76	60	53	63	39	57	0	57	63	60	3	53
207440	1877	52	CAM	63	72	72	64	62	69	33	47	1	41	64	65	2	58
207494	11	14	CAM	63	77	71	53	63	65	40	58	0	44	70	52	2	53
207534	110741	117	LB	63	75	67	34	50	58	60	59	1	56	55	31	1	42
207550	687	95	CAM	63	67	65	62	64	66	42	56	1	53	64	71	2	56
207557	320	13	GK	63	72	66	56	48	68	28	65	1	74	25	25	0	25
207559	710	46	CM	63	76	72	51	65	66	52	57	1	46	68	59	2	40
207593	432	17	LB	63	74	74	60	64	63	61	51	1	56	66	82	1	66
207606	4	14	GK	63	75	70	60	58	67	42	57	1	65	22	23	0	25
207639	88	25	CM	63	76	73	61	63	60	65	60	1	72	64	75	1	60
207640	1530	118	ST	63	76	83	58	49	68	36	66	1	74	69	64	2	37
207650	432	46	RB	63	72	79	46	61	62	60	55	0	62	64	60	1	51
207672	697	95	CB	63	67	65	27	54	57	62	65	0	71	61	39	1	23
207678	4	14	LM	63	78	79	56	55	63	37	69	0	70	65	60	2	35
207746	1809	18	CB	63	73	55	35	56	52	65	63	0	74	59	55	1	36
207794	110724	7	CM	63	63	72	57	64	64	55	46	0	46	64	57	3	64
207852	111065	56	CM	63	63	72	57	59	70	47	38	1	58	64	66	2	62
207858	696	14	ST	63	76	77	61	46	62	40	61	0	64	68	70	2	61
207978	101112	163	CM	63	63	66	46	49	61	66	63	1	63	61	46	3	49
207979	111928	93	RM	63	65	91	55	57	67	37	52	1	55	57	61	2	35
208036	111821	4	CAM	63	66	77	59	59	70	39	48	1	63	69	65	2	48
208090	110704	45	CM	63	74	59	54	64	65	48	53	0	44	67	44	2	59
208159	900	47	CAM	63	80	71	56	53	60	36	71	0	77	68	67	1	34
208197	688	56	ST	63	60	66	61	40	63	40	62	0	76	63	65	2	42
208226	278	22	CB	63	68	54	46	51	53	62	68	0	75	55	56	1	65
208295	1738	129	CDM	63	71	65	34	53	47	63	68	0	79	56	48	1	34
208386	670	18	LB	63	67	61	29	57	39	64	66	0	78	61	58	1	41
208387	670	18	ST	63	63	66	61	47	55	43	71	1	71	55	61	2	47
208417	1478	167	RW	63	69	76	51	60	61	42	52	0	72	61	65	2	44
208432	100087	46	CB	63	66	54	38	59	45	64	64	0	73	56	62	1	31
208510	1867	45	CAM	63	69	67	53	68	61	49	70	1	58	66	46	2	57
208514	100634	34	CB	63	72	64	39	55	54	63	67	1	68	55	51	1	33
208549	111144	14	CM	63	66	72	59	57	61	61	70	0	70	66	71	2	47
208564	1445	13	RB	63	74	80	52	63	63	61	58	1	64	69	67	2	66
208631	874	37	CAM	63	70	51	55	68	68	41	48	1	55	71	63	2	76
208681	673	7	LM	63	71	79	52	58	68	47	47	1	37	66	53	1	45
208695	111822	4	ST	63	67	58	57	43	49	40	72	1	73	50	65	1	35
208723	110178	21	RB	63	68	74	45	63	58	62	62	0	63	64	47	1	61
208856	1813	18	LB	63	68	66	51	66	55	61	61	1	71	62	67	1	58
208869	8	14	ST	63	73	84	57	43	65	43	58	1	75	63	68	1	32
208939	112139	183	ST	63	68	72	59	52	59	53	62	0	69	65	61	2	30
208953	605	183	CDM	63	65	67	51	60	59	63	53	0	65	59	64	1	39
208966	112096	183	CB	63	63	80	35	62	62	61	54	0	54	62	35	3	62
209053	112393	183	GK	63	67	68	64	65	63	46	59	0	63	25	23	0	25
209162	101084	56	ST	63	67	76	59	32	65	40	66	1	78	62	67	2	49
209177	112096	183	LM	63	65	76	56	61	61	51	57	0	59	56	59	1	62
209202	550	21	LM	63	67	80	61	57	66	40	53	0	62	63	72	1	65
209422	224	99	RM	63	63	78	48	64	63	48	56	0	57	59	53	1	47
209435	110746	37	CDM	63	63	68	60	62	59	64	54	0	74	60	81	1	61
209484	59	18	ST	63	72	80	58	53	69	41	57	1	69	66	66	2	44
209510	2007	7	LB	63	67	69	30	59	61	62	56	0	60	63	34	1	29
209571	112390	183	RB	63	61	68	28	46	34	64	70	0	79	48	43	1	25
209885	111396	195	ST	63	73	84	61	32	64	39	70	1	80	61	62	1	51
209888	111398	195	LM	63	75	78	67	57	66	57	51	1	43	65	71	2	74
209954	1831	21	LM	63	70	71	63	62	67	52	56	1	57	64	73	1	70
209961	110636	21	ST	63	63	62	61	50	61	41	67	1	67	61	61	3	50
210020	21	21	CF	63	74	67	61	45	67	34	56	0	39	66	65	1	46
210042	10030	21	CAM	63	75	66	59	56	66	38	63	0	68	70	67	2	41
210136	873	37	RB	63	69	73	38	55	48	62	68	0	72	51	45	1	42
210141	112387	183	ST	63	72	83	66	52	69	36	58	1	56	67	74	2	70
210241	550	21	LB	63	69	68	36	52	59	65	64	0	74	66	46	1	41
210596	110765	167	CDM	63	67	58	36	59	57	63	62	0	68	57	55	1	34
210604	312	40	ST	63	63	65	63	50	55	37	64	1	64	55	63	2	50
210706	212	18	RM	63	74	76	57	60	63	42	48	0	57	62	66	2	65
210792	112096	183	RM	63	69	85	55	43	64	36	62	1	61	64	63	2	32
210805	112389	183	CAM	63	65	69	56	56	66	34	51	0	58	64	61	2	45
210828	231	7	CB	63	81	57	30	52	44	64	64	1	76	60	45	1	35
210947	1884	22	LW	63	73	72	59	57	71	36	47	1	70	70	74	2	47
210964	1844	27	CB	63	74	69	26	43	46	65	64	0	77	56	25	1	29
211185	111091	37	LB	63	73	76	46	63	60	60	56	0	57	63	65	1	29
211250	189	51	CB	63	72	59	26	43	53	63	62	0	60	51	27	1	33
211260	110930	140	CAM	63	66	79	46	67	64	48	54	1	55	70	61	2	76
211423	1843	27	CM	63	63	74	60	57	68	39	52	1	52	68	60	3	57
211574	110374	15	CM	63	75	66	58	68	67	53	58	1	55	71	76	1	60
211581	694	95	CB	63	74	76	48	60	60	64	59	0	77	62	61	1	42
211592	110234	40	CB	63	72	62	33	39	31	64	68	0	81	43	48	1	35
211803	1447	133	CDM	63	68	70	47	55	61	62	63	0	66	65	60	1	53
211991	1832	21	LB	63	71	70	41	58	58	61	65	0	64	60	51	1	31
212222	111022	52	ST	63	63	78	58	54	66	37	67	0	67	66	58	3	54
212357	110746	163	RM	63	69	75	53	60	66	51	48	0	45	65	50	2	31
212446	110915	27	CF	63	75	70	57	37	68	36	62	1	56	69	62	2	34
212478	697	95	ST	63	76	83	55	45	69	40	64	1	76	68	70	3	29
212570	1904	34	CM	63	67	59	59	56	58	64	71	1	83	63	79	1	44
212574	1832	167	LM	63	72	71	58	59	68	38	44	1	35	69	63	2	50
212607	100081	31	CB	63	68	61	43	48	33	64	70	0	76	61	72	1	60
212692	10	38	CAM	63	83	79	49	63	71	33	38	1	37	69	58	3	60
212724	111070	95	CAM	63	67	62	57	64	66	46	52	0	53	65	62	2	58
212755	247	34	CB	63	76	66	35	61	53	62	64	1	68	67	63	1	27
212806	694	82	ST	63	71	83	58	45	63	40	62	1	74	63	70	3	28
212822	112533	55	LW	63	69	72	58	58	69	37	49	1	37	65	64	3	50
212933	682	7	ST	63	67	67	57	39	55	42	74	1	89	59	74	1	28
212976	550	163	CAM	63	67	79	59	55	68	46	56	1	47	66	58	2	46
213019	110765	54	ST	63	65	73	53	51	63	40	64	0	69	61	51	2	31
213020	110765	54	ST	63	63	91	41	53	66	54	59	1	59	66	41	3	53
213497	111705	46	CB	63	71	63	42	45	37	64	63	0	67	43	67	1	34
213568	1754	42	CB	63	70	66	27	55	47	64	72	1	82	48	37	1	24
213707	418	36	CB	63	68	69	27	40	42	66	62	1	70	45	35	1	22
215380	68	52	CB	63	66	57	28	34	31	64	75	1	91	48	39	1	25
215531	100632	48	CM	63	74	75	61	65	68	54	50	1	65	72	75	2	67
215650	647	34	LB	63	70	74	32	57	64	65	64	0	75	62	31	1	32
216578	39	39	RB	63	76	73	38	61	52	60	69	0	70	59	65	1	53
219473	1842	27	GK	63	75	60	60	50	75	46	60	1	53	25	25	0	20
179942	477	45	RM	63	64	81	55	56	69	44	54	1	58	66	62	2	49
53504	1480	14	RB	63	59	39	47	55	56	65	65	0	62	57	41	1	69
591	361	14	GK	62	61	62	60	60	63	20	64	0	51	21	25	0	25
630	1935	14	CDM	62	63	60	27	58	54	65	65	0	71	59	31	1	35
838	82	42	RM	62	61	58	57	63	60	55	62	0	46	63	63	2	60
887	1958	14	CB	62	62	56	26	44	36	64	65	0	77	42	26	1	42
2392	86	25	ST	62	62	53	58	50	54	61	70	1	92	56	68	1	27
2815	112260	14	ST	62	61	40	61	46	56	55	75	1	91	61	71	1	57
4240	422	25	CM	62	62	50	56	59	59	57	58	1	64	73	70	1	56
4323	1754	42	GK	62	61	61	61	52	65	42	64	0	63	25	22	0	25
4999	77	42	GK	62	65	62	60	48	69	31	59	0	63	25	20	0	25
9815	1904	7	RB	62	62	65	44	62	63	62	69	0	70	65	67	1	41
11496	110890	14	ST	62	62	45	63	39	53	47	72	1	72	53	63	2	39
11642	110313	14	ST	62	60	28	65	52	58	45	71	1	80	61	67	1	65
12726	1939	14	GK	62	62	64	64	61	59	22	61	0	63	34	31	0	25
14185	631	42	CB	62	62	33	25	46	48	63	67	0	67	48	25	2	46
19202	86	42	CB	62	63	59	60	60	56	64	71	0	82	57	68	2	43
19869	1930	14	RM	62	61	86	56	56	60	52	48	1	63	54	73	1	64
38670	82	42	CM	62	59	66	28	60	62	64	73	1	73	62	34	1	42
45162	631	42	GK	62	58	61	64	55	61	34	64	0	59	31	27	0	25
47706	111373	43	CDM	62	62	30	55	58	52	62	74	1	77	60	71	1	44
47925	111821	4	LB	62	62	57	34	62	59	63	66	0	78	62	49	1	26
49581	319	24	CB	62	59	57	51	57	51	63	67	0	71	55	72	1	64
49992	1516	13	RB	62	64	67	38	48	46	69	74	1	84	51	58	1	25
50660	10	14	GK	62	62	68	61	65	61	40	57	0	67	27	32	0	25
50753	1933	25	CB	62	61	33	47	38	49	65	64	1	86	52	68	1	32
51921	1803	14	CM	62	62	69	50	63	58	62	64	0	72	60	64	1	49
52500	1463	36	CDM	62	63	59	64	60	66	50	71	1	65	67	72	2	57
53400	89	14	CM	62	62	52	49	65	62	62	65	1	67	67	59	1	36
100889	1919	42	CB	62	62	33	32	48	41	64	69	0	66	41	31	1	32
100899	121	14	GK	62	56	56	65	70	66	31	61	1	63	21	25	0	25
101160	110915	27	CB	62	64	71	46	60	57	61	56	0	67	56	61	1	32
102593	143	14	LB	62	61	56	41	54	46	65	54	0	63	59	59	1	59
103117	1949	82	ST	62	62	52	61	52	59	49	70	0	77	63	64	1	53
105466	112410	27	CB	62	64	61	45	58	52	63	62	0	64	55	45	1	39
107893	159	21	CM	62	63	71	52	64	60	62	67	0	67	60	66	1	41
110692	110062	45	ST	62	62	65	60	49	58	48	69	1	72	59	76	1	58
110880	83	14	RB	62	59	52	40	52	53	62	64	0	70	58	42	1	60
111083	1855	45	LB	62	62	77	52	61	60	59	64	0	72	65	67	1	43
117631	111239	21	CB	62	61	25	52	56	50	64	67	1	91	51	69	1	40
118393	702	46	CB	62	62	62	45	64	58	64	68	0	68	58	45	3	64
120044	1813	18	RB	62	63	67	36	63	52	60	60	0	62	57	52	1	32
120054	1961	42	LB	62	61	52	56	68	66	60	56	1	51	62	64	1	68
122542	112072	46	ST	62	63	72	60	58	61	55	58	0	64	68	61	1	64
134683	1798	14	ST	62	62	76	59	43	59	42	60	0	74	58	66	2	58
135324	111393	54	LB	62	62	68	62	62	66	65	54	1	67	64	73	2	64
135454	57	18	RB	62	62	71	55	64	64	60	65	0	70	66	60	1	55
136293	1473	167	CB	62	61	60	51	48	43	61	58	0	63	44	59	1	55
136631	1473	167	CB	62	62	49	43	54	45	63	68	0	76	43	42	1	20
137166	110890	14	GK	62	63	72	59	53	67	58	54	1	61	25	29	0	25
137498	1935	14	RB	62	62	72	49	65	62	60	64	1	67	63	61	1	67
137725	33	48	CB	62	62	25	30	46	31	66	66	1	66	31	30	1	46
137767	246	34	GK	62	62	67	64	65	64	22	53	0	65	31	24	0	25
137775	2038	27	LM	62	64	72	59	63	61	45	60	0	70	64	65	2	62
138139	111091	37	CB	62	62	70	50	51	55	60	72	1	81	55	57	1	31
138151	1801	14	CM	62	62	64	49	60	58	68	66	1	79	65	62	1	48
138246	620	42	GK	62	59	60	62	57	62	31	63	0	72	26	32	0	25
138418	434	47	CAM	62	63	66	42	64	64	58	62	0	74	67	58	2	58
138652	1855	52	CDM	62	64	49	45	55	40	67	61	1	81	48	65	1	47
138729	820	13	CM	62	63	73	53	68	65	43	58	1	71	75	65	1	38
139257	898	47	GK	62	63	62	59	56	63	41	64	0	56	31	32	0	25
139262	898	51	LM	62	62	68	53	60	62	52	54	0	56	62	59	1	59
139442	1478	167	CM	62	62	78	53	63	64	52	58	0	45	65	63	1	66
139482	1935	82	CM	62	62	67	53	58	62	66	64	1	70	61	56	1	54
139531	711	122	ST	62	61	77	60	47	67	36	46	0	59	66	63	2	37
139555	81	35	CB	62	63	62	43	53	57	61	75	1	81	59	42	1	68
140119	81	42	CM	62	63	59	53	63	60	65	67	0	74	62	70	1	62
140144	101114	83	RB	62	64	55	63	68	63	61	58	1	68	67	76	1	75
140244	111678	83	GK	62	62	63	60	60	64	47	61	0	61	64	60	3	60
140418	1928	50	CB	62	62	72	33	56	56	61	71	0	72	55	35	1	25
141146	112217	33	CB	62	63	54	34	51	43	58	65	0	70	51	57	1	22
142271	112199	13	CDM	62	60	69	61	65	58	51	50	1	71	65	79	2	66
142450	571	45	CB	62	63	58	37	54	48	62	67	0	72	56	50	1	48
144435	298	36	CB	62	62	68	53	58	62	65	66	0	66	62	53	3	58
144750	571	45	RB	62	64	72	41	53	52	61	58	0	63	57	58	1	50
144755	110890	52	RM	62	61	67	50	54	66	37	34	1	59	64	40	3	57
145177	467	45	CAM	62	62	56	60	63	53	60	59	1	66	54	80	1	63
146937	467	45	CAM	62	62	54	61	45	49	50	71	1	80	59	80	2	58
147020	112218	40	CM	62	70	72	52	61	59	58	63	0	60	69	62	1	59
147024	110234	40	ST	62	62	67	63	52	58	39	69	1	69	58	63	3	52
147419	112217	40	CM	62	62	63	71	63	69	52	48	1	58	66	75	2	78
147421	100764	51	CM	62	62	41	62	68	65	46	55	1	55	65	62	3	68
147600	111264	40	CB	62	63	60	38	55	34	64	70	0	80	43	57	1	29
148426	874	37	ST	62	62	75	61	53	61	42	59	0	59	61	61	3	53
148584	111087	37	ST	62	61	59	57	58	58	40	72	1	74	57	64	1	42
148758	111087	37	CB	62	62	37	38	40	37	64	68	1	93	36	60	1	30
149662	112259	25	CB	62	61	43	29	37	32	64	64	0	80	42	44	1	25
150023	278	22	RB	62	63	68	46	69	59	62	57	1	56	52	59	1	53
150729	15048	14	ST	62	63	62	58	54	56	48	67	0	74	58	62	1	44
151498	1804	14	RM	62	61	74	53	66	62	46	62	1	68	52	68	2	46
151743	1443	13	CB	62	63	56	32	63	51	61	76	1	68	50	39	1	42
151753	1447	13	CF	62	62	70	60	52	62	44	70	1	79	71	72	1	47
152095	111822	4	LB	62	61	67	35	57	47	62	73	1	76	57	48	1	36
152590	111395	195	LB	62	62	67	46	63	61	63	61	0	73	64	61	1	21
152678	1928	14	CB	62	59	56	31	43	37	65	66	0	72	42	31	1	29
152699	77	110	ST	62	60	69	54	45	58	46	74	1	91	57	65	1	42
152746	142	25	CDM	62	62	69	56	63	46	62	61	0	71	59	64	1	63
152902	688	54	CM	62	62	71	54	55	58	64	63	0	63	58	54	3	55
152961	111092	37	CB	62	66	60	45	52	50	63	61	0	64	56	42	2	45
153042	418	36	LM	62	64	84	68	51	69	49	62	1	55	64	67	2	67
153144	111087	37	CB	62	62	40	33	46	44	63	74	1	78	52	41	1	47
153303	1524	36	RB	62	60	61	43	54	44	62	70	0	81	56	67	1	25
155348	982	167	CDM	62	62	62	47	60	57	63	61	0	77	59	48	1	50
155586	112115	167	ST	62	62	74	59	56	60	39	63	0	63	60	59	3	56
155611	981	167	CB	62	62	67	40	55	50	62	68	0	72	47	40	1	42
155742	271	13	RM	62	65	81	56	62	64	40	42	1	68	64	59	2	56
155810	506	4	CB	62	62	64	42	58	60	63	66	0	66	60	42	3	58
155811	1790	4	CDM	62	59	57	31	53	49	67	72	1	82	54	54	1	23
155820	111144	72	LB	62	62	58	46	58	55	62	63	0	67	58	49	1	52
155870	110746	37	CB	62	63	67	48	50	53	63	63	1	81	51	65	2	51
157546	1848	27	CM	62	66	68	61	61	63	57	48	0	62	66	66	1	66
157663	1954	14	LB	62	62	67	37	61	54	63	65	0	73	58	58	1	23
158428	1862	47	CB	62	62	39	43	55	50	64	66	0	80	57	60	1	43
158440	110770	47	CM	62	62	80	53	57	66	47	52	0	52	66	53	3	57
158476	1925	14	CB	62	62	71	46	66	58	63	59	1	59	58	46	3	66
158871	1715	47	CB	62	62	65	46	64	62	59	63	0	67	63	57	1	55
158887	322	47	LB	62	64	64	41	61	61	63	60	0	65	60	62	1	48
158915	570	47	CM	62	62	69	53	67	62	54	60	1	60	62	53	3	67
159595	1945	14	CB	62	61	42	28	40	39	64	67	0	72	48	45	1	25
160293	1945	14	CM	62	63	61	59	64	62	56	62	0	71	65	65	2	63
161930	1871	37	GK	62	60	69	59	54	61	34	64	1	63	21	20	0	25
161977	780	4	LB	62	66	74	33	59	64	59	66	0	73	64	48	1	38
162134	112260	14	CM	62	62	61	58	62	59	53	48	1	64	56	70	1	72
162860	110234	9	RB	62	62	57	41	60	51	63	60	0	61	58	52	1	58
162869	111399	195	RM	62	62	68	61	58	64	45	66	0	63	67	63	2	52
163141	1797	82	CB	62	61	56	31	41	35	62	74	1	92	44	52	1	30
163143	1925	25	RB	62	62	58	52	63	58	62	60	1	70	60	75	1	69
163346	1951	14	GK	62	63	64	60	56	65	55	59	0	68	24	24	0	25
163613	1929	14	GK	62	62	62	53	70	67	55	61	1	63	33	33	0	25
163730	112260	14	ST	62	62	66	59	41	57	36	60	0	48	58	58	2	44
164522	691	95	CM	62	62	54	54	56	59	62	61	1	61	59	54	3	56
164556	687	95	CB	62	63	64	43	57	57	66	64	1	70	53	61	1	33
164561	691	95	ST	62	65	66	60	50	58	46	64	0	74	65	71	1	54
164587	111928	95	RB	62	64	65	48	52	53	63	62	0	75	59	51	1	39
164760	81	42	CM	62	61	73	53	61	63	63	67	0	74	59	62	1	26
164854	1951	14	CB	62	62	66	31	53	52	61	76	1	74	53	41	1	30
165502	1955	14	GK	62	66	65	58	60	67	46	57	0	68	20	25	0	25
165548	780	54	LM	62	66	74	41	58	65	50	54	0	59	65	57	2	60
165748	110745	37	RB	62	64	74	44	59	56	62	59	0	64	59	60	1	38
165885	1473	167	CB	62	62	63	29	33	37	65	66	0	66	37	29	2	33
166113	1801	14	LB	62	63	69	43	60	57	62	58	0	65	56	53	1	56
166736	418	36	RM	62	68	70	52	57	65	42	53	0	72	63	61	1	32
166841	110890	50	RM	62	64	76	55	58	61	44	50	0	61	62	57	1	55
166937	112218	40	GK	62	67	71	68	59	61	44	51	1	74	25	41	0	25
167868	100804	42	CM	62	62	67	60	60	63	58	66	0	66	63	60	3	60
167946	1814	18	LB	62	62	57	41	57	51	62	62	0	62	53	57	1	43
169067	112549	18	ST	62	62	48	62	50	54	40	68	1	70	58	68	2	51
169404	550	8	GK	62	65	66	60	63	64	25	57	1	75	23	26	0	25
169474	1803	14	LB	62	63	68	47	62	56	61	62	0	67	60	62	1	64
169498	1801	14	ST	62	66	76	58	53	62	44	56	0	55	60	62	2	42
169502	1841	17	CM	62	65	70	47	60	64	63	59	0	64	67	45	2	39
169700	1802	14	LM	62	62	93	59	56	66	39	46	1	59	55	57	2	56
169912	121	14	RM	62	68	84	52	52	65	40	52	1	52	64	58	2	32
170027	1804	35	CB	62	63	66	30	45	36	62	72	1	74	47	50	1	25
170056	346	82	RM	62	69	84	54	57	67	38	51	1	63	66	63	2	62
170095	1928	14	CB	62	62	79	51	61	58	60	54	0	54	58	51	3	61
170494	100087	7	ST	62	65	56	58	54	49	51	70	1	89	56	80	1	35
170565	1848	27	CM	62	68	76	59	63	65	57	52	0	59	70	66	2	64
170723	1920	195	CM	62	65	65	51	61	61	65	60	0	73	64	62	1	62
171106	2023	45	ST	62	62	61	58	42	53	42	72	1	82	59	74	1	43
171316	110831	45	RM	62	69	62	56	54	67	40	54	0	54	74	58	2	58
171320	100804	42	RB	62	66	68	31	62	65	62	61	0	71	62	48	1	25
171376	101114	83	CM	62	62	68	47	66	63	57	58	1	58	63	47	3	66
171587	81	50	CDM	62	64	52	55	56	60	61	64	1	73	62	65	1	41
171787	111822	45	ST	62	62	54	59	44	54	40	65	0	71	56	63	1	40
171923	346	25	LM	62	62	68	54	62	58	43	56	0	61	61	60	1	49
171984	68	18	LM	62	68	71	50	63	66	43	48	0	58	66	56	2	57
171986	1804	14	LM	62	67	85	44	55	66	40	54	1	71	62	64	2	61
172177	1924	14	RB	62	64	80	53	59	63	60	68	1	68	59	59	1	42
172327	471	7	RB	62	68	66	51	55	59	65	65	0	80	59	62	1	42
172718	111264	26	ST	62	62	78	59	41	55	44	62	0	62	55	59	2	41
172952	1925	18	CM	62	66	71	51	58	66	57	60	0	76	67	58	2	64
173532	1794	14	RM	62	68	91	54	47	72	38	53	1	34	68	62	2	39
173533	1925	14	GK	62	66	67	54	58	66	61	62	1	67	25	25	0	25
173792	1790	14	GK	62	62	63	62	55	64	43	63	0	63	64	62	3	55
173899	1797	14	LB	62	68	71	36	59	57	61	65	0	72	56	42	1	56
174206	111766	198	GK	62	62	64	60	57	64	59	60	1	62	25	25	0	25
174669	420	37	CM	62	62	55	49	63	62	56	56	0	56	62	49	3	63
175409	224	144	CDM	62	63	73	66	64	58	62	57	1	66	64	76	2	62
175896	682	103	CDM	62	65	72	57	51	67	41	59	0	66	66	64	1	66
176057	698	95	CB	62	62	67	50	57	58	65	62	0	62	58	50	3	57
176061	1970	95	CDM	62	62	74	58	63	63	62	64	0	62	60	70	2	58
176109	682	7	CM	62	62	61	58	65	58	59	64	1	64	58	58	3	65
176207	1873	37	CF	62	62	67	60	55	68	54	66	1	62	58	49	1	59
176219	698	95	ST	62	62	84	57	52	65	50	56	1	56	65	57	3	52
176357	1801	14	CM	62	63	71	57	58	61	60	59	0	63	62	67	1	45
176592	10030	30	CB	62	65	31	36	46	41	62	70	1	83	49	49	1	34
176712	1814	18	ST	62	62	72	62	53	66	35	60	1	56	60	68	1	32
176839	1439	46	RB	62	63	78	41	55	61	62	52	0	61	60	59	1	34
177132	1943	18	CB	62	63	58	34	46	39	64	66	0	81	49	57	1	25
177278	897	9	ST	62	62	74	56	57	66	48	72	1	70	68	63	2	62
177442	433	46	CM	62	62	61	56	56	54	67	67	1	67	54	56	2	56
177657	1755	36	CB	62	63	75	46	59	64	60	69	0	75	54	67	1	34
177673	322	47	RM	62	70	71	53	57	62	56	60	0	57	66	68	2	71
177829	1530	18	LM	62	65	72	57	55	66	46	53	1	64	65	56	2	75
177887	1475	167	CAM	62	67	77	50	63	63	50	54	0	71	56	49	2	45
177904	112225	27	CB	62	62	64	45	58	50	64	65	0	78	52	51	1	24
177971	1932	42	CB	62	63	57	43	60	59	62	65	0	63	59	62	1	28
178014	110741	27	RB	62	67	69	60	62	64	63	48	0	61	61	68	1	58
178066	112020	27	ST	62	63	51	57	51	52	48	76	1	91	58	66	1	54
178167	1937	14	CB	62	68	71	36	45	47	61	72	1	82	50	44	1	35
178360	58	18	RB	62	62	57	26	60	53	63	66	0	62	62	25	1	42
178379	101112	95	LB	62	64	67	51	60	59	64	61	0	71	61	52	1	38
178431	570	52	CF	62	63	72	54	58	66	45	62	1	90	64	72	2	43
179561	1958	14	LB	62	65	73	24	56	60	62	64	0	74	61	26	1	21
179563	110747	102	ST	62	62	86	58	49	67	45	52	1	52	67	58	3	49
179869	1958	14	LB	62	62	60	27	60	49	60	66	0	67	54	40	1	48
179886	64	136	LM	62	62	83	58	58	63	40	65	1	63	61	63	2	61
179902	550	54	ST	62	62	64	61	50	62	40	75	1	77	64	71	1	57
179931	1815	18	CB	62	64	60	44	50	38	61	72	1	83	50	54	1	38
180284	1473	167	CAM	62	67	69	59	61	67	38	37	0	25	65	61	2	62
180352	306	25	CAM	62	63	70	58	61	63	51	58	0	61	62	58	1	56
180593	110069	45	RM	62	67	81	53	57	67	40	63	1	56	60	54	2	52
180685	112393	183	CB	62	62	71	30	38	35	64	67	0	69	46	25	1	53
180721	112224	195	CM	62	62	67	39	62	62	56	43	0	57	62	44	1	31
180772	605	183	CB	62	63	61	24	43	38	60	71	0	80	42	21	1	33
180903	1924	25	CAM	62	68	73	59	60	68	41	57	1	52	67	66	2	61
180983	698	95	LB	62	63	90	47	61	68	59	54	1	50	63	44	2	53
181149	550	70	LB	62	66	57	45	50	53	66	72	1	80	57	59	1	41
181274	191	43	LB	62	62	86	69	65	75	58	48	1	44	75	72	2	63
181307	319	46	CM	62	66	61	55	57	55	65	73	1	80	64	67	1	51
181379	1439	46	ST	62	63	56	58	55	59	53	72	1	85	63	67	1	60
181381	321	46	CDM	62	68	58	52	64	58	68	70	1	72	63	63	1	44
181493	111393	195	ST	62	65	75	58	48	60	44	68	0	78	60	63	2	53
181785	203	10	CB	62	65	63	41	56	51	63	68	1	83	60	52	1	34
181894	112427	195	CB	62	62	70	45	60	62	62	62	0	62	62	45	3	60
182111	981	167	CB	62	62	46	53	50	57	62	68	1	84	58	56	1	52
182497	319	54	CM	62	62	71	54	57	76	38	54	1	54	76	54	3	57
182695	1951	14	RM	62	66	83	47	55	65	42	52	1	50	63	50	1	51
182728	1943	35	RM	62	70	83	63	56	62	41	60	1	56	66	68	1	41
182844	110745	37	CDM	62	64	71	51	64	56	65	64	0	71	51	67	1	25
183145	1925	14	RB	62	67	78	51	61	62	59	56	0	56	65	55	1	62
183430	111588	51	CB	62	63	52	43	54	37	62	62	1	82	54	63	1	25
183433	15015	14	ST	62	61	68	56	39	56	42	71	1	88	63	64	1	33
183565	159	21	LB	62	66	69	57	62	60	61	64	0	69	58	72	1	59
183648	209	4	CM	62	62	81	53	54	76	34	48	1	48	76	53	3	54
183654	1800	14	RM	62	63	71	69	61	67	44	44	1	58	65	73	2	70
183901	378	97	RB	62	65	58	44	59	56	64	58	0	66	62	57	1	42
183924	110741	27	LB	62	70	65	37	57	58	63	68	0	70	63	55	1	57
183993	1439	46	CM	62	62	65	57	57	60	60	77	1	77	60	57	3	57
184167	232	7	GK	62	62	66	57	60	68	41	58	0	58	68	57	3	60
184269	121	14	CB	62	69	65	27	37	41	61	68	0	72	50	31	1	25
184437	112020	27	CM	62	62	57	46	57	63	61	61	0	76	67	44	1	56
184489	373	14	LW	62	70	88	56	54	68	40	50	1	52	62	62	2	50
184549	897	47	RM	62	70	81	57	59	58	55	59	1	66	63	70	1	58
184633	1914	34	CM	62	62	76	58	55	65	37	58	0	58	65	58	3	55
184640	112019	34	GK	62	62	65	62	59	65	58	58	0	58	65	62	3	59
184643	111070	95	LB	62	63	74	56	57	66	53	50	0	56	62	67	1	51
184750	1935	14	LB	62	63	73	46	59	64	61	62	0	71	60	49	1	52
184764	110326	18	CB	62	70	64	26	49	47	59	71	0	71	49	25	1	34
185226	181	42	RB	62	70	67	51	59	60	64	68	0	74	59	70	1	25
185420	111070	76	CB	62	62	70	34	50	53	63	65	1	65	53	34	2	50
186191	162	21	GK	62	68	61	57	59	64	42	66	1	70	27	35	0	25
186194	631	14	LB	62	71	76	39	58	63	61	60	0	61	62	51	1	41
186434	571	45	CB	62	65	67	49	59	53	62	61	1	71	58	75	1	64
186678	111140	95	CB	62	64	61	31	44	44	64	68	0	71	48	47	1	28
186725	111140	95	CB	62	63	55	23	33	36	66	68	1	86	48	22	1	29
186741	112022	21	RM	62	61	70	59	59	63	49	60	0	65	61	71	1	58
187047	378	18	LB	62	69	81	41	56	57	58	52	1	47	61	45	1	42
187069	1881	83	LB	62	68	84	47	64	66	55	53	1	46	65	62	2	39
187450	980	167	RM	62	70	75	56	61	61	61	73	1	77	59	45	1	44
187535	110089	40	CM	62	66	62	58	68	68	52	55	1	60	64	59	1	59
187944	111087	37	ST	62	62	78	62	53	69	50	61	1	61	69	62	3	53
187982	110746	37	CB	62	65	52	42	46	53	65	72	1	86	49	53	1	25
188095	1933	14	LB	62	60	74	53	64	61	54	62	0	66	53	53	1	57
188383	64	18	CM	62	68	64	62	63	55	68	68	1	75	69	69	1	58
188492	111993	27	GK	62	62	60	64	55	60	23	65	0	44	24	38	0	25
188597	71	18	GK	62	66	67	57	53	67	46	62	0	59	33	25	0	25
188825	68	18	CDM	62	71	63	36	56	49	62	57	0	71	64	43	1	62
188920	112512	37	GK	62	64	66	53	64	70	31	58	1	68	22	21	0	25
188994	111373	4	CM	62	66	68	54	59	62	58	62	0	63	62	55	1	47
189054	110831	45	ST	62	65	58	58	60	59	44	68	0	81	71	64	2	50
189085	420	37	LM	62	61	75	51	56	66	49	63	0	60	61	59	1	56
189093	299	24	ST	62	62	73	58	60	54	59	58	1	69	72	74	1	49
189109	1796	195	GK	62	72	66	56	54	66	57	60	0	67	32	25	0	25
189115	1862	47	LB	62	74	73	40	59	54	63	54	0	61	58	61	1	25
189185	432	46	CM	62	62	64	53	62	59	42	31	0	31	59	53	3	62
189211	1855	45	LM	62	69	78	59	54	67	46	68	0	77	74	72	2	47
189259	73	80	ST	62	62	76	62	54	60	40	63	1	64	58	71	2	44
189282	121	14	ST	62	65	76	54	48	64	38	53	0	55	58	55	1	23
189352	1463	46	CAM	62	65	80	57	46	72	41	35	1	38	74	59	2	42
189456	1924	42	CB	62	67	57	34	40	38	59	71	0	74	55	51	1	25
189561	210	18	RW	62	71	75	55	43	60	41	64	0	76	69	62	1	41
189569	111083	12	CB	62	65	66	33	51	46	64	68	0	80	47	55	1	38
189711	100632	34	LW	62	65	70	59	54	62	49	62	0	72	59	72	1	42
189760	1480	14	CB	62	65	66	33	47	44	65	68	1	83	42	36	1	34
189889	110976	52	CB	62	68	59	33	46	43	63	64	0	79	49	56	1	33
189893	110734	27	RB	62	69	74	52	61	57	62	64	0	73	58	54	1	58
189909	1949	14	GK	62	69	66	56	55	67	44	62	0	45	25	24	0	25
189924	110749	37	RB	62	64	54	41	55	51	63	66	0	80	51	60	1	31
190075	112022	4	CAM	62	71	83	59	59	64	54	56	1	58	65	65	2	47
190530	110326	18	CB	62	73	70	28	59	37	66	58	1	80	58	37	2	28
190556	1798	14	RM	62	70	91	59	57	62	38	56	1	70	60	68	1	28
190589	191	4	CM	62	72	78	59	62	72	47	52	1	50	72	63	2	41
190615	112134	138	CDM	62	64	75	58	59	64	61	62	0	59	63	64	2	59
190644	461	163	ST	62	73	50	59	46	58	39	68	1	74	63	62	1	37
190936	111140	95	CM	62	62	74	51	55	61	62	64	0	64	61	51	3	55
190937	693	95	ST	62	68	83	59	49	67	42	62	1	70	64	66	2	53
191079	1925	14	CB	62	67	54	27	53	49	62	68	1	77	58	33	1	31
191127	698	95	ST	62	62	58	59	33	58	41	79	1	74	61	66	1	56
191169	38	51	CAM	62	68	68	55	61	66	38	47	0	34	65	63	2	64
191184	111091	37	CAM	62	69	73	58	58	60	47	46	0	53	66	71	1	66
191235	503	21	CDM	62	66	68	37	59	60	63	63	0	67	57	48	1	45
191487	242	45	RB	62	67	73	46	54	56	62	61	0	68	66	43	1	54
191667	1478	167	LB	62	65	63	57	63	58	62	70	1	73	57	62	1	76
191780	111674	183	CB	62	61	42	31	47	30	63	70	0	72	35	53	1	24
191874	2056	167	CB	62	62	57	36	56	57	68	60	1	60	57	36	3	56
191915	1475	167	CB	62	68	71	36	44	58	61	62	1	86	58	38	1	37
191921	1473	167	ST	62	62	75	61	65	65	42	66	1	66	65	61	3	65
191934	1474	167	ST	62	62	77	54	46	65	43	66	0	73	61	62	2	35
191935	110765	167	CB	62	62	66	50	58	63	64	61	0	61	63	50	3	58
191979	1475	167	CB	62	62	80	36	62	48	64	64	0	64	48	36	2	62
191995	112096	183	CB	62	64	60	27	37	30	68	59	1	72	39	24	1	38
191996	112393	183	LM	62	66	64	55	59	67	58	59	0	70	66	60	2	57
192080	710	46	LB	62	59	73	43	60	58	62	56	0	66	53	53	1	40
192161	111277	46	CB	62	64	29	47	36	33	67	70	1	91	38	84	1	56
192164	1870	46	CDM	62	61	60	57	55	58	61	67	0	71	61	71	1	45
192175	711	46	RB	62	59	53	41	58	54	60	72	1	72	54	64	1	31
192231	346	14	CM	62	67	71	40	57	58	60	61	0	65	63	50	1	28
192235	1939	14	CM	62	64	78	41	64	61	62	54	1	72	63	59	1	30
192279	312	6	CB	62	62	54	42	59	40	65	70	0	70	40	42	2	59
192282	100764	6	CB	62	62	53	25	54	29	65	55	0	55	29	25	1	54
192315	111395	54	RW	62	63	77	52	52	67	35	23	0	29	64	52	2	32
192317	2	14	GK	62	72	65	61	58	65	53	57	0	61	25	21	0	25
192451	631	25	LM	62	67	72	58	63	64	61	63	1	70	61	72	2	75
192546	1937	25	LB	62	67	67	40	60	61	60	56	0	60	64	56	1	52
192554	111835	117	CM	62	63	73	55	61	58	65	59	0	72	65	43	2	62
192572	111398	195	RB	62	65	63	44	61	46	64	66	0	70	52	59	1	50
192672	68	108	CB	62	62	71	35	56	53	64	67	1	67	53	35	2	56
192725	1738	18	CB	62	70	59	30	55	43	64	62	0	76	53	30	1	39
192875	459	136	RM	62	67	86	52	56	63	41	62	1	72	61	67	2	44
192898	1948	208	RM	62	62	70	55	57	62	51	52	1	51	62	55	3	52
192962	874	37	ST	62	64	78	61	63	60	48	62	0	59	66	64	2	36
192963	111989	18	ST	62	70	88	60	57	59	44	65	1	62	69	66	2	48
193001	224	18	RW	62	64	77	56	57	69	41	59	1	63	65	59	2	44
193147	1814	18	CM	62	63	65	41	50	44	66	50	1	75	66	56	1	67
193169	110913	21	LM	62	64	68	64	61	62	42	62	1	60	63	65	1	62
193177	111397	108	LB	62	70	86	56	64	64	57	60	1	68	67	65	2	33
193248	111928	95	ST	62	62	81	61	55	62	53	62	1	68	62	71	1	61
193254	254	4	RB	62	66	86	59	64	68	60	64	1	80	65	65	2	41
193272	254	4	GK	62	73	65	59	57	66	42	60	1	57	22	29	0	25
193314	483	45	GK	62	68	48	68	53	68	55	71	1	48	23	21	0	25
193369	472	45	CB	62	67	66	33	53	41	63	64	0	77	36	57	1	30
193443	647	34	GK	62	69	63	63	62	63	38	60	0	64	20	25	0	25
193548	83	42	ST	62	62	65	59	54	63	39	71	0	71	63	59	3	54
193554	68	136	ST	62	77	72	62	45	55	42	69	1	71	65	67	2	61
193767	874	12	ST	62	62	78	56	50	59	49	70	0	70	59	56	3	50
193838	1887	38	CM	62	62	73	54	59	66	38	42	0	42	66	54	3	59
193849	1929	25	CM	62	69	66	51	64	61	55	59	0	67	58	50	2	68
193850	1848	27	LB	62	73	70	44	58	58	62	63	0	75	58	75	1	37
193891	463	45	ST	62	69	62	62	44	62	39	60	1	67	62	71	2	57
193944	100632	34	CAM	62	67	66	62	61	64	47	53	1	64	65	71	1	45
193968	1870	46	LM	62	65	71	59	54	67	39	43	0	57	65	67	1	65
194178	1937	138	RB	62	66	88	40	56	64	58	64	1	60	61	48	1	33
194327	110930	140	ST	62	64	62	59	53	63	40	61	0	60	61	63	1	49
194654	112217	40	GK	62	67	63	58	59	60	41	66	1	74	21	21	0	25
194716	1844	27	LB	62	63	76	35	60	62	62	60	0	69	60	37	1	40
194913	647	34	LB	62	63	69	30	62	61	62	57	0	69	63	35	1	27
194917	110089	6	RB	62	62	60	53	68	65	63	64	1	59	56	57	1	47
195057	1754	42	GK	62	65	64	57	56	65	27	63	0	28	25	25	0	25
195219	373	14	CB	62	67	70	53	36	41	65	75	1	83	47	67	1	26
195359	477	18	CB	62	66	60	28	40	30	62	76	1	82	36	40	1	25
195479	13	14	RB	62	71	71	32	57	63	61	58	0	63	62	65	1	70
197041	111651	95	CB	62	64	70	29	45	43	64	70	0	74	41	38	1	26
197230	212	18	LM	62	70	81	50	58	61	39	55	1	57	64	57	2	40
197496	112387	183	GK	62	62	62	62	63	61	32	64	0	68	25	31	0	25
197721	689	95	ST	62	62	54	57	44	61	43	72	1	80	64	72	2	41
197893	110636	10	CDM	62	71	55	47	56	56	64	65	1	83	59	66	1	35
197912	697	95	GK	62	64	62	61	65	69	39	61	0	51	32	38	0	25
197935	2023	45	CAM	62	68	77	59	39	62	38	69	0	68	58	69	2	42
197971	189	39	ST	62	62	64	59	42	62	40	65	0	65	62	59	3	42
197975	1924	14	CDM	62	69	74	50	58	62	61	59	0	71	63	56	2	54
198094	111139	95	CM	62	64	71	54	61	66	60	52	0	59	64	57	1	46
198153	1793	50	CM	62	73	74	56	61	64	49	56	0	56	66	57	1	59
198235	127	14	RM	62	74	91	53	48	69	37	44	1	44	65	60	2	36
198251	477	45	RM	62	71	69	60	68	65	54	51	1	57	62	54	2	63
198264	110326	18	RM	62	74	81	51	53	66	41	60	1	56	65	70	1	45
198327	1530	126	CDM	62	66	70	44	60	58	63	61	0	78	69	69	1	44
198449	70	18	CB	62	69	58	29	44	28	64	67	0	74	35	30	1	20
198455	700	46	RB	62	70	84	59	60	65	61	51	1	65	66	76	1	68
198497	110890	25	CB	62	70	54	28	55	39	60	69	0	72	49	39	1	25
198617	165	21	LM	62	71	77	58	59	68	38	53	1	64	67	61	2	49
198630	1860	45	RB	62	72	73	26	44	42	65	58	0	76	56	24	1	38
198652	110233	95	LM	62	65	70	61	57	69	39	58	1	49	63	62	2	55
198705	229	81	RW	62	79	77	62	67	74	62	54	1	51	71	65	3	62
198709	112374	24	LM	62	67	66	47	56	68	50	60	1	70	70	69	2	58
198775	1799	14	CAM	62	71	78	53	56	68	46	50	1	56	68	54	2	41
199049	321	46	CB	62	72	56	42	50	45	67	58	1	76	55	51	1	48
199115	111835	46	CB	62	62	55	40	42	42	66	69	1	74	54	66	1	40
199131	111835	46	RB	62	69	81	50	59	65	59	53	1	58	66	58	1	48
199135	1838	27	ST	62	72	65	60	46	57	43	60	0	63	62	61	2	50
199146	12	42	LB	62	74	81	51	60	67	59	56	1	58	60	47	2	51
199158	459	45	CM	62	71	67	49	63	65	49	50	1	61	71	51	2	49
199159	111395	195	CDM	62	69	72	59	68	60	55	48	1	74	70	65	1	68
199224	100767	40	ST	62	77	75	60	50	71	36	52	1	44	67	67	3	46
199235	111588	167	CM	62	62	67	60	61	60	50	61	0	61	60	60	3	61
199262	1475	167	LM	62	67	77	56	62	61	55	49	0	57	62	64	2	62
199277	682	7	CAM	62	65	65	57	60	64	43	42	0	47	64	55	2	57
199282	322	47	CDM	62	68	69	46	60	61	60	49	0	72	66	68	2	44
199290	110089	40	RM	62	67	72	63	57	63	39	57	1	55	62	62	1	68
199291	110569	18	CB	62	66	50	26	47	34	64	69	0	71	50	25	1	37
199301	2056	167	LM	62	67	82	53	57	63	42	57	1	66	67	57	2	63
199498	1935	14	LM	62	68	82	55	56	63	55	56	1	61	59	60	2	49
199612	477	45	CDM	62	63	65	49	63	64	50	50	0	56	67	46	2	60
199684	111083	37	CB	62	67	66	29	38	38	64	66	0	70	42	27	1	33
199714	1755	36	RW	62	69	76	56	49	67	45	56	1	60	69	63	2	49
199750	1516	133	LW	62	68	76	52	54	67	33	47	0	31	63	56	2	39
199812	1943	14	GK	62	72	64	59	60	64	42	63	0	58	25	21	0	25
199922	112259	14	RM	62	69	85	52	57	63	36	48	1	56	58	56	1	53
200088	1910	34	CM	62	62	52	63	60	64	41	55	1	55	64	63	3	60
200096	100766	40	LM	62	72	52	45	65	59	56	57	1	63	62	58	1	35
200141	459	126	CM	62	62	73	52	57	64	41	59	0	59	64	52	3	57
200158	159	21	RB	62	66	80	32	54	58	62	65	0	68	56	59	1	21
200196	110398	58	LM	62	65	90	60	68	70	43	56	1	58	65	62	2	49
200202	112259	14	ST	62	60	65	58	52	56	42	62	1	68	58	61	1	30
200309	1924	14	RB	62	68	85	51	57	63	53	49	1	68	60	55	1	54
200330	467	45	GK	62	63	60	65	58	66	49	63	0	64	21	25	0	25
200349	110554	60	ST	62	69	32	62	48	44	47	68	1	90	53	73	1	46
200449	100805	42	CB	62	61	71	34	51	56	64	70	1	84	59	42	1	28
200466	33	21	GK	62	68	61	63	55	69	56	58	0	74	23	37	0	25
200486	1803	43	LM	62	71	89	57	60	68	42	57	1	49	65	62	2	41
200510	100879	45	ST	62	62	60	61	47	59	41	66	1	66	59	61	3	47
200525	1935	14	GK	62	66	66	59	56	65	46	61	1	69	22	25	0	25
200577	1473	167	RB	62	68	70	47	54	48	64	55	0	60	47	52	1	55
200578	1477	167	LB	62	66	78	26	58	64	60	58	0	68	65	25	1	39
200589	981	167	CAM	62	67	72	53	55	61	40	52	0	32	63	55	2	64
200609	110596	21	ST	62	62	73	57	48	59	38	64	0	64	59	57	3	48
200710	110062	45	GK	62	66	73	56	53	69	63	54	1	54	25	43	0	25
200716	8	14	CM	62	71	71	46	66	62	59	47	1	55	65	61	1	62
200770	919	36	CM	62	68	68	63	58	67	51	54	1	65	69	72	2	60
200774	72	18	GK	62	67	63	65	58	57	35	71	1	24	22	32	0	25
200778	1800	14	RB	62	73	83	42	60	67	63	62	1	70	64	46	1	34
200787	1747	18	CM	62	62	81	62	57	65	39	54	1	54	65	62	3	57
200804	1948	35	RM	62	70	81	55	58	66	38	58	1	67	67	66	1	62
200918	111239	4	CAM	62	71	69	59	63	64	42	56	0	60	67	61	2	68
201044	1747	103	ST	62	72	71	58	47	57	42	68	0	81	57	65	1	49
201172	110749	37	ST	62	62	72	54	55	66	46	70	0	70	66	54	3	55
201290	780	4	CF	62	70	54	61	41	59	43	77	1	75	72	71	1	35
201452	110231	40	ST	62	69	66	60	53	61	42	62	0	58	66	57	1	55
201504	1823	214	CM	62	62	64	55	62	66	61	46	0	46	66	55	3	62
201874	101112	95	ST	62	73	63	60	54	65	50	66	1	70	64	66	2	53
201877	417	36	LM	62	84	70	50	62	68	27	25	1	28	75	51	2	60
201887	2	14	CM	62	74	77	60	58	71	51	48	1	57	66	69	1	63
201920	100766	40	ST	62	73	72	60	41	66	40	44	0	59	67	64	2	50
201925	165	21	CB	62	68	43	34	47	35	61	67	0	78	46	56	1	28
201939	1844	27	RB	62	75	68	24	55	58	63	62	0	73	58	21	1	37
201963	688	95	CB	62	65	75	37	51	43	59	68	0	68	49	43	1	34
202123	121	14	CAM	62	72	38	57	64	64	53	69	1	79	65	65	2	48
202168	59	44	GK	62	74	63	61	63	62	52	61	0	74	25	26	0	25
202222	111065	95	RB	62	63	81	45	54	56	64	56	1	61	56	52	1	43
202225	687	61	LM	62	67	67	56	61	60	55	67	0	64	61	79	1	68
202337	873	51	CAM	62	64	72	64	62	61	47	75	1	71	63	73	2	51
202354	83	42	RB	62	71	71	29	44	48	64	63	0	73	54	35	1	33
202391	922	117	CB	62	62	73	52	65	63	62	62	1	62	63	52	3	65
202415	112124	27	CM	62	62	77	54	67	60	56	49	1	49	60	54	3	67
202467	697	95	ST	62	62	65	57	35	60	41	66	1	66	60	57	3	35
202469	111928	95	GK	62	62	62	62	68	64	49	62	1	62	64	62	3	68
202476	110704	45	CM	62	73	71	44	61	68	47	45	1	45	69	47	1	56
202526	100804	42	ST	62	71	62	60	51	58	39	67	0	67	68	64	2	41
202721	100766	108	CAM	62	74	75	48	61	66	57	54	0	64	68	40	2	66
202776	687	95	CB	62	64	67	47	54	54	63	65	0	72	56	59	1	40
202789	25	21	GK	62	73	63	55	63	65	34	64	0	55	21	34	0	25
202808	1	14	CDM	62	68	76	35	63	63	61	60	0	63	66	48	1	24
202811	1	52	GK	62	72	65	58	49	71	59	59	1	63	23	25	0	25
202825	1933	14	CM	62	70	74	54	57	66	53	48	0	64	62	61	2	39
202853	111139	95	LB	62	66	67	55	56	62	64	58	0	74	65	61	1	51
202895	18	14	ST	62	64	73	57	39	59	38	60	0	62	61	61	1	43
202896	110089	72	CF	62	71	77	64	38	61	42	54	1	63	62	65	1	58
202905	702	46	ST	62	70	77	56	40	51	41	66	0	79	49	63	1	47
202909	702	46	CB	62	60	74	39	56	51	64	66	0	76	53	61	1	42
203002	1477	167	CB	62	68	69	36	62	56	62	62	0	64	55	33	1	41
203043	4	42	ST	62	70	84	60	53	64	41	50	1	58	68	65	1	39
203071	112267	82	GK	62	66	73	49	45	76	32	55	1	62	22	25	0	25
203267	1932	14	ST	62	68	80	60	40	66	41	57	1	68	65	64	2	34
203273	111070	95	CM	62	65	69	58	58	67	62	62	0	63	66	62	2	58
203309	110636	195	RM	62	76	85	54	52	67	35	46	1	53	65	59	2	32
203338	111651	70	LB	62	66	84	36	58	62	60	56	1	58	57	41	1	32
203382	111398	195	RM	62	70	78	55	59	69	31	44	1	43	62	60	3	41
203398	1919	25	CB	62	74	67	28	34	28	64	68	0	68	44	36	1	27
203428	94	50	RB	62	76	86	25	56	63	61	52	1	63	65	25	1	26
203457	100409	21	ST	62	67	67	56	46	58	45	70	0	78	56	67	1	37
203487	14	14	CB	62	84	64	24	49	51	62	66	0	74	54	31	1	25
203494	110089	40	LB	62	65	65	38	61	50	64	50	0	58	50	37	1	47
203622	110109	40	GK	62	66	60	62	59	65	50	63	0	68	30	27	0	25
203736	100805	18	ST	62	74	76	51	45	66	37	64	0	73	59	61	2	29
203775	169	21	GK	62	78	67	61	59	66	41	56	0	52	25	37	0	25
203848	111821	4	CB	62	69	67	23	40	43	60	72	1	67	45	24	1	25
203883	1905	42	CM	62	68	68	51	57	62	63	64	0	69	68	66	1	33
203930	110569	136	CB	62	68	61	29	34	33	66	75	1	91	40	51	1	30
203976	112487	117	LM	62	73	78	42	57	49	61	54	0	49	62	52	1	65
204101	162	21	RM	62	69	65	60	58	66	36	55	0	48	65	69	1	63
204143	111092	37	LM	62	62	76	64	54	65	59	66	1	77	57	63	1	64
204156	1715	108	CDM	62	72	75	53	56	70	61	66	1	74	69	65	2	59
204184	100632	34	RB	62	70	66	42	62	58	61	66	0	68	56	68	1	37
204185	650	13	CAM	62	74	83	47	48	62	38	44	1	56	66	57	2	40
204248	111400	195	ST	62	68	78	57	39	56	48	63	0	61	59	65	1	39
204257	209	19	RB	62	62	72	41	54	59	65	61	0	69	63	58	1	30
204316	896	166	ST	62	62	69	58	55	62	54	75	1	75	62	58	3	55
204348	319	46	CM	62	70	65	47	63	66	51	49	1	57	67	51	1	51
204355	13	50	LB	62	75	66	35	57	59	61	65	0	58	68	39	1	51
204371	1915	129	CAM	62	69	68	55	58	67	40	44	0	44	67	47	2	59
204387	242	45	CAM	62	75	62	51	62	67	40	48	1	40	73	52	1	53
204397	1915	34	CB	62	68	73	33	59	52	61	62	0	65	58	41	1	28
204451	22	21	CB	62	62	67	30	52	58	59	68	0	68	58	30	3	52
204471	1802	14	CM	62	62	81	53	59	58	58	62	1	62	58	53	3	59
204503	1802	14	RB	62	70	68	49	61	64	61	61	0	71	62	58	1	51
204504	1906	140	ST	62	69	77	56	43	64	38	63	0	64	62	65	2	20
204515	9	21	CB	62	78	59	25	38	33	63	66	0	72	34	22	1	31
204521	897	18	RB	62	66	65	45	52	53	65	74	1	81	66	68	1	50
204554	1955	14	RB	62	66	67	30	50	55	62	61	1	66	54	44	1	25
204701	1862	47	CAM	62	73	73	53	48	59	39	51	0	56	67	62	2	60
204724	1474	167	RW	62	65	81	58	56	62	45	55	1	58	59	65	1	57
204892	2045	4	RM	62	68	87	59	62	67	30	51	1	33	63	63	2	60
205044	110329	21	CAM	62	75	78	57	59	66	39	56	0	56	67	60	2	66
205090	820	13	GK	62	65	63	60	59	62	44	64	0	63	25	25	0	25
205092	203	45	CAM	62	72	73	51	56	64	38	53	1	64	66	64	2	66
205101	1909	34	CAM	62	73	75	55	64	69	46	48	1	38	69	56	1	41
205214	417	8	RM	62	71	72	59	55	63	40	52	0	65	63	75	2	62
205346	18	14	RM	62	69	84	48	61	64	44	45	1	53	64	49	2	41
205451	36	21	CB	62	68	51	32	42	33	65	67	1	90	41	61	1	20
205514	110596	103	CDM	62	67	42	33	34	41	65	66	0	76	59	60	1	34
205530	200	27	GK	62	75	61	59	55	68	45	64	0	51	22	36	0	25
205533	271	13	RB	62	66	79	47	60	56	62	58	0	64	51	49	1	36
205540	9	14	LM	62	77	84	53	66	71	49	48	1	57	69	57	1	23
205554	110556	12	GK	62	62	67	58	62	63	44	60	1	60	63	58	3	62
205582	110	25	LM	62	68	73	53	61	67	39	48	0	50	64	54	2	41
205641	210	18	LW	62	69	78	61	61	66	37	52	0	53	64	64	2	47
205726	200	60	CM	62	75	69	60	61	70	47	57	1	59	70	67	2	70
205812	2038	27	GK	62	72	62	60	50	68	40	64	0	60	22	25	0	25
206075	346	14	GK	62	72	68	54	52	71	33	58	1	60	25	23	0	25
206139	210	103	CM	62	62	62	50	59	58	64	68	0	68	58	50	3	59
206489	18	14	LB	62	78	76	32	57	62	62	66	0	68	64	44	1	34
206513	111065	73	CM	62	62	64	54	56	59	62	64	0	64	59	54	3	56
206517	1937	25	LM	62	84	67	53	52	74	31	27	1	43	71	49	3	56
207537	682	7	LB	62	75	76	52	61	69	62	66	1	73	67	58	2	45
207546	1475	167	CAM	62	67	78	51	53	66	35	64	0	73	66	56	2	34
207634	111721	56	CB	62	63	59	30	45	42	68	49	1	80	45	40	1	29
207669	687	95	RM	62	66	82	59	58	63	46	58	1	57	64	72	2	41
207701	278	22	GK	62	66	65	52	56	68	44	66	1	67	21	25	0	25
207712	247	34	GK	62	70	66	67	56	60	65	56	1	57	25	32	0	25
207783	112134	95	RB	62	67	87	28	54	62	61	58	1	66	58	27	1	30
207876	434	61	RB	62	75	77	50	58	62	61	61	0	60	66	56	1	54
207887	31	21	CM	62	74	68	58	62	68	50	60	1	54	72	63	1	75
207920	22	21	LB	62	78	81	46	56	66	57	62	1	64	74	65	2	33
208038	256	10	GK	62	65	63	57	56	66	45	67	1	65	21	25	0	25
208095	301	37	LM	62	68	80	57	42	68	31	56	1	29	62	61	1	40
208281	278	22	CDM	62	60	65	41	58	51	63	57	0	71	53	52	1	58
208306	171	37	ST	62	76	67	55	53	70	38	58	1	52	66	59	2	33
208384	217	18	CDM	62	73	67	46	65	59	60	61	1	63	66	52	1	40
208395	682	18	CB	62	64	52	36	38	39	65	72	1	88	42	62	1	42
208509	682	7	LM	62	73	70	55	59	68	43	58	1	55	67	58	2	47
208528	693	27	GK	62	65	65	61	56	65	44	60	1	52	33	25	0	25
208688	111822	4	RM	62	66	78	41	62	65	57	51	0	59	62	48	1	34
208703	503	21	RB	62	62	64	33	59	53	62	64	0	66	59	54	1	38
208919	181	42	CAM	62	81	86	53	54	70	32	44	1	34	73	59	2	66
208995	111674	183	RM	62	52	69	41	59	68	44	53	1	52	52	52	2	38
209179	112393	183	LM	62	62	65	60	57	55	62	66	0	75	56	61	1	53
209316	1906	34	CAM	62	74	73	58	60	64	56	56	0	57	63	63	2	64
209373	1914	34	GK	62	65	66	59	62	65	35	57	1	59	22	20	0	25
209413	111086	37	CDM	62	69	55	33	56	61	68	66	1	80	58	33	1	31
209418	111086	43	RM	62	62	72	62	59	69	36	46	1	48	67	74	2	37
209459	898	44	ST	62	68	61	60	52	60	52	66	0	81	57	68	1	53
209485	23	21	CM	62	62	67	52	63	64	60	56	0	56	64	52	3	63
209964	110178	21	LM	62	67	72	61	58	66	38	52	0	52	57	68	2	48
209990	38	4	GK	62	74	62	59	58	69	33	58	1	73	25	25	0	25
209997	31	4	CB	62	76	62	26	60	56	64	67	0	78	63	39	1	27
210144	112387	183	CB	62	62	71	26	54	48	63	68	0	74	50	31	1	20
210148	100081	34	CM	62	74	61	58	63	62	55	56	0	58	65	63	1	61
210169	471	45	LM	62	64	73	61	63	63	40	48	1	56	60	79	2	55
210253	1910	34	ST	62	62	74	56	49	67	35	47	0	47	67	56	3	49
210280	10030	21	CB	62	69	71	29	50	48	63	65	0	69	58	46	1	25
210320	1844	136	LM	62	80	77	48	57	62	61	64	0	68	68	65	1	55
210362	670	7	CB	62	71	71	35	54	53	62	67	0	72	53	63	1	35
210416	111083	37	CM	62	62	65	51	60	68	48	52	1	52	68	51	3	60
210428	50	43	GK	62	72	65	56	57	70	33	60	1	55	22	24	0	25
210462	1913	34	CM	62	70	69	53	60	65	56	56	0	47	67	58	1	37
210489	254	4	CAM	62	77	74	52	59	68	42	52	1	57	75	61	2	49
210511	503	21	CF	62	68	79	60	57	66	42	52	1	60	63	66	2	51
210520	110704	38	CB	62	75	78	49	56	43	61	69	0	70	56	72	1	65
210665	110329	21	LB	62	72	67	50	58	60	62	67	0	77	62	73	1	67
210724	80	42	ST	62	76	71	56	35	63	52	65	0	80	62	65	1	31
210747	260	45	LB	62	71	70	28	60	53	62	56	0	63	59	29	1	42
210772	175	21	GK	62	70	62	63	65	59	30	63	1	75	25	35	0	25
210793	112390	183	CDM	62	66	48	45	59	60	61	66	0	74	62	61	2	36
210833	192	27	RW	62	75	78	45	52	72	33	53	1	55	69	47	2	30
210970	922	117	CM	62	75	68	47	51	60	63	61	0	78	65	75	1	22
211067	1842	27	CB	62	82	59	27	34	40	61	64	0	70	56	58	1	21
211147	191	4	CAM	62	81	81	62	56	74	44	50	1	63	73	64	3	65
211408	873	37	CDM	62	76	63	54	65	62	51	58	1	76	64	62	1	34
211470	361	45	ST	62	62	62	60	43	62	42	67	1	67	62	60	3	43
211828	110596	21	CB	62	66	58	36	49	42	62	65	0	76	51	52	1	24
211831	1832	21	LM	62	69	82	53	56	67	37	51	1	61	64	66	2	48
211990	36	21	GK	62	74	64	60	61	65	42	59	0	68	24	28	0	25
212227	10030	21	GK	62	67	65	59	56	67	42	60	0	78	29	27	0	25
212245	31	21	CM	62	77	67	51	62	65	57	55	0	64	72	55	2	54
212249	25	21	LM	62	75	68	63	58	65	36	52	1	45	66	80	2	71
212538	100634	12	RW	62	66	69	58	60	65	33	46	0	46	64	63	2	46
212716	687	95	ST	62	68	70	60	37	59	42	57	0	70	56	71	2	39
212725	691	95	CM	62	62	78	54	58	61	49	51	0	51	61	54	3	58
212807	101112	116	LM	62	72	91	58	50	64	41	55	1	49	67	78	3	48
212938	298	36	CB	62	62	75	41	45	47	63	65	0	65	47	41	2	45
213000	246	34	CB	62	75	66	30	55	46	62	66	0	78	51	39	1	35
213404	111091	37	CDM	62	72	65	37	60	58	62	51	0	68	56	41	1	41
213425	1524	72	ST	62	69	75	60	55	67	37	48	0	58	68	68	2	44
213460	1797	42	CM	62	65	62	55	65	56	56	60	1	68	58	62	1	64
213491	111928	95	ST	62	65	59	53	43	62	42	68	1	80	69	63	2	22
213567	1754	42	ST	62	62	72	56	41	62	38	63	0	65	62	62	1	30
213569	1754	42	LB	62	73	74	25	55	63	61	61	0	64	61	58	1	57
213739	181	42	CDM	62	65	63	33	57	61	62	64	0	70	61	65	1	39
215636	1754	42	LM	62	75	71	49	65	66	55	57	1	66	67	56	1	41
215678	647	34	CB	62	66	61	53	50	56	64	64	0	76	59	69	1	62
215822	100632	34	LB	62	68	63	43	58	52	63	70	0	78	59	51	1	35
216220	1905	34	RB	62	66	63	31	55	49	63	59	0	75	62	26	1	36
216230	100632	34	RB	62	67	70	29	54	60	63	69	1	80	59	43	1	30
216269	33	21	LB	62	69	74	48	64	61	59	58	0	58	66	51	1	48
216277	670	136	CM	62	71	65	54	62	64	60	65	0	73	66	63	1	47
216283	111239	54	LB	62	68	76	50	64	65	57	57	0	60	68	51	2	48
216387	10030	21	ST	62	67	74	56	36	56	38	68	0	78	58	71	1	26
216390	229	56	ST	62	76	77	57	47	66	40	59	0	76	67	57	2	33
219973	483	15	CB	62	65	52	32	51	40	65	66	0	77	48	36	1	25
1860	100804	42	CB	61	61	34	41	61	61	63	68	0	68	61	41	3	61
2816	111766	198	RM	61	62	76	48	61	61	55	50	1	60	61	62	1	65
4257	143	14	CM	61	60	51	56	65	61	60	65	1	61	67	55	2	47
10451	432	46	LB	61	61	59	60	63	60	62	48	0	64	63	64	1	66
11639	1940	14	GK	61	60	66	61	60	67	42	50	0	55	25	25	0	25
12767	321	46	CM	61	61	47	61	66	57	45	61	1	61	57	61	3	66
13922	1935	25	ST	61	61	53	57	56	59	50	63	0	71	68	58	1	49
14607	1480	14	CDM	61	61	53	41	63	50	59	59	0	62	62	61	1	54
19133	1941	14	CB	61	58	37	28	27	30	61	65	0	79	33	24	1	26
19410	1797	14	ST	61	61	62	58	47	46	41	73	1	82	60	70	1	34
20564	711	46	CM	61	61	58	55	58	55	59	50	1	50	55	55	2	58
22391	563	25	RM	61	58	81	53	57	63	34	58	1	33	57	52	2	48
33983	1463	36	GK	61	64	49	63	63	73	64	60	1	71	25	35	0	25
47176	700	46	CB	61	59	57	47	53	53	62	72	1	77	50	58	1	48
47178	1439	46	CM	61	61	39	50	56	54	62	54	0	54	54	50	2	56
51925	1803	14	RB	61	61	71	49	58	58	60	65	0	68	58	56	1	45
53427	361	14	CB	61	63	48	31	47	44	63	65	1	85	44	43	1	38
53460	432	46	CB	61	61	45	56	63	55	66	54	1	54	55	56	2	63
53555	10029	21	LM	61	66	64	57	47	60	40	62	0	68	67	71	1	66
53615	1929	14	CB	61	61	45	31	38	28	60	79	1	79	28	31	1	38
53826	1936	14	CM	61	60	67	55	66	54	61	61	1	76	62	65	1	67
53878	1797	14	CB	61	58	49	42	50	46	62	62	0	81	45	53	1	23
53884	1790	117	ST	61	60	64	55	41	57	49	63	1	90	62	61	2	36
53917	693	95	CM	61	56	61	53	60	62	65	66	0	64	59	65	1	46
53927	1925	14	GK	61	61	68	56	73	61	56	56	1	74	24	22	0	25
60010	1937	93	CM	61	62	64	54	64	67	55	53	1	63	69	60	1	55
100578	1948	14	ST	61	61	48	60	55	52	50	71	0	71	52	60	2	55
101058	1841	24	CB	61	61	73	38	51	37	56	70	0	74	57	63	1	27
102587	1794	14	LB	61	61	56	45	52	47	64	68	0	72	48	58	1	33
105046	299	36	CB	61	61	51	46	54	53	58	66	0	77	59	51	1	37
105833	112512	37	CB	61	61	37	53	59	48	65	65	0	70	59	68	1	60
107084	110178	4	GK	61	66	61	62	57	66	40	55	1	83	23	38	0	25
107634	162	21	GK	61	63	61	59	55	65	30	62	0	66	25	30	0	25
110108	463	45	CB	61	61	51	38	49	43	62	65	0	82	48	61	1	46
111041	1855	45	RM	61	61	71	47	57	60	61	54	0	62	60	48	2	53
112240	919	36	LB	61	60	65	40	59	66	63	60	1	70	68	61	1	44
112811	110326	126	RB	61	62	66	45	57	51	63	70	0	68	68	57	1	32
116081	1937	42	CM	61	59	67	51	58	62	61	56	0	80	60	54	1	43
118352	1754	42	CM	61	61	57	55	61	63	61	59	0	59	63	55	3	61
118646	1955	14	LM	61	63	62	59	58	61	38	57	0	62	68	62	2	41
120313	1803	14	ST	61	61	76	59	56	62	40	70	0	69	60	64	1	55
122593	631	42	GK	61	58	60	59	56	68	24	61	0	63	25	25	0	25
136248	110765	167	RW	61	61	75	55	58	61	52	58	0	68	57	61	1	56
136365	983	167	CB	61	61	71	55	59	58	58	70	0	70	58	55	3	59
136508	112115	167	CB	61	61	84	58	56	60	60	68	1	68	60	58	3	56
137425	112225	27	ST	61	62	59	57	51	63	41	66	0	76	62	65	1	42
138024	219	18	GK	61	61	60	63	60	59	43	65	0	67	21	21	0	25
138249	15015	42	CB	61	61	55	39	39	45	63	70	0	82	50	54	1	42
138429	1924	14	LM	61	59	68	67	57	65	36	42	1	49	64	69	2	68
138679	1934	42	LB	61	61	64	46	58	58	63	65	0	71	58	59	1	61
138995	112679	83	CB	61	61	30	65	62	59	62	66	1	74	58	75	1	63
139031	1804	14	CB	61	61	51	33	26	26	64	66	1	66	26	33	1	26
139090	112218	38	CM	61	61	72	53	62	64	54	52	0	52	64	53	3	62
139305	503	8	CB	61	61	52	38	48	44	63	67	1	85	50	47	1	41
139471	1962	14	ST	61	61	59	58	44	55	43	72	1	80	57	66	1	32
140168	112679	83	CF	61	61	66	63	60	59	40	64	1	71	62	66	2	64
140456	445	35	ST	61	62	62	61	44	55	41	62	0	73	62	62	1	58
143133	101103	52	CB	61	68	29	40	50	36	60	67	1	89	48	53	1	40
145398	110069	45	CM	61	61	59	57	55	47	64	58	1	58	47	57	2	55
146486	1867	45	GK	61	63	58	69	56	57	42	64	1	80	25	43	0	25
146514	15021	45	CM	61	61	58	50	68	67	43	46	1	53	71	42	2	64
146521	477	45	LB	61	63	80	37	65	59	59	56	1	60	56	49	1	25
147292	110089	40	GK	61	64	60	62	68	65	20	57	1	85	20	26	0	25
147964	111393	195	CB	61	62	53	39	49	43	62	66	0	72	53	48	1	27
148486	110747	37	RB	61	61	66	53	65	58	59	62	1	61	58	66	1	50
148721	1439	36	CB	61	61	69	43	62	60	60	58	1	58	60	43	3	62
150339	159	21	LM	61	61	73	63	59	59	44	61	1	72	59	71	2	74
151184	1930	14	GK	61	62	55	66	59	59	48	67	1	77	21	35	0	25
151473	15048	14	ST	61	61	66	57	48	54	43	76	1	76	54	57	2	48
151750	1445	13	CB	61	61	61	26	28	32	62	70	0	64	40	40	1	25
152094	112022	4	CB	61	61	67	32	51	51	61	66	0	66	51	32	2	51
152454	112260	14	LM	61	63	78	61	48	63	48	68	0	73	61	55	1	66
152522	1801	14	CM	61	62	67	60	61	62	50	55	0	60	62	69	1	61
152600	1841	36	ST	61	61	68	54	50	60	43	70	1	80	63	71	1	33
153014	111087	37	RB	61	61	61	48	61	57	61	52	0	62	60	49	1	38
153195	1475	167	CB	61	61	91	47	51	58	63	68	1	68	58	47	3	51
154738	301	37	LM	61	61	63	56	61	60	64	58	0	56	51	67	2	64
155349	980	167	CB	61	61	31	46	56	56	60	64	0	64	56	46	3	56
155422	111086	37	GK	61	61	62	63	58	56	31	66	1	68	25	23	0	25
155517	1516	13	CM	61	62	77	62	66	68	46	62	1	65	67	64	2	62
155898	691	14	CDM	61	63	65	61	59	61	59	65	0	72	60	67	2	68
155901	143	25	ST	61	57	72	62	48	53	46	60	1	68	56	60	1	41
156467	1928	93	CM	61	61	62	61	60	62	61	63	0	66	62	65	1	60
156473	77	14	ST	61	62	51	60	44	58	42	68	0	75	58	66	1	46
156704	1439	46	RM	61	64	62	55	59	59	54	55	0	58	61	57	1	62
157226	181	25	CB	61	60	71	39	59	66	62	64	0	64	64	56	1	38
157592	2045	4	CM	61	61	72	60	61	75	46	54	1	47	73	64	2	64
158677	112424	13	CM	61	61	63	51	66	55	58	57	1	73	62	60	1	62
158797	897	47	CB	61	63	72	48	56	58	57	69	0	63	62	47	1	31
158911	434	47	CDM	61	58	69	61	64	62	56	56	0	65	61	59	2	63
159074	86	35	CAM	61	60	72	56	56	64	43	44	0	33	61	62	2	45
159216	112374	36	CM	61	65	70	60	56	63	51	56	1	56	68	69	1	58
159330	780	4	CDM	61	66	65	49	58	59	63	65	0	74	63	71	1	38
159357	111821	4	CDM	61	65	65	45	60	60	59	60	0	59	61	49	1	36
161776	95	25	GK	61	62	59	60	65	67	55	57	0	78	21	21	0	25
161998	110734	27	CM	61	63	61	58	63	61	58	58	0	62	64	68	2	62
162005	111705	46	CB	61	61	61	44	51	47	60	68	0	67	52	56	1	42
162397	300	36	RB	61	64	72	47	55	57	59	69	0	71	62	67	1	37
163051	1954	14	RM	61	62	65	60	62	64	40	56	0	62	61	66	2	58
163170	1946	195	CB	61	61	49	32	48	55	61	68	0	80	53	49	1	27
163265	477	45	GK	61	65	65	62	70	59	39	56	1	81	21	23	0	24
163585	306	25	ST	61	58	78	57	38	60	41	62	0	60	54	53	2	60
163666	294	18	ST	61	61	67	57	61	66	45	59	0	62	62	48	2	43
163756	1940	14	CB	61	60	56	34	46	35	62	65	1	79	45	54	1	31
163901	110915	27	GK	61	61	60	61	53	64	42	62	0	61	22	40	0	25
163985	112427	27	CDM	61	61	53	51	63	62	62	67	0	73	65	64	1	51
164009	112260	14	LB	61	61	73	45	55	55	61	66	0	71	59	71	1	26
164773	86	42	LB	61	60	62	60	60	60	62	60	0	62	58	61	1	64
165003	111086	37	LB	61	61	57	42	46	44	63	56	0	64	42	62	1	32
165868	980	167	CB	61	61	87	43	55	63	60	59	1	59	63	43	3	55
165879	110765	167	CM	61	61	63	45	55	55	63	67	1	67	55	45	2	55
167867	1962	42	CB	61	61	60	46	49	51	60	68	1	68	51	46	2	49
167940	898	18	CB	61	61	51	46	50	48	63	70	1	84	56	67	1	57
168484	111822	45	CB	61	63	58	44	52	51	62	71	0	75	48	45	1	21
168865	607	183	GK	61	61	65	58	59	62	32	63	0	61	25	25	0	25
169087	209	4	RB	61	61	80	39	58	56	62	60	1	76	53	55	1	32
169150	15048	18	ST	61	60	77	55	44	58	41	64	0	77	60	67	2	34
169163	700	171	GK	61	59	60	61	54	64	42	58	1	79	25	38	0	25
169391	1803	14	RB	61	61	64	27	54	51	61	63	0	66	58	34	1	23
169481	1949	25	RB	61	65	68	33	54	56	61	64	0	66	56	42	1	52
169495	1804	27	LM	61	66	72	56	58	66	47	60	0	59	65	57	2	64
169537	269	13	ST	61	61	57	56	48	57	49	72	1	72	57	56	3	48
169539	357	14	CB	61	62	59	37	44	35	64	63	0	72	46	41	1	57
169631	306	25	LM	61	67	90	57	54	60	36	59	1	60	57	59	1	66
169701	89	14	RB	61	64	84	43	52	62	51	51	1	57	56	45	2	41
169793	1795	25	CM	61	71	67	53	58	65	50	51	0	58	61	48	2	46
169901	15048	14	CB	61	61	61	32	38	33	61	66	1	78	48	46	1	34
169907	1794	14	ST	61	63	78	57	39	64	38	58	0	65	63	62	1	44
170114	181	42	ST	61	65	66	63	41	59	39	66	1	72	64	65	1	69
170902	212	18	CDM	61	61	64	60	59	63	60	61	0	73	61	65	1	66
172178	1954	25	ST	61	61	64	56	44	48	48	69	1	81	59	62	1	57
172516	272	13	CM	61	68	65	46	59	59	61	64	0	64	65	63	1	40
172669	1888	38	CB	61	61	63	34	49	46	65	63	0	63	46	34	2	49
172722	1945	14	CB	61	61	56	46	58	54	60	60	0	60	54	46	2	58
172807	1949	25	CM	61	62	60	57	60	58	57	54	0	76	60	67	2	60
173659	181	42	CM	61	61	70	61	63	66	56	61	1	61	66	61	3	63
173682	1754	42	CM	61	61	67	64	64	66	50	53	1	53	66	64	3	64
173893	1480	25	CM	61	65	68	59	63	56	57	58	1	56	60	66	1	69
174013	15021	45	CDM	61	61	69	45	52	57	57	79	1	66	65	58	1	25
175033	981	167	CB	61	61	72	38	61	57	62	62	0	62	57	38	3	61
175316	81	42	LB	61	64	54	43	61	66	61	61	0	56	62	57	1	54
175724	898	31	RB	61	59	59	54	62	58	60	63	0	63	50	62	1	59
175893	417	36	LB	61	68	68	56	60	60	60	65	1	67	65	70	1	55
176224	697	95	CM	61	61	73	56	58	65	54	52	0	52	65	56	3	58
176349	1477	167	CB	61	61	75	40	50	61	62	49	0	49	61	40	3	50
176370	1473	167	RW	61	60	66	48	59	64	40	55	0	59	57	57	2	61
176408	1473	167	LB	61	59	76	47	59	56	61	65	0	77	55	69	1	21
176928	710	46	LB	61	60	62	53	59	59	61	64	0	66	65	67	1	67
177013	159	21	RM	61	63	64	57	59	61	53	64	0	76	64	69	1	41
177125	224	18	CB	61	61	66	54	59	53	62	59	0	71	59	59	1	57
177313	346	14	ST	61	61	76	59	41	53	37	56	0	63	53	60	1	35
177368	1812	18	CM	61	60	66	53	63	62	61	59	0	64	65	59	1	68
177761	15015	14	RB	61	58	65	36	43	39	63	70	0	75	43	34	1	23
178218	1804	14	RB	61	66	71	34	53	57	61	66	0	67	62	38	1	27
178220	110147	83	CB	61	61	54	38	61	53	63	64	0	64	53	38	2	61
178289	1738	18	GK	61	66	65	64	62	62	31	57	0	32	21	31	0	25
178298	100831	45	ST	61	61	69	54	60	62	40	50	0	49	64	58	2	48
178589	111399	195	LB	61	63	71	48	57	62	59	54	0	58	57	59	1	62
179052	112512	37	CAM	61	62	63	56	59	61	47	52	0	64	60	62	2	52
179055	110747	37	LB	61	64	60	52	52	39	63	62	1	65	44	77	1	57
179542	1755	36	ST	61	61	70	53	49	67	52	59	0	59	67	53	3	49
179663	1938	14	LM	61	67	74	52	63	65	59	61	0	57	61	56	2	52
179725	1820	18	RB	61	65	62	29	61	43	65	58	0	73	59	33	1	21
179757	95	108	LB	61	62	86	38	59	61	62	58	1	74	62	44	1	41
179769	111070	83	CM	61	61	67	53	57	69	38	46	1	46	69	53	3	57
179860	1929	14	ST	61	65	77	55	51	62	44	64	0	85	62	64	1	36
179928	1962	14	RB	61	61	75	31	63	53	60	63	0	68	49	24	1	34
180430	111091	37	ST	61	66	64	56	46	65	46	63	1	79	64	71	3	48
180689	112390	183	CDM	61	61	71	47	54	56	62	61	0	76	64	45	1	46
180731	111399	195	CB	61	61	37	33	48	42	60	65	1	65	42	33	2	48
181223	111086	12	CB	61	64	36	40	46	46	62	61	0	75	45	54	1	26
181457	1928	42	CB	61	62	60	41	43	45	62	71	1	70	43	61	1	44
181559	1823	18	CB	61	70	57	35	62	53	60	64	0	71	69	58	1	58
182206	1803	14	GK	61	64	63	55	62	67	52	59	0	64	32	25	0	25
182612	127	14	CB	61	64	38	29	30	35	61	70	1	90	51	26	1	34
182688	1802	14	RM	61	70	72	57	58	59	59	60	0	73	50	66	2	57
182748	1949	50	RB	61	66	73	39	51	54	62	66	0	72	49	55	1	25
182944	1926	14	CM	61	61	56	52	58	59	60	66	0	76	63	56	1	53
183143	1945	14	ST	61	60	75	58	52	61	40	54	0	45	60	58	2	32
183244	112224	195	GK	61	60	63	59	60	64	42	64	1	65	31	25	0	25
183353	110831	45	RB	61	66	71	51	56	57	59	58	0	71	63	59	1	50
183486	898	47	RM	61	71	68	44	61	59	51	54	0	57	59	61	1	41
183517	373	14	CM	61	62	76	37	55	56	63	66	0	80	54	44	1	35
183530	361	14	CM	61	62	70	60	63	62	47	63	0	71	63	64	2	61
183700	780	4	ST	61	69	77	61	58	66	39	62	0	77	64	70	2	35
183789	1794	14	GK	61	64	59	63	66	59	34	61	0	68	32	33	0	25
183995	702	46	LM	61	60	78	38	52	69	36	38	1	50	64	45	2	43
184065	111140	95	RW	61	63	77	59	60	62	52	58	0	67	60	65	2	58
184135	1786	13	ST	61	61	73	58	51	63	37	55	0	66	60	65	1	25
184229	920	36	LB	61	63	75	45	63	57	60	55	1	75	67	73	1	24
184491	1930	14	LB	61	64	82	29	46	57	62	62	1	67	49	43	1	31
184502	110326	18	CDM	61	70	67	32	62	57	65	52	0	77	62	24	1	47
184607	112259	14	CM	61	65	65	54	60	59	57	62	0	52	63	56	1	55
184726	1943	50	CM	61	61	62	33	59	59	58	60	0	60	59	33	3	59
184780	15048	14	RB	61	65	65	31	48	37	63	61	0	59	53	37	1	24
184798	1929	14	CB	61	61	67	29	50	41	62	70	0	80	31	33	1	36
185118	110747	10	GK	61	61	61	60	54	62	42	67	1	61	23	25	0	25
185170	111400	195	RB	61	64	63	34	49	55	61	68	0	70	60	53	1	41
185192	111083	37	ST	61	67	68	55	50	56	54	67	0	79	53	50	2	47
185207	110915	27	CM	61	69	67	48	62	62	47	42	0	32	66	62	1	65
185260	485	48	ST	61	61	66	57	50	61	39	65	0	65	61	57	3	50
186103	1930	14	CB	61	62	68	27	51	50	63	62	0	72	57	57	1	27
186122	346	14	CB	61	64	60	37	46	44	61	62	1	84	56	43	1	41
186177	357	14	RM	61	65	82	52	55	63	54	60	1	74	60	48	2	43
186201	1937	14	ST	61	64	74	57	36	54	38	64	0	72	56	57	1	47
186306	1878	14	ST	61	61	67	60	57	60	37	67	0	67	60	60	3	57
186414	111821	18	LM	61	68	77	60	58	65	41	63	0	79	62	66	1	55
186539	894	1	CDM	61	64	66	49	61	53	66	62	1	71	57	63	1	52
186642	111140	95	CB	61	61	68	41	53	56	64	60	0	60	56	41	3	53
186751	1926	14	CF	61	65	71	60	56	62	44	53	0	58	62	60	1	64
187028	127	25	CDM	61	62	64	55	62	57	54	61	0	59	58	65	1	44
187184	983	167	ST	61	61	76	59	57	60	46	53	0	53	60	59	3	57
187296	1879	83	LWB	61	70	74	53	62	66	55	54	0	54	68	68	1	58
187454	1478	167	LB	61	61	72	44	63	60	63	71	1	84	59	30	1	55
187682	209	4	RB	61	65	78	38	61	64	61	58	0	65	60	50	2	38
187918	112374	1	CM	61	65	57	54	60	70	46	50	1	57	68	60	1	56
188257	100804	42	LB	61	66	66	27	56	55	61	66	0	71	55	25	1	30
188308	110178	18	CAM	61	64	77	60	54	67	37	52	0	52	68	57	2	44
188490	143	14	CM	61	66	76	56	62	61	55	56	0	70	62	67	1	57
188653	68	18	RB	61	66	57	30	60	44	63	60	0	71	56	32	1	33
188671	110062	45	CDM	61	62	58	56	63	54	57	53	0	66	63	72	1	60
188775	111399	195	CAM	61	65	81	52	54	67	40	42	1	58	61	51	2	48
188954	682	18	RB	61	64	75	51	58	57	60	62	0	63	56	68	1	53
188989	29	21	RB	61	66	77	43	59	60	61	57	0	63	62	53	1	37
189003	1814	18	RB	61	65	73	47	54	63	61	60	0	70	63	46	2	45
189098	1941	14	RM	61	65	81	49	54	64	39	39	1	59	56	54	2	63
189099	210	108	RW	61	69	77	54	38	65	41	67	0	71	69	66	1	55
189110	81	42	CB	61	69	69	30	55	48	61	66	0	70	54	41	1	25
189174	1861	45	CB	61	67	63	33	34	50	61	68	0	66	58	48	1	22
189325	702	46	LM	61	65	75	49	50	70	29	37	1	39	67	71	1	47
189551	110398	47	RB	61	70	53	37	46	45	65	56	1	84	55	77	1	67
189687	81	35	LB	61	68	71	39	60	51	61	66	0	70	58	67	1	32
189734	82	27	CB	61	64	55	48	61	61	66	73	1	84	59	56	1	54
189813	112410	27	LM	61	65	75	51	58	62	44	56	0	62	67	60	2	62
189884	112427	195	RB	61	61	66	61	62	68	59	51	1	59	73	57	2	77
189946	1530	18	RB	61	69	56	35	59	53	60	63	0	65	64	45	1	38
190039	682	7	CB	61	63	59	55	58	48	61	64	0	69	55	65	1	62
190239	2	14	ST	61	73	79	55	53	64	42	59	0	78	58	64	2	29
190454	299	36	LB	61	70	70	51	54	66	60	61	1	68	70	73	2	33
190466	1932	14	ST	61	67	81	52	49	63	42	59	1	65	62	61	1	33
190481	1439	36	LB	61	64	69	57	56	59	61	66	1	72	60	71	1	45
190488	212	18	ST	61	72	84	57	32	61	37	56	1	58	57	55	2	39
190566	111651	95	CM	61	62	79	55	61	65	62	61	0	64	62	68	1	45
190578	112134	95	CM	61	61	69	59	63	62	53	52	0	52	62	59	3	63
190597	780	4	CDM	61	70	70	51	60	65	60	64	0	63	65	68	1	21
190649	110913	126	CB	61	61	59	32	31	33	62	70	0	70	33	32	2	31
190720	112374	70	ST	61	61	93	52	41	63	39	58	1	58	63	52	3	41
190894	691	95	CB	61	69	66	42	49	53	63	68	0	76	52	57	1	47
190978	111065	82	RB	61	64	55	51	54	56	63	65	1	68	55	81	1	43
191090	88	14	CM	61	69	69	52	56	61	52	52	0	74	62	63	2	35
191093	100081	18	GK	61	66	59	61	65	61	36	60	0	65	24	28	0	25
191097	321	24	ST	61	61	74	58	49	56	45	68	1	83	58	69	1	46
191111	319	46	RB	61	66	79	38	59	59	59	53	0	65	60	60	1	59
191434	607	183	RB	61	61	63	49	54	48	60	58	0	40	52	50	1	51
191482	111674	183	CB	61	59	50	46	37	46	60	68	0	68	52	57	1	45
191870	110765	167	CB	61	61	78	32	56	62	64	73	1	73	62	32	3	56
191884	112115	167	CB	61	61	47	47	45	52	62	66	0	66	52	47	2	45
192009	1880	83	GK	61	72	59	60	63	63	35	63	0	40	20	30	0	25
192030	111398	195	CM	61	61	67	56	58	66	53	50	0	50	66	56	3	58
192125	111705	46	RB	61	65	65	35	54	53	61	56	0	57	50	41	1	21
192158	111705	46	CM	61	67	62	57	57	59	58	67	0	75	65	56	1	63
192191	1443	46	CM	61	61	69	51	64	60	45	40	0	40	60	51	3	64
192241	111400	195	RB	61	64	71	49	56	60	63	60	0	71	61	42	1	50
192328	112022	4	RM	61	68	76	45	57	63	33	47	0	43	58	61	1	49
192343	571	61	RW	61	72	72	51	54	62	37	37	0	39	60	45	2	45
192479	1798	14	CAM	61	70	73	44	60	64	51	54	0	48	63	52	1	22
192495	1803	89	CF	61	68	77	56	46	65	43	55	0	67	66	66	1	48
192496	1803	14	CB	61	72	66	37	54	44	62	69	0	72	54	58	1	30
192625	86	35	ST	61	64	70	60	48	51	52	62	0	68	56	69	2	41
192651	111393	195	CDM	61	67	69	45	59	63	62	65	0	75	62	44	1	35
192662	159	21	RB	61	64	69	37	53	58	61	62	0	58	59	64	1	33
192831	112237	27	CB	61	66	54	33	48	50	62	66	0	78	51	51	1	35
192923	1820	18	CB	61	61	46	31	56	34	62	65	1	65	34	31	2	56
192973	111083	37	CM	61	61	34	56	62	60	57	58	0	58	60	56	3	62
193014	89	103	LB	61	65	83	45	58	60	58	63	1	62	61	58	2	63
193073	1802	14	CB	61	61	51	26	34	30	63	72	1	87	34	24	1	38
193136	1786	13	ST	61	70	78	58	53	65	44	58	0	61	65	60	2	62
193188	688	95	GK	61	61	68	58	62	65	55	57	0	64	20	33	0	25
193250	256	10	CB	61	61	80	30	52	59	61	54	0	54	59	30	3	52
193268	112487	27	CM	61	68	75	53	59	66	51	53	0	57	67	60	2	32
193376	64	124	LW	61	62	81	39	54	67	59	52	1	58	63	41	1	43
193439	647	13	LM	61	63	77	49	55	63	41	48	0	60	62	61	2	44
193449	111373	4	ST	61	61	65	59	48	60	49	71	1	90	58	66	2	49
193468	894	47	LB	61	76	81	46	55	63	64	49	1	70	64	60	1	40
193660	1937	18	ST	61	65	76	58	53	61	40	64	0	78	60	60	1	51
193757	483	45	CDM	61	68	69	45	61	54	61	43	0	59	64	65	2	52
193837	1887	38	CM	61	64	60	49	61	58	60	66	0	71	65	58	1	45
193860	111821	4	RM	61	67	78	64	55	65	54	56	1	72	63	69	1	58
193875	111395	195	RB	61	64	73	36	62	61	62	60	0	74	60	54	1	26
193931	1936	50	CB	61	65	69	31	46	38	61	74	1	82	47	50	1	29
193939	15015	35	ST	61	66	59	58	48	51	43	70	0	78	45	65	2	45
194120	1794	14	RWB	61	67	72	30	60	61	61	58	0	64	60	32	1	59
194678	1955	14	CB	61	66	63	26	43	41	60	65	1	78	44	34	1	23
194891	1960	18	CB	61	72	45	31	51	40	63	66	0	71	55	37	1	30
194937	1962	14	CB	61	67	65	34	49	51	61	66	0	77	52	53	1	45
194997	110831	45	CDM	61	66	33	42	51	37	66	67	1	82	49	57	1	44
195182	112224	195	RW	61	65	77	58	52	70	32	29	1	43	68	57	2	64
196353	15015	14	LM	61	68	72	44	56	62	59	56	0	53	61	64	1	62
196940	181	14	CB	61	67	70	31	37	31	61	71	0	82	39	51	1	25
196952	1925	14	LB	61	73	62	44	64	51	60	49	0	62	59	64	1	59
196978	1800	14	ST	61	75	86	59	53	66	41	45	1	66	64	60	2	33
197012	695	82	RB	61	63	78	56	60	62	61	69	1	83	64	79	1	42
197040	696	80	CB	61	61	77	32	52	56	64	64	0	64	56	32	3	52
197527	111705	46	LB	61	63	65	46	57	53	61	61	0	64	67	64	1	61
197717	687	103	CDM	61	66	60	59	53	64	65	65	1	89	61	69	2	53
197774	7	14	ST	61	65	70	63	59	62	36	43	1	43	63	66	1	57
197918	1937	70	ST	61	65	70	56	47	55	55	70	1	75	59	65	1	41
198032	88	14	CB	61	75	66	33	56	49	59	64	1	81	51	52	1	45
198038	1456	36	RW	61	69	71	53	52	66	35	53	1	65	69	69	1	65
198136	200	27	LW	61	75	77	62	63	69	46	61	1	66	69	68	2	51
198253	361	14	GK	61	67	69	60	54	63	38	55	1	59	25	25	0	25
198373	80	42	CM	61	71	80	55	61	65	53	53	0	64	64	56	1	42
198440	111091	37	GK	61	61	64	55	62	65	36	63	1	63	65	55	3	62
198490	111277	46	CM	61	65	59	60	61	54	62	69	1	70	61	74	1	70
198517	110770	108	CDM	61	66	72	50	61	64	56	56	0	59	63	62	2	53
198582	1867	45	RM	61	64	74	47	57	65	50	54	0	55	63	56	2	51
198690	112134	56	CM	61	61	60	61	57	68	38	44	1	44	68	61	3	57
198701	110734	27	ST	61	70	80	60	55	62	43	56	1	66	66	66	2	52
198891	1954	25	CM	61	63	72	61	64	64	48	60	1	65	63	72	1	67
198991	112218	40	CM	61	74	63	49	60	56	62	43	0	60	67	64	1	50
198992	110109	40	ST	61	61	64	55	49	64	42	59	0	59	64	55	3	49
199264	1475	167	CDM	61	64	80	44	52	61	66	54	1	70	57	34	1	63
199284	1715	47	CDM	61	64	72	52	63	60	55	70	0	88	66	61	1	46
199317	260	45	ST	61	61	69	56	35	54	44	66	0	66	54	56	2	35
199488	468	45	CAM	61	67	68	48	64	61	42	48	0	51	62	40	2	60
199504	896	47	CDM	61	75	80	54	59	56	62	60	0	82	64	73	1	58
199654	780	4	RB	61	71	57	33	47	45	63	63	0	68	55	62	1	31
199811	112224	195	CAM	61	62	57	58	62	62	52	68	0	70	64	59	1	67
199815	1803	14	CM	61	69	66	56	65	60	49	56	1	63	67	60	1	63
199893	1465	36	CM	61	61	73	62	61	62	51	56	1	56	62	62	3	61
199906	110231	40	ST	61	61	73	48	59	60	45	56	0	56	60	48	3	59
199949	472	45	RB	61	66	77	38	55	54	63	56	0	70	58	61	1	34
199960	14	14	LM	61	72	83	61	48	70	32	47	1	37	68	67	2	68
200061	1955	14	CM	61	68	69	58	66	60	51	55	1	65	65	63	2	67
200079	111083	37	RW	61	63	68	55	60	63	50	56	0	57	59	58	2	39
200138	77	14	CB	61	68	73	35	48	51	61	61	1	76	55	58	1	25
200265	86	145	CB	61	65	65	51	54	58	61	69	1	74	59	62	2	35
200295	244	45	ST	61	73	71	58	55	65	46	57	0	64	63	63	1	53
200443	873	42	LB	61	70	73	46	62	64	59	67	1	67	64	63	2	65
200491	1853	45	RM	61	72	75	50	53	65	39	44	0	34	62	54	2	47
200551	982	167	CM	61	61	74	47	58	64	59	66	0	66	64	47	3	58
200597	111588	167	LW	61	66	76	53	62	59	42	59	0	58	61	59	2	64
200661	15048	14	CM	61	67	67	53	59	60	59	54	0	63	64	57	1	36
200781	1800	14	CM	61	74	70	48	64	55	60	60	0	70	64	55	1	47
200807	91	50	RB	61	72	68	46	56	57	61	62	0	62	60	61	1	35
200810	614	27	RB	61	74	68	39	58	58	62	64	0	66	58	61	1	33
200812	15	21	CB	61	69	66	54	58	54	61	66	0	63	60	62	1	58
200861	1902	37	GK	61	64	62	61	62	62	49	58	0	64	25	25	0	25
200980	1754	42	RM	61	72	73	58	53	65	34	49	0	57	61	65	2	42
201170	110749	37	CM	61	61	68	45	63	65	55	63	0	63	65	45	3	63
201261	453	103	CB	61	61	61	34	48	44	61	64	0	64	44	34	2	48
201322	393	22	GK	61	67	70	57	61	67	45	55	1	67	27	24	0	25
201401	1867	45	RB	61	70	76	26	54	43	59	63	0	61	55	22	1	44
201522	29	21	CM	61	61	54	54	58	61	61	68	0	68	61	54	3	58
201876	299	36	CM	61	70	71	65	59	70	50	64	1	70	69	70	1	51
201921	1934	14	ST	61	66	80	60	45	62	38	60	0	52	61	66	2	53
201984	111070	95	CM	61	61	34	49	61	60	59	59	0	59	60	49	3	61
202034	269	133	ST	61	61	76	56	47	64	47	63	1	63	64	56	3	47
202109	1861	45	CAM	61	68	66	53	56	67	34	43	0	34	63	49	2	57
202175	1524	24	ST	61	67	75	57	59	62	40	61	0	76	63	68	1	45
202184	111065	57	ST	61	73	88	59	49	73	34	44	1	34	69	69	2	55
202221	687	95	CM	61	61	63	59	56	62	54	65	1	65	62	59	3	56
202223	687	95	LM	61	68	78	64	56	63	55	63	1	57	65	76	2	56
202259	299	36	CB	61	70	69	28	47	53	62	63	0	69	50	52	1	23
202260	1755	36	RB	61	69	71	43	53	45	65	69	0	81	59	57	1	29
202289	1478	167	CB	61	64	75	52	52	46	65	65	1	83	42	59	1	45
202375	209	4	CM	61	68	77	58	58	71	47	50	1	47	71	68	2	73
202379	1861	101	ST	61	68	91	56	46	62	50	62	1	72	64	74	1	50
202465	837	25	CM	61	70	71	56	60	58	63	54	0	69	60	66	2	63
202501	110062	45	LB	61	67	78	46	47	53	60	59	0	59	54	64	1	47
202575	111651	95	CB	61	61	59	57	57	57	65	68	1	83	56	66	1	49
202647	471	52	CM	61	61	65	53	65	64	46	45	1	45	64	53	3	65
202674	1475	54	ST	61	61	91	55	56	63	50	72	1	72	63	55	3	56
202676	111398	195	ST	61	75	78	58	57	66	43	54	0	61	74	68	1	37
202749	112115	167	CB	61	64	59	43	61	39	63	71	0	75	42	51	1	50
202989	1475	167	ST	61	72	80	60	47	59	41	69	0	77	65	66	1	55
202996	110765	167	CM	61	61	74	55	52	62	39	64	0	64	62	55	3	52
203224	13	195	CB	61	71	57	33	55	45	59	66	0	75	58	38	1	25
203435	1819	108	CDM	61	74	66	36	61	60	60	62	0	73	64	63	1	39
203443	1903	34	RB	61	68	66	32	57	59	64	65	1	85	64	38	1	30
203502	1919	14	CM	61	70	77	56	65	67	49	48	1	42	67	61	1	66
203623	112218	191	RB	61	61	45	52	56	56	62	59	0	57	58	60	1	50
203780	94	47	CB	61	71	68	26	34	38	60	60	0	72	56	23	1	34
203877	631	34	RW	61	66	91	50	44	63	35	62	1	50	52	55	2	34
204047	112254	14	ST	61	65	88	51	50	65	41	65	1	49	59	52	3	31
204087	110069	45	LM	61	61	52	59	67	65	42	39	1	49	64	44	2	73
204135	459	45	LB	61	68	75	52	55	57	60	60	0	71	62	67	1	48
204173	379	18	CDM	61	70	54	50	53	48	61	69	0	73	58	64	1	61
204304	1917	14	CAM	61	69	67	55	63	69	50	51	1	53	69	56	2	67
204354	13	14	GK	61	71	63	64	61	60	44	58	0	52	33	20	0	25
204360	100805	14	RM	61	71	62	53	62	65	62	61	0	59	63	71	2	52
204459	1925	14	CB	61	80	59	33	36	28	61	64	0	76	33	47	1	21
204507	1803	14	RM	61	70	72	58	54	67	38	43	0	52	64	63	2	46
204635	1936	38	RB	61	63	71	37	56	55	61	65	0	73	55	51	2	48
204806	453	133	CM	61	61	65	46	55	50	63	60	1	60	50	46	2	55
204877	66	126	CDM	61	75	67	44	59	60	64	61	0	70	61	48	1	47
204882	1951	195	RM	61	79	77	50	52	67	34	38	0	29	65	57	2	40
204891	212	18	GK	61	67	61	62	60	60	44	61	0	71	20	25	0	25
205163	10	50	CM	61	78	71	44	62	62	60	54	0	64	68	64	2	55
205196	78	12	CM	61	77	65	47	63	60	58	57	0	62	60	66	1	54
205279	980	163	CM	61	61	63	51	63	62	45	43	0	43	62	51	3	63
205285	1478	167	CM	61	61	79	40	64	62	42	58	0	58	62	40	3	64
205347	1934	195	CM	61	70	71	48	64	61	56	62	0	66	63	67	1	45
205387	57	18	GK	61	69	64	59	60	65	45	58	0	69	23	25	0	25
205407	39	27	CM	61	79	74	40	60	62	55	58	0	69	74	68	2	71
205443	503	21	ST	61	61	60	57	41	57	38	69	0	69	57	57	3	41
205481	91	14	ST	61	80	73	56	54	65	51	57	0	56	66	56	2	55
205496	206	54	GK	61	68	62	59	58	65	45	59	0	77	29	25	0	25
205596	142	14	LB	61	70	69	38	54	63	59	56	0	59	65	33	1	31
205681	631	34	ST	61	61	81	56	46	61	36	66	1	66	61	56	3	46
205810	1910	34	RB	61	72	62	35	60	59	62	65	0	67	58	46	1	31
205834	111277	46	RM	61	71	74	51	54	67	43	37	0	44	71	71	1	62
205865	106	14	CB	61	61	58	33	39	53	65	58	0	58	53	33	2	39
205887	1954	14	ST	61	77	74	56	44	56	38	64	0	71	61	55	1	37
205903	873	37	CDM	61	66	66	50	57	59	60	60	0	57	60	58	1	60
205947	58	127	ST	61	72	70	58	50	56	38	62	0	58	68	58	2	41
205970	1790	14	RM	61	77	74	54	59	60	44	49	0	61	63	59	2	58
206035	1855	45	CAM	61	75	67	48	55	68	60	58	1	74	72	69	2	50
206098	110704	45	RB	61	71	61	36	60	50	61	62	0	59	61	43	1	47
206109	111974	117	CDM	61	74	72	51	67	61	52	57	1	69	66	70	1	46
206155	110915	27	GK	61	68	66	56	64	66	42	58	0	42	25	25	0	25
206227	420	208	CM	61	61	69	55	58	67	38	49	1	49	67	55	3	58
206378	1841	24	RB	61	64	67	44	55	43	62	62	0	67	43	67	1	47
206455	665	167	CB	61	61	66	30	54	57	62	63	0	63	57	30	3	54
206534	1798	14	ST	61	79	68	57	47	61	45	55	0	63	62	66	1	32
206535	1932	14	CM	61	66	69	49	67	65	49	47	1	52	63	56	1	45
206540	452	45	RB	61	68	69	37	58	64	58	58	0	66	66	47	1	38
206565	80	42	LM	61	71	81	46	59	67	40	51	1	57	67	51	2	48
206567	13	14	ST	61	80	83	55	47	63	36	57	1	48	59	55	1	36
207428	111140	56	ST	61	70	79	53	32	68	41	67	1	79	70	59	2	31
207429	1793	14	ST	61	74	69	56	42	57	37	61	0	58	61	60	1	35
207463	1941	14	ST	61	74	78	55	59	65	45	64	0	73	61	64	1	38
207541	378	18	RW	61	73	71	57	56	70	31	44	1	38	61	66	2	66
207562	1439	46	ST	61	68	69	57	39	57	40	66	0	76	58	65	1	58
207563	1439	103	RM	61	65	78	56	52	65	37	54	0	67	57	66	2	36
207963	111070	76	CM	61	61	67	51	57	65	62	52	0	52	65	51	3	57
207994	72	18	RW	61	75	79	59	48	65	36	49	0	42	63	61	2	52
208015	919	136	CM	61	67	68	54	61	63	69	68	1	90	68	76	1	42
208047	981	167	CM	61	61	73	53	68	62	34	46	1	46	62	53	3	68
208099	1788	10	CB	61	68	55	27	37	34	60	67	1	79	53	40	1	21
208253	278	22	LB	61	66	78	31	69	62	56	54	1	53	63	33	1	29
208268	47	27	CDM	61	82	60	45	69	60	53	63	1	78	74	68	1	64
208316	112072	46	CM	61	72	68	55	62	65	47	42	0	57	70	70	2	66
208330	11	7	LM	61	87	67	55	61	68	30	32	1	32	78	57	2	64
208336	110747	37	RW	61	72	73	48	58	64	43	54	0	57	54	55	1	37
208372	112072	133	CB	61	61	60	31	39	29	57	66	0	66	29	31	1	39
208503	112134	18	ST	61	62	81	51	36	63	38	56	1	39	63	60	2	26
208543	1796	198	CAM	61	74	71	53	60	60	49	61	0	51	62	64	1	42
208571	1841	72	RB	61	61	68	44	58	59	61	59	0	62	61	56	1	28
208598	246	34	CB	61	61	71	32	54	61	56	58	0	58	61	32	3	54
208621	100831	45	ST	61	69	77	65	42	60	36	58	1	57	58	81	2	61
208629	260	45	CM	61	70	64	41	62	60	52	52	0	56	66	42	2	48
208702	550	21	CDM	61	68	68	30	52	54	61	64	0	75	58	48	1	36
208725	110596	21	LM	61	65	62	39	65	59	64	63	1	60	57	45	1	36
208764	22	21	GK	61	69	67	60	53	67	41	51	0	64	24	36	0	25
208834	219	18	CB	61	75	59	32	43	40	60	64	0	67	54	41	1	36
208857	1813	103	CB	61	65	56	28	41	30	61	78	1	92	32	34	1	28
208878	1902	34	LM	61	69	62	50	64	64	58	53	0	59	66	61	1	51
208907	110747	37	LW	61	69	61	56	59	71	48	61	1	61	62	57	1	43
208913	112389	183	CB	61	62	51	41	46	43	62	67	0	82	55	41	1	27
208947	111674	183	ST	61	59	66	54	36	53	41	64	0	67	54	58	1	33
208957	112390	183	LB	61	65	88	40	51	62	61	60	1	64	40	40	1	33
208993	111674	183	CB	61	56	58	26	38	31	63	68	0	71	35	38	1	22
209230	112395	183	ST	61	64	81	57	39	57	36	58	1	59	55	63	1	29
209283	112096	183	LM	61	61	79	47	57	63	47	50	0	60	65	45	1	50
209375	1914	34	RM	61	70	81	55	56	65	35	57	1	50	66	53	2	39
209493	109	14	CB	61	73	53	28	36	34	60	67	0	70	37	44	1	22
209531	110724	8	LB	61	67	65	36	62	63	62	56	0	70	64	57	1	35
209701	1908	34	CM	61	72	70	40	63	68	56	59	1	47	69	52	1	46
209711	820	13	CB	61	72	66	28	55	38	61	59	0	82	47	34	1	29
209780	673	7	CF	61	78	74	60	53	64	36	62	0	38	71	58	1	46
209843	503	21	GK	61	69	64	59	61	66	24	59	1	80	20	25	0	25
209979	294	215	ST	61	66	72	55	38	56	37	71	0	69	59	59	1	31
210000	110745	37	CDM	61	65	62	51	56	62	54	46	0	50	61	58	1	29
210010	1906	34	CM	61	71	64	52	64	63	52	46	0	44	68	65	1	46
210022	166	21	GK	61	67	62	54	67	62	37	66	1	89	22	45	0	25
210039	2045	47	CF	61	68	72	56	57	61	46	60	0	58	62	66	1	51
210109	1925	129	ST	61	61	71	54	38	57	39	61	0	73	58	62	1	23
210114	571	45	GK	61	61	63	59	55	66	40	58	0	58	66	59	3	55
210152	463	45	GK	61	63	54	70	56	59	29	65	1	71	25	34	0	25
210393	189	18	CAM	61	80	80	51	60	71	40	46	1	46	66	65	3	47
210443	111086	43	RM	61	62	62	49	62	60	49	54	0	55	57	59	1	35
210539	1715	54	ST	61	64	66	53	44	63	36	61	0	55	65	57	2	28
210547	111271	18	GK	61	68	63	55	62	67	48	63	0	70	23	21	0	25
210563	112217	10	ST	61	61	67	60	46	60	34	60	0	60	60	60	3	46
210600	111674	183	ST	61	67	72	58	62	61	38	57	0	63	60	65	2	48
210783	112387	183	CB	61	65	73	28	37	36	61	66	0	74	38	44	1	25
210842	100087	7	RM	61	69	70	51	60	63	37	48	0	48	61	55	1	45
211077	112427	10	CDM	61	68	66	60	61	59	60	64	0	73	65	64	1	55
211231	1861	133	CDM	61	75	71	45	51	55	62	64	0	71	65	68	2	44
211428	448	45	RB	61	72	66	30	50	45	60	61	0	60	60	34	1	41
211622	1871	37	CB	61	61	62	26	39	39	60	64	0	64	39	26	2	39
211748	28	48	CM	61	75	55	46	62	69	51	47	1	56	71	58	2	50
211870	1832	21	ST	61	67	80	57	54	66	36	60	1	69	65	60	2	45
211893	33	21	CB	61	66	71	45	57	53	57	65	0	64	58	48	1	37
211935	111399	163	ST	61	61	79	58	52	61	32	62	0	62	61	58	3	52
212160	315	40	ST	61	74	60	60	46	50	40	72	1	81	58	73	1	32
212188	36	21	LM	61	85	73	59	45	61	34	54	1	52	73	65	2	30
212190	10029	21	CB	61	81	47	29	44	38	65	62	1	82	41	36	1	29
212340	33	21	CDM	61	69	71	51	55	60	59	64	0	69	65	67	1	46
212439	981	167	CB	61	69	71	27	26	44	64	65	0	73	44	38	1	22
212440	1476	167	LW	61	67	66	60	62	63	34	50	0	56	61	71	1	53
212450	1473	167	ST	61	65	72	53	62	61	37	62	0	62	64	51	1	54
212540	691	95	CDM	61	64	58	44	61	60	59	48	0	62	60	40	1	39
212591	695	95	CB	61	65	62	46	38	44	62	70	1	70	50	56	1	37
212595	698	82	ST	61	66	78	58	54	60	42	67	0	70	55	72	2	28
212628	22	21	CB	61	81	66	28	56	56	59	68	0	65	58	45	1	32
212749	111651	70	CM	61	69	52	60	63	61	50	47	0	33	66	71	1	69
212750	101112	95	ST	61	67	91	58	54	59	43	68	1	83	61	69	2	41
212773	434	103	ST	61	61	74	53	51	56	45	62	0	62	56	53	3	51
212888	111065	83	CB	61	69	56	26	35	33	63	69	0	80	47	38	1	21
213280	111397	195	LW	61	68	86	56	43	67	32	47	1	40	64	61	2	40
213409	1903	34	CAM	61	69	66	52	61	67	56	64	0	67	68	65	1	62
213483	321	46	GK	61	61	54	68	47	62	29	65	1	75	25	23	0	25
213549	247	34	ST	61	61	78	53	56	64	36	58	0	58	64	53	3	56
213570	1754	42	CB	61	61	72	31	60	63	60	59	0	59	63	31	3	60
213718	1524	72	CB	61	65	66	46	46	52	59	67	0	77	59	63	1	33
213800	28	19	CF	61	74	68	60	52	70	35	53	1	46	62	61	2	49
214000	191	59	RW	61	76	91	53	39	73	35	50	1	42	65	60	2	34
214622	10029	21	LB	61	74	76	34	60	59	59	66	0	62	64	38	1	31
215569	479	45	CB	61	68	68	32	46	42	59	66	0	66	55	56	1	46
215584	112512	37	RM	61	66	87	56	47	63	34	58	1	70	63	55	1	37
215615	479	45	CM	61	69	63	46	61	64	51	52	0	56	65	56	1	42
215684	1443	13	ST	61	67	82	55	56	63	42	53	1	57	67	62	1	58
216108	1871	37	ST	61	74	72	62	46	63	42	61	1	70	59	60	2	61
216136	159	21	CB	61	61	58	33	38	39	61	69	1	69	39	33	2	38
216219	673	34	ST	61	74	61	56	40	61	37	67	1	68	62	66	2	26
216221	1905	34	LM	61	65	78	60	60	65	33	39	0	39	63	65	2	49
216267	181	42	LB	61	81	77	29	56	64	57	59	0	48	68	36	1	29
218650	33	21	ST	61	61	66	57	41	55	39	66	0	72	60	68	1	32
189554	1788	46	ST	61	68	78	56	46	65	43	57	1	82	64	64	1	47
2396	1949	42	LM	60	60	67	53	57	62	45	60	0	54	59	49	2	68
11358	1946	14	CM	60	59	56	40	61	58	64	56	0	71	62	31	1	53
11488	1480	14	CB	60	60	49	32	45	36	62	66	0	72	44	38	1	25
19117	15015	14	CB	60	60	45	28	34	30	62	68	1	85	43	31	1	23
19256	1933	14	CF	60	60	76	58	60	63	46	50	0	63	59	64	2	58
29354	112134	95	CB	60	60	34	56	62	52	62	68	0	68	52	56	2	62
45652	1815	103	CDM	60	64	69	48	60	52	60	72	1	83	60	61	1	38
47099	920	36	CM	60	60	68	55	55	58	66	68	1	68	58	55	3	55
49577	1870	46	ST	60	63	66	60	52	62	37	55	0	57	65	70	2	61
51321	77	14	GK	60	60	57	62	62	63	46	59	0	68	21	20	0	25
51496	112260	35	CM	60	60	56	59	57	66	60	56	0	56	66	59	3	57
51694	1524	36	GK	60	61	60	53	64	70	44	55	1	65	26	35	0	25
53108	2045	4	LB	60	60	74	44	60	62	57	54	0	58	60	51	1	38
53472	1934	14	CM	60	60	51	48	58	49	61	61	0	61	49	48	2	58
100799	688	14	LM	60	60	63	44	59	61	51	57	0	61	59	46	2	37
100907	143	14	CB	60	62	57	32	40	33	61	68	0	76	45	47	1	51
101658	160	21	RB	60	59	56	50	54	50	63	61	0	61	53	50	1	44
103930	111373	4	CAM	60	57	67	59	59	59	43	62	0	58	58	64	1	49
106134	112259	14	CB	60	60	45	36	56	49	61	66	0	78	52	47	1	44
106539	1862	45	CDM	60	60	61	53	63	58	59	58	0	59	62	65	2	47
118345	1933	14	ST	60	60	71	58	46	62	41	57	0	52	60	65	1	40
119422	1933	77	CB	60	60	53	25	31	32	62	70	1	83	43	32	1	20
120339	1445	13	CDM	60	60	71	55	67	63	53	60	1	66	69	72	1	43
120415	1797	42	GK	60	58	64	59	54	62	37	55	0	75	23	35	0	25
122938	682	7	CDM	60	60	57	37	54	52	64	63	1	82	56	43	1	37
123158	111087	37	CB	60	59	52	38	50	43	60	68	0	70	48	47	1	43
123159	420	37	CB	60	58	67	47	52	59	65	76	1	82	54	47	1	41
126463	1754	42	ST	60	60	68	58	53	66	37	63	0	63	66	58	3	53
135061	100804	42	CM	60	60	67	38	61	63	58	53	0	63	63	41	2	57
135872	1804	42	ST	60	60	43	61	51	51	49	74	1	74	51	61	2	51
136753	981	167	CM	60	60	54	47	65	45	61	53	1	53	45	47	2	65
137406	1746	27	CM	60	67	70	56	62	62	53	48	0	60	66	60	2	59
137779	112020	27	CM	60	60	59	54	64	60	59	62	0	63	61	61	1	27
138154	1798	14	CB	60	60	75	33	59	60	58	64	0	64	60	33	3	59
138195	1928	14	CM	60	60	65	54	58	64	46	52	0	52	64	54	3	58
138564	100805	25	RB	60	58	73	32	58	63	59	64	0	64	59	40	1	39
139259	434	47	LM	60	63	72	51	59	61	41	56	0	82	68	62	2	62
139263	898	47	CM	60	60	67	52	62	58	59	63	0	63	58	52	3	62
139347	100804	198	ST	60	60	53	59	51	54	46	69	1	77	56	64	1	43
139407	2056	167	CB	60	60	74	31	42	53	64	61	0	76	51	36	1	24
139499	112115	167	CDM	60	60	75	48	56	57	60	58	0	59	59	62	1	42
139541	100804	42	CM	60	60	66	47	59	61	64	66	0	81	62	58	1	38
139549	346	42	LB	60	58	50	48	61	61	60	62	0	65	55	58	1	65
139784	1962	42	LM	60	57	62	60	53	56	48	57	0	62	54	65	2	48
140085	81	14	CB	60	62	32	31	35	41	60	70	1	90	50	26	1	48
140153	1882	83	CB	60	60	40	42	60	47	60	64	0	73	47	43	1	46
140440	1949	25	CB	60	60	38	25	44	49	62	64	0	64	49	25	2	44
140445	100804	42	ST	60	61	54	57	47	57	48	71	0	72	56	66	2	47
144802	1945	45	ST	60	60	76	52	53	62	58	58	0	58	62	52	3	53
145340	15021	45	GK	60	60	54	69	55	52	38	69	1	75	25	41	0	25
146941	110069	45	ST	60	60	50	58	45	51	41	82	1	80	52	73	1	56
149721	563	25	GK	60	60	59	58	57	66	35	60	0	62	25	28	0	25
150752	563	14	ST	60	60	53	56	36	62	42	63	0	63	62	56	3	36
151019	111277	17	LB	60	60	56	46	54	57	65	55	0	80	59	69	1	61
152047	1463	13	RB	60	60	78	42	50	43	61	66	0	74	62	54	1	34
152505	1954	14	RB	60	62	63	40	49	52	62	62	0	62	57	60	1	35
152598	922	36	LB	60	66	87	48	53	62	59	62	1	70	60	65	1	46
152629	1755	36	GK	60	60	61	57	56	62	25	66	1	66	62	57	3	56
152731	111705	46	RW	60	63	64	53	61	62	53	70	1	84	67	59	1	48
152899	696	95	CB	60	60	67	51	57	56	62	54	1	54	56	51	3	57
154454	110069	45	GK	60	62	61	59	57	64	56	56	0	78	20	29	0	25
154725	110747	37	GK	60	62	61	56	59	65	57	63	0	81	21	22	0	25
155317	981	167	CDM	60	60	73	52	60	61	61	54	0	70	60	61	1	42
155330	1474	167	CM	60	60	54	48	61	61	59	60	0	59	63	58	1	56
155781	110747	37	CB	60	60	64	48	52	53	62	53	0	75	51	41	1	54
155954	110069	45	CB	60	60	53	35	57	33	61	62	0	82	49	54	1	38
156939	83	42	GK	60	64	57	61	62	61	31	63	0	54	25	26	0	25
157376	112512	37	CB	60	60	50	42	56	34	60	60	0	72	54	50	1	52
157405	563	103	CAM	60	59	52	59	58	64	47	61	0	72	62	63	2	60
157407	423	25	GK	60	60	60	57	58	64	54	60	0	47	22	27	0	25
157582	1862	18	CB	60	62	67	37	53	57	61	62	0	71	60	52	1	40
157589	1937	133	ST	60	59	77	54	42	57	48	67	1	90	57	62	1	53
157823	112267	21	RB	60	59	70	50	60	60	58	60	0	63	59	58	1	44
158742	110569	18	GK	60	60	57	59	55	60	34	65	0	48	25	41	0	25
159000	711	46	RW	60	60	80	49	56	59	59	53	0	59	58	54	1	38
160294	1924	14	CM	60	60	68	49	60	62	59	59	0	64	62	60	1	52
162040	111835	46	LB	60	60	69	50	54	56	60	58	0	62	60	68	1	48
162072	112259	14	RB	60	60	64	44	52	46	60	69	0	73	52	59	1	30
162234	1480	14	ST	60	60	81	53	50	64	41	63	1	65	60	59	1	31
163049	17	66	ST	60	60	82	56	48	65	39	53	1	60	62	64	1	35
163147	1936	14	CM	60	60	68	48	58	59	62	64	0	75	60	54	1	35
163262	111705	51	CM	60	60	55	57	63	60	52	50	0	50	60	57	3	63
163393	1813	18	CM	60	60	45	52	63	59	59	62	0	62	59	52	3	63
163425	111989	18	LB	60	61	67	48	58	55	60	54	0	61	67	51	1	43
163474	1945	14	ST	60	60	69	60	37	48	41	60	0	60	48	60	2	37
163626	306	25	CM	60	60	64	55	62	63	57	62	0	62	63	55	3	62
163754	1949	14	CB	60	60	57	26	36	32	63	68	0	82	45	31	1	27
164771	631	35	CB	60	57	66	31	55	60	60	65	0	71	55	35	1	31
165012	110747	37	CB	60	62	48	45	53	40	60	63	1	76	39	67	1	56
165267	1790	18	RB	60	58	74	36	60	62	58	62	0	64	60	33	1	40
165272	112512	54	CM	60	60	73	47	58	60	60	56	0	56	60	47	3	58
165458	423	25	CB	60	59	54	43	52	35	60	69	0	71	43	58	1	45
165578	563	14	ST	60	64	73	56	37	58	39	62	0	61	59	57	1	26
166764	1945	35	GK	60	62	64	54	66	63	58	61	0	63	25	27	0	25
166853	361	14	ST	60	63	73	54	50	63	61	70	1	85	58	61	1	36
166862	1951	14	CB	60	63	67	30	44	43	61	62	0	67	56	39	2	33
167436	160	21	CB	60	60	66	34	48	51	62	63	0	63	51	34	2	48
167561	1797	50	RB	60	64	66	50	58	52	58	69	0	75	62	49	1	41
168659	112254	14	CB	60	60	63	25	26	49	60	66	0	81	54	27	1	25
168881	112676	183	CDM	60	59	67	48	54	54	59	54	0	70	57	57	1	43
168943	110977	55	RB	60	58	56	42	54	53	62	60	0	59	53	48	1	41
169174	111277	46	ST	60	59	49	52	47	49	56	78	1	91	58	65	1	31
169191	563	25	CB	60	59	52	39	46	43	61	66	0	81	44	57	1	42
169639	1802	14	CM	60	61	71	58	61	55	57	63	0	66	60	63	1	56
169642	1933	14	CM	60	60	58	45	59	59	57	58	0	71	64	51	1	48
169856	1954	14	ST	60	58	72	58	46	54	39	58	0	59	61	59	2	52
169862	1954	50	ST	60	60	66	63	51	64	42	54	1	61	66	66	2	64
169954	112254	14	ST	60	61	73	53	50	66	41	60	0	78	62	49	2	57
170252	1930	14	ST	60	64	79	49	44	67	38	63	0	43	63	46	2	41
171446	112512	37	CDM	60	62	56	52	66	64	57	53	1	63	68	57	1	65
171973	15048	14	LB	60	61	69	47	60	54	56	59	0	59	61	49	1	58
172068	1928	14	CAM	60	61	71	56	55	64	37	63	0	64	62	60	2	52
172195	224	18	LB	60	60	71	53	64	64	56	57	0	59	60	57	1	60
172249	1948	14	ST	60	60	80	55	49	64	39	58	0	58	64	55	3	49
172484	272	13	GK	60	63	68	56	49	63	30	55	0	80	25	25	0	25
172822	1962	14	CM	60	60	54	64	58	56	56	59	1	59	56	64	3	58
172936	1480	14	CB	60	60	66	26	36	36	62	63	0	74	45	40	1	21
173415	110178	4	GK	60	66	61	54	53	68	51	56	0	62	25	25	0	25
173450	1804	195	LB	60	66	79	28	53	54	58	51	0	65	55	31	1	23
173518	1801	14	CB	60	65	63	31	49	30	61	64	0	80	40	52	1	25
173631	112260	14	CB	60	61	60	34	36	32	62	72	1	84	40	40	1	25
173681	121	42	GK	60	60	62	57	57	63	61	60	1	60	63	57	3	57
173804	373	14	CM	60	61	65	46	61	59	59	61	0	73	64	52	1	25
173895	3	14	GK	60	68	58	57	55	65	48	63	0	66	34	40	0	25
176255	112217	37	CB	60	62	71	54	61	55	59	64	1	70	54	73	1	45
176296	110765	167	CB	60	60	51	38	59	47	62	61	0	61	47	38	2	59
176319	980	167	CB	60	60	64	50	60	50	59	67	0	67	50	50	2	60
176341	1478	167	GK	60	60	65	58	59	58	40	64	0	64	58	58	3	59
176371	983	167	GK	60	62	61	57	61	62	65	61	1	60	25	35	0	25
176387	1951	14	ST	60	60	68	60	41	53	43	67	0	76	56	61	1	62
176396	1473	167	CB	60	60	69	47	63	64	58	63	0	63	64	47	3	63
176442	1797	14	CM	60	62	67	62	60	62	59	64	1	67	62	69	1	65
176485	1820	136	CM	60	60	63	54	60	55	64	67	0	71	57	56	1	56
176718	1870	14	RM	60	61	69	51	54	56	60	58	0	74	60	66	1	53
176793	702	46	CM	60	62	84	60	47	68	41	60	1	65	70	68	2	63
176807	1790	14	CB	60	58	69	36	50	53	61	62	0	67	56	34	1	49
177076	1841	136	ST	60	60	59	59	47	59	40	61	0	68	64	65	1	33
177128	64	18	CDM	60	60	59	63	67	64	50	58	1	75	73	64	2	68
177793	361	14	CM	60	64	66	62	58	59	54	64	1	68	58	65	1	70
177927	111070	95	CB	60	60	67	48	55	58	61	59	0	59	58	48	3	55
177962	110734	27	CM	60	60	74	47	56	59	60	48	0	48	59	47	3	56
178513	1744	27	CM	60	75	68	45	64	59	58	66	0	79	73	59	1	48
178626	15048	14	RM	60	65	79	45	54	61	35	45	0	57	59	51	1	37
178687	110749	133	RM	60	63	91	60	52	60	45	57	1	68	58	65	2	59
179059	111086	37	LB	60	62	64	45	54	54	61	61	0	71	54	68	1	30
179543	1524	36	RB	60	65	74	51	57	63	60	54	0	69	67	71	1	52
179839	694	95	CB	60	60	71	45	51	55	63	66	0	66	55	45	2	51
179917	300	117	CM	60	65	72	58	58	58	61	63	1	70	69	76	1	41
180749	111393	195	RB	60	63	80	55	56	63	59	51	0	60	63	66	1	37
180775	605	183	CDM	60	65	34	47	50	36	64	70	0	75	55	52	1	48
181010	111397	195	CDM	60	64	48	53	57	58	67	71	1	79	59	60	1	58
181310	111277	46	CB	60	60	67	34	50	49	63	65	0	65	49	34	2	50
181477	111393	195	CB	60	65	41	27	37	35	61	70	0	75	42	45	1	25
182112	111766	195	CDM	60	65	66	43	55	54	60	63	0	75	61	50	1	43
182496	111277	46	ST	60	63	64	56	49	59	44	62	0	70	60	61	1	43
182593	1802	14	ST	60	61	66	60	50	56	38	70	0	81	65	72	1	40
182819	1945	18	CB	60	60	53	25	43	30	62	64	0	64	30	25	1	43
182983	111396	195	GK	60	61	69	53	54	67	50	53	1	64	25	25	0	25
183144	1954	42	CM	60	60	69	49	62	59	51	55	0	70	64	54	2	67
183233	111087	37	LM	60	60	85	47	57	59	39	47	1	33	51	48	1	41
183449	127	50	LB	60	62	73	51	50	60	61	65	0	73	58	60	1	57
183691	111821	4	CM	60	64	73	55	56	68	42	48	1	40	65	56	1	73
183699	112072	198	RM	60	62	66	58	61	63	40	60	0	60	61	63	1	62
183869	1862	47	CB	60	64	59	36	49	43	58	72	1	70	53	44	1	30
183873	111277	46	CM	60	66	49	46	54	53	67	63	1	80	57	67	1	38
183938	1905	34	GK	60	65	61	63	61	57	31	61	0	60	25	26	0	25
184077	1524	36	LB	60	65	72	47	51	57	61	56	0	70	61	68	1	37
184158	239	7	GK	60	65	64	62	61	57	35	58	0	56	20	36	0	25
184261	897	47	CDM	60	64	64	51	57	59	60	63	0	64	60	67	1	44
184630	109	14	GK	60	66	66	52	56	67	44	56	0	57	25	22	0	25
184816	169	21	RM	60	64	69	59	48	66	39	57	0	68	64	65	2	69
185038	110749	37	GK	60	60	69	44	42	71	26	61	1	61	71	44	3	42
185053	1475	167	CB	60	60	88	49	58	50	59	60	1	60	50	49	2	58
185054	111588	167	ST	60	60	65	50	54	62	59	56	0	56	62	50	3	54
185229	688	116	CM	60	60	84	58	53	64	44	41	1	41	64	58	3	53
185263	111065	116	LB	60	64	83	59	53	61	58	61	1	60	54	64	2	67
186111	112259	14	CAM	60	61	65	57	51	65	35	44	0	52	61	53	2	55
186154	373	25	ST	60	68	73	54	58	61	38	58	0	70	62	52	1	49
186160	1946	14	LB	60	65	72	48	48	56	61	62	0	70	52	54	1	36
186380	1960	14	RB	60	65	81	46	59	61	57	56	1	56	61	55	1	46
186562	77	35	ST	60	67	82	52	62	60	61	72	1	82	57	60	1	27
186590	1962	25	CM	60	64	63	53	58	56	59	68	0	75	59	57	2	53
186722	217	18	ST	60	68	63	58	52	65	36	43	0	45	65	63	2	45
186884	111398	195	CDM	60	68	65	41	50	57	65	56	0	71	62	30	1	37
187035	688	95	CM	60	67	68	56	58	62	54	62	0	66	66	68	1	55
187154	1949	25	CB	60	68	57	25	30	32	59	73	1	82	33	25	1	25
187219	111588	167	ST	60	60	60	54	58	61	45	52	0	52	61	54	3	58
187900	710	117	CM	60	60	79	53	54	63	64	59	0	59	63	53	3	54
187937	111989	18	RB	60	66	67	33	52	46	60	55	0	65	60	48	1	64
187955	112427	195	ST	60	60	70	58	58	58	48	64	0	56	57	58	1	55
188278	111398	195	GK	60	70	62	56	54	62	46	61	0	62	25	28	0	25
188706	64	18	RB	60	66	70	27	56	45	60	66	0	78	58	31	1	22
189267	550	21	GK	60	63	61	60	56	66	38	54	0	71	31	28	0	25
189563	112225	27	RB	60	67	71	54	57	60	65	70	1	78	60	68	1	56
189592	1861	4	GK	60	60	61	57	55	71	52	52	1	52	71	57	3	55
189624	1946	14	CM	60	64	66	34	53	46	57	37	0	65	63	37	1	22
189691	112260	14	ST	60	66	71	57	30	63	39	52	0	56	65	65	2	57
189709	1855	45	CB	60	69	44	33	43	40	63	61	1	92	59	70	1	22
189836	1920	14	LB	60	66	72	46	54	61	62	60	0	63	54	49	1	65
189854	563	14	LM	60	64	87	55	53	61	46	54	1	70	53	54	2	49
189869	620	14	CAM	60	67	63	43	58	62	50	56	0	71	64	53	1	41
190311	1794	14	ST	60	69	83	54	51	59	44	53	1	75	57	64	1	39
190330	203	27	CM	60	70	63	56	67	59	50	62	1	66	64	61	2	61
190548	111086	37	CB	60	60	60	45	48	36	61	62	0	71	44	62	1	44
190598	1841	36	LB	60	64	70	47	55	57	62	52	0	73	59	64	1	25
190687	874	37	RB	60	66	50	47	60	61	62	65	0	77	63	45	1	43
190942	1445	13	CB	60	70	75	36	52	40	60	63	0	72	45	50	1	28
190995	121	42	LM	60	70	69	55	67	62	48	44	1	57	61	57	1	57
191041	100087	54	RB	60	65	72	37	57	53	59	48	0	59	59	44	1	37
191044	110770	116	LB	60	69	72	48	59	64	61	61	0	82	62	66	2	62
191167	1935	14	CB	60	64	57	26	44	48	60	69	1	74	50	30	1	25
191408	112676	183	RB	60	59	70	25	49	41	61	66	0	75	40	25	1	30
191411	112390	183	LB	60	62	67	25	43	31	67	66	1	73	45	24	1	35
191432	112393	183	LB	60	60	84	36	40	58	65	67	1	75	50	37	1	49
191439	112389	183	CDM	60	63	60	51	54	53	65	50	0	72	60	61	2	52
191629	112390	183	RB	60	61	74	38	60	54	61	65	0	73	60	45	1	31
191637	111588	167	RB	60	64	70	48	59	62	64	66	0	78	61	45	2	49
191892	1478	167	GK	60	60	56	63	60	61	41	62	1	62	61	63	3	60
191919	1476	167	CM	60	63	66	47	59	57	59	60	0	73	56	51	2	53
191967	980	167	RB	60	60	50	53	59	59	64	56	0	72	56	55	1	44
191998	1032	83	CM	60	72	70	58	43	62	38	48	0	40	66	64	2	48
192056	111398	195	CAM	60	64	79	61	56	63	42	48	0	58	60	55	2	63
192163	711	46	CB	60	65	55	35	51	41	61	69	0	75	55	50	1	32
192239	1873	19	CDM	60	65	63	46	58	59	63	55	0	59	59	42	1	62
192363	1786	13	CB	60	68	67	26	25	39	64	60	0	72	59	25	1	35
192499	100879	45	CDM	60	65	34	48	62	50	64	68	1	79	60	60	2	53
192813	110890	14	CM	60	60	70	53	55	68	36	41	1	41	68	53	3	55
192938	68	18	RW	60	78	78	53	46	66	37	53	0	72	72	70	2	47
193023	1929	14	CB	60	60	80	43	58	61	61	57	0	57	61	43	3	58
193181	1803	14	LM	60	65	84	51	50	66	40	58	1	54	61	54	2	56
193186	144	181	GK	60	64	66	57	59	61	44	54	0	65	21	31	0	25
193249	111373	4	CB	60	65	56	26	39	31	59	70	0	74	37	42	1	22
193299	111705	46	GK	60	58	61	58	78	63	23	59	1	67	28	22	0	25
193320	1788	13	RW	60	64	76	57	45	63	33	46	0	44	61	61	1	30
193404	110770	47	RM	60	71	69	60	59	63	53	52	0	61	61	63	2	64
193570	319	46	ST	60	60	47	55	43	49	46	78	1	78	49	55	2	43
193713	219	115	LW	60	70	71	44	58	65	43	42	0	46	61	36	2	43
193804	121	14	RB	60	71	79	31	52	56	59	59	0	62	55	37	1	23
193943	89	14	RM	60	68	65	65	49	66	32	52	1	30	64	71	2	54
193957	1920	56	CM	60	60	80	56	55	65	47	50	0	50	65	56	3	55
194259	110326	18	CB	60	67	49	25	48	37	61	68	1	85	52	36	1	25
194679	1926	14	GK	60	64	61	58	55	64	51	59	0	67	22	25	0	25
194730	1867	45	GK	60	66	64	57	52	65	58	57	0	62	25	28	0	25
194769	110749	37	RM	60	66	85	53	52	62	50	60	1	34	60	62	1	42
194785	1798	35	CB	60	66	59	29	43	36	60	68	0	76	48	31	1	28
194892	210	18	GK	60	63	62	57	63	64	37	61	0	23	25	28	0	25
195436	111091	110	CB	60	60	77	29	56	56	58	64	0	64	56	29	3	56
195481	110890	14	ST	60	67	74	57	54	57	41	66	0	64	53	61	1	35
195698	217	18	CDM	60	72	64	52	56	60	60	56	0	66	57	58	2	42
196972	922	36	CB	60	60	62	39	51	42	62	61	1	61	42	39	2	51
196976	1945	14	CB	60	68	72	30	44	38	60	72	1	74	54	54	1	21
197068	110890	14	CM	60	61	73	51	57	61	59	48	0	64	56	57	2	57
197511	112139	183	ST	60	60	78	54	37	52	38	56	0	59	48	55	2	44
197718	111651	95	ST	60	64	63	57	56	57	59	67	0	68	63	64	2	51
197813	70	18	CAM	60	70	64	54	60	62	47	56	0	61	64	68	2	49
197990	112259	14	RM	60	67	72	42	58	57	60	52	0	57	58	56	1	56
198059	111065	95	CB	60	60	40	27	36	38	63	69	1	69	38	27	2	36
198111	1832	21	CF	60	64	69	61	40	62	38	62	0	65	59	67	2	43
198152	15048	138	RM	60	64	81	45	52	61	45	56	1	54	48	43	2	47
198160	693	82	LB	60	62	83	37	54	59	60	59	1	63	53	44	1	37
198247	1841	36	CF	60	65	73	57	52	62	41	54	0	62	65	69	1	41
198858	2038	27	LB	60	67	70	39	37	53	64	54	0	63	47	57	1	30
199046	346	25	RM	60	64	69	46	60	58	53	56	0	61	59	54	1	43
199081	112072	46	CM	60	59	62	52	58	54	60	66	0	75	58	63	1	33
199122	111835	54	CM	60	59	74	54	56	67	50	58	0	61	65	56	1	47
199123	111835	54	CB	60	60	59	29	31	32	65	64	1	84	43	46	1	20
199130	111835	46	GK	60	60	61	63	62	60	32	60	1	81	22	25	0	25
199259	1474	167	GK	60	66	61	66	65	61	44	57	0	67	32	34	0	25
199300	2056	167	CB	60	60	69	40	57	55	63	60	0	60	55	40	2	57
199311	983	167	CM	60	60	77	56	65	62	56	64	1	64	62	56	3	65
199398	1715	47	LM	60	69	73	40	56	58	62	58	0	74	63	57	1	40
199439	110329	4	ST	60	75	62	55	42	58	37	56	0	64	63	62	1	27
199525	300	4	ST	60	65	71	57	55	63	37	65	0	70	65	64	2	32
199616	506	21	CB	60	63	61	32	35	43	63	57	0	70	47	62	1	21
199889	1862	47	ST	60	60	64	56	47	57	46	66	0	66	57	56	3	47
200067	110569	18	CB	60	65	53	40	50	47	62	61	1	79	56	52	1	44
200073	110747	51	CB	60	65	44	46	60	50	63	53	1	84	37	78	1	65
200180	682	18	GK	60	61	63	58	55	61	51	60	0	78	21	25	0	21
200187	682	7	LB	60	63	58	37	59	55	61	60	0	66	58	48	1	44
200368	1465	36	ST	60	64	58	59	53	56	51	72	1	70	62	74	1	47
200409	12	42	LM	60	70	71	45	55	62	38	46	0	61	55	44	1	41
200462	110745	37	RM	60	67	67	51	40	65	41	60	1	76	69	51	1	29
200473	1831	21	ST	60	68	83	58	48	67	33	46	1	26	65	68	2	48
200485	1936	14	RM	60	65	89	45	53	64	39	41	1	30	56	50	3	44
200501	110069	45	LM	60	72	76	54	56	65	60	61	0	74	65	58	2	56
200535	111400	195	CM	60	70	66	50	59	63	49	34	0	42	69	54	2	59
200562	112115	167	LB	60	66	68	39	62	56	64	65	1	90	55	44	1	49
200600	2056	167	CM	60	64	65	45	60	61	56	51	0	59	61	45	1	61
200639	320	46	ST	60	68	72	57	51	63	46	52	0	81	64	70	2	46
200663	361	18	ST	60	60	80	57	48	53	49	68	1	68	53	57	2	48
200679	461	45	GK	60	72	60	69	56	57	44	60	1	59	23	38	0	25
200715	1807	14	GK	60	68	61	59	47	68	42	56	0	47	25	33	0	25
200730	1929	18	RB	60	60	64	27	46	50	60	65	0	74	55	34	1	25
200793	77	42	LB	60	63	69	28	58	64	57	63	0	66	64	34	1	35
200799	688	95	ST	60	69	64	59	44	63	46	62	0	63	62	62	1	57
200806	12	14	CM	60	70	65	51	64	62	59	59	0	64	65	56	1	45
200826	463	52	ST	60	67	55	54	39	48	44	74	1	90	50	58	1	40
200895	3	14	LB	60	67	66	46	58	58	60	56	0	62	60	49	1	50
200908	1958	35	LM	60	65	73	47	60	64	36	46	0	48	64	47	1	36
200942	110	25	GK	60	69	61	58	63	60	51	64	0	68	25	23	0	25
201025	68	18	LB	60	74	69	53	60	53	58	70	0	77	62	65	1	65
201082	111086	37	GK	60	66	63	61	60	61	21	58	1	58	25	25	0	25
201084	181	42	CAM	60	72	78	50	54	70	38	59	1	56	70	56	2	57
201224	1848	39	GK	60	70	60	60	50	62	23	60	0	42	26	38	0	25
201227	1832	45	RM	60	73	63	53	57	64	42	44	0	52	64	64	2	57
201417	110	25	RB	60	70	57	40	58	60	60	68	0	73	63	52	1	37
201431	294	18	CB	60	67	52	26	42	45	61	61	0	63	53	23	1	27
201872	688	70	LM	60	64	63	59	58	60	47	52	1	60	57	73	2	69
201898	112267	8	CB	60	59	38	34	42	43	61	70	0	81	50	66	1	30
201924	459	129	ST	60	68	58	57	41	53	47	60	0	72	50	72	1	44
201981	88	34	ST	60	60	81	58	38	57	41	63	1	63	57	58	3	38
202028	110234	43	CB	60	60	61	56	55	57	59	68	0	68	57	56	3	55
202033	1919	25	LM	60	70	80	53	54	62	35	54	0	48	59	57	2	33
202072	1936	14	ST	60	64	69	55	40	58	40	64	1	74	60	57	1	38
202073	111144	95	CB	60	66	71	57	53	59	61	66	0	68	65	67	1	36
202105	420	37	ST	60	65	64	55	40	59	38	64	0	58	60	60	1	40
202121	101112	95	ST	60	60	60	58	47	60	45	71	1	71	60	58	3	47
202138	111393	195	CM	60	64	63	45	58	52	61	58	0	61	58	42	1	40
202164	688	95	CDM	60	75	65	51	59	64	63	66	0	68	64	64	1	50
202170	111766	198	CB	60	64	44	30	41	36	61	72	1	82	56	43	1	32
202179	110	14	RM	60	74	79	46	51	68	35	31	1	34	63	43	3	37
202185	695	95	ST	60	60	65	56	42	60	41	60	0	60	60	56	3	42
202195	1809	18	ST	60	67	73	58	51	58	38	54	0	57	60	60	1	34
202208	111395	195	RW	60	67	84	57	43	64	38	42	1	60	62	63	2	40
202224	111065	95	CDM	60	62	59	57	56	62	58	60	0	59	64	72	1	47
202353	698	95	CM	60	60	81	56	52	65	47	51	1	51	65	56	3	52
202398	357	18	LB	60	66	64	38	49	54	64	65	1	73	54	51	1	61
202420	1938	25	CM	60	60	78	54	59	58	57	66	0	66	58	54	3	59
202527	82	18	ST	60	68	80	55	44	63	44	70	0	82	54	71	2	41
202701	110227	40	LB	60	66	58	29	57	34	63	69	0	76	46	44	1	27
202770	1804	14	GK	60	60	66	57	71	60	25	59	1	59	60	57	3	71
202790	110747	15	CAM	60	66	56	66	63	49	55	62	1	64	45	80	1	65
202814	1934	14	RB	60	66	76	27	54	54	59	57	0	59	57	31	1	32
202819	423	25	LM	60	70	80	50	55	60	38	48	0	50	58	58	2	33
202950	1477	167	CB	60	60	62	37	41	30	59	71	0	71	30	37	1	41
202961	111588	167	CF	60	63	74	59	61	65	52	58	0	62	61	56	2	55
202966	1473	167	CDM	60	65	61	43	57	44	64	63	0	70	42	43	1	34
202970	982	167	ST	60	60	76	60	48	62	51	66	0	66	62	60	3	48
202978	983	167	CB	60	65	80	30	35	44	64	72	1	83	40	33	1	33
203011	1476	167	CB	60	60	70	42	49	24	63	60	0	64	31	51	1	32
203059	1795	14	CB	60	64	67	30	52	48	60	68	0	73	55	37	1	51
203083	112267	8	ST	60	59	58	56	55	62	42	58	1	87	68	65	1	43
203097	1935	14	RM	60	71	89	54	51	66	32	40	1	58	56	64	3	44
203176	1788	117	CDM	60	65	60	44	62	56	58	55	0	66	66	53	1	37
203308	111398	195	CM	60	68	70	51	59	59	53	49	0	69	62	62	1	55
203357	19	14	LB	60	75	63	29	57	58	59	58	0	62	58	39	1	41
203372	631	42	LM	60	69	67	54	60	63	57	54	0	56	55	58	1	53
203461	897	47	CM	60	67	73	45	62	62	52	56	0	55	64	62	1	38
203521	106	14	CB	60	60	67	31	47	41	59	66	0	66	41	31	2	47
203529	112217	40	CB	60	67	59	32	42	38	58	68	0	70	46	51	1	42
203625	112218	6	CB	60	71	43	49	53	53	61	69	1	81	57	54	1	40
203668	111993	27	LW	60	65	75	55	53	60	39	60	0	56	60	63	2	56
203756	8	14	ST	60	68	57	56	45	43	41	75	1	83	59	72	1	34
203838	110500	21	LM	60	68	72	61	56	64	36	59	0	54	62	68	2	57
203840	89	148	RM	60	62	70	55	58	65	56	68	0	66	58	62	1	53
203884	71	108	CB	60	73	61	27	44	46	59	62	0	71	62	37	1	21
204105	110456	18	RB	60	73	69	37	52	53	60	56	0	67	56	49	1	38
204126	111086	12	ST	60	60	51	56	50	61	45	75	1	75	61	56	3	50
204165	1832	21	RB	60	65	72	49	48	59	62	60	0	61	59	55	1	49
204280	468	45	ST	60	75	70	58	43	53	40	60	0	62	69	69	2	53
204289	109	14	ST	60	82	75	57	49	62	38	60	0	58	70	73	2	60
204291	109	14	ST	60	66	67	58	52	68	38	58	1	58	66	61	2	65
204296	780	4	ST	60	73	67	60	48	62	38	60	0	72	56	62	1	45
204411	1808	14	CDM	60	76	70	42	53	51	63	67	1	82	62	66	1	39
204445	1962	35	RB	60	68	82	28	49	55	60	63	1	71	59	41	1	42
204472	68	18	RM	60	69	72	53	63	64	38	50	0	60	65	65	2	36
204510	246	34	CAM	60	72	59	54	60	63	34	47	0	32	64	50	1	56
204619	1747	7	ST	60	68	73	59	47	62	37	62	0	63	56	63	1	52
204636	1902	34	GK	60	68	61	60	61	60	44	60	0	73	20	31	0	25
204696	1853	45	RM	60	68	71	55	56	63	58	57	0	52	61	71	1	68
204722	110765	167	RB	60	61	76	48	59	62	54	58	0	72	62	44	1	55
204725	1477	167	GK	60	67	62	62	58	62	63	59	1	64	25	21	0	25
204764	571	45	CB	60	65	65	31	54	40	60	62	0	59	54	43	1	36
204805	110930	140	GK	60	70	61	59	44	62	40	61	0	41	21	28	0	25
204876	452	45	LB	60	72	78	41	50	56	59	52	0	62	58	58	1	45
204902	434	1	CM	60	60	76	47	52	64	47	51	0	51	64	47	3	52
204914	1935	117	CB	60	68	55	31	48	53	59	68	1	70	51	40	1	25
204931	1910	34	GK	60	67	62	55	60	64	56	60	0	64	25	24	0	25
204968	294	18	CM	60	70	63	45	59	61	57	57	0	60	57	51	1	43
205048	33	21	RM	60	67	79	56	58	63	36	51	0	54	59	62	2	59
205082	983	167	GK	60	60	60	59	62	62	52	61	0	61	62	59	3	62
205099	100764	40	LM	60	70	67	59	62	65	37	50	0	59	59	65	1	68
205161	1794	14	ST	60	66	69	58	56	65	38	58	0	70	64	68	1	27
205168	111091	37	CM	60	60	76	48	52	67	38	39	1	39	67	48	3	52
205188	62	18	ST	60	67	68	62	29	60	38	72	1	81	56	66	2	65
205192	110704	45	LW	60	77	60	52	64	62	47	59	0	64	72	60	1	56
205207	110636	57	LB	60	76	80	39	59	65	57	60	0	60	63	52	1	40
205254	82	35	LB	60	71	70	41	59	56	59	63	0	71	62	65	1	28
205360	109	14	LM	60	67	74	52	54	65	43	50	0	41	58	54	2	53
205419	1867	45	LB	60	69	72	24	45	53	58	63	0	66	60	25	1	29
205423	1456	36	CM	60	68	73	55	58	69	55	48	1	47	72	68	1	40
205463	110178	21	LM	60	68	66	47	60	63	43	50	0	55	66	58	2	48
205618	673	34	RB	60	72	52	31	59	59	58	66	0	62	61	43	1	46
205703	110704	45	GK	60	60	61	55	57	65	43	59	0	59	65	55	3	57
205715	112020	27	CM	60	74	67	47	62	67	49	56	0	79	68	55	2	48
205759	189	4	GK	60	75	65	54	57	68	34	55	1	60	20	24	0	25
205813	301	37	CM	60	66	62	37	59	57	59	55	0	63	56	49	1	37
205854	111540	46	CM	60	75	67	47	65	62	54	58	1	58	67	58	1	47
205877	88	14	LB	60	74	74	50	54	56	59	55	0	68	55	62	1	52
205898	256	4	CB	60	66	78	38	33	44	60	75	1	82	43	62	1	22
205927	650	34	GK	60	65	60	61	58	60	40	59	0	75	24	26	0	25
205939	160	21	CM	60	69	73	37	60	67	48	42	0	35	69	50	2	37
205962	110745	37	CB	60	60	52	36	41	38	61	62	1	62	38	36	2	41
205975	301	37	CB	60	60	76	37	60	54	58	51	0	51	54	37	2	60
206004	110109	17	CB	60	67	43	28	52	44	59	70	1	81	59	38	1	22
206061	468	45	CDM	60	68	68	44	59	56	59	58	0	68	63	41	2	60
206156	1848	27	CM	60	70	70	55	63	61	52	55	0	63	70	67	2	45
206159	1848	27	RB	60	79	67	35	50	51	60	58	0	65	55	35	1	40
206279	111086	28	CM	60	60	60	39	64	57	58	50	0	50	57	39	3	64
206521	981	167	ST	60	70	64	58	43	61	39	65	0	77	62	66	1	42
206542	1962	14	ST	60	69	77	56	44	53	40	68	0	82	54	68	1	25
206593	2056	167	CB	60	68	70	39	54	54	62	67	0	66	52	41	1	35
206634	710	95	RM	60	63	84	56	56	65	41	68	1	57	60	53	2	35
206663	697	95	ST	60	65	67	55	34	66	41	56	0	60	61	67	2	30
207470	101112	14	CDM	60	61	62	58	57	61	59	64	1	71	64	77	2	39
207545	1475	167	LB	60	63	74	27	41	46	58	71	0	72	42	31	1	29
207553	700	46	CM	60	69	73	57	59	57	55	51	0	66	71	71	1	36
207565	110765	167	ST	60	62	66	50	31	56	40	70	0	77	55	53	1	28
207627	101103	56	CB	60	68	54	26	36	35	61	58	0	70	43	33	1	27
207644	702	51	RB	60	59	81	42	52	59	58	56	1	57	61	73	1	39
207647	379	18	CAM	60	71	64	44	66	66	42	39	1	36	70	57	2	48
207660	254	4	CDM	60	71	70	45	58	60	61	58	0	61	58	62	1	42
207671	687	93	CM	60	64	59	34	54	55	60	55	0	51	58	41	1	31
207790	34	21	CB	60	79	55	52	57	54	58	62	1	68	60	81	1	70
207809	111588	167	CM	60	65	60	34	60	54	59	66	0	70	57	32	1	21
208020	100634	34	CM	60	67	63	48	60	64	54	54	0	39	65	61	1	39
208066	1478	167	CB	60	67	52	27	26	44	61	70	0	71	41	31	1	27
208071	1477	167	ST	60	60	71	51	56	62	40	54	0	54	62	51	3	56
208076	110765	167	CDM	60	66	67	55	59	61	58	54	0	66	62	58	2	66
208079	111588	167	LB	60	62	73	33	49	57	60	59	0	58	56	27	1	55
208126	111239	21	ST	60	64	66	58	49	55	37	64	0	62	59	63	2	44
208194	210	167	LM	60	69	80	44	53	63	34	41	0	45	60	47	2	34
208304	1474	167	CAM	60	72	69	51	59	62	34	43	0	35	60	61	2	58
208335	110178	21	RB	60	68	66	45	58	54	58	64	0	62	54	54	1	26
208345	111091	37	ST	60	60	57	54	39	56	45	67	0	67	56	54	3	39
208433	111835	1	CM	60	60	77	51	59	63	36	47	0	47	63	51	3	59
208458	1800	14	CM	60	69	68	51	61	59	57	63	0	60	59	57	1	32
208676	111396	195	LM	60	70	80	58	55	64	41	51	0	48	67	60	1	50
208696	111822	4	ST	60	60	53	59	33	56	40	66	1	66	56	59	3	33
208700	110178	21	ST	60	68	77	49	56	65	42	53	0	65	64	62	2	41
208752	1924	14	CB	60	65	63	31	40	35	60	64	0	58	38	46	1	37
208765	144	38	CM	60	60	77	46	53	66	54	53	0	53	66	46	3	53
208914	112139	183	CB	60	64	64	27	29	31	60	70	0	79	49	39	1	25
208944	1938	14	CB	60	61	65	29	46	42	60	65	0	67	44	40	1	24
209014	1755	36	CM	60	71	73	54	58	62	59	62	0	62	64	57	1	44
209027	112392	183	GK	60	66	62	61	58	63	40	58	0	58	25	25	0	25
209033	112392	183	CB	60	57	69	39	53	47	60	66	0	73	41	60	1	30
209041	605	183	CB	60	65	59	27	26	27	61	75	1	70	26	37	1	23
209214	112395	183	RB	60	57	86	35	54	56	58	47	1	57	48	51	1	25
209250	1948	25	RB	60	63	73	40	53	48	59	63	0	66	51	64	1	56
209273	1913	129	CB	60	60	77	44	55	65	59	62	0	62	65	44	3	55
209288	110569	18	CM	60	73	72	52	66	69	35	41	1	37	70	53	2	66
209404	110746	37	LB	60	60	66	54	61	62	55	52	0	58	59	62	1	30
209443	1904	34	LB	60	68	54	29	51	48	66	64	1	76	57	42	1	26
209464	1917	42	CB	60	60	53	34	38	39	60	68	0	68	39	34	2	38
209532	1806	4	GK	60	79	59	57	53	64	50	59	0	64	21	20	0	25
209552	112096	183	CDM	60	63	71	30	50	52	60	64	0	69	54	45	1	28
209563	112096	183	GK	60	59	60	61	63	59	43	63	0	82	25	25	0	25
209675	2	90	CB	60	70	66	31	32	34	59	65	0	65	32	49	1	23
209726	1905	34	CM	60	60	77	61	54	65	39	54	0	54	65	61	3	54
209745	10029	145	CAM	60	72	68	51	58	64	35	46	0	53	63	58	2	46
209754	450	45	CDM	60	70	55	37	60	57	56	50	0	64	63	54	1	43
209757	111400	195	GK	60	65	62	57	60	67	39	54	0	55	25	25	0	25
209782	319	46	LM	60	75	76	52	53	69	33	34	1	57	75	63	3	62
209834	112427	195	RW	60	68	91	44	49	67	39	50	1	61	65	45	2	43
209842	647	98	ST	60	66	68	55	50	61	39	67	0	77	65	58	1	28
209969	81	42	LM	60	64	71	51	56	62	59	60	0	64	60	55	2	67
209998	378	18	GK	60	67	62	59	58	62	44	56	1	78	22	20	0	25
210005	111373	4	LB	60	67	77	53	51	67	61	57	0	68	63	63	1	53
210009	80	42	LB	60	70	69	43	58	62	58	54	1	62	60	62	1	67
210019	21	21	GK	60	70	64	58	60	63	26	54	1	77	21	38	0	25
210151	100764	40	ST	60	65	72	56	40	60	35	62	0	58	57	61	1	36
210217	111398	195	CB	60	65	65	30	50	57	58	60	0	72	63	46	1	25
210255	121	118	ST	60	69	74	53	54	58	41	71	1	85	58	68	1	25
210275	111373	4	RM	60	67	81	61	52	71	34	44	1	43	65	70	2	62
210340	111400	87	ST	60	60	90	55	49	65	33	47	1	47	65	55	3	49
210341	688	47	CB	60	60	73	46	58	56	60	53	0	53	56	46	3	58
210384	1906	34	LB	60	70	73	49	61	65	59	50	0	57	63	59	2	53
210420	239	7	CM	60	60	72	45	57	67	36	43	0	43	67	45	3	57
210441	110710	45	ST	60	60	68	59	43	55	37	68	0	68	55	59	2	43
210444	691	107	ST	60	67	67	53	46	61	41	66	0	74	64	69	2	32
210445	312	40	GK	60	65	66	57	65	61	43	56	1	72	25	21	0	25
210487	112389	183	CF	60	61	69	55	30	59	37	55	0	54	66	65	1	28
210498	112392	183	LM	60	66	66	55	59	57	54	53	0	60	53	63	1	38
210505	247	34	CM	60	60	63	52	65	66	58	54	1	54	66	52	3	65
210519	110704	38	CDM	60	77	72	44	52	55	60	61	0	72	56	58	2	42
210580	110089	40	GK	60	68	64	56	58	62	38	58	1	77	25	24	0	25
210613	1910	21	CM	60	61	65	47	62	61	62	62	0	81	66	62	1	35
210711	697	95	GK	60	65	61	59	63	64	45	60	0	71	25	22	0	25
210723	165	21	LB	60	66	73	57	58	62	53	50	0	53	64	62	1	59
210729	1914	34	RB	60	72	76	30	52	61	58	50	0	44	59	28	1	39
210733	1914	34	ST	60	60	68	62	46	70	36	52	1	52	70	62	3	46
210794	670	53	CAM	60	60	62	51	59	64	41	53	0	58	64	55	2	55
210843	112096	183	LB	60	69	72	26	44	39	61	71	0	72	61	52	1	20
210889	91	14	LB	60	65	68	29	59	52	60	62	0	61	62	43	1	30
211071	110831	45	LM	60	67	77	60	56	63	39	51	1	52	69	64	1	46
211137	112393	183	CB	60	60	48	26	28	32	62	64	0	70	34	37	1	22
211234	110710	45	CM	60	60	57	49	56	76	33	40	1	40	76	49	3	56
211414	1940	14	CDM	60	58	64	46	54	54	60	64	0	80	48	52	1	38
211485	550	48	LM	60	68	72	58	59	65	36	47	0	58	62	69	2	43
211542	100769	40	GK	60	74	66	58	57	60	42	57	0	61	26	24	0	25
211720	110178	21	RM	60	65	74	40	61	58	35	52	0	54	61	42	2	39
211742	159	21	LM	60	68	74	52	64	64	56	62	0	62	63	73	2	75
211745	159	21	CDM	60	66	69	42	55	54	62	60	0	67	61	75	1	38
211793	111395	195	CB	60	66	67	32	49	43	59	66	0	75	53	43	1	26
211840	503	21	CDM	60	66	51	50	53	49	63	65	1	82	53	75	1	39
211999	36	21	CDM	60	79	62	34	56	57	59	66	0	75	64	60	1	40
212008	111398	195	ST	60	63	70	57	58	65	37	56	0	59	64	51	1	40
212138	111091	37	RM	60	70	88	53	63	59	48	63	1	73	62	56	1	44
212156	111140	56	ST	60	67	70	55	37	56	38	61	0	61	52	69	2	35
212424	687	95	CDM	60	75	55	48	61	63	57	50	0	52	69	66	1	39
212594	696	95	CM	60	71	76	52	51	61	58	55	0	52	58	58	1	41
212685	687	95	RB	60	66	55	32	58	55	62	56	0	57	59	41	1	38
212712	695	95	CB	60	60	71	40	49	56	58	68	0	68	56	40	3	49
212726	111140	95	CB	60	60	52	45	53	52	60	68	1	68	52	45	2	53
212727	111065	95	ST	60	64	54	49	44	57	42	70	1	91	66	59	2	21
212778	1477	167	CM	60	60	66	35	59	57	60	68	0	68	57	35	3	59
212809	111928	95	CB	60	64	64	28	52	54	62	61	0	64	55	42	1	20
212817	1476	167	ST	60	60	61	53	32	60	38	70	0	70	60	53	3	32
212885	693	103	CM	60	60	81	46	53	68	32	44	1	44	68	46	3	53
212950	682	18	CB	60	60	60	35	42	52	58	68	0	68	52	35	2	42
212951	682	7	ST	60	60	64	57	57	66	35	56	0	56	66	57	3	57
212956	697	95	LB	60	65	77	38	57	58	59	58	0	66	56	42	1	33
212958	697	70	CB	60	66	55	32	47	48	60	68	0	78	50	36	1	27
212992	300	24	ST	60	69	70	60	52	65	36	53	0	75	63	66	2	55
212993	300	36	GK	60	60	66	54	61	66	42	54	0	54	66	54	3	61
213131	702	208	CM	60	60	69	51	61	63	42	43	0	43	63	51	3	61
213134	32	21	CDM	60	84	64	39	64	61	56	52	1	48	69	46	2	52
213307	694	95	LM	60	69	71	57	56	61	37	43	0	32	63	65	2	43
213331	28	21	CB	60	83	60	27	39	41	60	64	1	85	58	41	1	20
213337	1439	54	CM	60	73	68	49	57	65	50	42	1	41	68	54	1	54
213338	1439	46	LM	60	67	72	52	52	67	44	48	0	58	68	67	1	56
213464	1870	46	RB	60	66	72	41	59	60	57	57	0	61	63	50	1	33
213498	111705	46	CM	60	68	61	52	56	69	54	55	1	58	72	56	1	49
213575	1476	54	ST	60	60	68	57	53	60	37	48	0	48	60	57	3	53
213733	100766	40	ST	60	77	67	60	53	65	38	56	0	58	65	69	2	48
213813	702	46	CM	60	70	61	47	61	58	58	53	0	57	63	48	1	54
213817	111271	97	RM	60	64	70	44	61	61	45	49	0	55	58	55	2	48
213896	111139	52	CM	60	60	74	50	58	58	55	61	0	61	58	50	3	58
213921	1913	34	GK	60	68	66	54	64	67	40	59	0	65	24	23	0	25
214595	10029	21	RB	60	67	66	33	60	58	61	61	0	63	57	38	1	36
214620	111091	37	ST	60	68	66	54	37	58	39	61	0	72	60	59	1	31
214884	1873	37	CB	60	71	59	45	50	60	62	62	0	86	58	56	1	49
215423	33	144	LM	60	72	78	50	55	67	43	42	0	34	58	57	2	44
215580	112512	37	ST	60	63	69	58	57	61	35	57	0	65	63	69	2	52
215582	112512	37	CAM	60	77	69	55	63	62	41	54	0	54	69	76	1	64
215691	100632	34	CM	60	63	69	46	65	61	58	61	1	62	63	63	1	44
215863	647	34	CM	60	60	63	54	57	58	47	64	0	64	58	54	3	57
215921	110913	18	RM	60	63	72	58	55	64	46	60	0	73	62	68	1	29
216112	100087	118	CB	60	60	61	27	39	38	59	70	1	70	38	27	2	39
216284	485	21	CB	60	60	38	31	35	37	60	72	1	72	37	31	2	35
216359	506	18	CDM	60	66	68	44	58	58	60	60	0	69	59	55	1	55
216386	10030	21	RM	60	66	72	48	54	63	42	52	0	48	62	65	2	37
216549	298	36	ST	60	70	72	59	51	62	34	54	0	80	56	55	1	42
216833	1909	34	GK	60	70	60	61	58	63	46	58	0	58	25	21	0	25
219637	479	45	GK	60	69	55	61	58	63	55	62	0	70	31	33	0	25
219654	1861	167	CAM	60	70	85	54	60	62	36	42	1	32	62	54	2	68
190539	1463	46	ST	60	67	74	53	43	58	39	62	0	67	60	62	1	48
200684	1799	14	ST	60	70	78	53	50	61	45	49	0	65	57	60	1	37
2702	357	14	LM	59	59	53	64	54	64	50	66	1	81	63	69	2	64
5445	1803	14	CB	59	59	37	27	54	47	60	61	0	72	56	34	1	25
11336	1933	14	CM	59	58	48	62	67	54	51	55	1	70	65	69	1	59
11793	1955	14	GK	59	59	65	54	65	59	35	56	0	58	28	36	0	25
19184	143	14	ST	59	58	40	55	50	52	46	67	0	85	63	57	1	34
19539	112254	14	CB	59	59	59	47	65	52	55	61	1	61	52	47	2	65
20337	306	123	ST	59	58	81	57	51	55	39	66	1	71	57	56	1	47
45848	112374	46	CB	59	59	54	38	45	45	61	66	0	66	45	38	2	45
47702	898	47	CB	59	61	50	47	57	52	60	63	0	72	62	68	1	49
51328	1930	14	CB	59	59	50	27	38	33	60	70	1	70	33	27	2	38
53343	357	14	CB	59	58	57	26	35	37	60	68	0	77	39	28	1	25
53363	1797	14	GK	59	62	63	58	60	62	37	53	1	62	25	35	0	25
53505	1480	14	ST	59	59	72	54	54	60	46	63	0	63	60	54	3	54
53818	1933	14	CM	59	59	62	44	58	56	53	63	0	59	59	56	1	28
100574	112512	37	ST	59	59	52	60	55	55	44	71	1	77	59	67	1	51
100745	1954	14	GK	59	59	56	54	55	62	41	62	0	70	21	25	0	25
100751	1925	25	CB	59	60	50	47	60	53	60	58	0	78	58	66	1	52
100905	1930	117	CB	59	59	74	29	40	49	61	73	1	73	49	29	2	40
101891	111651	14	CM	59	59	59	51	60	62	61	63	0	63	62	51	3	60
103582	1954	14	CB	59	59	56	34	40	44	60	72	1	72	44	34	2	40
111320	1929	14	CB	59	59	39	56	51	47	63	60	0	67	56	70	1	63
120040	1870	46	LB	59	60	52	45	62	56	59	58	0	65	61	49	1	57
122269	1940	50	RWB	59	56	60	42	58	42	59	67	0	82	55	60	1	35
122270	112259	42	CM	59	59	49	50	64	58	52	51	0	72	62	53	2	55
134734	321	46	RB	59	60	66	45	56	56	60	55	0	72	59	57	1	55
134812	1948	14	ST	59	60	58	56	36	57	38	59	0	72	58	62	1	56
136120	121	42	LB	59	59	62	27	53	57	60	60	0	70	63	24	1	34
137356	1838	27	GK	59	59	67	53	55	65	42	52	0	54	29	35	0	25
138251	86	42	RB	59	59	80	33	57	56	57	69	0	62	52	48	1	47
138423	1951	14	CDM	59	59	62	48	56	59	60	66	0	72	56	53	1	47
139233	111588	167	GK	59	59	62	60	59	55	53	61	0	61	55	60	2	59
139474	143	14	CB	59	59	52	29	39	34	62	68	0	72	36	38	1	25
139654	100805	42	CB	59	59	54	26	53	52	60	63	0	72	51	28	1	25
144418	700	46	CB	59	59	59	36	40	34	58	71	0	71	34	36	2	40
147931	112115	39	ST	59	59	48	64	68	76	32	51	1	51	76	64	3	68
148480	111087	37	LB	59	60	70	53	60	60	56	66	0	79	64	57	1	59
149654	306	25	CB	59	58	53	43	46	49	61	59	0	80	44	59	1	49
149672	422	14	CB	59	59	46	38	47	31	61	68	1	88	37	57	1	31
149687	445	25	CM	59	59	54	57	60	58	57	61	0	61	58	57	3	60
149776	111285	25	GK	59	59	58	61	50	59	36	60	0	58	21	21	0	25
150678	112549	18	RB	59	59	72	32	49	49	62	56	0	61	54	33	1	44
151564	112424	13	CB	59	59	68	41	40	35	63	72	1	72	35	41	2	40
152511	1946	14	CM	59	59	68	55	58	58	62	60	0	67	60	64	1	64
152574	112224	195	ST	59	59	49	57	34	55	42	66	1	66	55	57	2	34
152643	1925	25	CM	59	59	48	49	66	60	59	55	1	73	65	61	1	52
152697	1480	25	CB	59	60	57	30	41	42	62	69	1	83	50	46	1	20
155787	111092	37	RB	59	59	58	49	58	59	58	58	0	57	59	53	1	46
156162	1946	14	GK	59	59	63	56	57	62	53	57	0	67	25	26	0	25
157371	1936	14	LM	59	59	83	51	51	62	38	56	1	58	50	52	1	32
158073	1443	13	CM	59	61	70	53	66	58	49	43	1	62	68	63	1	65
158396	1862	136	ST	59	59	75	58	50	59	45	64	0	80	59	66	2	47
159391	86	42	CM	59	59	68	52	60	62	62	63	0	71	61	63	1	55
160769	110313	14	LB	59	61	79	49	54	58	56	65	0	58	56	61	1	53
161642	15015	14	ST	59	59	54	59	41	52	41	62	1	67	57	66	1	34
162391	1954	77	LM	59	62	81	51	53	60	56	57	1	65	57	57	2	47
162401	112254	14	GK	59	59	61	59	58	63	53	51	0	72	21	36	0	25
162454	1941	14	CDM	59	63	66	52	60	39	56	60	0	70	50	63	2	45
163306	1480	14	LM	59	61	80	58	55	62	57	53	0	56	59	68	1	65
163466	110569	18	CB	59	59	72	43	58	63	56	47	0	47	63	43	3	58
163608	1929	14	CDM	59	59	50	41	61	53	57	60	0	68	60	58	1	44
163757	110890	50	CB	59	74	63	42	57	59	58	58	0	67	58	50	1	33
165005	110747	37	CDM	59	60	42	52	63	56	56	58	0	59	48	53	2	55
165025	111087	37	RB	59	59	65	37	53	45	60	68	0	71	43	37	1	36
165156	112512	37	LM	59	58	66	52	61	60	53	42	0	82	59	84	1	67
166850	1935	14	GK	59	60	67	53	42	68	57	51	0	51	21	24	0	25
167328	563	25	RB	59	59	64	45	51	42	60	63	0	71	49	55	1	41
167691	82	14	RB	59	60	72	37	56	46	60	63	0	71	57	42	1	63
167695	100804	25	CM	59	58	62	43	61	63	64	70	0	32	62	54	1	53
167926	121	14	CM	59	66	71	53	58	59	61	64	0	66	60	50	1	48
168393	1844	27	GK	59	59	59	60	56	59	37	58	1	44	26	58	0	25
169441	100805	42	CB	59	59	63	26	55	57	60	68	0	68	57	26	3	55
169591	361	42	RB	59	63	70	41	58	59	56	58	0	60	58	53	1	43
169748	111651	47	CB	59	59	71	46	65	63	56	55	1	55	63	46	3	65
169800	1530	118	LB	59	62	73	36	51	58	59	54	0	58	56	56	1	43
170015	1951	25	CM	59	63	76	62	60	58	50	49	1	59	61	66	1	67
170124	110747	37	RB	59	59	64	48	59	54	62	60	0	79	48	59	1	47
170228	1940	14	RM	59	63	74	59	60	63	40	50	0	74	59	62	1	43
170249	1802	14	CDM	59	62	57	45	57	56	59	56	0	65	63	54	1	51
170288	1928	14	RM	59	63	80	49	52	65	42	42	0	49	62	53	2	54
170300	1946	14	ST	59	61	67	59	41	55	38	58	0	45	55	59	2	43
170579	434	52	CB	59	59	63	47	56	51	57	63	0	59	57	63	1	55
171083	1930	25	ST	59	59	82	55	49	62	36	55	1	55	62	55	3	49
172142	1447	13	RM	59	64	56	55	63	51	53	64	0	74	62	64	1	63
173349	83	14	RM	59	65	81	52	56	60	35	44	1	56	66	73	2	44
173498	1958	50	CM	59	63	59	52	67	46	55	52	1	58	63	65	1	67
173812	563	25	LB	59	64	80	53	57	57	57	59	0	59	56	56	2	59
173836	1929	14	ST	59	63	75	53	47	68	41	52	1	70	62	62	3	57
173891	361	14	RM	59	63	68	57	55	62	39	63	0	72	60	64	1	37
175816	1456	46	ST	59	59	79	55	49	60	37	54	0	54	60	55	3	49
175890	112199	36	CB	59	59	49	37	44	33	61	69	1	69	33	37	2	44
176257	420	37	GK	59	57	62	52	62	63	38	62	0	51	23	22	0	25
176799	702	104	CB	59	59	65	48	57	53	60	63	0	63	53	48	2	57
176862	112072	46	LM	59	58	72	40	53	57	51	64	0	64	56	37	1	53
176863	112374	46	CB	59	59	51	37	47	44	57	72	1	80	48	41	1	37
176988	112254	14	LWB	59	59	69	56	59	59	62	68	1	87	55	66	2	66
177056	112427	195	CB	59	59	73	54	59	57	59	63	0	63	57	54	3	59
177324	1929	99	LM	59	57	74	50	51	64	40	52	0	57	56	49	2	48
177461	702	46	CB	59	59	71	47	53	59	61	65	0	72	56	64	1	40
177799	894	47	LB	59	64	70	49	57	58	56	50	0	62	63	48	1	43
177989	1478	167	ST	59	59	93	44	58	50	43	52	1	52	50	44	2	58
178100	1928	14	ST	59	59	79	54	42	68	35	56	1	64	62	61	1	43
178392	696	95	GK	59	67	61	58	58	60	47	61	1	81	29	35	0	25
180181	423	25	CB	59	58	52	30	43	38	62	58	1	82	44	49	1	25
180280	1476	167	CM	59	59	63	51	55	56	59	65	0	65	56	51	3	55
180357	563	25	CB	59	60	34	37	43	33	61	58	0	82	44	56	1	22
180755	112224	195	GK	59	61	64	54	53	67	58	52	0	65	31	26	0	25
181737	306	25	RW	59	58	71	57	58	60	38	59	0	67	59	57	1	57
181796	423	25	RB	59	58	71	38	52	40	57	58	0	59	55	56	1	57
181879	1924	14	CDM	59	63	45	29	47	48	59	67	0	69	58	32	1	35
182156	423	25	CM	59	62	54	56	61	57	56	53	0	64	55	59	1	57
182185	1949	14	CM	59	63	71	53	59	56	53	60	0	71	63	55	1	54
182441	112427	195	RW	59	62	71	53	40	64	34	31	0	43	58	53	2	50
182489	112260	14	GK	59	60	59	61	47	62	25	56	0	49	20	25	0	25
182617	1797	14	ST	59	63	70	54	50	56	50	67	0	70	52	56	1	42
182649	298	36	GK	59	59	59	61	60	63	35	57	1	57	63	61	3	60
182729	1948	14	CM	59	62	64	36	59	57	58	64	0	73	60	55	1	26
182883	1797	14	RM	59	64	85	52	46	63	39	60	1	72	55	65	1	30
183146	1790	14	ST	59	58	78	56	48	60	40	58	0	67	59	58	1	45
183331	15015	14	CB	59	63	45	26	32	31	59	72	1	85	35	28	1	25
183347	12	47	GK	59	65	58	57	53	60	55	61	0	64	28	48	0	25
183460	1920	14	ST	59	64	80	55	47	61	38	56	0	58	54	62	2	46
183720	1803	14	CM	59	65	75	58	64	64	48	58	0	65	64	63	1	40
183778	1786	13	LM	59	62	86	34	63	44	61	64	1	67	59	46	1	44
183784	900	51	CM	59	64	69	60	62	62	53	52	1	66	63	63	1	71
184183	670	7	CB	59	68	54	32	47	31	62	65	0	80	43	46	1	38
184395	1928	50	LM	59	60	82	55	50	66	38	59	1	70	62	57	2	62
184843	1930	14	CB	59	65	60	53	38	42	59	69	1	83	44	67	1	25
184980	423	25	LB	59	62	62	40	58	57	57	64	0	57	55	56	1	28
185056	2056	167	LW	59	59	60	50	59	55	56	56	0	59	55	56	2	38
185437	361	14	CB	59	59	78	40	51	61	58	54	0	54	61	40	3	51
186136	423	25	ST	59	65	72	59	46	58	33	59	0	65	58	59	2	52
186137	111285	42	CM	59	59	76	46	55	64	42	57	0	57	64	46	3	55
186162	1929	14	RB	59	67	77	29	49	54	61	62	0	68	57	40	1	22
186705	693	95	CM	59	59	65	57	56	63	58	58	0	58	63	57	3	56
186794	1870	46	ST	59	58	68	56	47	53	44	62	0	71	55	65	1	49
186904	1934	14	CM	59	62	67	40	57	54	59	61	0	73	58	43	2	54
187178	1476	167	CB	59	62	65	46	60	48	57	58	0	58	57	43	1	53
187798	1945	14	CM	59	59	72	55	57	63	53	50	0	50	63	55	3	57
188094	1804	42	GK	59	63	62	56	64	64	55	53	0	66	20	24	0	25
188407	631	47	ST	59	59	64	54	45	52	42	67	0	67	52	54	2	45
188781	631	42	ST	59	66	76	61	47	63	43	45	0	62	62	59	2	64
188913	110746	37	ST	59	59	62	55	51	59	42	61	0	61	59	55	3	51
189021	434	47	GK	59	72	56	55	61	65	43	61	0	52	31	34	0	25
189163	15015	42	RM	59	65	71	57	52	59	47	64	0	71	58	61	1	47
189614	1936	14	ST	59	65	70	55	52	56	46	68	0	75	57	63	2	50
189668	1955	14	CB	59	59	70	36	52	56	60	53	0	53	56	36	3	52
189695	1924	25	RM	59	63	74	56	57	61	35	40	0	36	50	63	2	68
189802	15015	25	LB	59	63	68	43	59	55	59	60	0	78	58	44	1	43
189910	127	14	ST	59	70	56	58	46	53	39	57	0	65	58	66	1	30
190102	15015	14	LM	59	62	74	35	58	63	35	49	0	58	53	35	2	41
190200	81	14	CM	59	67	71	50	61	56	59	60	0	60	61	61	1	54
190583	112259	14	ST	59	68	66	48	53	57	40	67	1	81	66	67	1	28
190940	1802	14	ST	59	64	78	51	56	56	47	68	0	70	54	56	1	43
190983	1917	25	CB	59	65	65	32	55	42	59	61	0	72	56	38	1	32
191006	111393	195	CB	59	59	64	37	54	53	58	65	1	65	53	37	2	54
191095	1447	24	CB	59	65	51	39	45	49	60	61	0	67	51	45	1	23
191106	1463	46	LB	59	61	75	40	56	60	57	55	0	59	59	44	1	34
191433	112676	183	GK	59	57	61	60	61	56	42	60	0	68	25	21	0	25
191500	112390	183	ST	59	60	53	58	61	59	43	67	0	81	60	55	1	58
191820	1477	167	ST	59	59	65	55	57	58	47	67	0	67	58	55	3	57
191829	980	167	ST	59	59	68	57	49	60	38	62	0	62	60	57	3	49
191872	1475	167	ST	59	59	74	48	59	60	44	64	0	64	60	48	3	59
191978	1476	167	RB	59	66	74	38	54	60	58	56	0	59	59	40	2	33
192070	920	46	LB	59	68	71	31	50	53	55	67	0	72	53	51	1	28
192103	1870	46	GK	59	60	67	49	45	69	22	54	0	48	25	28	0	26
192250	111400	195	CB	59	65	42	39	47	47	57	68	0	82	47	40	1	28
192674	1853	45	GK	59	63	57	65	60	56	34	58	0	52	21	21	0	25
192695	1934	14	RB	59	66	73	36	56	56	58	62	0	64	57	42	1	32
193072	1862	103	RM	59	68	81	56	50	58	57	60	1	73	52	61	2	44
193300	111092	8	CB	59	59	70	51	50	63	58	66	1	66	63	51	3	50
193411	1862	47	GK	59	65	56	52	56	69	56	58	0	33	28	23	0	25
193473	1439	46	CB	59	69	54	36	47	45	61	65	0	76	55	52	1	41
193578	698	95	GK	59	66	62	59	60	64	32	55	0	65	22	25	0	25
193603	1962	50	LM	59	70	77	57	47	63	38	52	0	59	57	64	1	50
193683	110326	18	CM	59	73	71	55	65	60	40	38	1	44	66	66	2	61
193740	1939	14	LB	59	68	70	26	56	62	58	56	0	61	62	50	1	53
193884	1940	14	ST	59	69	77	49	53	64	47	46	0	49	67	56	1	54
194035	506	21	LB	59	66	80	51	57	65	56	50	1	42	64	64	2	60
194086	62	18	LB	59	65	67	32	56	54	56	64	0	61	64	55	1	32
194115	64	18	GK	59	65	65	57	63	62	30	55	0	73	25	22	0	25
194412	1790	14	CB	59	59	59	41	43	42	63	58	1	83	43	48	1	34
194429	1516	133	CM	59	66	69	43	56	58	62	62	0	75	61	47	1	47
194510	1951	50	LB	59	68	72	41	54	60	60	61	0	73	63	50	1	44
194718	1814	18	LM	59	68	84	48	58	62	57	54	1	77	63	57	2	49
194790	121	14	CB	59	66	54	31	40	39	58	67	0	78	42	46	2	43
194791	1937	25	ST	59	68	77	55	46	60	34	63	0	56	44	52	2	59
194855	110326	145	ST	59	59	70	58	45	63	38	58	0	63	59	57	2	48
195124	1480	14	RM	59	70	88	55	44	65	39	59	1	70	61	62	2	43
196316	110326	18	GK	59	64	60	59	56	61	47	56	0	62	25	35	0	25
197952	420	37	CDM	59	57	71	55	61	60	46	59	0	66	58	69	2	55
198212	894	47	CB	59	67	65	47	58	52	61	64	0	77	61	61	1	60
198287	111651	95	CM	59	59	67	52	56	61	57	60	0	60	61	52	3	56
198376	110313	14	CM	59	65	66	47	58	55	52	46	0	54	55	65	1	26
198414	19	47	GK	59	67	58	60	56	62	56	57	1	64	31	38	0	25
198591	894	103	ST	59	69	64	54	54	59	47	62	0	87	60	67	1	46
198658	298	36	CM	59	66	69	50	53	55	56	59	0	64	67	56	1	38
198812	111271	18	GK	59	59	57	61	63	61	29	61	0	37	21	25	0	25
198995	423	25	ST	59	59	71	54	41	56	38	71	1	71	56	54	3	41
199021	837	25	LM	59	60	80	52	57	55	50	42	0	33	55	58	1	60
199113	111835	46	CB	59	59	64	28	30	47	59	71	0	71	47	28	2	30
199253	111398	195	CB	59	59	58	32	52	28	59	72	1	72	28	32	1	52
199257	980	167	CM	59	62	54	54	56	50	64	57	0	82	51	56	2	39
199258	2056	167	CM	59	59	79	62	63	51	57	58	1	59	45	67	2	61
199431	111398	195	CB	59	65	48	38	45	35	58	67	0	82	42	48	1	36
199449	111395	195	CM	59	62	63	51	54	62	60	58	0	59	59	66	1	36
199553	2045	4	CDM	59	65	37	35	58	46	60	72	1	91	60	44	1	25
199632	1463	133	CM	59	69	67	57	57	61	55	68	1	72	73	66	1	55
199730	2023	39	GK	59	63	60	61	49	67	48	54	0	48	25	49	0	21
199748	1445	13	LB	59	66	80	40	59	47	59	57	0	78	50	64	1	67
199768	110636	4	CM	59	75	67	57	63	63	54	54	0	57	66	65	1	57
199890	1862	47	RM	59	68	73	58	50	63	51	61	0	51	64	59	1	57
199896	898	47	ST	59	66	63	57	51	58	46	66	0	70	52	60	1	50
200203	1936	14	CAM	59	64	74	53	58	60	45	46	0	46	62	57	2	60
200286	121	14	RB	59	68	70	27	52	56	61	63	0	68	55	28	1	26
200291	1798	14	LM	59	69	82	61	54	66	35	54	1	47	57	68	3	45
200353	65	18	RB	59	70	52	34	42	37	62	64	1	92	49	47	1	35
200411	12	14	ST	59	73	84	60	38	66	39	47	1	61	64	70	1	44
200440	1946	50	LM	59	68	78	49	50	66	36	48	1	42	60	47	3	31
200465	1949	14	ST	59	69	68	54	45	56	41	64	0	74	55	61	1	35
200527	112224	195	ST	59	63	91	63	41	68	29	43	1	39	62	63	2	68
200579	111588	167	ST	59	59	59	53	48	58	46	68	0	68	58	53	3	48
200714	7	14	ST	59	76	70	63	47	52	36	50	1	49	66	77	2	65
200743	83	14	CB	59	59	54	30	42	50	57	68	0	68	50	30	2	42
200750	111588	167	GK	59	59	61	56	67	60	33	56	0	56	60	56	3	67
200821	1793	14	CM	59	69	70	57	60	61	51	53	0	58	61	62	1	34
201132	111091	37	CB	59	64	53	34	53	48	58	62	0	76	51	53	1	33
201145	1738	18	ST	59	66	69	39	57	58	61	61	0	68	61	59	1	45
201337	620	36	ST	59	67	69	54	34	49	42	64	0	61	54	65	1	29
201526	1788	13	ST	59	69	80	55	33	67	32	56	0	45	60	55	1	32
201958	110	14	RB	59	71	71	39	50	55	59	61	0	74	56	65	1	21
201975	1480	14	LB	59	69	75	48	59	54	56	57	0	56	60	59	1	48
202048	1794	14	CM	59	68	67	54	52	51	59	51	0	66	66	71	2	58
202079	111705	46	GK	59	66	59	56	54	64	26	60	0	65	29	36	0	25
202214	688	95	RB	59	63	74	48	59	57	59	52	0	55	55	51	1	47
202256	112199	36	CB	59	61	45	39	48	35	62	60	0	80	55	61	1	36
202352	111070	95	CB	59	59	69	56	60	60	59	56	0	56	60	56	3	60
202533	1802	25	RB	59	67	72	28	50	59	59	67	0	66	55	29	1	28
202610	1871	37	ST	59	66	80	54	38	60	43	57	0	58	58	56	1	32
202695	1920	14	CB	59	79	54	26	42	41	58	64	0	64	58	28	1	56
202745	1802	14	CB	59	59	64	27	34	35	60	59	0	59	35	27	2	34
202771	1938	14	CM	59	66	80	55	62	66	53	40	0	31	53	59	1	51
202841	1939	25	LB	59	66	69	44	58	56	58	58	0	64	59	57	1	57
202921	111140	198	GK	59	59	59	62	60	58	47	57	0	57	58	62	3	60
202960	112115	167	ST	59	59	72	53	51	55	41	56	0	56	55	53	2	51
202967	1473	167	CM	59	63	65	52	60	58	53	61	0	60	57	49	1	56
202971	980	167	GK	59	62	56	55	61	63	44	61	0	44	33	25	0	25
202974	983	167	RB	59	64	78	45	60	57	60	58	0	69	56	59	1	44
202984	1476	167	CF	59	62	69	57	44	59	52	46	0	62	57	59	1	55
202990	1475	167	ST	59	59	80	57	52	56	45	70	0	70	56	57	3	52
203005	112115	167	CB	59	64	59	33	33	37	61	67	0	69	41	33	1	42
203056	1960	14	CB	59	59	78	31	55	64	56	46	0	46	64	31	3	55
203139	1933	14	CB	59	71	61	26	44	40	62	68	0	73	42	25	1	30
203289	121	14	ST	59	77	81	52	50	62	32	52	1	35	58	50	2	46
203450	110500	21	CB	59	64	64	34	54	40	60	54	0	67	46	32	1	54
203541	620	35	CB	59	64	65	34	42	45	61	66	0	70	56	41	1	36
203569	111400	195	RW	59	63	73	59	54	61	44	42	0	59	64	60	2	51
203749	1790	14	CB	59	65	59	26	45	45	58	70	0	81	47	34	1	21
203851	111821	4	CB	59	67	53	25	32	31	62	70	1	86	39	20	1	26
203899	111373	4	RM	59	65	78	47	55	57	59	56	0	66	56	57	1	57
203966	1832	21	LB	59	62	48	32	52	34	65	60	0	69	53	55	1	48
204092	23	21	GK	59	68	64	59	63	66	31	51	0	77	30	31	0	25
204241	112549	18	CB	59	66	68	25	38	41	63	67	0	72	47	33	1	26
204292	15	14	ST	59	64	77	59	31	55	39	54	0	58	54	64	1	56
204347	1867	45	CB	59	71	46	38	46	39	61	60	0	74	51	55	1	36
204356	563	14	CB	59	65	57	33	39	41	60	68	0	71	41	35	1	45
204393	100634	34	GK	59	66	56	55	68	70	31	55	1	77	21	22	0	25
204455	112259	18	RM	59	66	87	45	46	67	41	48	1	57	64	45	2	25
204513	71	18	GK	59	77	58	58	56	68	48	56	0	78	21	20	0	25
204686	88	95	CB	59	78	71	47	51	47	60	64	1	75	56	56	1	42
204828	110704	45	RB	59	71	68	51	63	64	61	62	0	59	65	64	1	52
204935	15015	14	GK	59	75	66	51	61	61	48	59	0	47	23	21	0	25
205049	111397	195	CB	59	63	65	29	54	39	55	67	0	73	48	44	1	30
205202	110746	37	CB	59	68	63	37	55	56	58	60	0	71	46	44	1	36
205235	15005	7	LB	59	63	67	36	55	54	55	49	0	34	59	47	1	32
205281	980	167	CB	59	59	64	43	60	62	59	62	0	62	62	43	3	60
205361	109	14	CB	59	65	62	32	37	34	58	65	0	63	37	46	1	37
205380	110724	7	LM	59	69	64	34	63	62	50	53	0	40	61	37	1	34
205393	1941	14	CB	59	70	65	36	55	49	57	58	0	65	49	45	1	20
205480	301	37	GK	59	59	64	56	54	63	42	57	0	57	63	56	3	54
205529	111974	27	CB	59	76	61	32	42	41	59	64	0	72	50	39	1	31
205531	1843	27	CM	59	76	60	53	61	61	50	56	0	69	72	72	1	60
205650	1793	14	ST	59	72	76	54	44	59	37	59	0	69	61	69	1	35
205959	1952	14	CAM	59	70	61	52	58	59	47	54	0	60	62	40	1	54
205985	702	46	ST	59	69	60	52	48	55	39	64	0	83	66	61	2	29
206310	217	18	CDM	59	71	62	44	58	57	59	54	0	54	56	59	1	49
206472	982	167	CAM	59	63	78	52	54	60	42	44	0	28	59	58	2	35
206519	1946	14	LM	59	66	78	54	55	62	46	53	0	62	53	61	2	64
206536	112254	14	CB	59	65	65	29	49	37	57	68	0	63	45	45	1	23
206553	378	18	CB	59	71	52	33	47	40	59	69	1	87	52	49	1	34
207505	1524	36	ST	59	59	69	53	45	58	37	63	0	63	58	53	3	45
207544	1475	167	CDM	59	64	67	34	60	57	60	62	0	64	54	21	1	58
207571	111140	95	ST	59	59	73	55	36	65	39	52	0	52	65	55	3	36
207580	321	46	RM	59	64	69	53	51	64	34	48	0	49	64	59	2	65
207584	321	46	ST	59	66	60	51	43	54	42	66	1	87	61	71	1	29
207745	66	18	RB	59	68	86	33	41	54	57	46	1	44	42	77	1	35
207753	1478	167	CB	59	64	61	26	26	28	62	72	1	84	28	33	1	27
207853	111928	95	CM	59	59	72	60	52	62	37	52	1	52	62	60	3	52
207947	72	18	CB	59	59	76	34	47	45	58	62	0	62	45	34	2	47
207967	697	95	CDM	59	66	77	55	58	62	56	43	1	42	60	75	1	70
208056	1475	167	CAM	59	66	75	56	59	58	40	54	0	51	57	54	2	43
208074	1475	167	CDM	59	63	72	33	52	60	61	57	0	72	58	44	1	36
208109	111400	195	ST	59	66	85	54	41	57	35	52	1	40	55	57	2	28
208122	112072	46	LB	59	66	76	35	54	51	61	57	0	65	60	55	1	37
208168	1943	136	RM	59	66	70	52	54	58	41	50	1	66	62	68	2	57
208350	1841	36	CB	59	65	53	31	50	49	60	67	1	71	57	45	1	27
208414	1790	14	ST	59	59	65	56	47	59	37	61	0	61	59	56	3	47
208436	112267	46	ST	59	59	66	54	39	52	45	63	1	63	52	54	2	39
208544	1796	35	CB	59	59	67	29	44	58	60	62	0	62	58	29	3	44
208560	110929	140	GK	59	69	63	59	52	63	43	54	0	79	25	25	0	25
208570	1841	36	RM	59	65	67	57	54	62	52	62	1	72	63	73	1	41
208592	111070	95	CDM	59	70	66	46	57	63	59	44	0	53	66	61	1	38
208659	682	7	LM	59	65	71	46	57	62	43	56	0	56	61	53	1	36
208776	28	21	GK	59	74	63	54	53	58	32	65	1	49	33	28	0	25
208929	112139	183	CDM	59	67	61	36	49	53	65	54	0	80	58	52	1	34
208974	607	183	RM	59	66	77	49	57	61	46	50	0	50	50	60	2	37
208978	112096	183	ST	59	59	45	54	31	51	40	69	0	80	52	63	1	30
208992	111674	183	RB	59	64	79	36	54	64	56	60	0	61	60	43	1	25
209039	106	46	ST	59	69	81	53	42	64	32	49	1	39	61	64	2	35
209043	112407	183	CDM	59	59	64	59	61	57	56	56	0	64	58	63	1	63
209196	110329	21	RB	59	66	70	27	48	45	60	58	0	64	52	39	1	22
209213	112395	183	CDM	59	62	61	49	58	52	62	55	1	83	52	53	1	48
209219	112395	183	LM	59	62	55	42	60	56	49	49	0	44	56	53	1	34
209253	112260	14	RM	59	62	79	53	53	59	35	52	0	59	55	61	1	34
209254	112254	14	LWB	59	52	81	58	50	60	37	42	1	53	57	60	1	56
209332	896	47	GK	59	66	59	61	57	58	44	57	0	54	31	48	0	25
209415	110746	37	RB	59	66	69	29	56	58	61	55	0	66	50	25	1	28
209454	110746	37	LB	59	69	77	47	60	63	61	52	0	64	59	62	1	39
209533	1806	47	ST	59	73	76	58	51	59	35	59	0	58	58	62	1	40
209618	1820	18	CDM	59	67	63	50	59	56	60	59	0	61	62	62	1	60
209631	1814	136	LB	59	64	67	36	50	52	57	56	0	61	48	35	1	32
209691	1814	99	CB	59	73	63	27	36	31	59	65	0	73	58	33	1	28
209968	110500	21	RW	59	66	77	52	55	64	32	46	0	41	63	64	1	38
209987	31	21	GK	59	69	64	55	66	61	55	54	0	82	21	37	0	25
209988	38	21	CAM	59	76	71	50	56	62	38	44	0	43	64	54	2	46
209994	110636	21	CM	59	59	63	46	56	58	57	60	0	60	58	46	3	56
210004	169	21	CM	59	75	73	41	57	60	62	62	0	61	68	65	1	39
210012	1904	34	CM	59	65	61	44	61	60	59	57	0	59	62	53	1	42
210028	112387	183	CDM	59	62	72	39	49	59	62	64	0	77	61	67	1	25
210041	38	21	LB	59	74	74	36	54	58	59	58	0	61	55	45	1	35
210116	111139	70	CB	59	64	59	32	38	37	59	67	0	73	42	49	1	26
210155	171	21	CB	59	59	55	29	36	38	57	56	0	56	38	29	2	36
210230	112407	183	LM	59	64	68	39	61	56	52	62	1	60	61	50	1	37
210236	165	21	CB	59	59	60	28	42	43	58	60	1	60	43	28	2	42
210277	111271	18	CAM	59	72	78	50	63	64	40	47	0	30	64	53	1	54
210303	110178	21	CDM	59	69	66	35	57	53	60	61	0	67	60	45	1	36
210311	256	4	LW	59	67	85	59	45	67	30	44	1	40	62	65	2	59
210313	256	4	RW	59	72	77	57	52	64	32	46	0	44	62	60	1	39
210354	32	21	LM	59	64	59	46	58	65	39	35	0	25	64	51	1	55
210366	32	21	GK	59	65	65	52	59	62	36	57	0	65	25	33	0	25
210407	1801	14	CB	59	60	63	55	58	58	59	66	0	77	60	60	1	50
210432	379	18	GK	59	70	64	56	56	61	47	55	1	58	21	24	0	25
210486	2045	4	LB	59	69	74	29	47	58	60	58	0	69	59	25	1	25
210501	112392	183	ST	59	59	70	52	36	58	37	59	0	59	58	52	3	36
210697	269	13	CAM	59	73	55	51	65	64	50	54	1	65	68	56	2	49
210698	28	21	CM	59	76	51	47	56	63	51	55	0	59	63	56	1	49
210719	1824	21	CB	59	76	53	31	44	38	59	66	0	69	44	41	1	35
210774	898	10	GK	59	58	59	62	57	62	36	56	0	48	25	25	0	22
210872	239	54	RW	59	75	64	50	53	69	33	42	1	37	66	45	2	54
210988	112395	183	LB	59	61	77	26	59	65	57	48	0	62	62	24	1	33
211070	111092	37	CDM	59	66	55	44	58	51	61	52	0	73	57	60	1	47
211098	1802	14	RM	59	74	74	55	55	57	55	54	0	54	59	55	2	55
211118	110746	37	CM	59	59	75	46	54	62	36	54	0	54	62	46	3	54
211194	874	37	RM	59	65	63	55	60	63	54	50	0	58	65	56	2	48
211287	299	108	LM	59	74	77	58	39	58	40	57	0	59	67	70	2	64
211313	110234	40	LB	59	75	71	36	52	60	59	54	0	56	51	51	1	39
211421	1960	50	ST	59	72	72	55	47	57	37	66	0	72	55	64	1	38
211717	111766	198	RB	59	71	81	47	56	59	44	52	1	56	61	61	2	43
211746	506	21	CM	59	69	70	52	57	68	38	45	1	54	66	66	2	60
211855	1832	21	CDM	59	67	61	38	56	50	61	58	0	62	54	46	1	37
211856	10029	21	LB	59	78	70	48	54	58	59	69	1	77	60	69	1	26
211927	983	167	CAM	59	68	58	53	58	60	48	46	0	57	59	58	1	61
211952	31	21	LM	59	73	70	56	61	57	41	55	1	76	63	78	2	65
212000	36	21	LM	59	74	71	53	53	66	34	49	0	51	65	61	2	41
212120	100081	7	CB	59	76	65	32	52	45	57	60	0	76	57	53	1	34
212260	981	167	ST	59	67	65	54	45	53	48	62	0	73	58	68	1	37
212273	66	103	RW	59	76	88	50	50	65	33	48	1	59	60	59	2	40
212319	982	167	ST	59	65	64	50	33	56	38	66	0	77	55	57	2	24
212321	32	21	CDM	59	65	59	42	57	57	59	55	0	51	61	49	1	46
212398	111083	37	ST	59	59	66	58	49	56	35	54	0	54	56	58	3	49
212431	982	167	CB	59	65	59	26	27	30	57	70	0	75	34	36	1	21
212443	112237	27	CB	59	75	55	49	54	56	59	59	0	68	60	61	1	40
212485	650	34	CB	59	71	58	49	62	61	58	61	0	52	65	59	1	61
212637	900	117	ST	59	66	79	53	40	55	35	64	0	61	60	60	2	31
212723	111065	95	CM	59	65	55	57	59	59	53	64	0	63	63	68	2	41
212732	111144	95	LB	59	65	84	44	53	50	57	61	1	61	49	50	1	54
212776	112115	167	CDM	59	62	63	29	55	37	63	60	0	59	36	30	1	20
212827	697	95	ST	59	63	77	57	47	57	39	62	0	72	57	64	2	42
212919	2056	167	ST	59	59	64	53	32	45	40	70	0	70	45	53	2	32
212949	682	7	CDM	59	63	57	29	61	56	59	61	0	74	59	35	1	44
213009	607	183	ST	59	68	68	55	38	57	34	64	0	57	54	65	2	33
213089	710	117	ST	59	59	66	60	52	60	34	57	0	57	60	60	3	52
213406	689	56	CM	59	63	65	57	64	65	49	48	0	43	63	67	2	68
213418	1	14	ST	59	75	81	53	52	61	37	64	1	73	56	55	1	36
213471	319	46	CAM	59	72	67	54	60	67	47	52	1	43	70	69	2	80
213485	315	40	CB	59	59	58	30	30	37	60	63	0	63	37	30	2	30
213496	111705	46	LW	59	65	65	50	60	62	42	46	0	48	61	51	1	51
213520	110745	37	LB	59	65	70	38	54	60	62	52	0	70	49	38	1	31
213644	33	21	CDM	59	68	68	53	51	60	58	62	0	71	59	67	1	45
213708	418	36	CM	59	64	52	45	56	57	56	56	0	73	56	50	1	37
213721	689	103	LM	59	64	83	56	50	71	35	50	1	57	64	71	2	55
214066	10029	21	LB	59	68	70	33	59	58	59	56	0	54	59	39	1	37
215459	110770	47	ST	59	59	65	60	43	55	41	62	0	62	55	60	2	43
215510	100769	40	ST	59	71	73	56	51	56	38	60	0	58	58	53	1	44
215511	897	1	CAM	59	66	66	50	61	57	44	56	0	71	60	60	1	47
215546	100634	34	GK	59	68	63	58	59	60	40	55	0	60	25	21	0	25
215658	1443	36	RB	59	60	52	28	41	38	60	67	0	72	48	40	1	22
215690	100632	34	CB	59	59	70	41	54	61	58	53	0	53	61	41	3	54
216173	112022	4	GK	59	66	62	54	53	63	47	58	0	68	23	24	0	25
216409	200	27	RW	59	74	73	48	46	65	34	42	0	38	68	63	2	36
216416	160	21	RB	59	77	72	27	56	51	61	51	0	63	59	31	1	33
216773	1906	34	RW	59	68	81	56	50	63	36	49	1	50	63	71	2	40
217787	2045	10	CB	59	68	63	27	26	32	62	65	1	82	41	38	1	20
217999	417	95	ST	59	59	65	54	49	59	37	66	1	66	59	54	3	49
204176	110636	48	RM	59	69	68	59	57	61	53	56	1	75	63	73	2	44
195023	110109	40	CB	59	65	66	28	42	35	61	65	0	79	43	25	1	46
205231	78	42	CB	59	67	69	28	35	57	58	63	0	72	55	40	1	27
208096	1	21	CAM	59	73	68	48	56	64	37	50	0	58	63	49	2	50
208291	1799	14	LW	59	76	79	45	49	63	43	50	0	36	59	52	1	39
2786	111398	14	ST	58	58	58	58	33	50	37	56	0	56	50	58	2	33
11386	1930	14	ST	58	58	44	54	39	50	48	73	1	90	62	68	1	25
12164	1790	14	GK	58	58	61	55	61	57	23	58	0	62	25	25	0	25
13354	81	25	RB	58	58	64	33	61	53	59	64	0	66	53	36	1	38
15305	112259	50	CB	58	58	52	32	41	37	59	59	0	59	37	32	2	41
18756	1962	14	CM	58	55	54	53	62	57	57	56	0	64	59	57	1	58
19341	1946	14	LB	58	57	52	44	55	45	58	65	0	71	48	51	1	59
19349	91	25	GK	58	58	54	56	65	63	46	57	0	57	63	56	3	65
19582	1940	42	CB	58	60	54	40	36	45	58	64	0	75	41	37	1	40
19685	1924	14	LB	58	62	55	47	62	63	59	61	0	74	64	56	1	51
21008	112267	46	CB	58	58	58	31	51	50	58	66	0	66	50	31	2	51
49521	112022	24	ST	58	58	66	52	43	43	43	68	1	83	57	62	1	40
50030	2056	167	CB	58	58	77	42	50	57	58	53	0	53	57	42	3	50
50079	111821	4	ST	58	61	87	52	55	61	42	48	1	43	55	67	1	41
52691	445	42	CB	58	58	34	34	41	30	62	58	1	58	30	34	1	41
53467	1945	14	RM	58	59	49	53	58	59	44	46	0	59	60	57	1	60
53668	111285	25	CM	58	58	55	58	61	60	58	56	0	56	60	58	3	61
53711	1946	14	ST	58	58	60	55	50	62	40	68	0	76	61	57	1	35
100470	1948	35	GK	58	56	61	59	51	58	49	57	0	66	24	25	0	25
100557	1955	25	CDM	58	57	54	50	60	50	56	50	0	66	64	54	1	69
119363	1943	14	CB	58	58	56	29	48	45	59	56	0	56	45	29	2	48
136522	111588	167	LB	58	58	66	47	55	52	59	57	0	74	54	56	1	46
138243	77	42	CM	58	58	64	51	60	61	55	60	0	60	61	51	3	60
138288	143	50	LM	58	59	61	54	56	60	40	49	0	58	60	59	2	60
139292	1948	14	CB	58	58	49	25	42	41	61	65	0	65	41	25	2	42
139316	1804	14	CM	58	58	61	52	58	55	60	62	0	76	59	55	2	56
140424	1801	14	ST	58	57	71	52	47	52	49	68	0	74	55	50	1	43
142291	357	14	CDM	58	57	50	60	59	58	55	64	0	70	64	60	1	52
144080	111822	29	CDM	58	58	59	46	51	64	62	60	0	67	68	45	2	41
149657	306	25	CB	58	58	52	34	43	33	61	59	1	90	44	54	1	25
149697	1962	35	CB	58	58	60	39	44	46	57	70	0	81	50	45	1	43
149717	1572	25	ST	58	56	66	59	53	54	36	56	0	56	57	57	1	55
149737	306	25	CB	58	58	53	48	59	50	58	56	0	56	50	48	2	59
149775	306	25	CM	58	56	72	54	59	58	50	55	0	70	61	51	1	54
149782	838	25	ST	58	55	51	56	48	53	40	66	0	70	59	55	1	58
150543	112410	27	CF	58	61	74	56	61	68	35	46	1	53	69	59	2	58
150721	110313	14	GK	58	58	55	61	51	60	58	57	0	69	30	30	0	25
150830	111400	35	CM	58	58	43	42	52	34	63	62	0	62	34	42	2	52
152080	111822	4	CB	58	58	53	39	39	40	57	68	0	74	52	41	1	36
152482	1951	14	LB	58	59	60	31	44	41	62	67	0	75	41	32	1	57
152484	373	14	CB	58	61	70	27	39	32	61	68	1	88	37	35	1	25
152493	110313	133	ST	58	60	73	47	44	57	42	74	1	86	61	70	1	25
152519	1946	14	RB	58	58	63	42	57	56	57	61	0	54	55	47	1	49
152712	422	14	CB	58	58	60	49	58	49	58	65	0	65	49	49	2	58
152750	1951	14	RB	58	59	58	36	61	53	61	52	0	68	55	59	1	59
156905	306	25	CM	58	58	61	54	59	53	59	61	0	61	53	54	2	59
157190	423	25	CM	58	57	54	52	59	59	55	55	0	59	57	58	2	36
157936	111989	118	GK	58	59	57	53	60	68	50	52	0	49	21	21	0	25
162128	111822	45	CM	58	59	73	53	60	66	39	57	0	52	64	56	2	36
163162	306	25	CB	58	58	67	28	42	54	58	67	0	67	54	28	2	42
163477	423	25	CM	58	58	65	54	58	59	56	61	0	61	59	54	3	58
163569	100804	14	GK	58	58	55	60	61	57	45	61	0	63	25	21	0	25
163582	81	25	RB	58	58	65	25	50	46	59	66	0	75	53	25	1	25
163768	1955	14	LB	58	58	57	57	58	56	57	65	1	73	56	75	1	81
164624	1841	36	RM	58	60	61	55	53	67	47	44	0	56	67	67	2	67
165316	1954	25	CM	58	60	65	34	65	57	48	58	1	65	58	45	1	49
165441	1936	14	CM	58	59	61	51	58	53	59	65	0	82	56	57	1	42
165446	1456	36	CM	58	61	71	65	55	67	54	51	1	72	67	65	2	62
165464	1949	34	LM	58	58	78	58	50	63	35	44	0	51	63	68	2	61
166117	1928	14	GK	58	63	60	53	55	63	55	58	0	68	33	35	0	25
166713	306	25	GK	58	59	59	57	54	61	34	57	0	35	24	25	0	25
167697	837	25	CM	58	58	63	51	59	51	58	55	0	58	58	57	1	57
168345	111400	54	CB	58	58	41	48	53	49	57	64	0	64	49	48	2	53
168913	898	47	ST	58	67	78	53	49	52	46	62	0	70	63	61	1	35
169483	110326	18	CB	58	62	52	28	42	31	58	68	1	83	41	43	1	27
169489	1801	14	CM	58	58	54	56	60	52	51	57	0	66	62	62	1	63
169709	112254	14	CB	58	65	61	31	45	39	57	62	1	79	43	42	1	24
169736	1951	14	CM	58	59	70	55	62	58	48	60	0	60	62	62	1	39
170229	1954	14	CB	58	60	63	29	48	42	57	70	1	76	56	41	1	28
170766	1715	27	LB	58	58	68	62	61	60	56	67	1	74	61	83	1	56
171765	112260	14	CB	58	58	69	55	51	57	58	56	0	56	57	55	3	51
171816	1951	14	CB	58	62	51	26	42	30	59	66	1	72	44	38	1	22
171889	423	25	ST	58	58	64	56	56	58	37	69	0	69	58	56	3	56
171982	1940	14	ST	58	57	66	50	50	57	50	72	1	80	58	64	1	24
172244	674	7	GK	58	62	61	54	60	62	37	53	0	58	33	27	0	25
173642	1754	42	RB	58	66	54	30	54	52	57	66	0	71	53	43	2	25
174134	212	104	CB	58	58	53	46	52	51	65	62	0	62	51	46	2	52
175603	423	25	GK	58	59	66	51	45	61	52	57	1	70	21	32	0	25
175892	112374	36	RM	58	58	70	55	51	61	44	46	0	32	64	68	1	37
177470	321	46	CM	58	63	50	62	65	54	52	54	1	73	60	82	1	50
177747	1951	14	LM	58	64	81	58	53	57	44	54	1	61	51	57	1	53
179895	111705	46	GK	58	58	57	53	45	64	40	61	0	61	64	53	3	45
180351	423	25	RM	58	58	60	56	58	59	39	58	0	56	59	58	1	59
180591	111928	95	CB	58	58	50	27	46	46	61	58	0	73	47	21	1	40
180779	112096	183	CDM	58	58	68	59	58	52	56	59	1	77	59	60	1	71
180894	306	25	RM	58	64	71	52	55	59	43	57	0	47	61	58	2	55
180994	111651	95	GK	58	58	59	54	57	61	30	60	1	57	25	40	0	25
181015	111398	195	GK	58	61	61	55	55	60	41	58	0	70	27	25	0	25
181480	111396	195	ST	58	58	64	59	50	61	44	54	0	54	61	59	3	50
181687	563	25	LB	58	57	72	49	53	56	57	60	0	63	57	56	1	34
182895	420	37	CF	58	58	81	53	46	55	41	68	1	71	47	62	2	39
183140	143	37	GK	58	65	63	54	45	66	50	52	0	64	29	24	0	25
183335	111400	195	GK	58	58	62	55	51	60	46	58	0	67	31	21	0	25
183466	306	25	ST	58	61	75	53	51	57	38	65	0	70	54	54	1	32
183544	127	25	ST	58	58	63	59	58	62	34	42	0	42	62	59	3	58
183649	361	14	CM	58	60	69	46	66	58	48	58	1	76	62	54	1	57
183681	15015	35	CM	58	65	65	55	62	58	46	58	0	58	65	62	1	56
183780	1955	14	CB	58	65	58	32	43	28	59	65	0	67	35	43	1	23
183807	357	25	RM	58	55	56	57	28	53	37	61	0	62	56	64	1	37
184448	1744	27	CB	58	62	51	35	48	51	64	65	0	71	49	65	1	25
184466	15015	35	ST	58	64	69	60	60	54	41	62	0	71	66	67	1	44
184543	897	47	CM	58	64	64	52	58	55	60	62	1	64	61	73	1	52
184589	1941	14	RM	58	64	73	58	51	61	40	58	0	56	59	62	2	54
184663	1948	14	RM	58	61	77	56	53	61	38	57	0	68	58	63	1	53
184753	445	25	RB	58	63	63	43	54	48	57	58	0	70	54	55	1	54
184768	121	117	CM	58	59	67	29	56	59	66	59	1	75	60	32	2	32
186497	357	14	RB	58	58	72	32	52	58	60	53	0	67	63	43	1	44
186500	1715	47	CDM	58	62	43	40	51	48	62	64	0	81	55	41	1	43
186572	1954	14	CM	58	63	72	53	53	63	46	50	0	60	62	58	1	47
186838	445	35	GK	58	58	62	56	57	62	33	57	0	64	25	25	0	25
186966	112267	46	GK	58	66	61	57	48	63	48	54	0	51	21	40	0	25
187144	110765	167	GK	58	64	57	60	59	56	31	62	0	65	25	25	0	25
187335	112267	46	CM	58	58	75	63	54	57	44	59	1	59	57	63	3	54
188376	112254	35	CM	58	66	70	46	60	54	58	64	0	78	63	53	1	53
188522	112134	54	LB	58	60	76	49	53	60	59	54	0	58	59	47	2	38
189142	1940	14	LB	58	65	75	33	49	51	59	57	0	66	49	39	1	33
189900	1796	14	RB	58	68	72	42	56	62	56	64	0	69	60	56	1	59
190004	898	47	CAM	58	67	66	52	56	57	55	58	0	59	65	61	1	57
190011	1862	47	CM	58	58	70	48	54	57	54	54	0	54	57	48	3	54
190061	110770	47	GK	58	66	62	56	54	61	56	54	0	72	24	33	0	25
190179	100805	50	GK	58	68	57	58	59	61	47	55	0	65	22	25	0	25
190201	111993	27	ST	58	58	62	55	52	61	38	55	0	55	61	55	3	52
190505	1937	14	CM	58	58	77	57	54	61	36	53	0	53	61	57	3	54
190690	874	37	CDM	58	64	43	50	61	59	45	48	0	42	54	45	1	42
190915	111086	37	ST	58	65	56	52	58	57	54	56	0	74	63	60	2	42
191011	112020	27	GK	58	76	58	61	60	58	49	57	0	49	22	45	0	25
191153	319	46	GK	58	65	60	58	53	65	30	50	0	64	31	28	0	25
191182	321	46	CB	58	62	52	35	43	41	60	61	1	85	54	59	1	32
191187	1439	72	ST	58	58	81	53	51	60	39	58	1	58	60	53	3	51
191481	112096	183	CB	58	60	56	49	57	52	61	66	0	77	57	65	1	55
191684	981	167	GK	58	62	60	59	57	57	48	61	0	59	32	25	0	25
191685	112115	167	GK	58	58	59	60	59	58	40	58	0	58	58	60	3	59
191845	112407	183	CDM	58	58	58	46	51	50	62	60	0	66	51	51	1	52
192229	110746	108	CDM	58	63	59	50	57	61	60	62	0	75	59	57	1	46
192482	373	14	CB	58	66	79	27	32	35	61	63	0	58	42	29	1	25
192582	837	25	CM	58	63	62	52	59	54	58	58	0	64	59	57	1	47
192604	306	25	CDM	58	60	63	56	60	55	57	65	0	82	53	58	1	62
192890	1882	83	LB	58	61	73	53	57	64	41	56	0	60	68	55	2	51
192974	1443	13	CM	58	58	81	58	48	61	41	49	1	49	61	58	3	48
193074	110326	18	RB	58	63	56	32	48	33	60	59	0	64	55	39	1	42
193173	1955	35	CDM	58	65	69	54	58	53	57	68	0	72	64	66	1	57
193183	1934	14	LB	58	63	68	40	57	55	53	43	0	28	53	48	1	30
193958	1962	14	LB	58	65	69	56	56	53	58	62	0	66	54	68	1	53
194681	1948	14	ST	58	68	64	53	43	59	35	64	0	70	62	63	1	32
194707	110234	40	CM	58	58	69	37	60	58	53	44	0	44	58	37	3	60
194874	110233	40	RM	58	66	68	58	52	60	43	58	0	56	60	64	1	47
194934	110069	45	GK	58	66	63	56	54	65	42	51	0	49	22	34	0	25
194960	110890	14	CB	58	58	68	44	54	47	57	54	0	54	47	44	2	54
195036	1949	14	ST	58	65	68	53	36	57	33	51	0	44	57	60	1	34
195540	111400	162	LM	58	62	73	56	51	64	43	45	0	61	62	59	2	60
196983	112374	36	GK	58	58	56	52	58	66	21	58	0	58	66	52	3	58
197065	15015	14	CM	58	63	68	49	56	63	57	48	0	42	58	61	2	52
197687	1480	14	CM	58	66	70	61	60	60	54	56	0	55	62	70	2	68
197883	1933	14	RM	58	67	90	54	51	60	40	62	1	57	52	60	1	32
198151	1808	14	ST	58	65	63	53	39	59	36	53	0	62	61	55	1	36
198210	1945	95	CB	58	58	65	35	48	55	58	60	0	60	55	35	2	48
198336	1530	18	CB	58	58	68	34	53	35	60	55	0	55	35	34	2	53
198350	1954	14	GK	58	77	64	52	47	67	46	50	0	65	22	37	0	25
198540	111705	46	ST	58	66	55	58	56	59	55	55	0	63	62	62	1	37
198543	563	25	ST	58	64	80	55	49	58	44	53	0	47	56	55	2	49
198623	77	42	CM	58	69	69	46	58	61	56	60	0	65	60	53	2	52
198626	373	14	GK	58	64	66	51	40	69	55	44	0	68	23	25	0	25
199015	422	25	ST	58	63	71	55	34	54	39	64	1	70	55	56	1	37
199065	112072	19	CB	58	60	63	42	48	53	62	61	0	75	54	52	1	41
199066	112072	46	CB	58	58	68	40	58	57	58	56	0	56	57	40	3	58
199067	1870	55	CB	58	59	32	32	37	26	60	69	1	92	29	51	1	35
199128	111835	46	ST	58	58	72	52	45	53	50	66	1	66	53	52	2	45
199260	110765	167	GK	58	63	57	62	56	61	33	58	0	69	24	42	0	25
199379	112549	18	GK	58	68	64	56	53	61	40	57	0	55	25	26	0	25
199516	1790	14	LM	58	64	69	53	53	63	35	54	0	65	63	57	2	54
199559	112409	27	ST	58	71	63	55	41	55	38	62	0	65	58	60	2	36
199627	112259	14	CM	58	64	72	45	56	60	56	62	1	74	61	65	1	45
199741	111239	21	RM	58	67	75	54	51	60	40	60	0	77	63	67	2	37
199781	68	18	RB	58	73	72	29	62	53	53	58	0	60	68	45	1	25
199813	780	4	CDM	58	63	69	35	57	58	60	57	0	72	60	37	1	25
199966	896	47	ST	58	58	69	51	50	65	37	47	0	47	65	51	3	50
199985	357	14	ST	58	64	79	53	37	59	35	51	0	48	55	56	1	34
200244	1933	35	ST	58	68	73	53	42	58	35	62	0	65	53	59	1	21
200319	1954	14	LB	58	63	75	46	59	61	55	56	0	59	59	56	1	65
200416	112427	195	GK	58	66	60	61	57	57	62	55	1	62	32	25	0	25
200463	111070	95	GK	58	58	60	57	70	61	39	53	1	53	61	57	3	70
200746	7	14	CM	58	70	67	42	67	65	42	53	1	63	67	65	2	29
200779	1920	14	ST	58	70	80	49	28	63	37	52	0	61	53	74	1	36
200802	373	14	LB	58	68	80	28	54	61	55	67	0	82	60	51	1	25
200845	837	25	ST	58	68	71	57	51	57	45	56	0	56	61	58	1	44
200936	1929	14	LB	58	62	65	26	49	48	58	56	0	60	50	25	1	44
200955	1824	48	GK	58	67	58	59	55	67	43	50	0	73	22	36	0	25
200974	112374	36	ST	58	60	71	55	46	62	42	59	0	61	67	69	2	43
200983	1746	61	CM	58	70	65	51	60	61	52	58	0	64	66	68	1	51
201212	1954	35	CB	58	66	74	36	56	53	58	58	0	64	54	46	1	30
201240	1926	14	ST	58	67	77	54	38	56	34	57	0	42	57	62	2	37
201411	1786	13	CB	58	60	66	30	42	32	63	67	1	84	43	44	1	37
201841	1747	7	CB	58	68	60	29	45	39	59	61	1	74	49	48	1	28
201901	1920	35	CM	58	74	69	47	58	58	56	60	0	64	59	59	1	38
202060	710	46	CB	58	70	56	29	48	51	60	66	0	76	53	47	1	22
202159	111399	195	RW	58	63	81	54	46	66	41	43	1	46	58	49	2	36
202180	110	25	ST	58	75	69	55	44	53	35	54	0	51	56	54	2	43
202204	1463	36	RM	58	66	70	49	49	64	46	51	1	60	72	66	2	26
202258	112199	36	RB	58	61	62	33	41	35	61	66	0	80	60	62	1	39
202302	2056	167	CM	58	58	54	56	56	64	44	57	0	57	64	56	3	56
202455	110749	28	ST	58	62	73	57	51	67	33	63	0	62	61	60	1	47
202492	111705	46	CM	58	58	61	46	61	55	50	53	1	53	55	46	2	61
202591	111144	95	GK	58	62	65	51	61	62	80	57	1	45	32	25	0	25
202663	422	25	LM	58	65	81	50	51	58	34	58	1	48	58	54	3	26
202785	1524	24	RM	58	63	71	55	59	60	55	60	0	64	62	65	1	46
202799	2	14	CM	58	58	78	51	46	72	31	38	1	38	72	51	3	46
202806	322	47	CB	58	75	53	25	50	46	55	67	0	60	56	25	1	32
202927	111277	117	CM	58	58	39	52	63	56	48	52	1	52	56	52	3	63
202928	112072	46	LM	58	65	82	46	54	59	50	55	1	44	59	63	1	23
202951	981	167	CM	58	61	66	52	60	64	52	57	0	56	66	52	1	55
202992	980	167	CB	58	58	32	33	33	36	61	56	0	56	36	33	2	33
203003	2056	167	CAM	58	62	63	55	62	58	47	60	0	62	61	61	1	52
203015	980	167	RB	58	61	66	32	51	57	59	64	0	69	55	23	1	44
203078	112267	46	CAM	58	62	67	47	53	66	42	46	0	64	66	53	2	43
203081	112267	46	LM	58	65	75	53	50	66	35	48	1	49	62	73	1	31
203138	1933	14	CM	58	70	61	48	61	55	58	56	0	60	61	55	1	61
203171	112072	46	CM	58	66	59	61	46	49	40	44	1	63	65	74	1	65
203215	8	14	GK	58	65	60	50	57	63	31	57	0	39	25	33	0	25
203307	111393	195	CAM	58	64	74	38	46	64	38	39	0	56	64	42	1	34
203328	346	14	ST	58	67	79	56	45	59	34	52	0	50	63	62	1	41
203500	1932	14	ST	58	65	74	59	35	54	37	40	0	47	56	65	1	38
204167	111277	140	RM	58	64	74	39	51	61	54	49	0	40	58	54	1	27
204215	127	14	LM	58	70	76	52	46	66	53	60	0	64	64	62	1	33
204251	110746	37	RM	58	69	77	49	57	58	45	58	0	68	58	69	2	23
204314	418	36	RB	58	62	75	47	57	61	60	54	0	69	57	60	1	48
204422	80	195	CB	58	69	64	32	54	55	61	61	0	67	54	35	1	39
204761	1934	14	CB	58	67	54	28	34	33	59	60	1	67	37	34	1	30
204762	169	21	RB	58	65	68	40	53	54	58	56	0	60	52	59	1	36
204763	33	21	LB	58	66	73	48	58	62	54	56	0	54	63	56	1	58
204776	503	21	CB	58	65	66	35	53	49	58	65	0	76	59	53	1	24
204846	5	14	GK	58	69	65	48	58	65	45	53	1	58	25	22	0	25
204881	226	136	GK	58	65	74	49	53	61	44	50	1	47	23	25	0	25
205190	62	18	RB	58	70	56	30	45	50	58	60	0	66	62	43	1	25
205197	1867	45	CM	58	58	63	47	60	56	44	47	0	47	56	47	3	60
205261	468	45	GK	58	65	57	63	49	59	55	53	0	55	23	25	0	25
205293	379	97	RW	58	68	74	43	49	62	36	44	0	57	62	57	2	37
205349	80	42	CM	58	68	66	42	61	63	61	61	0	71	64	55	1	45
205392	1925	18	CB	58	76	53	37	35	41	58	62	0	71	49	43	1	36
205422	477	45	CB	58	66	59	44	63	47	54	58	0	62	60	47	1	55
205589	1937	14	RM	58	67	85	36	53	54	41	46	1	67	49	40	1	45
205752	100804	50	RW	58	73	75	41	56	61	38	45	0	39	56	59	2	31
205853	614	39	CB	58	58	67	45	51	50	61	59	0	59	50	45	2	51
205956	1933	14	LB	58	68	81	38	51	54	59	58	1	72	57	66	1	34
206090	1794	25	CB	58	63	58	26	37	29	57	66	0	63	37	32	1	29
206147	321	46	ST	58	64	69	56	46	56	35	58	0	65	58	59	1	26
206167	226	8	CM	58	71	61	51	62	61	46	50	0	56	69	62	2	56
206493	111989	18	CB	58	66	52	28	44	31	55	74	1	81	45	42	1	30
206504	1929	52	RM	58	66	72	50	52	66	34	54	0	56	61	48	2	48
206523	110313	35	ST	58	67	85	53	45	58	37	54	1	56	52	61	1	21
206654	453	45	CB	58	58	45	43	48	44	58	62	1	62	44	43	2	48
207447	980	167	ST	58	58	71	39	58	58	45	50	0	50	58	39	3	58
207569	110930	140	CB	58	58	73	27	50	62	56	50	0	50	62	27	3	50
207581	321	24	LM	58	66	74	50	50	63	37	49	0	56	60	51	1	62
207582	321	58	CM	58	60	62	55	58	58	41	46	0	46	66	61	2	61
207586	321	46	LB	58	69	70	41	60	56	55	59	0	57	59	54	1	51
207619	698	95	CDM	58	66	77	37	54	62	59	56	0	77	63	44	1	32
207632	1806	14	CM	58	72	75	49	55	60	39	46	0	63	56	59	1	41
207638	271	133	RM	58	65	83	46	51	61	30	30	1	33	51	53	2	42
207820	112072	46	CB	58	58	73	31	54	59	56	58	0	58	59	31	3	54
207836	2056	167	CM	58	64	70	50	57	60	51	59	0	59	56	49	1	51
207850	693	95	CM	58	58	79	50	53	59	43	44	0	44	59	50	3	53
207860	111065	95	CB	58	62	53	39	52	53	56	63	0	71	63	58	1	26
207878	894	15	CM	58	62	70	38	60	53	58	59	0	72	55	47	1	44
208063	1476	167	CM	58	63	67	44	55	60	59	52	0	67	59	48	1	67
208115	711	46	LB	58	65	72	46	57	58	58	58	0	59	55	65	2	41
208294	1909	119	CM	58	58	68	52	56	62	58	41	0	41	62	52	3	56
208312	563	80	CM	58	58	81	54	51	59	36	58	1	58	59	54	3	51
208332	2056	167	GK	58	65	58	56	65	59	49	62	0	77	25	25	0	25
208341	301	15	CAM	58	66	70	49	54	60	44	55	0	57	61	60	1	55
208438	111835	117	CM	58	58	76	47	56	61	54	51	0	51	61	47	3	56
208593	229	7	CM	58	58	69	45	54	65	36	45	0	45	65	45	3	54
208600	650	34	CB	58	67	66	34	58	47	57	64	0	74	48	53	1	34
208614	1873	37	CB	58	67	49	28	32	35	61	70	1	80	38	40	1	31
208637	110178	21	CM	58	58	63	41	55	48	55	63	0	63	48	41	2	55
208651	1480	42	ST	58	58	68	53	45	52	51	69	1	69	52	53	2	45
208679	110329	21	GK	58	65	63	55	52	65	33	51	0	41	22	38	0	25
208705	550	21	ST	58	67	78	55	52	59	39	53	0	58	55	64	2	41
209029	112392	183	GK	58	58	59	57	53	56	49	62	0	72	25	25	0	25
209032	112392	183	LB	58	58	79	36	54	50	58	60	0	67	52	52	1	21
209048	112393	183	CDM	58	58	63	48	60	51	56	60	0	65	58	45	1	42
209061	700	46	RW	58	66	88	46	59	65	30	34	1	33	63	65	1	48
209223	112139	183	RM	58	60	78	46	61	56	41	46	0	42	54	48	1	40
209268	1951	14	CM	58	62	63	56	60	58	41	49	0	45	60	61	2	62
209271	698	95	RM	58	65	68	56	54	61	38	52	0	52	63	64	2	37
209320	64	18	CB	58	65	71	26	44	45	62	60	0	69	52	37	1	25
209425	224	18	CDM	58	63	59	34	56	53	58	57	0	63	56	51	1	37
209455	110746	103	ST	58	58	78	55	38	59	40	71	1	71	59	55	3	38
209651	212	18	CB	58	65	68	28	39	31	60	63	0	71	40	34	1	31
209729	86	42	CM	58	58	85	48	55	62	50	54	1	54	62	48	3	55
210145	112387	183	LB	58	62	85	28	42	33	63	68	1	71	36	42	1	21
210215	481	45	ST	58	58	67	50	38	55	35	65	1	65	55	50	2	38
210228	112407	183	CDM	58	58	69	48	52	55	59	56	0	60	57	56	1	36
210492	112392	183	CM	58	70	63	59	63	59	49	54	0	48	64	59	1	53
210500	111821	45	ST	58	58	86	54	36	53	35	59	1	59	53	54	2	36
210615	112115	167	CM	58	69	67	36	61	57	57	64	0	66	56	42	1	52
210791	112096	183	GK	58	62	59	59	61	58	48	57	0	60	25	25	0	25
210806	112389	183	LB	58	60	66	48	63	59	52	58	1	69	67	66	1	42
210827	112427	195	CM	58	61	60	47	65	60	52	57	1	73	62	55	1	35
210939	200	27	LB	58	66	61	45	51	51	59	56	0	71	56	62	1	52
211144	1794	14	LM	58	70	78	44	51	64	34	41	0	55	62	45	2	37
211158	607	183	RB	58	66	72	34	50	50	60	50	0	60	41	44	1	29
211206	1962	21	LM	58	63	86	40	53	60	37	42	1	45	55	42	2	53
211283	420	37	RM	58	68	75	45	55	60	35	29	0	39	54	50	2	42
211362	110745	37	CDM	58	67	67	41	51	40	55	68	0	73	52	60	1	38
211373	711	117	RW	58	70	86	56	50	63	35	46	1	45	59	57	2	33
211411	1940	14	RM	58	59	73	54	54	62	36	64	0	55	51	51	1	31
211417	1940	14	CAM	58	57	61	55	59	61	43	54	0	54	61	56	1	37
211565	1855	45	ST	58	62	67	52	49	56	39	66	0	60	55	52	1	39
211738	165	34	GK	58	64	58	54	59	59	28	60	1	61	21	20	0	25
211779	1474	167	ST	58	58	56	51	30	56	35	67	0	67	56	51	3	30
211903	110770	1	RM	58	71	60	60	63	53	53	59	0	68	56	61	1	45
211953	1832	21	GK	58	63	58	56	53	65	37	59	0	41	25	26	0	25
212075	111397	195	RW	58	68	76	56	45	61	38	67	0	75	56	61	2	30
212112	111271	18	LW	58	67	73	59	48	57	35	64	0	59	60	55	2	38
212232	111399	195	ST	58	65	69	54	56	59	40	57	0	62	60	54	1	34
212234	503	21	CB	58	70	59	31	49	44	57	74	1	81	50	43	1	22
212300	1955	14	CB	58	68	64	28	34	32	57	69	1	82	44	38	1	31
212342	100765	40	CB	58	69	64	28	37	38	58	59	0	54	43	42	1	29
212348	100409	21	CB	58	58	58	30	51	37	57	61	0	61	37	30	2	51
212370	112224	195	RB	58	65	72	33	61	63	53	56	0	60	61	21	1	27
212383	23	21	CM	58	79	69	46	59	62	56	59	0	62	63	66	1	48
212414	697	95	RB	58	64	79	38	52	59	56	52	0	52	56	51	1	33
212416	689	95	ST	58	58	73	52	34	65	37	51	0	51	65	52	3	34
212432	2056	167	GK	58	63	57	57	54	56	51	63	0	60	24	25	0	25
212435	983	167	CB	58	65	76	27	27	37	57	70	0	78	41	30	1	27
212438	983	167	RW	58	64	70	46	53	60	36	46	0	59	59	59	1	35
212489	111400	195	CDM	58	62	66	51	54	52	57	52	0	57	55	66	1	38
212532	982	167	LW	58	61	66	54	59	58	32	51	0	57	56	64	2	62
212560	88	14	GK	58	72	58	58	41	62	55	58	0	71	25	23	0	25
212569	111373	8	LM	58	65	66	59	61	58	36	60	0	64	55	62	2	44
212678	319	46	LB	58	72	70	41	57	60	56	54	0	63	64	68	1	61
212683	112260	14	ST	58	66	57	53	38	50	41	66	0	78	52	54	1	32
212709	688	95	LB	58	64	66	51	58	58	57	54	0	62	59	69	1	51
212730	111651	70	ST	58	58	84	55	52	61	39	48	1	48	61	55	3	52
212790	670	136	ST	58	69	76	52	51	63	34	52	0	48	61	57	1	29
212816	1476	167	RB	58	66	63	24	53	61	57	50	0	44	58	25	1	33
212832	687	70	CB	58	58	77	32	52	54	54	63	0	63	54	32	2	52
212848	691	95	GK	58	58	61	55	57	63	49	55	0	55	63	55	3	57
212925	1475	167	RB	58	63	69	26	44	51	60	62	0	70	54	26	1	33
212979	33	21	GK	58	74	61	55	54	66	39	51	0	74	22	24	0	20
212997	1831	21	CAM	58	70	70	52	56	64	36	51	0	53	64	61	2	49
213117	165	21	LM	58	66	56	56	50	63	31	54	0	39	63	59	2	42
213136	670	18	LB	58	66	73	36	55	58	58	59	0	62	54	53	1	36
213211	111083	37	LB	58	64	70	34	48	47	60	58	0	61	48	38	1	28
213231	485	5	CB	58	58	60	54	43	57	57	66	0	66	57	54	3	43
213355	111065	56	ST	58	64	86	50	38	72	37	54	1	64	70	57	2	33
213423	111086	37	RM	58	66	76	56	57	56	35	43	0	57	59	57	1	41
213463	1870	46	CB	58	62	55	34	43	36	60	55	1	74	47	45	1	25
213499	111705	46	RB	58	67	65	40	48	54	58	53	0	59	60	54	1	38
213500	111705	46	ST	58	66	64	59	44	61	34	59	0	61	64	61	1	42
213533	111070	95	ST	58	58	74	53	37	59	36	54	0	54	59	53	3	37
213536	111139	70	GK	58	67	60	56	60	63	51	53	0	49	25	22	0	25
213537	1524	136	CM	58	67	74	50	53	61	57	60	0	67	66	68	1	36
213582	1013	52	CAM	58	77	64	53	57	67	45	54	1	69	76	79	1	62
213661	5	13	CB	58	67	54	24	51	38	57	65	0	63	47	30	1	21
213740	1754	14	CAM	58	65	65	41	56	61	47	51	0	58	62	52	1	39
213853	100765	40	ST	58	68	72	60	42	56	35	43	0	43	56	57	2	48
214018	101106	56	CDM	58	74	70	43	55	51	68	55	1	72	65	49	1	35
214675	192	27	CB	58	75	63	28	32	30	60	64	0	74	39	39	1	31
215382	68	18	CB	58	58	57	29	49	32	58	63	0	63	32	29	1	49
215492	873	37	RM	58	69	71	58	52	54	38	60	0	63	54	61	1	38
215526	100632	34	GK	58	65	59	56	57	59	31	59	0	57	25	25	0	25
215681	647	34	RB	58	61	72	30	43	60	57	52	0	52	58	31	1	32
215686	1443	13	CM	58	58	63	33	50	46	62	54	0	54	46	33	2	50
216007	110747	37	CM	58	58	70	51	50	67	54	48	0	48	67	51	3	50
216043	100632	34	CB	58	65	57	29	35	31	60	62	0	78	38	40	1	41
216111	19	14	CAM	58	66	60	58	47	68	34	52	1	47	62	50	2	43
216222	100632	34	CM	58	58	66	56	58	63	45	52	0	52	63	56	3	58
216223	100632	34	CB	58	65	60	33	36	35	60	60	0	74	38	43	1	34
216288	162	37	CDM	58	70	65	40	55	52	58	56	0	58	56	49	1	33
216291	68	110	ST	58	63	64	53	38	57	36	66	0	64	58	57	1	34
216654	23	17	CB	58	68	48	32	36	37	60	58	1	69	35	47	1	34
216697	647	34	LW	58	60	66	59	52	64	31	50	0	47	61	64	1	60
217031	239	54	CM	58	58	70	47	55	63	32	38	0	38	63	47	3	55
217586	650	34	LW	58	67	71	57	60	60	43	48	0	51	56	63	2	45
217588	239	111	ST	58	58	58	55	37	55	36	60	0	60	55	55	2	37
217593	1873	37	RM	58	66	85	44	50	62	38	42	1	46	56	50	1	48
217790	2045	51	CAM	58	61	67	55	54	59	46	57	0	72	64	65	2	67
218984	301	3	CB	58	58	65	42	58	53	63	63	0	63	53	42	2	58
194873	110233	40	CM	58	66	62	50	61	55	55	50	0	53	58	46	1	45
204936	106	25	CB	58	68	67	35	38	52	59	60	0	69	65	61	1	38
206307	66	47	GK	58	75	59	62	64	60	42	51	0	67	26	34	0	25
645	432	46	GK	57	57	57	50	48	65	25	57	0	57	65	50	3	48
11348	1941	14	ST	57	57	28	57	50	46	54	76	1	76	46	57	2	50
19666	111928	95	CM	57	57	44	57	60	61	63	66	0	66	61	57	3	60
45318	1465	36	CM	57	57	71	53	52	61	53	59	0	62	65	71	1	61
49514	1841	36	CM	57	57	64	54	59	52	55	67	0	72	58	66	2	48
53352	110890	14	CM	57	58	52	47	64	54	54	58	1	74	64	75	2	47
53632	445	25	CDM	57	57	54	48	55	49	57	56	0	60	56	56	1	42
101997	112260	14	GK	57	57	52	58	62	57	54	58	0	57	21	23	0	25
102588	143	35	CM	57	57	37	38	54	50	58	56	0	56	50	38	2	54
138431	306	14	GK	57	57	56	56	54	62	53	56	0	59	25	20	0	25
140300	837	42	GK	57	58	58	57	58	58	23	57	0	63	25	25	0	25
141091	111087	43	CM	57	57	55	53	55	59	52	58	0	58	59	53	3	55
142244	111822	4	CB	57	62	58	42	58	56	61	65	0	81	57	56	1	39
144075	898	47	CDM	57	58	67	50	57	56	58	58	0	68	60	62	1	52
149827	1572	25	ST	57	55	68	55	47	54	41	62	0	64	58	52	1	40
151120	1955	14	CDM	57	58	49	40	52	45	59	56	0	54	48	42	1	63
152127	111373	4	RB	57	58	59	53	43	47	59	62	0	66	59	47	1	25
153295	111397	128	CM	57	57	51	56	60	59	54	69	0	69	59	56	3	60
155592	2056	167	CM	57	57	37	37	51	57	60	60	0	60	57	37	3	51
156876	110765	167	CB	57	57	68	51	48	56	59	57	0	57	56	51	3	48
159256	710	46	CB	57	57	59	47	54	55	59	58	0	58	55	47	2	54
163289	112254	50	CB	57	57	66	24	40	33	56	67	0	67	45	25	1	20
163350	15015	14	CDM	57	57	60	43	51	50	57	61	0	75	56	41	1	35
163365	1572	25	CM	57	55	55	54	57	57	55	60	0	61	56	56	1	50
167086	111277	46	CM	57	57	54	47	55	55	63	70	0	70	55	47	2	55
169187	111285	25	CM	57	57	55	57	58	58	53	48	0	48	58	57	3	58
169445	82	42	ST	57	57	72	50	44	63	36	56	0	56	63	50	3	44
169817	111144	95	GK	57	58	61	58	61	62	50	51	0	52	31	31	0	25
169844	346	14	LB	57	58	76	49	56	56	58	57	0	73	57	56	2	53
169896	1940	14	CB	57	60	61	44	49	47	56	62	0	75	44	33	1	26
170069	1933	63	RB	57	63	83	29	56	57	54	64	1	68	51	44	1	20
170086	1940	14	CB	57	65	66	27	34	34	57	66	0	73	53	34	1	23
170102	306	35	ST	57	57	67	54	46	56	38	56	0	56	56	54	3	46
170149	1933	95	LM	57	59	82	53	48	58	39	55	1	64	55	63	2	39
170213	127	14	GK	57	58	61	51	54	63	50	51	0	68	24	33	0	25
171020	445	35	CM	57	57	55	59	61	49	58	62	0	73	58	67	1	57
172560	271	13	CM	57	60	64	51	57	59	57	56	0	63	60	59	1	51
172574	271	13	GK	57	60	43	59	68	75	43	49	1	75	24	30	0	25
172740	1862	26	ST	57	57	67	52	43	56	42	56	0	56	56	52	3	43
173026	570	27	CM	57	57	63	49	59	58	56	61	0	61	58	49	3	59
173126	110747	44	CM	57	57	74	48	55	67	54	58	0	58	67	48	3	55
173514	1930	25	LM	57	61	62	44	59	51	50	59	0	42	59	49	1	58
173639	112374	42	RM	57	63	71	54	51	57	41	49	1	47	65	67	3	49
173643	1948	50	CB	57	56	57	37	53	40	61	66	0	66	54	38	1	25
173835	1951	14	ST	57	60	77	54	60	61	41	52	0	62	51	61	2	53
176872	1870	46	CB	57	59	47	28	36	30	60	66	1	84	45	59	1	21
177473	1928	14	CM	57	63	71	54	59	59	54	58	0	68	59	65	1	62
177584	837	14	CM	57	57	58	53	58	53	56	62	0	62	53	53	2	58
179831	111285	14	ST	57	57	75	53	49	54	39	62	0	62	54	53	2	49
180613	306	25	CB	57	57	71	39	52	57	55	53	0	53	57	39	3	52
180614	837	25	CB	57	57	54	44	57	49	58	62	0	71	52	66	1	20
181738	306	25	CB	57	62	45	25	27	37	60	63	0	75	44	32	1	26
182591	112254	14	ST	57	57	76	57	43	57	34	56	0	66	52	61	1	46
182691	373	14	RW	57	65	85	56	53	62	31	40	1	39	44	66	2	52
182905	1463	36	RB	57	63	68	36	41	40	57	56	0	70	64	68	1	28
183183	299	36	CB	57	57	63	32	55	45	60	55	0	55	45	32	2	55
183765	445	25	RM	57	57	70	51	54	57	39	53	0	56	60	50	2	47
184039	357	14	LB	57	62	72	42	55	57	57	56	0	57	58	58	1	60
185018	1738	18	CDM	57	64	72	44	56	65	56	38	0	45	65	50	2	46
185165	1955	14	RM	57	60	66	54	54	52	55	66	1	71	54	57	1	43
185256	112224	195	RB	57	61	70	47	50	57	36	70	0	68	60	54	1	31
185380	1465	208	RM	57	63	65	41	56	63	54	52	0	57	66	61	1	42
186171	111396	195	CB	57	65	64	25	32	51	57	62	0	75	55	22	1	28
186494	1920	14	GK	57	68	61	55	54	62	31	53	0	57	25	25	0	25
186769	254	4	LB	57	63	74	27	54	59	54	53	0	49	55	40	1	25
186830	1445	13	LM	57	67	68	52	55	57	40	66	0	77	61	62	1	40
186869	1955	25	ST	57	61	64	51	48	50	45	66	0	69	52	59	1	34
186922	1447	13	LM	57	62	71	48	54	56	57	55	0	57	60	50	1	40
187310	2056	167	CAM	57	57	67	49	56	55	42	54	0	61	53	47	1	44
189212	110313	25	LB	57	65	70	26	47	34	57	61	0	64	45	26	1	38
189809	837	35	LM	57	60	72	47	52	60	34	50	0	59	57	55	3	51
189827	1746	27	CB	57	64	47	30	35	43	57	60	0	57	56	49	1	27
190099	1572	27	GK	57	60	61	53	57	63	39	58	0	64	22	21	0	25
190178	1456	36	RB	57	67	65	48	56	47	56	67	0	78	63	65	1	34
190233	1870	46	CDM	57	62	56	52	59	54	53	56	0	74	62	66	1	45
190378	111285	7	ST	57	57	74	55	44	59	41	60	1	60	59	55	3	44
190525	112374	36	RB	57	59	65	44	55	52	56	52	0	58	58	55	1	56
191920	1475	167	ST	57	57	64	53	51	54	46	62	0	62	54	53	2	51
192173	711	46	GK	57	57	53	55	49	64	30	58	0	58	64	55	3	49
192193	112267	54	LB	57	57	69	45	57	60	53	55	0	71	60	64	1	40
192430	1955	14	ST	57	61	75	53	45	53	42	70	0	82	51	60	1	44
192580	423	25	LM	57	59	86	50	46	58	36	56	1	50	53	50	2	38
193004	874	37	RM	57	64	67	50	55	61	48	56	0	63	61	56	1	46
193251	111821	4	CB	57	64	49	26	34	25	57	71	1	81	34	33	1	20
193351	1862	47	CB	57	65	64	39	53	44	58	62	0	70	51	44	1	35
193727	837	25	ST	57	64	71	56	31	56	40	56	0	62	56	63	2	53
193813	82	42	CM	57	66	69	26	32	32	59	69	0	71	56	25	1	38
193933	1798	25	GK	57	67	61	56	50	60	51	52	0	60	24	25	0	25
194409	112389	183	GK	57	57	58	61	57	58	28	55	0	60	24	25	0	25
194431	271	13	LB	57	64	66	36	50	47	60	52	0	66	54	47	1	45
197170	1961	14	LM	57	68	81	43	53	63	31	45	1	52	58	52	2	24
198244	1841	36	CM	57	65	41	54	58	61	52	54	1	68	68	73	1	51
198702	919	36	ST	57	66	66	61	56	53	57	68	1	72	63	74	1	61
198811	1456	36	CM	57	71	66	43	53	53	55	59	0	70	65	60	1	57
199010	837	25	CB	57	63	54	34	52	49	58	59	0	70	53	53	1	23
199093	112072	46	CB	57	57	50	46	56	34	61	52	1	52	34	46	2	56
199111	700	46	CB	57	62	67	55	57	56	58	66	1	67	58	74	1	58
199512	900	108	CM	57	62	66	49	58	60	47	62	0	58	56	53	2	46
199580	127	14	CB	57	75	70	31	49	45	58	60	1	81	49	44	1	39
199721	66	18	GK	57	64	64	52	59	60	45	54	0	68	25	28	0	25
199769	112022	4	RB	57	65	69	57	53	56	50	54	1	56	54	73	1	27
199950	1572	25	CB	57	57	33	30	35	29	60	55	0	55	29	30	1	35
200058	1465	13	RM	57	60	69	52	54	59	42	45	0	67	66	68	1	47
200146	1747	7	GK	57	71	52	60	60	62	40	56	0	64	28	33	0	25
200212	160	21	GK	57	67	58	57	49	59	32	55	1	81	23	41	0	25
200325	2045	4	RB	57	67	77	55	55	64	55	50	1	60	58	78	1	22
200523	112217	40	LM	57	70	76	59	57	55	53	55	0	61	60	68	1	52
200582	1476	167	ST	57	57	73	47	58	54	42	58	0	58	54	47	2	58
200667	15048	14	CM	57	64	61	55	56	55	56	59	0	65	60	55	1	61
200680	112259	14	GK	57	66	61	55	48	63	59	52	1	62	25	27	0	25
200689	1954	14	CM	57	69	76	49	63	57	57	56	0	77	57	68	1	54
200719	88	14	CM	57	57	75	47	49	67	36	55	1	55	67	47	3	49
200723	1946	14	RM	57	64	67	38	54	59	41	54	0	54	55	36	1	29
200840	1929	14	CB	57	73	63	32	48	45	54	72	1	82	42	41	1	22
200844	143	25	CAM	57	65	79	45	52	62	42	41	0	55	59	49	1	48
201257	1815	18	CDM	57	70	58	45	57	61	53	60	0	61	65	57	1	42
201447	19	95	CM	57	64	63	52	64	66	39	51	1	59	73	55	2	50
201465	1572	25	CB	57	57	52	45	48	45	58	59	1	59	45	45	2	48
201484	445	35	RM	57	67	71	56	52	58	38	55	0	56	57	58	1	55
202158	100087	7	CB	57	70	45	31	43	39	57	58	0	69	42	56	1	25
202340	1879	83	GK	57	69	62	58	61	52	53	58	0	44	21	25	0	25
202528	1951	14	LM	57	69	60	43	59	58	52	44	0	59	61	59	1	42
202583	111928	95	GK	57	57	57	60	57	60	36	57	0	57	60	60	3	57
202660	1439	46	CB	57	57	75	38	56	57	54	57	0	57	57	38	3	56
202675	110313	14	CM	57	62	70	55	59	57	52	58	0	61	57	62	1	50
202728	111393	195	RB	57	64	65	37	53	51	57	60	0	65	56	45	1	39
202731	306	25	RB	57	62	66	54	58	55	54	52	0	41	55	58	1	54
202800	837	25	CB	57	57	56	46	56	48	58	60	0	60	48	46	2	56
202810	112374	25	GK	57	66	55	55	47	63	44	58	0	62	25	31	0	25
202981	112115	167	ST	57	66	64	55	46	59	51	64	0	75	57	60	2	51
202988	1475	167	GK	57	57	64	58	65	57	35	54	0	54	57	58	3	65
203033	373	14	ST	57	57	65	57	41	57	38	54	0	54	57	57	3	41
203075	112267	46	CB	57	64	59	42	46	49	57	60	0	71	57	63	1	39
203077	112267	46	RM	57	62	71	48	51	63	46	50	0	57	60	55	2	50
203080	112267	46	CDM	57	66	64	39	52	54	55	62	0	72	57	64	1	33
203087	357	14	ST	57	62	50	53	48	52	43	71	0	81	61	60	1	28
203102	1919	14	CM	57	68	71	40	58	53	62	56	0	70	56	47	1	42
203107	181	14	ST	57	57	71	52	29	54	37	58	0	58	54	52	2	29
203190	321	46	CM	57	57	65	50	54	55	52	55	0	55	55	50	2	54
203225	111397	195	CM	57	66	73	54	54	59	49	36	0	39	63	65	1	40
203233	1920	14	LB	57	74	67	36	62	58	58	61	0	56	61	38	1	68
203415	1925	14	CM	57	67	62	44	64	67	44	54	0	44	64	48	1	54
203442	1934	14	ST	57	67	79	53	41	55	38	56	0	64	59	54	2	47
203453	1905	21	CM	57	57	70	54	57	57	50	61	0	61	57	54	3	57
203577	111092	37	ST	57	57	44	58	30	54	44	56	1	56	54	58	2	30
203692	112199	82	GK	57	64	67	53	55	56	39	50	1	85	24	25	0	25
203753	1790	14	RB	57	66	69	32	53	53	60	59	0	71	54	42	1	33
204005	111822	4	CM	57	64	65	51	56	56	54	58	0	67	55	61	1	58
204130	100634	34	RB	57	64	60	47	57	59	59	53	0	61	56	56	1	45
204155	894	47	LM	57	63	63	51	48	57	47	54	0	57	51	49	1	46
204187	269	13	CM	57	57	69	43	54	41	59	63	0	63	41	43	2	54
204217	12	14	ST	57	67	62	55	35	64	38	53	0	60	65	55	1	48
204242	294	18	ST	57	57	71	55	56	64	35	50	0	50	64	55	3	56
204294	111766	198	CM	57	57	67	37	49	45	62	56	0	56	45	37	2	49
204334	100409	22	GK	57	67	58	58	53	61	57	56	0	61	31	38	0	25
204424	111393	195	GK	57	66	61	51	53	65	31	54	0	61	25	25	0	25
204517	112254	14	GK	57	69	59	60	53	57	38	52	0	41	22	28	0	25
204549	229	7	GK	57	73	61	57	55	64	43	47	0	74	47	39	0	25
204644	320	46	RM	57	70	85	51	48	66	34	45	1	46	64	59	1	36
204766	1572	25	LM	57	60	71	53	54	58	45	50	1	56	57	55	2	57
204790	111821	4	LB	57	65	73	27	40	52	58	53	0	55	50	23	1	32
204925	2045	4	ST	57	57	69	54	38	57	35	59	0	59	57	54	3	38
205149	300	36	CM	57	57	66	52	47	64	39	53	0	53	64	52	3	47
205200	1867	45	ST	57	57	54	52	41	45	39	73	1	73	45	52	2	41
205266	1878	83	RB	57	70	68	42	62	57	55	53	0	45	55	58	1	34
205278	1473	167	CB	57	68	72	34	51	52	56	67	0	71	57	47	1	28
205334	224	18	ST	57	72	71	58	49	59	35	56	0	42	55	64	2	42
205585	110	14	CM	57	73	63	46	58	58	50	55	0	56	60	60	1	44
205713	226	103	CDM	57	70	65	44	61	56	53	55	0	56	55	60	1	40
205754	1796	14	CM	57	69	65	42	58	58	50	54	0	42	59	59	1	53
205816	111083	37	GK	57	61	63	53	51	64	46	51	0	67	24	26	0	25
205969	111277	117	CM	57	57	66	49	56	60	56	58	0	58	60	49	3	56
206217	1463	36	ST	57	66	67	50	34	49	38	60	0	66	57	56	1	31
206220	226	18	CB	57	75	57	28	40	32	56	63	0	75	42	49	1	25
206524	1800	14	CB	57	69	69	27	48	48	57	65	0	66	45	36	1	28
206598	298	36	CM	57	57	79	56	56	64	46	52	0	52	64	56	3	56
206628	192	52	CDM	57	55	54	35	60	60	52	46	0	54	67	33	1	38
206641	1930	14	CM	57	66	70	52	60	61	50	50	0	45	58	62	1	65
206643	980	167	CM	57	64	63	46	56	60	49	47	0	52	61	46	1	60
206644	980	167	RW	57	65	65	50	59	59	32	40	0	37	61	68	2	31
207451	83	208	ST	57	70	71	55	37	51	39	62	1	66	64	75	1	29
207452	1524	36	CB	57	57	68	36	50	56	56	56	0	56	56	36	3	50
207526	1477	167	ST	57	57	62	50	31	47	34	64	0	64	47	50	2	31
207668	693	95	LB	57	63	69	30	53	53	57	60	0	65	54	41	1	39
207998	9	50	GK	57	72	60	55	58	61	44	52	0	62	26	24	0	25
208068	1474	167	ST	57	62	66	53	34	56	35	56	0	58	56	61	1	26
208078	982	167	CB	57	57	61	25	26	29	56	72	1	72	29	25	1	26
208102	272	13	CB	57	65	74	30	37	39	57	64	0	75	50	49	1	21
208138	72	136	CB	57	65	59	29	29	33	59	64	1	84	38	48	1	25
208160	2045	47	CAM	57	69	61	47	55	66	54	61	0	65	64	60	2	58
208174	68	136	CDM	57	68	61	35	62	59	57	59	0	73	63	51	1	38
208191	1744	27	RB	57	68	67	34	46	55	58	55	0	60	45	38	1	31
208389	670	7	CAM	57	68	63	52	58	61	50	58	1	62	62	60	1	47
208412	688	160	ST	57	57	72	57	40	59	36	48	1	48	59	57	3	40
208442	111705	46	RB	57	61	66	25	46	54	59	60	0	65	55	33	1	20
208540	687	95	ST	57	61	65	52	52	58	44	63	1	74	61	59	1	30
208601	700	24	RB	57	64	54	30	38	30	58	59	0	70	54	52	1	44
208650	620	25	LM	57	64	78	57	52	60	35	52	0	59	56	54	1	42
208988	111674	183	GK	57	60	61	50	57	61	48	59	0	72	25	25	0	25
209036	112392	183	RM	57	60	70	43	60	58	54	56	0	61	54	47	1	30
209040	112393	183	RB	57	60	80	45	58	55	57	50	0	56	48	45	1	46
209191	112395	183	GK	57	57	59	56	55	63	40	54	0	54	63	56	3	55
209205	112395	183	GK	57	55	60	64	50	54	42	55	0	81	25	25	0	25
209209	112395	183	CB	57	57	73	35	52	47	63	54	0	77	30	44	1	34
209256	1796	14	CB	57	63	64	27	27	29	59	64	1	74	28	33	1	26
209315	1790	14	CB	57	57	72	34	50	52	58	58	0	58	52	34	2	50
209417	111086	37	CDM	57	63	68	46	59	63	42	53	0	44	63	60	1	36
209483	72	18	GK	57	76	61	50	55	63	41	52	0	49	23	25	0	25
209875	110929	140	ST	57	57	74	49	33	62	35	57	1	57	62	49	3	33
209886	111396	195	CDM	57	70	67	35	55	61	55	49	0	58	64	53	1	36
210143	112393	183	CDM	57	59	68	49	60	58	56	59	0	72	53	60	1	32
210153	171	21	ST	57	70	69	54	43	56	37	60	0	62	58	64	2	36
210156	112389	183	CDM	57	57	70	37	59	51	50	55	0	32	52	52	1	37
210163	112676	183	CM	57	57	51	36	56	46	54	70	0	70	46	36	2	56
210199	607	183	CF	57	64	83	53	47	62	39	44	1	63	53	58	2	34
210224	112407	183	ST	57	57	76	53	41	58	36	60	0	60	58	53	3	41
210409	86	42	CM	57	74	73	46	61	62	54	54	0	57	59	53	1	53
210422	874	37	GK	57	64	58	60	65	58	30	51	0	54	25	24	0	25
210477	780	4	LM	57	69	70	45	54	60	34	49	0	52	63	46	1	41
210482	2045	4	CDM	57	66	61	37	50	44	60	52	1	83	50	46	1	38
210523	111400	195	ST	57	57	68	50	45	55	37	55	0	55	55	50	2	45
210534	110326	108	LW	57	70	88	50	36	59	34	62	1	74	68	62	2	29
210655	315	40	GK	57	69	62	49	65	64	47	53	0	72	25	20	0	25
210779	111821	4	LB	57	65	78	30	54	60	54	54	0	46	56	40	1	32
210816	980	167	GK	57	67	57	56	57	59	44	58	0	69	24	25	0	25
210855	112389	183	CM	57	57	81	49	48	56	40	59	1	59	56	49	3	48
210941	1476	167	GK	57	69	59	55	62	58	45	57	0	60	20	25	0	25
211026	112407	183	ST	57	59	72	53	38	58	33	61	0	46	50	59	1	32
211086	110109	40	ST	57	67	64	57	45	65	32	45	0	27	58	60	2	38
211088	100769	40	CDM	57	71	67	50	59	64	42	56	0	49	65	61	1	44
211386	2056	167	CDM	57	60	60	39	53	56	60	59	0	66	58	48	1	34
211389	111993	58	LB	57	70	60	35	45	52	57	52	0	56	56	36	1	35
211511	142	35	CB	57	66	53	31	43	37	57	65	0	66	47	43	1	30
211780	100766	40	GK	57	66	63	53	59	63	42	51	0	70	21	25	0	20
211931	86	42	LW	57	68	83	43	50	57	31	33	1	38	58	49	1	34
212056	1853	45	RM	57	68	68	50	51	62	35	42	0	47	62	47	2	50
212243	21	21	RM	57	74	67	26	55	58	53	42	0	34	65	38	1	33
212481	34	21	RM	57	70	61	56	55	62	49	61	0	54	64	65	1	39
212501	229	7	CDM	57	74	60	39	57	57	54	57	0	73	68	55	1	48
212511	111397	195	RB	57	63	74	33	45	40	54	62	0	70	54	47	1	25
212575	162	21	CB	57	57	73	33	52	58	57	59	0	59	58	33	3	52
212645	320	46	LB	57	69	82	33	57	60	49	52	1	41	61	48	1	39
212777	112115	167	CM	57	57	52	54	60	60	39	53	0	53	60	54	3	60
212808	694	95	CB	57	57	81	46	52	56	56	70	1	70	56	46	3	52
212837	111588	167	CB	57	57	66	27	48	52	58	62	0	62	52	27	2	48
212839	111588	167	GK	57	57	59	56	56	57	44	57	0	57	57	56	3	56
212923	111397	195	RB	57	67	74	32	48	59	59	62	0	72	58	39	1	21
212927	1475	167	RW	57	59	68	50	59	58	32	49	0	58	56	65	2	33
212987	111087	43	CM	57	62	72	52	63	59	46	52	0	49	62	65	1	34
213050	112115	167	CB	57	64	55	24	40	39	55	67	0	60	44	31	1	22
213105	110	50	CM	57	75	62	48	59	56	51	50	0	54	60	48	1	42
213441	687	95	CM	57	57	66	56	56	56	43	51	0	51	56	56	3	56
213442	698	95	CB	57	61	50	26	50	50	55	63	0	57	59	32	1	24
213449	1873	37	RB	57	72	81	49	61	62	51	56	1	66	62	54	1	41
213466	1870	46	LB	57	67	70	33	54	58	55	56	0	61	60	47	1	26
213469	1870	46	RM	57	64	77	43	51	61	34	44	0	58	57	45	1	34
213493	112134	95	ST	57	60	53	50	45	53	41	68	1	76	59	56	2	24
213495	111705	46	ST	57	57	64	55	45	56	38	54	0	54	56	55	3	45
213512	112199	24	CDM	57	67	68	58	60	63	44	49	0	72	61	67	1	58
213513	112199	24	CM	57	57	60	41	60	57	45	58	0	58	57	41	3	60
213531	112134	54	CAM	57	65	58	60	59	60	50	46	0	60	63	64	2	61
213532	687	95	GK	57	63	58	55	64	62	44	56	0	65	25	25	0	22
213554	650	34	GK	57	63	59	56	53	60	51	54	0	50	23	25	0	25
213571	1754	14	RM	57	62	72	48	48	60	41	65	0	78	63	51	1	34
213610	112115	167	ST	57	62	62	54	42	61	36	58	1	56	61	58	2	69
213719	693	95	GK	57	61	52	58	54	61	42	59	0	59	25	20	0	25
213730	110231	40	RM	57	65	69	52	56	56	35	44	0	38	63	64	2	46
213834	88	117	CAM	57	75	68	50	49	63	36	58	0	45	61	58	1	33
213925	650	85	CM	57	65	65	45	59	55	58	54	0	63	56	58	1	45
215339	171	21	CM	57	70	65	51	59	59	52	57	0	58	65	58	1	48
215401	110770	47	CAM	57	71	61	48	63	56	46	54	0	57	58	55	1	60
215422	160	21	LB	57	65	63	32	46	47	61	60	0	65	54	41	1	25
215532	100632	34	ST	57	59	64	55	43	60	37	54	0	59	59	56	1	29
215660	1443	13	RB	57	65	65	31	47	53	57	61	0	60	54	42	1	22
215688	1443	13	RM	57	72	82	42	51	60	34	44	1	54	66	54	1	31
216172	110745	37	ST	57	57	67	53	36	57	39	65	0	78	53	55	1	32
216185	112022	44	ST	57	64	52	54	34	51	39	70	0	84	53	56	1	30
216224	100632	34	CB	57	64	57	28	34	32	58	60	0	62	37	45	1	31
216250	100632	34	GK	57	64	62	52	56	61	48	53	1	69	25	25	0	25
216260	550	21	RM	57	65	72	50	53	62	37	52	0	58	61	60	2	50
216263	111087	37	CM	57	57	61	48	56	63	38	44	0	44	63	48	3	56
216278	100409	48	LM	57	71	67	53	54	59	36	46	0	42	63	59	2	44
216333	479	45	CAM	57	63	59	57	54	63	36	48	1	57	67	68	2	54
216381	29	21	RB	57	65	77	34	56	57	53	46	0	34	57	34	1	29
216384	10030	21	CB	57	57	61	34	57	56	56	56	0	56	56	34	3	57
216462	485	21	GK	57	65	66	56	52	58	40	49	0	52	21	25	0	25
216797	1841	36	ST	57	72	73	55	54	60	36	54	0	54	60	65	1	52
217338	674	7	CAM	57	73	71	35	55	66	48	45	0	34	64	49	1	41
217584	229	7	CM	57	57	57	53	59	62	34	46	0	46	62	53	3	59
217587	650	34	CM	57	67	65	56	60	59	50	58	0	69	61	63	1	48
217842	1832	21	CB	57	64	57	26	31	27	59	61	0	64	28	32	1	21
193206	88	14	CM	57	68	66	55	62	59	45	56	0	66	62	62	2	66
204324	7	42	RM	57	74	55	49	59	57	52	58	0	64	54	62	1	43
218985	301	37	CB	57	67	62	32	52	52	60	52	0	64	45	41	1	54
199875	15048	14	RB	57	67	82	30	48	53	56	62	1	63	55	44	2	21
203210	3	103	CB	57	69	62	34	36	33	56	69	0	75	36	58	1	31
204290	109	14	RB	57	64	67	26	44	47	60	57	0	59	49	24	1	46
205352	18	42	GK	57	64	61	54	51	64	43	49	0	35	23	25	0	25
212379	100764	40	GK	57	66	62	55	59	56	44	56	0	66	25	25	0	25
19089	1933	117	ST	56	57	81	53	36	56	35	61	1	60	40	62	2	32
19248	1935	14	RB	56	52	51	47	53	55	57	55	0	62	50	45	2	51
19564	1948	14	CB	56	56	51	37	37	37	55	67	0	67	37	37	2	37
19699	1941	14	CM	56	55	62	50	62	57	51	66	0	72	60	61	1	40
23467	1940	14	CDM	56	58	50	44	52	54	56	57	0	58	53	58	1	58
52121	838	25	CM	56	56	55	56	57	55	52	54	0	54	55	56	2	57
52240	321	46	CB	56	56	51	44	53	47	54	67	1	67	47	44	2	53
52331	434	47	CM	56	56	64	51	56	55	52	56	0	56	55	51	2	56
53406	1941	14	LM	56	56	63	43	57	54	38	50	0	75	61	55	2	44
112358	1815	18	RB	56	60	63	37	52	53	54	69	0	70	60	33	1	27
138083	110313	14	RB	56	56	54	39	53	51	57	65	0	75	53	46	1	26
138427	112254	50	CB	56	56	59	27	62	51	56	56	1	56	51	27	2	62
139350	111285	14	LB	56	55	66	44	50	53	60	58	1	70	47	53	1	72
142284	834	25	CM	56	56	55	44	57	55	57	57	0	72	59	59	1	24
144589	898	19	CDM	56	58	63	53	60	61	53	56	0	71	60	71	2	66
148685	1456	36	RB	56	56	68	46	53	59	55	63	0	65	66	56	1	24
151417	112254	50	CB	56	56	34	28	30	32	58	66	0	66	32	28	1	30
151724	112424	13	CM	56	56	64	60	59	48	42	36	1	36	48	60	2	59
152521	110313	14	CB	56	57	49	30	46	38	54	56	0	61	42	31	1	40
152541	112259	117	CB	56	56	58	27	36	38	57	64	0	78	39	30	1	23
155534	1936	14	CB	56	60	62	42	53	49	58	68	0	77	53	54	1	30
156745	1715	47	GK	56	63	54	56	54	62	37	54	0	48	22	43	0	25
157143	423	25	ST	56	53	54	59	49	50	39	61	0	73	54	54	1	57
162039	702	46	GK	56	56	58	56	50	60	34	48	0	69	29	30	0	25
162829	834	25	CB	56	56	33	35	40	52	57	58	0	80	51	44	1	25
162884	1572	25	ST	56	56	55	54	51	52	41	67	0	67	52	54	2	51
165932	305	25	RB	56	56	67	43	53	52	55	62	0	57	52	56	1	45
169909	112260	14	LM	56	63	74	47	55	64	54	55	0	47	53	45	1	45
170785	1715	47	GK	56	64	61	51	59	63	31	51	0	52	26	25	0	25
171968	112259	14	ST	56	60	60	53	48	50	42	58	0	61	62	59	2	47
173472	111822	4	LM	56	58	73	39	54	47	59	57	0	71	57	50	1	37
173555	357	14	GK	56	62	55	56	58	57	59	55	1	65	25	25	0	25
173785	110313	14	CM	56	60	70	45	57	53	60	62	0	72	60	51	1	55
173837	1945	14	RB	56	61	63	35	46	50	58	51	0	56	55	40	1	28
177021	1940	14	ST	56	56	67	49	38	48	40	54	0	73	56	47	2	29
178694	112259	14	GK	56	59	60	55	46	61	42	53	0	68	25	33	0	25
179567	434	47	CM	56	56	67	54	49	60	40	56	0	56	60	54	3	49
179602	423	25	CM	56	58	61	46	58	51	54	56	0	56	53	57	1	49
179677	110747	37	LW	56	61	81	56	46	56	45	66	1	63	54	77	1	46
179767	346	14	GK	56	62	63	58	40	64	25	45	0	56	22	25	0	25
180183	834	25	RB	56	56	55	45	54	49	58	63	0	74	49	56	1	45
180382	423	25	CB	56	55	32	32	42	26	58	58	1	87	30	55	1	56
181425	1870	46	LM	56	62	66	46	50	57	46	48	0	57	56	53	1	41
182366	422	25	CB	56	61	63	34	43	30	56	72	1	84	42	44	1	34
182679	100409	21	ST	56	60	64	53	34	58	39	57	1	62	61	57	1	49
182685	112254	14	CDM	56	61	63	28	54	56	53	59	0	64	55	29	1	30
183515	373	14	RB	56	61	78	30	48	54	57	54	0	64	51	37	1	24
183533	15015	14	GK	56	65	61	56	60	62	54	47	0	55	22	22	0	25
183549	1919	14	GK	56	65	65	54	45	62	53	45	0	52	25	32	0	25
183641	837	25	ST	56	56	71	54	29	56	38	58	0	58	56	54	3	29
183792	299	4	RB	56	62	65	25	54	56	58	61	0	72	55	31	1	25
184040	1788	13	GK	56	64	58	53	65	62	61	52	1	66	25	25	0	25
184454	319	46	CB	56	56	57	28	42	42	57	60	0	60	42	28	2	42
184473	110313	14	CB	56	61	76	25	44	43	56	66	0	70	46	25	1	27
184794	1928	14	RB	56	56	69	30	43	40	59	60	0	68	54	40	1	27
184801	357	14	CM	56	60	75	49	57	56	48	52	0	57	59	55	1	49
185075	301	37	CB	56	56	66	33	50	46	56	52	0	52	46	33	2	50
185265	112259	14	LB	56	61	71	35	59	53	53	57	0	76	57	31	1	60
186346	346	14	RB	56	63	87	45	42	49	57	64	1	76	41	60	1	28
188429	1940	63	CM	56	59	71	39	60	46	52	54	0	68	60	42	1	43
188679	110313	14	CM	56	64	70	32	47	38	58	64	0	72	58	56	1	28
188926	874	37	CM	56	56	60	50	51	61	53	43	0	43	61	50	3	51
189094	445	35	CB	56	56	54	26	46	35	58	60	0	60	35	26	2	46
189240	111083	37	ST	56	60	50	55	46	59	49	54	0	84	48	64	1	45
189316	1928	14	LM	56	58	81	51	59	58	56	60	1	61	54	52	1	48
190031	837	25	LB	56	60	58	53	42	47	57	56	0	56	54	55	1	58
190817	357	14	CM	56	63	65	52	55	58	42	50	0	41	58	58	2	71
190822	10	36	GK	56	56	45	60	64	68	20	51	1	51	68	60	3	64
190857	694	80	GK	56	56	62	51	59	68	39	46	1	46	68	51	3	59
190962	110313	42	CB	56	63	52	30	37	28	57	67	0	73	40	48	1	21
191728	1456	36	RW	56	61	66	66	51	57	50	68	1	58	65	67	1	72
191893	980	167	LB	56	62	65	48	51	55	60	62	0	76	52	56	1	44
192543	837	25	ST	56	56	80	56	33	57	35	56	0	56	57	56	3	33
192587	434	33	CDM	56	74	69	52	54	57	48	53	0	66	71	62	1	58
192780	110890	14	CB	56	66	62	27	30	34	54	66	0	73	46	36	1	25
193164	111065	83	GK	56	66	56	60	57	63	44	48	0	57	29	33	0	25
193236	420	37	CB	56	56	60	39	41	47	59	60	0	60	47	39	2	41
193726	1754	42	CDM	56	66	66	48	56	58	59	51	0	56	63	58	2	53
194803	373	14	ST	56	56	69	53	46	49	44	62	0	62	49	53	2	46
195013	422	25	LB	56	64	54	38	54	48	55	57	0	56	56	51	1	35
195286	300	16	ST	56	56	70	49	47	60	37	51	0	51	60	49	3	47
195427	1958	14	ST	56	68	73	48	37	52	40	53	0	67	45	63	1	28
198039	1480	14	GK	56	65	56	55	54	61	35	56	0	35	21	35	0	25
198046	110747	37	CM	56	64	72	52	57	58	58	66	0	59	62	69	2	50
198252	1948	14	CM	56	56	62	49	57	58	47	57	0	57	58	49	3	57
198437	127	50	ST	56	72	77	53	45	62	37	44	0	40	60	55	2	34
198457	110313	14	RM	56	64	67	44	52	57	37	44	0	32	58	49	1	49
198480	838	25	LM	56	63	80	51	53	55	42	54	0	51	55	55	1	29
198485	445	35	CB	56	62	53	30	39	31	56	58	0	56	45	52	1	27
198493	445	25	ST	56	56	62	55	42	57	35	52	0	52	57	55	3	42
198538	1447	13	CB	56	64	59	56	43	54	56	62	0	76	59	67	1	42
198990	1572	25	CM	56	66	65	46	58	54	55	53	0	50	59	49	2	26
199014	563	25	ST	56	60	71	55	38	54	37	56	0	59	55	58	1	43
199039	111373	4	CDM	56	62	58	34	53	57	58	54	0	75	58	38	1	22
199141	919	36	CB	56	68	49	38	57	40	55	56	0	71	58	47	1	50
199265	983	167	CF	56	58	49	62	44	56	48	70	1	67	53	67	2	45
199278	86	22	CB	56	56	74	50	54	45	56	62	0	62	45	50	2	54
199759	1873	37	GK	56	62	58	56	52	61	31	53	1	54	25	20	0	25
199783	112022	4	CB	56	62	50	25	25	40	59	65	0	80	39	25	1	38
200263	563	25	CM	56	63	64	50	56	52	55	55	0	56	55	55	1	46
200313	361	14	RB	56	63	66	35	52	54	57	56	0	73	55	43	1	43
200433	2045	4	CF	56	71	63	56	48	58	43	65	0	77	68	68	1	43
200671	695	95	CDM	56	65	52	56	57	60	52	60	1	59	66	73	1	56
200718	320	46	CB	56	70	54	31	45	38	56	58	1	83	49	52	1	27
200860	1443	19	CF	56	67	68	57	49	55	40	59	0	68	64	66	1	52
201022	68	115	GK	56	72	54	53	57	62	41	63	0	59	25	21	0	25
201332	86	42	CM	56	56	69	37	56	59	59	68	0	68	59	37	3	56
201428	100804	42	CAM	56	68	69	43	60	62	51	58	0	56	62	51	1	32
201475	1572	25	LB	56	58	55	40	54	48	55	57	0	60	52	52	1	35
201502	110456	38	CM	56	63	57	40	59	59	52	51	0	56	60	55	1	50
201511	110456	18	ST	56	64	66	55	45	62	36	56	0	66	60	63	1	55
201928	1524	36	ST	56	56	66	52	47	62	35	54	1	54	62	52	3	47
201987	1958	14	GK	56	63	60	50	52	62	52	54	0	50	25	21	0	25
202291	2056	167	LB	56	63	72	46	39	32	58	62	0	66	33	54	1	54
202574	1928	14	ST	56	65	79	52	30	56	35	40	0	57	52	57	1	44
202673	269	13	GK	56	66	59	58	45	64	44	49	0	62	29	30	0	25
202698	1929	14	CM	56	67	60	39	53	57	46	46	0	43	62	39	1	60
202761	1948	42	GK	56	56	61	53	51	61	44	54	0	54	61	53	3	51
202809	361	14	LB	56	62	76	52	44	66	36	47	0	65	57	57	2	51
202925	433	46	ST	56	68	72	48	40	62	34	62	0	58	62	53	1	38
202962	982	167	GK	56	56	57	59	54	52	63	58	1	58	52	59	2	54
203034	1938	14	GK	56	62	64	44	35	66	57	54	0	47	22	22	0	25
203074	112267	46	RB	56	56	81	34	50	60	51	52	1	51	59	61	1	23
203093	445	25	CB	56	60	54	31	39	28	60	53	0	72	37	49	1	31
203145	1948	14	CB	56	62	63	29	52	41	56	52	1	68	40	38	1	37
203172	112072	46	GK	56	56	57	56	57	56	29	57	0	57	56	56	3	57
203286	110234	40	ST	56	66	69	55	34	55	40	63	0	56	46	64	1	41
203310	111399	195	RW	56	65	84	54	45	51	34	52	1	57	46	57	1	33
203423	111397	195	GK	56	63	64	51	53	64	28	50	0	46	25	24	0	25
203974	111285	110	RB	56	60	67	42	54	57	57	62	0	65	49	50	1	44
204096	112254	14	CM	56	56	51	43	57	51	58	64	0	85	57	59	1	34
204246	110313	14	GK	56	67	65	52	48	63	59	47	1	63	23	36	0	25
204263	111373	4	CB	56	65	63	38	44	45	57	67	0	76	55	61	1	35
204365	1945	14	ST	56	65	56	54	42	54	35	58	0	70	57	64	2	30
204383	445	25	CM	56	65	71	47	55	54	52	50	0	56	57	52	1	57
204412	1925	14	CM	56	71	68	44	62	51	61	60	0	60	63	62	1	36
204426	111393	195	CDM	56	66	77	38	53	55	55	52	0	58	54	43	1	31
204630	1824	21	CDM	56	67	53	30	48	40	56	65	0	68	49	54	1	26
204631	1824	21	CB	56	68	62	36	52	54	56	59	0	61	55	53	1	34
204718	980	167	CM	56	56	76	58	57	48	55	62	0	62	48	58	2	57
204773	1815	18	GK	56	65	54	52	57	59	45	62	0	61	21	22	0	25
204787	1804	25	CB	56	67	57	29	37	28	57	59	0	63	32	44	1	31
204842	894	47	GK	56	65	55	55	59	62	42	51	1	65	21	26	0	25
204854	563	25	CAM	56	64	62	49	57	59	48	48	0	48	59	53	1	45
204904	322	47	LB	56	70	74	45	56	59	54	53	0	58	66	60	1	46
204916	2007	7	CB	56	68	68	45	56	64	41	56	0	72	64	50	1	47
205055	86	42	CB	56	67	56	50	50	48	56	63	0	67	49	49	1	28
205086	171	21	CM	56	62	68	50	62	57	42	59	0	55	65	61	1	39
205187	1867	45	GK	56	65	57	58	52	62	49	48	0	55	26	37	0	25
205355	1962	35	CM	56	63	66	50	58	57	55	58	0	63	56	54	1	56
205411	94	14	CM	56	70	70	47	58	64	42	41	0	34	64	53	1	52
205686	111989	18	CM	56	65	75	51	55	59	42	39	0	34	64	61	2	31
205745	110745	37	GK	56	64	64	55	47	51	20	56	1	65	25	22	0	25
206083	1792	14	LM	56	76	79	48	45	63	35	42	0	49	63	72	2	37
206140	1747	18	GK	56	68	58	50	56	63	36	52	0	65	25	24	0	25
206145	171	21	GK	56	66	56	57	57	63	36	47	0	64	21	39	0	25
206369	1572	25	CM	56	56	71	51	56	52	55	55	0	55	52	51	2	56
206488	299	120	GK	56	62	57	55	55	57	48	53	0	68	21	26	0	20
207430	111399	195	CM	56	56	67	46	52	57	43	50	0	50	57	46	3	52
207483	111285	25	CM	56	62	58	44	57	54	50	50	0	47	59	50	2	42
207530	100081	7	CDM	56	64	55	40	53	56	56	64	0	62	56	55	1	52
207564	1439	148	CM	56	56	64	51	56	61	43	44	0	44	61	51	3	56
207982	111083	49	GK	56	61	59	50	58	55	45	56	1	81	31	25	0	25
207989	100805	42	ST	56	69	64	51	56	60	35	54	0	37	60	53	1	28
208041	80	42	GK	56	65	60	53	56	58	41	54	0	70	25	25	0	25
208072	1477	167	CM	56	56	59	41	57	53	41	48	0	48	53	41	2	57
208172	1815	18	RM	56	72	81	45	46	62	31	41	1	45	65	55	2	49
208300	112267	46	LB	56	63	79	25	50	60	51	52	0	47	57	25	1	34
208303	1474	167	CB	56	56	63	27	26	41	54	66	0	67	41	35	1	26
208454	674	7	RB	56	77	73	40	58	67	49	46	0	64	66	55	1	48
208531	111070	95	GK	56	56	60	54	60	61	43	52	0	52	61	54	3	60
208538	698	4	GK	56	56	55	54	60	62	40	54	0	54	62	54	3	60
208577	112374	36	CM	56	56	66	52	60	53	45	51	0	51	53	52	2	60
208809	1937	14	ST	56	71	80	54	47	52	35	60	0	72	48	63	1	36
208908	58	18	LW	56	68	66	51	49	64	35	47	0	63	59	68	1	41
208912	112389	183	GK	56	56	55	58	58	57	44	56	0	56	57	58	3	58
208963	1945	14	CM	56	69	69	51	56	52	51	48	0	60	54	54	1	46
209062	700	46	ST	56	67	77	54	55	50	35	65	0	71	54	63	1	44
209071	112393	183	RB	56	62	74	38	61	48	54	56	0	64	33	51	1	53
209155	112393	183	ST	56	61	66	54	34	55	38	56	0	61	60	66	1	33
209255	1796	14	CB	56	56	62	28	27	33	58	59	0	59	33	28	2	27
209278	110456	18	CB	56	68	52	31	38	32	56	62	0	66	33	42	1	28
209311	72	18	CDM	56	72	76	47	54	60	53	53	0	34	59	57	1	57
209314	112259	14	LB	56	69	74	38	48	59	57	54	0	67	58	55	1	27
209357	111393	195	CM	56	56	84	43	47	62	31	34	1	34	62	43	3	47
209554	112407	183	GK	56	59	57	53	53	60	49	56	0	48	21	25	0	25
209566	112407	183	CB	56	56	48	28	39	37	57	65	0	78	40	36	1	28
209644	58	18	GK	56	65	58	47	53	66	54	54	0	57	25	26	0	25
209781	1815	18	CF	56	65	73	52	46	58	34	54	0	47	65	56	1	60
209840	65	18	CB	56	68	63	33	40	55	57	54	0	57	50	38	1	38
209893	111398	195	CM	56	65	68	44	54	58	55	62	0	70	63	49	1	37
210006	191	21	GK	56	65	58	50	47	62	47	55	0	72	24	25	0	25
210119	111651	70	GK	56	65	63	55	51	60	60	51	1	76	23	20	0	25
210182	112389	183	CB	56	60	58	31	53	46	55	59	0	77	50	45	1	23
210264	111373	4	GK	56	63	59	56	54	54	47	55	0	48	24	25	0	25
210356	111395	195	CAM	56	64	80	46	51	60	37	42	0	31	51	45	2	42
210438	1820	97	CAM	56	68	70	49	52	64	38	46	0	43	60	54	2	56
210490	111373	4	LM	56	64	67	54	60	59	41	46	0	57	60	64	1	65
210493	209	4	RB	56	61	64	26	42	54	59	50	0	58	53	32	1	22
210506	111821	4	CB	56	56	33	26	30	35	55	72	1	72	35	26	2	30
210537	900	47	RM	56	62	63	40	47	61	31	39	0	36	53	50	2	37
210582	112224	195	CB	56	61	59	29	42	32	56	64	0	72	35	46	1	32
210663	620	42	CB	56	67	54	33	54	47	55	62	0	61	57	47	1	25
210710	112139	183	GK	56	60	62	56	53	56	48	52	0	69	25	23	0	25
210720	485	21	CB	56	72	52	29	35	36	56	60	0	69	35	33	1	36
210829	111766	195	LB	56	67	81	33	57	57	54	60	1	70	62	23	1	28
210877	110326	18	ST	56	56	64	54	35	46	38	67	0	67	46	54	2	35
210901	112392	183	ST	56	60	70	52	34	52	36	55	0	60	53	53	1	28
210922	111674	183	CM	56	67	59	38	58	59	54	53	0	58	63	51	2	31
211093	1937	42	CAM	56	77	66	53	56	58	40	45	0	44	63	58	1	44
211095	1786	13	ST	56	67	55	51	37	50	38	65	0	72	58	66	1	21
211116	112259	14	ST	56	59	79	51	37	51	37	60	0	72	54	57	1	32
211136	112395	183	CB	56	56	47	26	32	28	58	65	0	65	28	26	1	32
211169	1813	101	ST	56	56	78	52	41	57	32	52	0	52	57	52	3	41
211201	19	14	CB	56	78	55	27	49	46	58	55	0	63	55	48	1	20
211378	82	195	CM	56	65	65	45	56	57	52	54	0	57	57	56	1	44
211415	1940	14	ST	56	56	48	53	31	43	40	76	1	89	60	65	1	24
211483	112374	36	CB	56	56	57	34	44	35	54	58	0	58	35	34	2	44
211623	121	14	LM	56	70	79	44	48	61	31	46	0	42	63	51	1	26
211663	1930	14	ST	56	66	47	56	36	44	35	66	1	61	53	66	1	27
211804	111277	46	ST	56	64	59	53	37	54	40	62	1	82	56	54	1	36
211864	874	37	LB	56	66	65	41	46	54	55	48	0	52	55	44	1	29
212283	418	36	CM	56	67	67	43	61	64	47	55	0	70	64	51	1	45
212299	110233	40	GK	56	62	63	53	52	58	43	50	0	73	20	25	0	25
212322	100081	7	RM	56	64	58	31	54	59	51	57	0	57	56	34	1	29
212347	2056	167	CB	56	56	74	28	39	39	54	67	0	67	39	28	2	39
212396	110724	37	CB	56	62	52	27	36	35	56	59	1	74	42	35	1	22
212430	1474	167	LW	56	64	63	52	59	57	46	46	0	32	56	56	1	54
212581	2045	4	CB	56	62	55	28	30	29	57	68	0	82	30	37	1	25
212629	111140	95	CM	56	65	61	48	50	61	49	56	0	66	60	53	1	33
212791	1474	167	ST	56	71	68	40	56	58	43	56	0	61	72	57	2	39
212845	111821	43	ST	56	56	71	50	35	58	36	61	0	61	58	50	3	35
212926	1475	167	LB	56	64	63	45	57	55	52	58	0	45	54	53	1	40
213122	689	95	CM	56	63	64	53	54	59	50	60	0	57	61	61	1	48
213157	111087	37	ST	56	56	67	53	50	63	36	44	0	44	63	53	3	50
213204	433	46	RM	56	68	70	41	51	62	46	42	0	48	64	54	1	60
213342	698	95	ST	56	56	76	53	44	63	36	49	0	49	63	53	3	44
213343	111928	25	RB	56	58	66	35	57	56	55	50	0	58	53	48	1	33
213436	111139	18	CB	56	68	62	57	61	50	37	51	0	74	52	65	1	52
213440	687	95	CB	56	56	70	49	56	57	57	52	0	52	57	49	3	56
213455	111070	95	CB	56	56	68	32	46	41	55	58	0	58	41	32	2	46
213494	111705	46	RW	56	65	65	52	51	61	38	45	0	58	57	53	1	39
213539	111277	46	RB	56	63	66	40	51	58	58	58	0	64	58	42	1	42
213613	711	46	CM	56	78	57	47	58	54	55	50	0	61	75	72	2	63
213643	320	117	ST	56	56	70	53	38	60	36	64	0	64	60	53	3	38
213736	695	83	GK	56	64	59	51	62	61	41	53	0	69	32	36	0	25
215368	209	4	CM	56	56	73	43	53	54	38	48	0	48	54	43	2	53
215374	1955	14	ST	56	68	84	47	45	62	35	54	1	58	65	66	1	29
215529	100632	34	CDM	56	59	58	43	58	56	55	50	0	59	56	51	1	49
215530	100632	34	CAM	56	64	64	52	58	60	51	48	0	75	61	56	1	47
215585	112512	37	ST	56	56	63	53	36	52	37	62	0	62	52	53	2	36
215693	112424	13	GK	56	58	58	53	54	63	41	51	0	50	24	24	0	25
215927	110913	7	ST	56	65	62	51	37	46	36	62	0	57	59	62	1	38
216037	1844	52	CB	56	70	62	26	47	53	55	59	0	72	63	28	1	28
216109	100632	34	CAM	56	65	59	46	62	59	42	50	0	47	64	53	1	45
216182	112022	4	CDM	56	63	62	34	54	49	56	58	0	58	62	47	1	37
216274	100409	21	CB	56	67	54	33	36	39	57	58	0	48	45	51	1	28
216286	1445	13	CM	56	64	73	38	55	55	55	57	0	75	59	46	1	32
216329	670	105	ST	56	56	67	52	32	45	36	65	0	65	45	52	2	32
216358	506	21	GK	56	63	57	55	56	63	31	54	0	59	21	31	0	25
217243	110178	21	CB	56	63	58	26	41	40	57	63	0	77	41	35	1	22
217792	897	47	CB	56	72	33	31	42	42	59	59	1	84	43	44	1	25
219275	111087	37	CM	56	56	67	46	59	57	55	59	0	59	57	46	3	59
219661	110747	37	LB	56	64	61	31	33	40	55	64	0	67	52	48	1	41
203747	1	45	RB	56	80	77	47	53	64	52	41	0	39	61	51	2	49
204499	1936	14	CB	56	74	49	31	42	33	55	65	1	70	47	24	1	35
201446	19	14	CDM	56	64	63	42	61	61	55	50	0	61	63	53	1	41
208051	1873	37	CAM	56	67	77	46	57	62	48	54	0	59	62	56	1	47
189307	346	14	RM	56	60	76	47	52	60	42	44	0	30	54	53	2	45
202937	106	14	ST	56	64	57	60	44	52	35	50	0	32	41	63	2	48
206426	1930	14	GK	56	63	57	56	42	58	56	56	0	47	25	25	0	25
215301	9	50	CB	56	65	40	32	33	35	58	62	0	62	39	43	1	35
163821	112260	14	CDM	56	53	58	29	49	48	55	54	0	57	52	45	1	26
22388	563	25	GK	55	54	56	56	54	57	40	54	0	62	33	35	0	25
47699	322	47	GK	55	55	60	53	50	60	42	49	0	49	60	53	3	50
51733	86	54	CB	55	55	55	32	43	47	55	58	0	63	51	57	1	25
53367	1940	14	CM	55	58	50	45	55	56	46	55	0	61	60	52	1	41
53846	321	46	CB	55	55	22	31	37	25	56	64	0	64	25	31	1	37
100522	111285	25	ST	55	55	31	57	56	50	44	70	0	70	50	57	2	56
139248	110569	108	GK	55	57	62	53	51	50	26	56	0	27	26	37	0	25
142333	422	25	GK	55	57	63	54	50	54	37	50	0	49	22	35	0	25
144055	898	47	GK	55	58	56	54	51	52	36	58	0	56	21	39	0	25
144655	897	47	GK	55	55	56	53	53	61	32	54	0	54	61	53	3	53
149668	422	25	RB	55	55	55	32	50	37	61	55	0	72	55	44	1	29
149673	422	25	CB	55	55	54	40	44	37	55	60	1	60	37	40	2	44
149718	838	25	CB	55	55	33	49	55	42	54	64	0	64	42	49	2	55
149790	305	25	CB	55	55	33	47	58	50	59	62	0	62	50	47	2	58
149824	305	25	CDM	55	55	34	49	55	49	55	51	0	59	54	57	1	49
151519	112424	13	RB	55	55	67	37	52	49	59	62	0	73	55	42	1	43
157397	305	25	RB	55	55	75	50	50	52	52	56	0	57	51	55	1	52
161530	112217	40	RB	55	57	53	52	55	59	57	56	0	74	58	61	2	44
163213	1480	42	GK	55	55	56	52	52	58	38	55	0	33	23	43	0	25
164418	112424	54	ST	55	64	66	43	49	65	45	45	0	57	66	59	2	36
165455	838	25	GK	55	55	54	52	53	62	55	56	0	56	62	52	3	53
165460	1572	25	CB	55	54	52	40	45	39	57	61	1	76	40	51	1	28
167283	112254	14	ST	55	56	55	51	43	55	44	60	0	72	57	58	1	26
170255	1930	14	CM	55	55	86	56	47	62	42	47	1	47	62	56	3	47
172262	373	14	CM	55	60	64	49	60	58	50	50	0	56	68	69	1	65
176788	111822	4	CB	55	55	65	35	51	65	55	48	0	48	65	35	3	51
179789	1815	18	CB	55	66	57	25	46	32	56	51	0	64	42	21	1	24
180353	834	25	CM	55	55	71	51	52	53	38	57	0	57	53	51	2	52
180717	111396	195	GK	55	62	59	49	59	51	27	57	0	65	26	23	0	25
181452	614	126	GK	55	60	66	57	52	44	50	51	0	61	21	34	0	25
181685	111285	25	LM	55	62	65	53	56	54	34	55	0	56	54	55	1	64
182159	112374	36	RB	55	60	62	31	48	35	56	65	0	80	56	64	1	26
182681	1940	14	LM	55	60	78	35	55	56	43	42	0	57	57	70	1	55
184262	434	47	LM	55	62	63	43	56	57	53	51	0	49	55	47	1	56
186384	305	25	LM	55	58	81	44	49	56	35	52	1	47	52	52	2	57
186829	1940	14	CAM	55	61	66	51	39	53	38	65	0	68	60	57	1	50
187200	1754	83	CB	55	64	33	41	37	41	56	56	0	81	42	54	1	29
187760	111132	25	CM	55	60	54	55	57	50	54	56	0	59	56	57	1	57
188034	1803	35	CM	55	64	70	37	62	56	44	59	0	61	63	58	2	57
189206	373	14	CDM	55	67	68	40	54	56	53	55	0	70	60	45	1	55
189238	1447	4	RB	55	64	70	36	54	53	53	50	0	52	55	43	1	29
190033	838	25	CB	55	59	54	40	56	55	55	54	0	70	53	56	1	39
190240	143	14	CB	55	65	49	47	40	44	61	67	0	75	44	54	1	31
190945	1447	13	RB	55	67	76	45	56	57	53	62	0	61	65	52	1	41
191492	112676	183	LB	55	55	72	29	40	35	60	53	0	64	34	26	1	39
191839	112096	183	CM	55	64	73	51	54	54	51	53	0	55	59	59	1	42
191939	1474	167	GK	55	55	55	58	61	57	39	55	0	50	25	25	0	25
192230	1945	14	ST	55	55	83	50	50	55	38	58	1	58	55	50	2	50
194844	112549	18	GK	55	63	65	51	42	61	47	45	0	50	24	38	0	25
194926	110109	40	RB	55	67	70	52	61	56	47	47	0	51	51	46	1	47
197938	97	50	CB	55	55	71	40	53	46	54	66	1	66	46	40	2	53
198201	1815	18	RM	55	67	70	56	53	61	36	62	0	67	61	63	2	41
198326	710	46	GK	55	63	56	57	53	57	43	54	0	71	29	25	0	25
198453	305	25	CM	55	58	63	51	56	54	52	54	0	62	54	58	1	58
198529	837	25	CB	55	55	71	37	52	51	54	57	0	57	51	37	2	52
198929	445	25	ST	55	63	80	55	48	56	34	56	0	48	53	54	1	59
199016	1572	25	ST	55	55	77	52	37	52	36	52	0	52	52	52	2	37
199018	111132	25	CB	55	58	33	30	27	28	58	66	0	82	32	49	1	22
199298	1478	167	CB	55	55	68	49	55	53	55	56	0	56	53	49	2	55
199608	2045	4	CM	55	55	65	47	53	55	54	56	0	56	55	47	2	53
200134	111132	25	CM	55	61	71	54	42	56	35	53	0	56	57	56	2	57
200437	445	25	ST	55	62	70	52	28	55	36	54	0	56	56	55	1	53
200498	111132	25	CB	55	63	53	37	50	48	54	55	0	57	43	55	1	31
200732	837	25	CM	55	55	62	50	55	52	47	55	0	55	52	50	2	55
200963	688	95	CB	55	66	57	49	51	59	58	69	1	73	60	59	1	57
200964	693	95	CM	55	55	69	53	52	60	40	45	0	45	60	53	3	52
201354	112410	27	GK	55	62	52	52	50	62	48	54	0	60	28	31	0	25
201456	1750	7	ST	55	71	67	55	51	57	39	62	0	74	59	60	1	38
201474	834	25	CM	55	55	55	55	58	52	50	50	0	50	52	55	2	58
202014	305	25	CB	55	61	53	31	45	39	54	58	0	71	44	42	1	27
202062	710	46	CB	55	67	56	29	41	52	58	60	0	71	53	50	1	24
202254	112199	36	CDM	55	59	55	56	51	64	47	54	1	65	67	70	1	55
202332	319	24	LM	55	61	79	51	54	56	52	51	0	59	56	67	1	46
202532	361	50	CM	55	68	68	44	53	55	43	53	0	60	62	55	2	29
202772	306	25	LB	55	64	62	51	55	55	52	48	0	47	55	56	1	60
202844	89	25	CB	55	68	34	27	42	32	56	53	0	71	43	37	1	29
203095	423	25	RB	55	61	53	40	52	53	54	54	0	49	56	55	1	34
203133	181	42	GK	55	68	56	59	53	58	21	57	0	61	25	25	0	25
203141	111277	46	ST	55	55	61	50	38	53	39	64	1	64	53	50	2	38
203170	112072	46	ST	55	55	71	47	42	63	35	48	0	48	63	47	3	42
203175	1800	14	GK	55	65	64	46	54	61	44	51	0	53	25	25	0	25
203189	321	46	LB	55	64	60	30	51	43	58	60	0	70	54	51	1	22
203223	111397	195	CAM	55	69	64	51	48	54	40	67	0	62	58	55	1	64
203381	111398	195	LB	55	66	55	33	48	46	52	60	0	76	62	40	1	20
203424	1948	14	CM	55	55	53	47	50	57	53	63	0	63	57	47	3	50
203576	111092	37	CB	55	55	56	40	50	47	55	57	1	57	47	40	2	50
203752	1930	14	CM	55	55	68	44	49	55	36	43	0	43	55	44	2	49
203852	111821	4	GK	55	55	59	44	52	57	52	59	0	59	57	44	3	52
203853	111821	4	ST	55	66	69	47	38	53	42	63	0	60	56	45	1	42
204157	1715	18	CM	55	55	59	52	51	50	55	55	0	55	50	52	2	51
204239	110569	18	ST	55	55	68	53	51	56	37	48	0	48	56	53	3	51
204275	620	42	CM	55	69	60	50	53	58	49	46	0	49	61	53	1	51
204364	111399	195	CM	55	63	62	35	61	57	51	52	0	56	56	35	1	42
204437	1837	27	GK	55	67	59	54	64	56	31	55	0	37	25	30	0	25
204825	110313	14	GK	55	55	58	51	55	62	40	48	0	48	62	51	3	55
204850	922	36	CM	55	55	72	47	43	70	39	46	1	46	70	47	3	43
204889	1795	14	ST	55	69	65	53	48	59	37	51	0	47	59	52	2	41
204922	111821	4	GK	55	68	55	48	50	66	44	51	0	63	25	22	0	25
204999	110747	37	LM	55	65	76	48	57	47	53	48	0	37	45	51	1	40
205019	100805	14	CB	55	55	85	53	49	60	54	52	1	52	60	53	3	49
205060	86	42	CM	55	69	65	44	61	57	41	50	0	48	58	53	1	42
205378	1819	18	GK	55	68	55	57	53	62	37	49	0	62	25	26	0	25
205390	57	18	CM	55	55	60	47	58	54	50	54	0	54	54	47	2	58
205400	1929	14	ST	55	76	70	49	46	54	37	63	0	68	52	56	1	34
205568	112267	138	CAM	55	61	66	43	46	60	37	41	0	41	57	48	1	33
205728	1746	20	ST	55	68	90	49	34	46	34	58	1	57	64	61	2	32
205929	820	13	LM	55	72	69	41	51	59	44	56	0	59	67	54	1	55
206074	1837	27	CB	55	72	61	25	40	32	56	62	0	60	30	29	1	27
206138	110227	40	GK	55	70	60	48	53	62	44	52	0	70	24	24	0	25
206200	111132	25	RM	55	61	67	49	52	56	33	49	0	45	53	53	1	29
206202	1962	14	CM	55	55	72	51	58	55	51	60	0	60	55	51	2	58
206243	112549	18	CM	55	64	55	36	56	48	49	51	0	54	56	52	1	37
206263	95	14	ST	55	64	60	50	39	52	37	60	0	65	54	52	1	29
206653	1480	14	CM	55	72	66	29	49	32	58	64	0	66	59	48	1	24
207443	110456	18	GK	55	67	56	58	43	58	42	53	0	82	25	21	0	25
207476	1572	25	RM	55	58	61	45	52	55	34	47	0	51	54	52	1	36
207622	1463	36	CB	55	68	53	44	46	33	56	62	1	86	54	77	1	65
207649	1823	18	ST	55	66	66	54	38	52	32	58	0	57	52	57	1	36
207868	837	25	CM	55	59	55	47	55	51	53	52	0	56	55	54	1	36
207902	111091	37	CM	55	55	70	53	55	56	43	64	0	64	56	53	3	55
208065	112115	167	ST	55	60	51	52	29	56	36	71	0	76	55	54	1	29
208111	711	46	CB	55	67	51	35	43	48	56	64	0	71	48	53	1	32
208689	111822	4	CDM	55	65	66	42	54	52	56	51	0	58	57	49	1	32
208971	112392	183	CAM	55	55	59	57	58	53	40	46	0	57	57	64	1	38
209057	112389	183	RB	55	61	63	39	50	50	53	61	0	60	44	41	1	34
209228	112395	183	RB	55	56	72	53	57	61	46	41	0	28	56	65	1	38
209257	1796	14	CB	55	55	62	26	26	29	57	61	0	61	29	26	1	26
209260	299	36	ST	55	55	52	55	35	49	36	62	0	62	49	55	2	35
209284	112407	183	GK	55	57	56	54	60	55	42	55	0	64	25	24	0	25
209335	300	36	LB	55	69	66	38	62	56	53	53	1	64	65	75	1	64
209430	224	18	ST	55	66	68	54	36	52	34	53	0	56	52	53	1	28
209548	1920	14	RB	55	61	77	26	34	50	56	52	0	57	53	22	1	30
209565	112390	183	CDM	55	66	67	38	57	54	49	50	0	54	55	54	2	34
209836	614	7	CM	55	55	64	49	58	62	43	49	0	49	62	49	3	58
210167	112389	183	GK	55	55	61	52	52	61	31	46	0	46	61	52	3	52
210244	1933	14	RM	55	63	77	48	48	58	38	54	0	45	55	53	1	35
210319	838	133	ST	55	64	72	51	37	53	38	64	1	80	54	58	1	28
210345	121	14	CM	55	55	71	45	49	59	35	43	0	43	59	45	3	49
210472	111373	4	GK	55	59	55	52	58	63	43	51	0	68	25	25	0	25
210504	1862	129	RB	55	62	65	41	55	52	56	60	0	71	58	56	1	39
210538	1715	47	CM	55	61	60	47	57	49	48	52	0	56	60	59	1	57
210601	111821	4	CDM	55	65	69	29	28	40	52	67	0	70	59	46	1	24
210660	780	4	LM	55	66	78	35	46	59	48	44	0	32	60	52	1	31
210763	605	183	CB	55	60	58	26	33	34	56	62	0	74	33	39	1	27
210786	112387	183	RM	55	67	85	47	50	59	34	48	1	65	57	52	2	32
210966	83	63	LM	55	67	70	27	45	55	53	56	0	56	60	37	1	30
210967	80	42	CF	55	67	78	43	52	65	52	53	0	56	61	51	1	40
210975	1754	107	ST	55	55	63	53	53	58	39	64	1	64	58	53	3	53
211045	1480	14	RM	55	64	74	47	54	54	34	44	0	58	46	70	1	55
211127	112072	46	LM	55	67	63	56	53	56	55	61	0	63	65	64	1	44
211149	112393	183	GK	55	55	55	56	57	57	44	52	0	48	25	25	0	25
211245	111083	37	CM	55	65	58	46	59	49	48	57	0	39	55	62	1	39
211469	112267	46	RM	55	68	74	44	46	66	30	34	0	37	61	52	1	35
211668	111091	37	CM	55	55	73	48	50	57	40	51	0	51	57	48	3	50
212011	1476	167	CB	55	55	72	26	32	56	58	56	0	56	56	26	3	32
212276	78	8	ST	55	68	66	48	47	59	35	53	0	45	60	53	1	40
212434	983	167	CM	55	55	66	49	58	53	54	54	0	54	53	49	2	58
212558	2056	167	GK	55	55	53	54	55	56	43	56	0	56	56	54	3	55
212643	320	46	RM	55	67	68	53	51	61	31	42	0	40	63	53	1	49
212644	320	46	CB	55	68	69	31	50	42	53	66	0	65	51	48	1	21
212737	111398	195	RM	55	73	64	31	56	55	54	57	0	58	63	55	1	32
212799	1478	167	RB	55	59	63	31	48	52	52	49	0	34	50	28	1	49
212800	1478	167	CDM	55	61	59	43	51	58	52	74	1	75	55	40	1	54
212802	111373	4	CB	55	59	58	25	43	28	55	64	0	67	29	34	1	24
212913	110765	167	CM	55	55	68	46	54	55	33	44	0	44	55	46	2	54
213365	111144	13	ST	55	55	69	52	49	59	34	42	0	42	59	52	3	49
213437	111139	70	LM	55	64	67	28	44	45	55	56	0	54	58	58	1	62
213468	1870	46	CB	55	67	62	30	40	32	56	62	0	66	32	44	1	22
213470	1870	46	CDM	55	65	68	42	52	55	52	53	0	63	57	53	1	42
213492	111705	46	CB	55	55	60	29	52	48	56	52	0	52	48	29	2	52
213883	1750	7	CAM	55	68	70	47	56	57	31	37	0	47	61	58	1	50
213935	100764	40	CB	55	69	69	27	39	31	54	60	0	58	32	36	1	25
215379	68	31	CB	55	67	56	27	40	33	56	64	0	70	34	39	1	23
215575	112512	37	GK	55	65	56	51	54	58	51	52	0	62	25	21	0	25
215649	1949	14	RM	55	62	65	48	52	56	44	52	0	52	53	58	2	58
215667	112424	39	CB	55	61	63	25	26	27	58	59	1	85	38	42	1	20
215789	420	37	ST	55	55	64	51	35	50	35	58	0	58	50	51	2	35
216110	110746	37	GK	55	62	59	51	53	59	40	52	0	65	25	20	0	25
216114	920	36	CB	55	68	68	35	43	43	53	62	0	58	47	53	1	34
216116	420	37	ST	55	55	68	49	36	51	36	59	0	59	51	49	2	36
216135	159	21	GK	55	55	64	47	41	54	25	60	0	60	54	47	2	41
216156	434	47	CB	55	70	66	42	44	35	55	56	0	62	42	45	1	22
216177	112022	4	LB	55	58	62	39	35	47	57	58	0	64	48	66	1	62
216181	112022	4	CDM	55	66	57	35	50	49	56	60	0	73	59	47	1	37
216183	112022	21	RB	55	66	74	44	52	58	31	46	0	49	55	52	2	39
216184	112022	4	CDM	55	67	62	35	55	49	54	49	0	44	67	73	1	72
216186	112022	4	ST	55	71	56	51	36	53	36	62	0	64	60	65	2	28
216200	159	21	CM	55	62	67	46	60	58	46	57	0	62	59	61	2	45
216282	100409	21	RB	55	66	55	35	47	45	56	52	0	51	48	34	1	38
216297	1831	21	RM	55	64	67	46	51	60	33	48	0	53	57	54	2	40
216309	111087	43	GK	55	55	62	49	53	60	34	50	0	50	60	49	3	53
216327	670	7	CB	55	69	54	27	40	33	56	58	1	72	41	37	1	25
216334	673	7	CM	55	71	56	34	54	54	52	51	0	53	67	51	1	39
216583	111373	4	CM	55	54	63	35	54	48	55	59	0	68	48	46	1	36
216696	894	26	CM	55	61	65	38	58	59	43	44	1	44	73	66	1	51
216742	1862	44	CB	55	65	54	36	58	51	55	62	0	81	54	46	1	41
216779	1715	47	GK	55	61	62	48	51	60	44	51	0	55	20	25	0	25
217287	232	7	CDM	55	78	64	39	57	48	53	51	0	62	65	72	1	67
217505	111822	4	LM	55	65	63	53	48	57	39	56	0	71	55	61	1	29
217577	301	37	CM	55	55	63	46	57	58	35	43	0	43	58	46	3	57
217581	301	37	ST	55	55	53	52	43	49	36	64	0	64	49	52	2	43
217825	1754	42	CDM	55	74	68	57	56	60	46	54	0	56	61	70	1	61
219256	272	13	GK	55	75	53	56	48	59	45	52	0	68	45	25	0	25
219272	110749	37	CDM	55	63	63	41	56	53	55	57	0	58	52	49	1	31
219487	112020	27	RB	55	71	68	26	50	56	52	48	0	71	63	26	1	32
219793	68	18	GK	55	73	58	54	49	58	25	54	0	40	23	25	0	25
194677	1926	14	ST	55	64	75	47	47	58	39	54	0	62	59	52	1	30
198162	110770	47	CDM	55	64	73	49	59	58	53	65	0	75	59	62	2	60
204218	12	14	ST	55	64	69	49	37	51	38	56	0	62	41	59	1	36
211307	100769	40	LM	55	69	62	54	54	60	35	43	0	56	58	67	2	39
878	1797	14	CDM	54	52	52	55	58	57	50	55	0	55	59	51	2	57
2741	111285	25	CB	54	54	34	24	40	32	56	62	0	62	32	24	1	40
19740	305	25	GK	54	54	54	53	55	56	37	54	0	49	28	25	0	25
28223	1962	42	CB	54	54	59	49	53	56	54	56	0	56	56	49	3	53
30310	1463	36	CM	54	54	66	57	48	51	55	66	1	66	51	57	2	48
52229	299	46	RB	54	54	72	47	53	56	54	59	0	67	64	63	1	31
53506	127	50	GK	54	54	51	56	59	47	49	61	0	61	47	56	2	59
139345	1941	14	LB	54	54	58	42	43	47	57	68	0	76	51	66	1	58
150024	898	10	CB	54	59	62	46	51	54	54	64	0	73	57	70	1	38
151208	1951	14	GK	54	54	56	53	47	61	36	49	0	62	25	25	0	25
151677	112424	13	CM	54	58	79	53	57	63	46	58	0	79	61	62	1	63
157133	834	25	CDM	54	53	52	42	53	39	55	60	0	70	45	56	1	45
157408	838	25	CB	54	54	55	43	51	50	54	52	0	52	50	43	2	51
158795	112199	13	RB	54	66	69	55	49	59	40	62	1	66	63	76	2	52
163858	620	14	LB	54	60	53	30	48	48	56	58	0	62	52	43	1	27
165451	834	25	RB	54	54	33	42	53	50	57	54	0	71	53	53	1	45
167302	422	25	GK	54	54	55	53	58	55	43	54	0	54	55	53	2	58
170104	838	25	CM	54	54	55	48	55	50	54	58	0	58	50	48	2	55
170438	357	14	RB	54	62	68	25	45	50	54	60	0	59	47	22	1	25
170660	1715	47	CB	54	56	50	39	50	47	57	57	0	65	51	46	1	49
171880	834	25	CB	54	53	53	32	40	34	56	54	0	72	40	51	1	26
171908	111087	37	CM	54	55	54	56	59	56	44	56	1	59	58	80	1	61
173064	112584	55	ST	54	54	41	47	45	57	39	59	0	59	57	47	3	45
176803	711	46	CB	54	54	79	33	55	58	52	60	0	60	58	33	3	55
180760	605	183	GK	54	54	58	53	52	53	28	56	0	56	53	53	2	52
180881	834	25	CM	54	59	54	48	56	52	54	54	0	56	55	57	1	57
181661	445	35	GK	54	54	56	54	55	56	44	56	0	56	56	54	3	55
181797	834	25	CB	54	55	54	25	44	32	56	58	0	74	43	25	1	27
183423	834	25	CM	54	57	55	54	56	50	54	56	0	59	55	58	1	59
184492	423	25	LB	54	58	54	42	52	43	58	62	0	71	52	55	1	54
186882	420	28	GK	54	62	53	52	54	59	38	53	0	49	20	26	0	25
189377	820	13	ST	54	62	49	48	37	56	39	55	0	69	62	58	1	35
189404	2045	4	GK	54	64	57	47	50	56	34	56	0	77	25	25	0	25
190682	1934	162	CM	54	69	65	44	56	58	43	56	0	67	65	61	2	36
191081	271	13	LM	54	66	66	45	47	58	38	48	0	57	65	50	1	62
191253	10030	21	GK	54	60	57	48	47	61	53	49	0	69	25	21	0	25
191437	112390	183	GK	54	56	51	59	61	54	39	55	0	33	25	25	0	25
191497	112395	183	LM	54	58	83	50	45	54	48	50	1	64	45	47	1	51
192273	111277	46	GK	54	59	53	54	57	58	23	54	0	70	25	25	0	25
192542	111285	25	RB	54	61	55	39	52	49	54	53	0	56	53	55	1	27
194905	110747	43	CB	54	54	57	30	37	28	54	64	1	64	28	30	1	37
195080	1920	35	CF	54	67	67	50	52	63	36	55	0	56	58	53	2	29
195480	112260	35	RB	54	64	69	40	50	56	52	56	0	59	56	47	1	43
198467	111132	25	CB	54	57	71	49	56	51	51	53	0	56	54	55	1	55
198524	445	25	CB	54	54	61	38	52	53	53	54	0	54	53	38	2	52
198546	111132	25	CM	54	60	55	50	51	50	47	50	0	58	53	56	1	57
199007	111132	25	GK	54	54	54	54	51	56	40	54	0	54	56	54	3	51
199023	445	25	LM	54	58	55	51	51	52	54	56	0	71	56	56	1	37
199047	305	25	ST	54	59	59	51	33	55	37	58	0	56	55	52	1	39
199139	111285	25	CB	54	59	60	44	53	50	53	58	0	62	47	52	1	38
199234	111373	4	LB	54	68	69	46	50	54	56	56	0	64	55	68	1	60
199283	898	47	LB	54	61	74	54	58	62	52	56	0	53	60	66	1	47
199415	111132	25	RM	54	59	71	52	46	59	34	49	0	48	56	55	1	38
199461	305	25	CM	54	54	71	50	55	51	54	64	0	64	51	50	2	55
199480	1572	25	CM	54	60	64	51	58	50	55	58	0	72	57	56	1	54
200408	12	14	CB	54	66	52	25	39	29	53	61	0	60	45	24	1	21
200475	1831	21	CB	54	62	57	40	52	50	55	54	1	77	51	61	1	42
200563	980	167	ST	54	60	65	52	45	55	43	57	0	57	50	60	1	42
200634	834	25	ST	54	56	62	55	27	53	42	67	0	71	55	58	1	54
201080	420	37	RB	54	60	66	44	46	52	53	63	0	69	52	51	1	25
201407	1750	7	CB	54	62	45	33	36	40	57	57	1	79	48	50	1	30
201864	101112	70	GK	54	54	50	50	42	60	34	57	0	57	60	50	3	42
202004	305	25	ST	54	54	71	50	51	52	38	58	0	58	52	50	2	51
202010	1572	25	CB	54	54	59	50	53	48	54	53	0	53	48	50	2	53
202128	346	14	LB	54	60	80	40	53	54	52	45	0	39	46	47	1	42
202255	112199	36	CB	54	54	75	49	52	57	54	54	0	54	57	49	3	52
202464	1932	14	CM	54	57	64	49	60	48	47	52	0	58	58	52	1	32
202801	231	38	CB	54	71	65	31	40	41	52	63	1	69	51	55	1	20
202812	837	25	ST	54	54	64	50	49	57	37	51	0	51	57	50	3	49
202916	673	7	CAM	54	72	59	47	54	64	32	39	0	33	66	55	1	50
202931	111132	25	CM	54	54	54	46	56	53	49	51	0	51	53	46	2	56
202932	321	46	ST	54	68	63	52	36	61	38	52	0	71	63	63	1	53
203089	1806	14	LB	54	64	65	27	61	44	54	46	0	43	48	35	1	31
203287	1962	50	LM	54	67	83	49	47	56	37	58	1	68	52	55	2	34
203425	1794	14	CB	54	64	51	30	30	27	54	68	0	72	26	47	1	25
203491	97	25	ST	54	58	63	49	39	50	36	56	0	58	56	51	1	32
203783	1939	14	CB	54	68	54	26	51	40	53	52	0	63	54	24	1	40
203792	1941	140	LB	54	68	75	28	37	35	56	56	0	59	47	25	1	48
204008	143	14	LM	54	69	74	39	44	56	42	52	0	46	48	41	2	38
204222	1941	14	CM	54	72	54	50	63	61	48	48	0	67	69	65	1	63
204657	1878	83	CM	54	54	58	45	55	60	53	58	0	58	60	45	3	55
204945	1465	36	LM	54	61	64	57	50	57	46	54	0	61	60	71	2	42
205539	15048	35	GK	54	63	53	52	53	56	56	54	1	75	33	35	0	25
206076	112487	27	RB	54	65	73	25	41	50	54	61	0	64	50	28	1	25
206077	111132	25	RB	54	60	64	44	51	50	54	54	0	60	52	49	1	38
206218	1823	18	GK	54	81	59	53	48	64	54	46	0	54	24	25	0	25
206237	212	18	CM	54	54	63	40	56	48	57	60	0	60	48	40	2	56
206322	422	25	CB	54	60	54	42	40	33	56	52	0	72	38	58	1	56
206327	422	25	RM	54	58	65	44	55	50	53	58	0	65	50	57	2	57
206501	110109	40	CM	54	59	60	44	55	57	53	59	0	57	48	61	1	43
206530	299	36	CB	54	74	52	31	28	33	56	56	0	68	57	52	1	25
206531	1465	36	GK	54	64	57	48	51	61	46	49	0	62	21	25	0	25
207455	1572	25	GK	54	59	55	51	52	56	46	54	0	53	23	23	0	25
207491	111285	25	ST	54	61	63	52	56	50	52	52	0	70	52	54	1	50
207574	111277	46	ST	54	54	65	52	39	51	36	60	0	60	51	52	2	39
207710	1800	14	CM	54	54	67	49	59	56	47	56	0	56	56	49	3	59
207954	254	21	CDM	54	59	67	37	42	39	54	62	0	73	53	71	1	30
208188	121	14	LB	54	67	60	26	26	28	56	64	1	63	54	30	1	32
208290	305	25	LB	54	66	75	39	52	50	53	58	0	53	55	48	1	33
208390	670	7	GK	54	65	59	51	49	62	43	47	0	39	24	25	0	25
208552	101112	95	CB	54	54	60	30	45	42	56	54	0	54	42	30	2	45
208732	550	21	GK	54	60	58	53	53	57	37	54	0	60	32	41	0	25
208816	1797	14	CM	54	63	68	47	51	54	55	58	0	68	54	58	1	37
208934	112139	183	LM	54	62	74	41	54	52	42	54	0	61	44	45	1	39
209077	112389	183	CDM	54	60	64	51	54	50	56	51	0	66	58	62	1	55
209221	112395	183	CDM	54	54	80	39	44	59	52	32	1	31	57	60	1	69
209222	112395	183	RB	54	62	62	41	45	48	56	47	0	79	57	46	2	36
209259	1796	14	CM	54	54	70	36	55	56	62	59	0	59	56	36	3	55
209336	1951	14	CB	54	65	52	27	38	27	55	60	0	64	33	40	1	29
209360	111399	147	ST	54	54	78	47	35	61	34	53	0	53	61	47	3	35
209365	111395	195	CM	54	64	70	56	50	56	49	35	0	41	62	59	1	58
209506	2007	7	GK	54	65	57	55	66	50	34	53	1	68	25	42	0	25
209558	112407	183	CB	54	59	69	25	31	34	55	62	0	72	35	35	1	24
209573	112390	183	CDM	54	58	60	33	56	45	52	61	0	82	40	45	1	31
209713	1445	13	LM	54	65	72	45	55	55	49	57	0	74	58	57	1	38
209763	111400	195	CM	54	63	70	39	61	61	38	45	0	35	63	47	1	34
210166	112389	183	CDM	54	60	71	41	51	49	55	62	0	79	55	62	1	33
210220	111398	195	CM	54	61	62	42	55	52	48	49	0	64	55	52	1	42
210229	112407	183	CM	54	57	66	38	58	51	51	61	0	75	44	52	1	36
210240	111239	21	RM	54	63	72	53	53	57	34	55	0	51	58	61	2	39
210263	445	35	CAM	54	65	70	50	54	49	45	52	0	33	53	54	1	45
210377	1925	38	CAM	54	67	63	53	51	55	39	44	0	44	61	53	2	52
210470	111373	4	RB	54	64	67	29	47	47	54	56	0	56	43	31	1	29
210497	209	4	GK	54	59	55	54	52	57	41	53	0	59	22	31	0	25
210639	1933	14	ST	54	66	71	46	36	58	39	62	0	78	51	60	2	21
210709	112139	183	CB	54	54	50	27	35	33	53	62	0	71	34	37	1	28
210713	269	13	RB	54	69	80	45	48	55	54	51	0	55	67	41	1	41
210767	112407	183	CDM	54	54	68	37	54	50	54	60	0	77	53	53	1	37
210782	112139	183	GK	54	58	55	51	51	59	40	52	0	71	22	25	0	25
210785	112387	183	GK	54	59	53	50	51	59	49	53	0	83	23	21	0	25
210807	112675	183	ST	54	54	48	54	35	49	34	61	0	48	47	52	2	30
211024	112407	183	LB	54	58	63	29	30	35	52	55	0	62	45	50	1	33
211029	112407	183	LM	54	58	70	42	45	60	37	46	0	65	51	50	1	38
211030	112407	183	CB	54	56	69	30	31	36	55	59	0	60	38	41	1	29
211117	1798	14	CDM	54	76	63	46	55	59	44	45	0	54	61	55	1	30
211134	112395	183	GK	54	54	58	49	51	60	49	48	0	48	60	49	3	51
211159	607	183	CB	54	64	59	37	34	40	55	57	0	60	43	51	1	32
211247	111091	37	CM	54	67	62	49	54	58	53	57	0	72	57	51	1	41
211662	111397	195	ST	54	66	67	55	51	63	36	45	0	53	61	55	1	43
211672	111766	198	RW	54	67	82	49	32	59	33	52	1	56	63	55	1	29
211785	112224	195	LB	54	63	72	48	52	56	31	42	0	57	57	53	1	36
211902	15005	7	ST	54	66	70	52	44	52	32	50	0	38	52	63	1	28
211993	1832	21	CM	54	64	59	39	58	48	54	48	0	49	53	44	1	36
212004	10030	21	CB	54	64	62	26	34	35	52	60	0	58	36	35	1	26
212043	112407	183	CB	54	58	60	27	29	34	55	61	0	69	35	37	1	23
212202	112224	195	LB	54	61	63	29	55	55	51	57	0	56	56	48	1	30
212240	10029	48	ST	54	68	58	47	41	50	39	60	0	69	58	63	1	27
212254	110913	7	CAM	54	68	60	43	59	53	39	40	0	34	51	53	1	39
212297	100764	40	CM	54	54	58	45	57	53	36	46	0	46	53	45	2	57
212415	689	95	GK	54	69	55	57	62	59	59	47	1	65	32	20	0	25
212433	983	167	ST	54	54	62	47	56	53	54	64	1	64	53	47	2	56
212522	111835	46	LM	54	62	73	54	52	58	33	38	0	50	59	68	1	39
212642	320	46	CM	54	54	69	48	45	67	28	38	0	38	67	48	3	45
212693	710	46	ST	54	63	69	49	42	59	43	52	0	63	57	55	1	42
212736	111083	37	CM	54	54	69	45	54	54	47	56	0	56	54	45	2	54
212815	1476	167	GK	54	54	59	51	55	59	48	50	0	50	59	51	3	55
212909	688	82	ST	54	54	68	48	34	56	37	56	0	56	56	48	3	34
212918	2056	167	ST	54	62	71	45	37	60	36	51	0	56	59	44	1	28
212988	111087	37	CM	54	62	64	42	56	54	52	59	0	76	55	58	1	39
213093	111399	195	CB	54	65	60	53	50	42	55	59	0	70	50	62	1	60
213137	1831	21	CB	54	54	64	27	43	53	54	57	0	57	53	27	2	43
213456	1750	7	LW	54	72	67	43	55	56	34	47	0	56	61	65	1	43
213461	1870	46	GK	54	65	56	52	49	59	40	50	1	63	25	21	0	25
213474	1870	46	ST	54	63	67	51	36	52	35	53	0	58	53	50	1	41
213511	112199	36	CB	54	66	56	26	29	25	53	58	0	74	57	55	1	38
213525	112072	46	CB	54	54	54	30	37	30	56	64	0	64	30	30	1	37
213766	112267	46	CB	54	64	62	27	27	41	54	64	0	71	44	34	1	28
213777	922	36	CM	54	76	62	48	51	60	47	49	0	57	68	53	1	38
213880	1904	34	CM	54	62	64	40	63	58	51	58	0	63	59	55	1	39
214075	111835	46	LB	54	63	59	25	33	31	54	61	0	71	60	61	1	26
214096	162	21	ST	54	54	55	49	39	48	36	60	1	60	48	49	2	39
215302	232	7	CM	54	73	67	47	52	56	53	51	0	47	64	60	1	53
215383	68	136	CB	54	54	58	26	57	55	49	60	0	60	55	26	2	57
215495	110770	136	CDM	54	74	60	37	55	53	55	64	0	86	62	65	1	34
215685	1443	13	CF	54	62	77	49	53	56	38	47	0	58	57	52	1	42
215909	15005	7	GK	54	63	53	50	56	62	45	51	0	59	21	24	0	25
215971	112675	183	CB	54	56	63	27	29	30	56	61	0	81	32	35	1	26
216175	112022	4	GK	54	67	54	57	55	58	40	48	0	64	25	31	0	25
216176	112022	4	CB	54	54	69	27	47	52	55	52	0	52	52	27	2	47
216180	112022	4	RB	54	58	66	28	44	48	57	54	0	60	35	29	1	28
216199	159	21	CM	54	54	67	39	50	49	57	61	1	61	49	39	2	50
216255	503	21	RM	54	72	53	53	47	50	36	58	0	56	58	60	1	45
216259	110636	21	GK	54	54	56	50	50	59	42	52	0	52	59	50	3	50
216726	1873	37	GK	54	59	61	49	54	57	45	48	0	68	23	26	0	25
217502	111822	4	GK	54	58	56	54	48	52	48	55	1	73	25	23	0	25
217730	111821	4	RB	54	64	62	37	41	55	56	53	0	64	53	39	1	25
217872	874	37	GK	54	54	57	52	56	65	45	43	0	43	65	52	3	56
217877	15005	7	LM	54	74	77	45	34	61	35	52	0	45	69	60	1	46
217890	111086	37	RM	54	57	72	47	44	59	28	45	0	38	53	54	1	34
219260	160	21	GK	54	65	60	41	52	63	40	55	0	84	25	25	0	25
219274	110749	37	LM	54	62	73	42	52	53	52	56	0	61	48	52	1	29
213417	18	14	ST	54	74	71	49	34	47	36	62	0	68	53	61	1	25
210392	9	35	RB	54	73	70	25	43	50	54	52	0	56	60	24	1	33
203746	1	45	CM	54	74	66	49	61	43	51	52	1	61	62	56	2	47
173633	86	42	GK	54	62	54	58	54	57	32	54	0	62	21	26	0	25
200741	7	14	CB	54	74	63	34	48	44	53	54	0	59	55	47	1	25
203091	1806	25	RB	54	64	77	24	50	44	54	41	0	45	41	21	1	25
203809	1925	14	CB	54	57	53	29	30	25	54	62	0	78	25	44	1	24
19372	834	25	CM	53	53	54	50	53	52	52	58	0	62	54	61	1	60
50606	1929	14	ST	53	53	50	53	43	51	39	57	0	57	51	53	2	43
52990	112424	13	CM	53	53	71	45	50	49	43	46	0	46	49	45	2	50
104586	1465	36	CB	53	53	45	44	42	36	52	59	1	59	36	44	2	42
149290	897	27	GK	53	57	52	52	49	53	42	56	0	55	22	35	0	25
167067	837	25	GK	53	53	54	51	51	56	32	53	0	42	32	28	0	20
169263	112374	36	LB	53	56	66	48	61	47	49	58	0	62	65	62	1	55
176384	873	37	GK	53	69	56	49	41	55	36	58	1	61	25	20	0	25
177512	1940	14	CB	53	53	69	42	54	53	54	53	0	53	53	42	2	54
179981	434	107	RB	53	62	63	42	55	50	53	54	0	69	55	55	1	42
180271	111588	167	CB	53	53	76	44	44	48	56	62	0	62	48	44	2	44
180671	112407	183	GK	53	53	56	50	50	53	34	55	0	80	25	25	0	25
181726	838	25	CM	53	53	55	43	59	44	47	51	0	61	52	54	1	54
181809	111132	25	LB	53	58	54	42	49	52	55	54	0	70	54	55	2	35
182704	1948	14	CB	53	53	61	33	48	35	54	59	0	59	35	33	2	48
187157	1949	14	ST	53	59	70	49	43	56	38	59	0	61	51	64	1	25
187398	838	25	ST	53	53	65	51	46	54	35	53	0	53	54	51	2	46
188178	111373	4	ST	53	60	66	50	34	50	34	50	0	56	53	52	1	31
189810	422	25	CM	53	59	54	51	52	50	49	54	0	56	58	52	1	48
190163	86	18	RB	53	58	54	33	50	36	52	55	0	54	52	50	1	31
190470	1946	50	CM	53	65	72	53	57	59	43	51	0	60	61	57	1	66
192493	1862	38	ST	53	53	63	49	54	58	47	51	0	51	58	49	3	54
193505	898	10	RB	53	61	64	45	52	61	56	50	0	56	59	59	2	52
198469	838	25	CM	53	57	54	49	54	53	54	56	0	57	56	57	1	57
198921	838	25	CB	53	59	55	34	34	41	55	58	0	71	42	51	1	27
199006	111132	25	GK	53	57	54	53	55	55	33	52	0	60	25	26	0	25
199009	305	25	CB	53	53	58	31	45	37	55	54	0	54	37	31	2	45
199025	111132	25	RB	53	58	55	34	48	51	53	54	0	56	54	56	1	28
199499	110313	14	LM	53	61	73	54	50	53	39	50	0	51	55	57	2	54
199705	1814	18	GK	53	63	54	55	57	59	39	48	0	55	23	25	0	25
199951	838	25	CB	53	53	52	31	37	31	55	59	0	71	36	52	1	31
200697	1940	14	CB	53	67	59	32	45	54	49	58	1	77	54	36	1	39
200855	1798	14	RB	53	65	72	35	54	56	55	45	0	63	56	43	1	36
200873	837	14	GK	53	53	52	53	52	56	45	55	1	55	56	53	3	52
201040	224	18	RB	53	64	59	43	53	50	53	53	0	64	54	53	1	49
201094	121	14	GK	53	72	54	52	48	58	49	52	0	50	21	20	0	25
201330	86	42	CB	53	62	59	31	46	44	55	59	0	57	44	34	1	34
201421	111132	25	ST	53	58	71	52	38	53	35	52	0	56	52	55	1	37
201927	89	14	LM	53	72	84	44	46	62	36	51	1	61	54	57	1	49
202381	1445	13	ST	53	58	69	50	32	55	37	59	0	51	54	50	1	48
202658	1439	46	CB	53	53	69	40	52	55	49	50	0	50	55	40	2	52
202818	834	25	LB	53	60	62	29	49	46	54	56	0	70	51	38	1	47
202837	111132	25	ST	53	59	61	48	34	48	37	62	0	70	52	56	1	35
202842	111132	25	CB	53	60	34	30	29	30	55	58	0	71	35	51	1	31
202881	305	25	RM	53	62	59	53	54	50	48	53	0	45	53	58	1	50
202969	980	167	ST	53	53	58	58	41	47	42	65	0	65	47	58	2	41
203063	1750	7	CB	53	53	58	29	45	39	55	56	0	56	39	29	2	45
203232	111132	25	CM	53	53	65	49	50	54	50	50	0	50	54	49	2	50
203455	780	21	LB	53	69	64	51	52	50	56	43	1	75	66	84	2	75
203764	1926	14	LM	53	63	67	52	64	45	50	49	0	59	44	64	1	68
203811	271	20	ST	53	62	73	46	51	57	39	52	0	74	52	53	2	36
204152	271	13	CB	53	62	68	33	46	38	54	60	0	71	46	38	1	35
204301	112424	13	ST	53	65	72	50	43	65	36	46	0	49	60	57	2	29
204730	272	13	CDM	53	60	78	56	64	65	44	56	0	64	68	63	1	44
204861	1920	14	CM	53	61	63	46	58	55	41	43	0	46	55	54	1	46
205147	212	118	CM	53	53	76	43	49	65	37	40	0	40	65	43	3	49
205171	312	40	ST	53	53	53	49	40	49	37	61	0	61	49	49	2	40
205268	110231	40	CB	53	62	53	30	30	31	54	58	0	62	31	42	1	31
205322	305	25	CM	53	53	81	44	48	53	33	44	1	44	53	44	2	48
205345	1934	14	GK	53	53	56	52	49	53	38	50	0	50	53	52	2	49
205397	357	14	CM	53	53	80	36	44	64	32	52	0	52	64	36	3	44
205552	838	25	CM	53	53	71	43	49	53	47	46	0	46	53	43	2	49
206085	1792	14	RM	53	80	79	50	44	58	32	37	0	49	58	60	2	34
206144	305	25	ST	53	53	76	48	36	50	35	53	0	53	50	48	2	36
206332	422	25	CM	53	64	55	47	56	50	51	50	0	56	60	60	1	54
206370	1572	25	CM	53	53	60	32	52	51	51	53	0	53	51	32	2	52
207539	1475	167	CM	53	53	54	34	54	53	54	65	0	65	53	34	2	54
207713	834	25	RM	53	57	65	46	50	54	31	44	0	44	51	49	2	39
207728	305	25	CM	53	53	58	48	55	51	48	52	0	52	51	48	2	55
208064	112115	167	LB	53	57	59	27	32	52	55	56	0	52	51	29	1	34
208097	1788	10	RB	53	63	64	47	56	63	55	52	0	68	64	61	2	50
208169	322	47	CB	53	53	63	28	40	49	53	57	0	57	49	28	2	40
208348	111086	37	CB	53	58	55	28	42	29	53	59	0	58	31	37	1	30
208430	838	25	CB	53	53	61	31	48	39	54	53	0	53	39	31	2	48
208775	219	136	CDM	53	70	61	42	54	53	53	55	0	44	51	61	1	41
208975	112390	183	ST	53	53	74	48	37	48	37	63	0	63	48	48	2	37
209216	112395	183	CB	53	53	56	25	51	31	53	54	0	54	31	25	1	51
209229	112395	183	ST	53	53	61	50	52	56	33	44	0	67	54	63	1	39
209244	305	25	RB	53	59	62	43	53	51	53	56	0	56	51	46	1	34
209330	1456	36	RW	53	67	52	46	42	67	28	49	0	33	68	60	2	37
209359	111399	195	CDM	53	60	60	34	49	45	56	58	0	74	52	44	1	26
209578	112096	183	CDM	53	62	64	38	50	56	52	57	0	75	58	49	1	38
209582	112390	183	GK	53	58	53	52	51	55	45	50	0	77	25	25	0	25
209589	112390	183	RM	53	56	66	35	55	51	48	60	0	76	48	47	1	35
209762	111400	195	CB	53	53	65	42	51	53	54	60	0	60	53	42	2	51
209895	111395	195	GK	53	62	60	45	55	61	40	47	0	51	25	25	0	25
210134	112387	183	CB	53	60	58	28	30	32	54	61	0	66	32	42	1	25
210160	127	14	LB	53	69	59	27	37	32	56	68	0	71	42	33	1	24
210216	111398	195	CDM	53	61	69	44	49	57	52	56	0	64	55	52	1	37
210641	1788	13	CM	53	60	67	50	58	50	45	46	0	58	55	60	1	45
210644	1788	13	CAM	53	64	69	45	51	56	36	43	0	42	64	50	2	40
210658	1473	167	GK	53	53	55	52	48	57	48	49	0	49	57	52	3	48
210659	780	4	RB	53	63	68	31	50	58	50	50	0	56	59	48	1	31
210717	1786	13	CB	53	59	58	32	40	33	54	55	0	62	36	39	1	27
210726	110765	167	ST	53	65	63	46	33	56	38	59	0	72	61	43	1	29
210773	919	36	LM	53	75	73	42	53	54	34	42	0	46	66	54	1	41
210803	1750	7	CM	53	53	53	38	49	52	54	55	0	55	52	38	2	49
210860	64	18	RB	53	65	60	28	35	41	54	61	0	64	47	38	1	28
210894	81	42	ST	53	53	51	51	36	49	34	62	0	62	49	51	2	36
210910	112392	183	ST	53	56	60	44	45	51	39	52	0	47	62	54	1	39
210921	111674	183	CB	53	59	50	27	27	28	55	59	0	73	29	37	1	22
211025	112407	183	CB	53	53	68	30	35	33	52	55	0	55	33	30	2	35
211096	78	42	RB	53	69	69	26	41	51	54	52	0	62	48	26	1	32
211141	112395	183	CB	53	53	65	26	31	42	58	51	0	66	31	29	1	39
211154	112393	183	ST	53	58	76	46	35	50	35	50	0	58	44	43	1	25
211235	110313	35	ST	53	61	72	48	37	43	37	70	0	73	45	61	1	25
211251	112676	183	CDM	53	63	57	34	47	50	57	52	0	59	47	48	1	31
211258	607	183	GK	53	59	58	54	52	56	42	46	0	44	20	25	0	25
211537	80	42	GK	53	53	54	50	51	56	44	53	0	53	56	50	3	51
211791	874	37	RB	53	57	69	23	46	31	53	58	0	58	38	25	1	31
212099	1524	36	CM	53	73	66	47	51	73	37	45	1	45	64	60	1	41
212200	100764	40	CDM	53	67	58	39	54	47	54	55	0	52	53	54	1	43
212242	166	21	CDM	53	74	56	38	50	49	54	52	0	59	52	44	1	47
212255	320	46	GK	53	67	63	49	46	61	43	41	0	51	30	20	0	25
212320	77	42	RB	53	60	63	25	50	55	53	52	0	56	46	22	1	31
212830	111393	120	RW	53	65	76	47	41	60	25	36	0	34	60	47	2	39
212838	111588	167	CM	53	53	58	34	56	51	53	52	0	52	51	34	2	56
212908	1955	42	GK	53	59	56	51	51	56	42	51	0	51	22	22	0	25
213467	1870	46	CB	53	63	57	31	46	50	53	60	0	70	51	39	1	23
213481	100769	40	CB	53	73	57	30	34	33	52	57	0	44	33	40	1	32
213489	420	37	GK	53	53	56	48	58	59	45	50	0	50	59	48	3	58
213545	1445	13	GK	53	62	53	54	52	56	46	50	0	65	25	24	0	25
214948	10030	21	CDM	53	69	69	35	49	52	54	58	0	68	47	47	1	41
215656	1443	13	GK	53	53	57	51	52	58	44	47	0	47	58	51	3	52
215687	1443	13	CM	53	53	73	46	60	55	38	43	0	43	55	46	2	60
216134	1443	13	RB	53	58	76	28	51	53	53	52	0	72	52	36	1	26
216157	434	47	CM	53	53	69	50	49	53	32	44	0	44	53	50	2	49
216179	112022	4	CB	53	58	57	27	27	28	53	59	0	67	32	38	1	28
216261	110636	48	CB	53	53	72	41	46	53	53	53	0	53	53	41	2	46
216338	1800	14	ST	53	64	61	51	35	46	35	56	0	62	46	57	1	26
216339	1800	14	CM	53	53	69	43	47	61	38	39	0	39	61	43	3	47
216741	1862	47	CM	53	65	61	44	53	55	49	53	0	42	61	47	1	39
216989	111091	37	CB	53	53	65	31	37	46	56	52	0	52	46	31	2	37
217789	2045	4	CB	53	57	58	28	29	30	55	61	0	67	31	42	1	25
217871	874	37	GK	53	62	57	49	45	58	45	54	0	68	27	34	0	21
218734	898	47	CB	53	66	56	27	31	34	54	56	0	55	38	37	1	23
218887	1862	47	CM	53	53	64	38	50	52	53	54	0	54	52	38	2	50
219278	301	37	GK	53	65	55	48	56	58	45	49	0	55	25	25	0	25
219474	1842	27	CM	53	73	69	45	59	59	42	50	0	56	58	37	1	51
219664	110929	140	CB	53	67	59	24	35	29	55	59	0	84	40	25	1	25
200095	100766	40	RB	53	65	68	24	46	40	51	51	0	35	59	22	1	25
206556	110313	14	ST	53	68	68	49	34	50	35	57	0	57	49	54	1	29
15302	346	14	GK	52	52	47	55	58	51	25	56	0	47	23	25	0	25
151133	1945	14	CDM	52	55	60	48	51	46	54	62	0	75	48	61	1	58
167157	1524	36	GK	52	55	51	54	44	50	44	53	0	50	25	22	0	33
169480	361	14	CB	52	59	56	26	39	30	52	54	0	72	42	34	1	27
170165	838	25	GK	52	52	48	50	49	56	35	55	0	55	56	50	3	49
186383	1572	25	RB	52	58	57	43	56	39	55	54	0	58	51	50	1	43
189776	620	50	LM	52	59	70	35	48	54	36	41	0	57	55	42	2	50
190616	1936	14	LB	52	56	75	28	47	51	52	53	0	62	48	37	1	37
192977	1447	13	CM	52	56	63	47	48	48	44	46	0	63	59	52	1	56
198598	1463	36	GK	52	52	52	57	43	55	52	46	0	46	55	57	2	43
198729	1524	36	CB	52	52	67	39	49	61	53	48	0	48	61	39	3	49
199013	838	25	ST	52	53	66	48	43	55	36	55	0	62	53	50	1	35
199796	1443	13	CB	52	58	64	25	23	34	55	57	0	70	41	27	1	35
200210	112260	14	CAM	52	68	67	40	43	61	36	44	0	57	62	58	2	25
200321	1465	36	CB	52	52	57	28	33	34	52	50	0	50	34	28	2	33
200388	15015	14	CM	52	59	67	44	51	51	49	50	0	59	54	50	1	44
200959	445	25	CB	52	52	67	46	46	50	50	46	0	46	50	46	2	46
201321	1962	14	GK	52	56	54	53	45	50	35	52	1	68	31	25	0	25
201903	919	36	GK	52	56	52	54	46	57	25	50	0	62	22	44	0	25
202334	1930	25	CM	52	52	72	39	49	61	45	48	0	48	61	39	3	49
202613	838	25	CB	52	52	47	35	54	48	53	56	0	56	48	35	2	54
202943	111070	95	CM	52	52	58	51	46	55	51	56	0	56	55	51	2	46
203090	1945	14	GK	52	65	64	35	37	65	51	42	0	57	24	21	0	25
203430	121	50	CB	52	65	58	25	29	39	51	67	0	70	40	25	1	25
203539	305	25	ST	52	58	61	48	48	54	37	51	0	56	53	53	1	24
204374	445	35	ST	52	57	60	51	41	52	31	47	0	34	54	50	1	41
204743	111132	25	CM	52	52	55	47	51	54	34	48	0	48	54	47	2	51
205255	143	35	ST	52	65	78	54	30	54	40	54	0	76	45	67	1	66
205311	83	42	ST	52	68	53	48	35	49	36	61	0	63	46	50	1	29
205523	1715	47	CM	52	52	67	46	50	56	40	52	0	52	56	46	3	50
205818	127	14	CM	52	75	72	47	57	57	39	50	0	40	65	56	1	49
205936	160	21	GK	52	58	53	46	43	61	30	48	1	79	28	34	0	25
206466	422	25	GK	52	52	54	48	49	56	44	52	0	52	56	48	3	49
206537	1934	14	RB	52	62	70	31	47	51	48	56	0	55	56	31	1	33
206562	1934	50	CM	52	66	71	42	55	55	53	51	0	63	57	52	1	45
206564	80	42	RM	52	58	53	50	37	46	34	56	0	57	53	53	1	35
207484	111285	25	CM	52	52	60	45	51	51	54	54	0	54	51	45	2	51
207770	305	25	ST	52	53	47	52	53	50	43	56	0	71	52	53	1	47
207828	15048	14	ST	52	67	72	43	33	47	38	62	0	75	49	51	1	27
207837	2056	167	LB	52	59	63	26	33	35	52	60	0	60	51	39	1	27
207886	1447	13	CAM	52	60	74	36	50	54	37	48	0	42	55	41	2	39
208165	894	47	CB	52	66	50	32	34	29	53	60	0	79	51	49	1	29
208346	110747	37	GK	52	58	57	54	53	55	42	43	0	55	25	25	0	25
208645	143	14	LB	52	65	49	32	48	46	51	64	0	76	49	50	1	46
208660	682	7	ST	52	62	56	49	35	52	34	55	0	56	53	51	1	29
208686	111822	4	GK	52	56	55	53	48	52	42	48	0	54	26	25	0	25
208733	550	21	LB	52	61	69	42	54	60	51	56	0	62	59	56	2	42
208771	422	25	CM	52	65	55	43	53	47	52	54	0	65	59	54	1	35
209277	112260	14	CB	52	57	47	35	55	39	53	49	0	71	43	53	1	29
209364	111395	195	LB	52	63	70	37	53	56	50	57	0	58	52	38	1	38
209502	1815	18	CAM	52	64	60	49	36	46	34	56	0	55	58	57	1	31
209576	112395	183	GK	52	52	56	44	52	57	41	51	0	51	57	44	3	52
209577	112096	183	CB	52	52	48	27	28	32	52	60	0	60	32	27	1	28
209587	112390	183	ST	52	63	72	45	30	52	32	56	0	41	51	46	2	27
209648	305	25	CM	52	52	65	43	51	49	43	51	0	51	49	43	2	51
210029	1955	25	RB	52	62	66	28	41	48	54	58	0	66	50	36	1	29
210192	112139	183	LB	52	58	67	30	33	54	52	45	0	54	45	34	2	30
210517	110596	21	GK	52	64	56	49	57	56	22	47	0	33	25	22	0	25
210570	110596	48	CAM	52	67	52	47	49	57	39	43	0	42	58	55	2	49
210692	1755	36	RW	52	67	60	49	45	56	33	44	0	64	62	68	2	45
210708	112139	183	CM	52	52	66	35	56	46	45	52	0	52	46	35	2	56
210800	432	46	CM	52	64	63	45	51	57	42	50	0	44	61	52	1	37
210902	112676	183	CB	52	59	58	33	25	30	53	62	0	61	25	71	1	26
210953	111821	4	CDM	52	62	62	41	48	55	53	57	0	70	56	61	1	35
211027	112407	183	CAM	52	56	42	51	42	56	35	64	0	62	61	53	1	29
211031	112407	183	CB	52	52	65	30	27	48	56	57	0	57	48	30	2	27
211053	1439	46	GK	52	52	57	53	51	55	35	43	0	43	55	53	2	51
211115	1800	14	RM	52	66	82	43	41	59	33	40	1	63	57	47	1	35
211438	900	47	CB	52	69	50	27	36	31	52	62	0	76	37	40	1	26
211524	110745	37	CM	52	60	64	39	51	49	47	53	0	59	51	56	1	42
211558	920	36	GK	52	52	54	48	48	60	37	46	0	46	60	48	3	48
212141	894	47	RWB	52	66	64	34	42	51	46	52	0	42	49	45	1	51
212318	506	21	CB	52	61	68	29	27	33	54	56	0	60	30	36	1	23
212694	112267	46	RM	52	65	73	40	44	62	36	33	0	33	59	51	1	45
212766	834	25	GK	52	61	56	48	49	57	39	50	0	60	25	25	0	25
212793	1474	167	ST	52	57	52	46	31	45	35	70	0	70	42	50	1	26
212952	682	7	CM	52	61	65	35	49	55	46	52	0	48	58	45	1	36
213003	980	167	RM	52	60	53	42	49	53	48	47	0	56	50	50	2	44
213014	111087	117	LB	52	55	79	37	42	55	53	57	0	58	55	42	1	29
213399	111087	37	GK	52	52	62	47	52	53	40	45	0	45	53	47	2	52
213484	321	46	LM	52	64	76	43	45	58	31	34	0	58	57	57	1	36
213501	321	46	CB	52	66	54	24	38	37	54	56	1	75	42	30	1	20
213527	269	13	LB	52	65	82	25	39	49	50	48	1	44	58	23	1	30
213535	695	95	GK	52	52	54	50	52	54	48	51	0	51	54	50	2	52
213542	271	13	ST	52	58	54	48	40	45	37	62	0	67	45	54	1	27
213555	80	42	CB	52	69	55	26	33	49	55	52	0	71	34	28	1	28
213561	111285	25	ST	52	58	60	48	34	49	34	53	0	50	49	51	1	21
213612	711	46	ST	52	52	72	42	35	63	33	41	0	41	63	42	3	35
213614	711	46	CAM	52	68	60	47	52	57	47	58	0	62	64	53	1	45
213727	112199	36	GK	52	65	54	55	43	52	46	49	1	82	25	25	0	25
213729	1456	36	GK	52	75	57	46	43	59	45	49	0	65	22	21	0	20
213765	112267	46	CM	52	64	59	44	53	54	46	54	0	63	60	54	1	33
213840	111277	46	GK	52	64	55	53	42	54	25	50	1	63	25	25	0	25
215310	110745	37	CM	52	52	73	49	49	61	37	43	0	43	61	49	3	49
215370	254	4	CB	52	63	59	25	36	28	52	58	0	57	31	32	1	29
215431	110329	48	CM	52	65	62	46	58	56	44	45	0	46	54	58	2	43
215577	112512	37	RB	52	68	63	26	40	56	52	47	0	60	55	26	1	27
215593	110746	37	CM	52	65	65	45	59	59	41	49	0	40	59	47	1	42
215967	1832	21	ST	52	52	57	50	37	51	30	47	0	47	51	50	2	37
216106	1750	7	GK	52	55	52	52	56	59	49	44	0	57	26	25	0	20
216124	112675	183	CB	52	52	60	26	25	29	54	55	0	55	29	26	1	25
216128	112675	183	CM	52	52	64	44	55	52	32	44	0	44	52	44	2	55
216249	503	21	ST	52	73	69	50	44	58	34	45	0	48	56	55	2	51
216296	1831	21	CM	52	52	59	31	50	44	53	56	0	56	44	31	2	50
216332	110913	7	CM	52	68	57	36	55	54	47	45	0	38	59	55	1	47
216364	506	21	LM	52	63	72	45	49	57	31	46	0	52	50	58	2	40
216368	111083	37	CM	52	61	57	37	54	52	54	53	0	61	48	51	1	43
216548	1873	21	CM	52	52	63	43	58	52	48	52	0	52	52	43	2	58
216582	111373	4	ST	52	58	50	48	33	42	38	63	0	75	46	50	1	27
216746	110746	37	CB	52	59	61	29	33	32	54	62	0	78	30	37	1	29
217504	111822	4	ST	52	63	67	51	48	53	34	46	0	62	44	50	2	34
217590	112512	37	CB	52	52	62	29	30	28	53	55	0	55	28	29	1	30
217594	1873	37	CAM	52	57	68	39	53	50	45	54	0	61	53	54	1	38
217791	2045	4	ST	52	64	66	46	35	50	36	60	0	65	46	52	1	28
217878	15005	7	CM	52	65	63	42	57	52	50	58	0	59	58	50	1	51
219271	110749	37	CM	52	60	61	39	56	57	55	54	0	67	59	48	1	35
219737	1754	35	CM	52	52	65	44	48	59	31	44	0	44	59	44	3	48
11830	1933	14	GK	51	51	40	60	52	41	25	62	0	62	41	60	2	52
173543	2045	4	ST	51	51	60	45	34	49	34	62	0	62	49	45	2	34
186752	1786	13	GK	51	57	51	52	49	49	29	53	0	27	21	28	0	25
190947	1788	13	GK	51	60	58	51	47	48	37	46	1	79	24	25	0	25
193096	110326	97	RW	51	62	72	44	56	68	32	29	1	34	63	42	2	47
193319	1788	13	ST	51	51	66	43	47	53	37	43	0	43	53	43	2	47
198539	112424	13	GK	51	60	58	49	56	47	32	48	0	35	25	25	0	25
203292	121	14	CM	51	61	71	33	53	55	52	55	0	61	54	44	1	34
203366	1465	36	RB	51	62	64	44	53	62	51	48	0	64	68	66	1	38
204219	12	14	CB	51	51	52	28	37	43	49	58	0	58	43	28	2	37
204625	299	36	CM	51	51	66	48	51	52	44	50	0	50	52	48	2	51
204885	112199	36	CM	51	51	54	40	54	52	47	52	0	52	52	40	2	54
205054	110313	42	RM	51	64	66	42	46	57	43	50	0	70	61	54	1	57
205058	1792	42	RB	51	70	60	27	39	33	56	61	0	69	38	38	1	29
205153	1447	101	CM	51	56	62	27	48	50	57	49	0	72	54	36	1	22
205233	1463	24	CB	51	51	59	34	48	60	52	56	0	56	60	34	3	48
205591	110749	37	GK	51	60	57	46	51	54	42	47	0	82	21	20	0	25
205605	563	25	ST	51	51	62	47	37	50	33	48	0	48	50	47	2	37
205683	111989	18	CM	51	67	68	38	54	56	36	40	0	34	60	53	1	58
206201	143	50	ST	51	57	71	47	35	55	34	43	0	42	55	53	1	29
206338	422	25	ST	51	66	62	49	35	50	34	51	0	49	59	55	1	35
206574	13	14	CB	51	70	66	28	35	26	53	60	0	76	41	45	1	25
207500	1463	36	LM	51	63	61	45	55	45	57	63	0	72	66	68	1	55
207633	1516	13	GK	51	62	53	51	51	51	47	50	1	67	25	21	0	25
207952	89	14	CB	51	51	66	25	25	30	53	56	1	56	30	25	1	25
208098	111277	46	CB	51	51	59	26	49	49	52	52	0	52	49	26	2	49
208139	110765	167	RB	51	57	65	37	46	42	50	58	0	59	41	51	1	29
208162	110770	15	CB	51	62	54	30	32	26	52	61	1	83	40	45	1	25
208166	894	47	CAM	51	58	68	33	51	56	43	53	0	61	52	38	1	37
208354	422	25	CM	51	51	61	47	49	51	35	52	0	52	51	47	2	49
208355	422	25	RB	51	58	61	43	49	45	49	47	0	43	47	49	1	36
208375	29	21	GK	51	65	58	48	55	54	25	44	0	74	25	30	0	25
208464	838	25	CM	51	51	54	45	54	48	50	50	0	50	48	45	2	54
208553	91	36	GK	51	51	54	44	52	59	40	48	0	48	59	44	3	52
208811	1937	35	CDM	51	65	76	48	62	56	43	49	0	40	47	57	1	49
208987	111674	183	GK	51	58	59	43	44	51	42	49	0	79	25	25	0	25
209038	112392	183	CDM	51	51	67	27	46	50	50	55	0	47	53	22	1	44
209049	112392	183	RM	51	53	57	43	54	48	44	52	0	59	44	51	1	31
209398	110746	37	GK	51	56	61	44	47	52	30	48	0	29	25	25	0	25
209584	112407	183	LB	51	53	83	30	30	37	54	58	1	64	34	44	1	24
209742	838	25	RM	51	58	66	38	48	52	35	55	0	58	47	50	1	38
210245	1516	13	CM	51	67	76	45	36	51	32	47	0	45	55	52	1	61
210272	272	118	LB	51	65	71	37	50	47	54	63	0	77	52	45	1	39
210352	100805	42	LB	51	72	55	29	43	43	53	61	1	71	58	39	1	29
210368	111399	195	GK	51	61	54	55	52	48	45	49	0	72	26	25	0	25
210437	1820	18	CM	51	73	56	38	54	46	49	50	0	59	53	51	1	40
210484	2045	4	RM	51	70	67	52	45	62	33	52	0	53	65	62	1	39
210508	1862	47	GK	51	67	56	54	41	47	40	47	0	46	25	21	0	25
210569	110596	21	CDM	51	65	52	40	48	45	52	56	0	69	45	52	1	41
210942	1476	167	LB	51	60	60	43	52	56	50	52	0	60	51	51	1	51
210944	1476	167	ST	51	64	53	50	33	44	31	55	0	53	54	54	2	34
211006	607	183	LB	51	65	57	35	36	48	52	46	0	59	63	56	1	31
211139	112395	183	ST	51	58	67	50	43	55	31	43	0	60	58	63	1	33
211254	112393	183	CB	51	63	48	27	34	26	51	56	0	65	29	37	1	28
211385	269	13	LB	51	67	82	35	47	50	48	57	1	59	61	50	1	38
211396	112395	183	CB	51	56	51	26	27	26	52	62	0	75	28	36	1	25
211492	1873	37	ST	51	51	69	47	42	54	31	51	0	51	54	47	2	42
211523	110745	37	CDM	51	55	66	36	50	55	51	54	0	60	53	52	1	40
211645	1474	167	CB	51	51	58	25	25	31	52	63	0	63	31	25	1	25
211667	301	37	RB	51	58	72	27	44	51	49	49	0	34	44	21	1	32
211768	111766	195	GK	51	51	56	52	46	51	44	48	0	48	51	52	2	46
212239	32	21	CB	51	69	52	24	38	29	51	51	0	41	37	24	1	21
212497	100081	7	GK	51	60	55	45	55	54	41	47	0	56	33	22	0	25
212973	254	10	GK	51	70	56	49	55	53	44	48	0	62	24	20	0	25
213001	980	167	GK	51	55	53	48	47	59	44	43	0	85	21	23	0	25
213037	112115	167	CM	51	51	67	43	49	58	31	45	0	45	58	43	3	49
213209	695	95	RB	51	63	65	34	40	48	52	48	0	56	43	46	1	30
213212	111083	51	CDM	51	61	53	38	54	53	49	56	0	73	57	55	1	38
213333	112390	183	RB	51	55	71	26	34	46	55	51	0	72	33	23	1	33
213350	710	46	GK	51	58	49	51	46	49	41	54	0	72	20	23	0	25
213502	834	25	RB	51	63	62	27	44	47	52	49	0	57	48	33	1	29
213522	112393	183	GK	51	55	58	45	49	57	46	46	0	58	25	25	0	25
213562	111285	25	RB	51	60	60	29	42	48	52	48	0	49	49	27	1	32
213704	100081	7	CM	51	51	64	38	53	47	46	52	0	52	47	38	2	53
213769	112115	167	RM	51	55	64	41	51	56	29	41	0	46	56	46	1	37
215454	920	36	CM	51	63	65	36	52	55	45	54	0	58	54	55	1	37
215501	254	19	RW	51	59	61	59	41	53	29	46	0	39	54	61	1	63
215598	322	47	ST	51	58	56	46	37	46	35	56	0	55	53	47	1	29
215599	1750	7	CM	51	64	66	38	55	49	45	54	0	47	46	52	1	33
215602	894	47	GK	51	56	57	46	48	55	42	49	0	67	22	25	0	25
215638	1754	42	CB	51	51	54	28	31	30	52	55	1	55	30	28	1	31
215695	112424	13	CB	51	58	55	26	29	29	53	54	0	67	35	34	1	20
215940	112424	13	RB	51	60	53	25	25	30	52	58	0	66	50	33	1	28
216120	112675	183	LB	51	51	61	26	27	30	54	54	0	66	29	35	1	27
216257	550	21	CM	51	63	67	36	54	57	51	56	0	58	59	53	1	37
216408	820	30	ST	51	67	52	45	32	45	36	66	0	62	56	58	1	22
216534	898	47	RM	51	73	61	40	55	47	44	52	0	55	69	68	1	52
217335	110745	37	CB	51	51	58	30	37	34	52	54	0	54	34	30	2	37
217563	142	45	CDM	51	54	53	35	55	50	47	48	0	48	53	48	1	42
202125	1925	25	GK	51	61	55	47	50	52	43	50	0	66	32	36	0	25
207603	1938	42	CB	51	60	61	26	28	28	52	64	0	58	31	36	1	22
192703	1946	14	GK	50	56	49	47	57	49	37	52	0	66	25	38	0	25
193435	1715	47	RB	50	56	40	37	51	49	55	53	0	73	56	42	1	41
198622	820	16	CM	50	50	62	42	51	54	44	51	0	51	54	42	2	51
199020	111132	25	CB	50	50	56	31	32	30	51	50	0	50	30	31	1	32
199628	1941	14	GK	50	57	54	42	49	62	26	44	0	57	25	25	0	25
200439	1949	14	GK	50	59	51	49	51	58	32	41	1	78	25	25	0	25
200737	1936	50	GK	50	57	48	62	48	44	48	46	0	59	29	24	0	25
201213	110109	40	RB	50	65	74	46	49	62	49	48	0	49	60	41	1	50
201350	1755	36	GK	50	50	51	54	54	51	24	46	0	46	51	54	2	54
205037	1788	13	LB	50	63	66	32	37	57	50	49	0	69	57	35	1	33
205051	86	35	CB	50	50	63	28	30	32	49	57	0	57	32	28	1	30
205502	1800	50	RB	50	71	63	46	49	54	48	46	0	48	59	60	2	47
206430	89	14	ST	50	50	59	47	36	44	31	52	0	52	44	47	2	36
207488	111285	25	CM	50	50	61	46	48	52	37	50	0	50	52	46	2	48
207585	321	46	CM	50	50	65	47	51	52	44	48	0	48	52	47	2	51
207602	1938	14	ST	50	50	80	46	42	57	33	41	0	41	57	46	3	42
208573	1465	36	GK	50	66	51	49	46	57	41	45	0	59	21	23	0	25
208807	89	14	CM	50	50	67	39	54	51	38	45	0	45	51	39	2	54
208970	607	183	CB	50	50	64	27	26	44	53	54	0	54	44	27	2	26
209324	81	42	CM	50	67	70	47	47	52	31	41	0	46	64	60	2	69
209586	112390	183	CM	50	54	65	35	53	45	48	59	1	83	44	46	1	30
209699	1445	13	GK	50	50	54	49	51	50	44	44	0	44	50	49	2	51
210317	422	25	RB	50	71	61	39	52	47	44	51	0	48	62	54	1	37
210347	780	4	GK	50	75	50	43	49	56	40	52	0	79	21	21	0	25
210499	111822	4	CB	50	58	57	26	32	31	52	56	0	66	26	33	1	24
210509	1862	47	GK	50	50	55	46	48	55	48	43	0	43	55	46	2	48
210869	1473	167	ST	50	50	51	47	36	47	36	58	0	58	47	47	2	36
210919	111674	183	ST	50	50	70	46	34	48	36	56	0	56	48	46	2	34
210920	111674	183	CB	50	57	65	47	40	54	35	51	0	64	40	52	1	25
210925	111674	183	ST	50	50	61	49	40	53	36	51	0	51	53	49	2	40
211131	112115	167	GK	50	50	52	49	50	55	41	41	0	41	55	49	2	50
211143	1794	14	ST	50	63	50	45	33	43	37	68	0	74	55	54	1	28
211148	112395	183	RB	50	55	63	25	38	44	53	47	0	60	32	21	1	34
211151	112393	183	ST	50	58	64	48	39	53	34	49	0	52	47	49	1	27
211253	112393	183	LM	50	64	62	42	48	54	28	38	0	31	51	46	1	32
211436	900	47	CAM	50	60	61	42	49	51	47	46	0	42	47	53	1	35
211599	834	25	CM	50	59	62	40	51	51	47	48	0	42	51	51	1	36
212002	900	47	ST	50	50	50	47	37	44	38	62	0	62	44	47	2	37
212287	1788	13	CB	50	63	63	26	40	31	51	58	0	61	33	36	1	22
212388	80	42	CM	50	59	63	39	53	46	46	50	0	47	46	54	1	40
212533	982	167	ST	50	50	46	45	31	46	36	70	0	70	46	45	2	31
213004	980	167	CM	50	50	62	40	55	47	51	55	0	55	47	40	2	55
213017	1948	14	LB	50	62	64	28	35	31	54	62	0	63	50	31	1	28
213304	1516	13	CM	50	50	64	43	53	47	37	47	0	47	47	43	2	53
213419	301	37	CM	50	57	73	43	54	52	40	45	0	30	52	51	1	43
213421	272	13	CB	50	69	58	25	30	29	51	59	0	77	45	40	1	35
213457	305	25	CM	50	50	62	39	52	48	48	50	0	50	48	39	2	52
213503	834	25	CM	50	56	60	40	53	50	46	50	0	50	48	45	1	33
213514	897	47	CM	50	50	57	34	49	53	46	48	0	48	53	34	2	49
213530	1786	13	CM	50	56	61	38	52	47	45	52	0	55	46	45	1	32
213534	834	25	ST	50	57	67	48	38	42	32	48	0	34	42	50	1	26
213728	112199	36	CM	50	63	69	34	52	48	46	51	0	57	52	47	1	34
213779	1478	167	CB	50	50	64	23	41	44	51	48	0	48	44	23	2	41
213828	1465	36	CB	50	50	63	37	43	50	50	51	0	51	50	37	2	43
213854	1465	36	CM	50	50	51	49	56	50	39	57	0	57	50	49	2	56
213863	111821	4	LM	50	63	67	44	46	49	31	40	0	39	56	56	1	38
213871	1786	13	ST	50	56	69	46	32	51	34	48	0	48	49	48	1	34
213889	1800	14	CB	50	50	70	25	50	43	49	48	0	48	43	25	2	50
214261	254	4	LM	50	64	63	26	36	52	48	46	0	34	48	28	1	30
215436	112218	40	CDM	50	66	67	34	40	52	53	60	0	52	52	37	1	32
215668	112424	13	LM	50	62	65	40	50	50	32	40	0	55	65	60	1	42
215669	112424	13	CM	50	59	63	40	53	53	44	50	0	59	61	53	1	32
215694	112424	13	ST	50	56	50	45	32	46	35	64	1	66	44	43	1	25
215938	112424	13	ST	50	56	66	45	30	48	43	52	0	69	49	42	1	43
216105	1750	7	CM	50	71	66	39	52	52	43	48	0	44	48	53	1	39
216581	111373	4	CM	50	60	66	35	54	48	49	52	0	57	52	52	1	26
216595	780	4	ST	50	65	65	45	38	43	37	58	0	73	52	46	1	27
217788	2045	4	GK	50	61	54	45	47	52	42	50	0	65	25	26	0	25
219244	900	47	GK	50	62	53	43	46	55	47	49	0	81	20	24	0	25
219701	111092	37	GK	50	60	55	47	45	55	48	44	1	48	25	25	0	25
219700	874	37	CAM	50	59	72	42	49	54	41	49	0	51	52	45	1	39
213932	1862	47	CB	50	55	56	28	26	28	50	55	0	55	29	41	1	22
201214	110109	40	CF	50	59	51	50	31	50	37	50	0	43	42	50	1	42
194666	780	4	GK	49	64	52	46	44	51	35	48	0	68	21	21	0	25
200252	111132	25	LM	49	54	54	41	47	54	34	50	0	62	47	50	1	33
201296	834	25	ST	49	59	63	45	46	50	41	46	0	45	44	51	1	34
203561	301	37	CB	49	49	61	25	34	32	57	42	0	42	32	25	1	34
204216	1948	35	LM	49	67	62	40	50	49	40	43	0	56	61	47	1	62
206003	900	47	GK	49	64	50	42	45	54	45	49	0	75	23	21	0	25
207487	111285	25	GK	49	49	51	49	46	49	52	47	1	47	49	49	2	46
207718	1475	167	CM	49	49	67	39	53	46	44	56	0	56	46	39	2	53
207950	89	14	ST	49	67	72	42	38	50	35	54	0	51	45	50	1	28
208836	1920	14	CB	49	49	57	27	30	39	52	58	0	58	39	27	2	30
208884	1813	18	CM	49	49	67	60	36	57	33	57	0	57	57	60	3	36
209312	112267	46	GK	49	59	55	43	48	57	46	43	0	47	25	25	0	25
210502	111821	4	GK	49	66	58	40	46	55	44	42	1	72	21	32	0	25
210571	110596	129	RB	49	63	53	37	48	53	48	47	0	45	52	47	2	34
210789	112096	183	CB	49	52	55	26	25	31	49	60	0	61	30	37	1	22
210957	112115	167	CB	49	49	68	25	39	43	51	51	0	51	43	25	2	39
211252	112393	183	RB	49	54	52	35	46	46	48	46	0	32	30	38	1	28
211371	1958	14	GK	49	65	48	47	53	49	57	51	0	52	27	41	0	25
211437	900	47	CDM	49	62	63	36	52	50	44	55	0	52	43	54	1	42
211610	1938	14	LM	49	62	73	45	45	50	30	35	0	45	52	49	1	37
212417	1788	13	CB	49	61	61	26	26	31	51	56	0	61	31	40	1	25
212798	1473	167	ST	49	49	71	49	38	54	31	46	0	46	54	49	2	38
212805	112387	183	CM	49	49	65	38	50	46	48	56	0	56	46	38	2	50
212810	112134	95	CB	49	49	87	56	49	53	47	58	1	58	53	56	2	49
212929	1475	167	GK	49	49	46	48	53	51	44	49	0	49	51	48	2	53
212985	696	95	CB	49	49	54	26	26	31	50	52	0	52	31	26	1	26
213035	112115	167	RW	49	53	61	50	40	55	30	44	0	56	49	65	1	37
213142	301	37	CM	49	49	64	34	50	49	43	49	0	49	49	34	2	50
213528	820	13	CB	49	61	58	25	26	30	52	54	0	57	36	37	1	20
213775	423	25	ST	49	57	55	46	32	42	36	54	0	62	35	45	1	29
213791	838	25	ST	49	49	55	48	35	45	34	50	0	50	45	48	2	35
213815	1447	13	ST	49	56	51	46	31	45	37	60	0	72	44	47	1	31
214650	300	36	CB	49	49	57	31	35	56	51	49	0	49	56	31	3	35
216115	112675	183	GK	49	65	53	48	45	51	49	43	0	48	22	21	0	25
216123	112675	183	LB	49	49	61	25	32	46	53	49	0	67	36	23	1	32
216407	820	13	CM	49	58	63	39	57	52	38	48	0	48	57	49	1	39
216642	112022	4	GK	49	61	52	47	38	53	49	44	1	65	22	20	0	25
219257	269	13	CB	49	57	57	25	26	31	53	54	1	80	36	30	1	21
219705	112512	37	GK	49	58	47	48	46	49	30	53	0	45	25	21	0	25
219839	269	76	ST	49	49	60	46	39	55	36	48	0	48	55	46	2	39
210750	112390	183	GK	49	55	55	41	42	54	41	44	0	63	20	25	0	25
176812	112260	14	CM	48	48	63	34	50	51	38	42	0	42	51	34	2	50
193335	1941	14	ST	48	48	79	44	31	48	35	50	0	50	48	44	2	31
200544	15015	14	ST	48	54	71	43	38	50	38	51	0	61	37	41	1	37
205091	1443	13	CM	48	62	62	32	61	40	58	66	0	69	58	52	1	39
209242	305	25	GK	48	48	50	48	49	49	45	47	0	47	49	48	2	49
209452	110746	37	RB	48	66	63	34	49	47	46	51	0	63	50	47	1	37
209570	112390	183	LB	48	52	50	25	26	28	53	62	0	74	30	32	1	22
210739	1445	13	LM	48	64	63	37	51	45	48	52	0	59	55	52	1	33
211087	301	37	CDM	48	61	62	47	55	50	54	59	0	75	45	61	1	37
211140	112395	183	CM	48	48	59	46	56	56	40	48	0	58	47	50	1	39
211397	112096	183	GK	48	52	50	47	45	52	41	42	0	41	22	22	0	25
211416	1940	14	CM	48	48	60	32	48	47	49	52	0	52	47	32	2	48
211538	1516	133	CM	48	55	79	41	46	48	44	41	0	70	52	51	1	35
211632	1477	167	ST	48	48	68	43	32	51	33	52	0	52	51	43	2	32
212382	1516	133	ST	48	65	41	48	31	42	38	52	1	81	50	43	1	28
213529	269	13	CAM	48	58	65	38	52	42	40	46	0	47	47	49	1	37
213543	820	13	CB	48	59	60	36	45	44	47	52	0	63	46	49	1	33
213725	269	140	CDM	48	64	62	33	48	46	45	49	0	49	61	49	1	33
213837	271	24	CM	48	58	67	37	50	46	44	50	0	61	49	51	1	31
215084	1955	18	CAM	48	64	71	35	50	52	48	52	0	47	61	42	2	32
215313	1862	47	CM	48	72	56	35	52	48	48	52	0	55	56	49	1	33
215446	1788	13	LW	48	60	57	48	36	51	34	46	0	55	60	51	1	26
215447	894	8	CB	48	48	60	28	26	27	48	49	0	49	27	28	1	26
215516	209	4	CB	48	48	66	24	24	26	51	57	0	57	26	24	1	24
215968	1832	21	GK	48	57	55	46	47	51	34	43	0	51	21	25	0	25
216119	112675	183	RB	48	48	59	25	32	48	52	54	0	69	39	25	1	27
217715	271	117	RB	48	54	64	25	29	46	48	49	0	78	41	22	1	34
217845	269	13	CAM	48	68	57	40	53	48	40	45	0	54	63	53	1	55
203841	89	14	GK	48	64	53	49	39	52	58	44	0	52	23	35	0	25
208806	89	14	CB	48	66	62	26	32	30	49	58	0	64	33	34	1	28
202131	89	14	CM	47	75	79	26	49	38	48	58	0	66	62	66	1	28
204340	1447	13	CB	47	56	58	25	32	42	47	56	0	70	50	31	1	25
210507	111821	4	LB	47	58	66	27	34	46	50	48	0	57	32	22	1	34
211377	189	27	CB	47	66	55	28	30	32	49	55	0	67	33	35	1	29
211543	820	13	CDM	47	59	55	31	48	45	47	47	0	47	57	48	1	35
211629	1477	167	CM	47	47	59	36	50	44	44	52	0	52	44	36	2	50
211640	1473	167	ST	47	47	70	50	38	49	30	44	0	44	49	50	2	38
211643	1474	167	CM	47	47	57	34	47	46	44	49	0	49	46	34	2	47
211675	111588	167	CB	47	47	59	29	28	31	47	54	0	54	31	29	1	28
211677	111588	167	CM	47	47	70	35	48	46	43	57	0	57	46	35	2	48
212089	1958	14	CM	47	58	64	32	50	44	51	51	0	65	45	42	1	32
213836	271	24	CM	47	56	66	37	46	48	44	53	0	67	51	46	1	34
215538	1447	13	GK	47	47	47	44	44	50	44	46	0	46	50	44	2	44
210778	112389	183	LB	47	53	61	27	30	46	47	45	0	34	30	24	1	34
202436	1447	13	CM	46	46	60	36	34	46	50	41	0	41	46	36	2	34
208924	112675	183	RM	46	52	65	43	46	44	49	54	0	56	58	61	1	37
211395	112096	183	CDM	46	52	46	34	46	43	48	53	0	62	44	47	1	32
216226	357	14	CM	46	64	65	40	54	52	36	44	0	72	58	51	1	34
210911	112392	183	CM	46	56	68	42	48	58	39	49	0	57	56	47	1	40
205399	357	14	CM	45	56	73	36	50	43	42	51	0	64	45	46	1	38
212098	1794	14	GK	45	64	55	37	45	47	41	40	0	39	20	25	0	25
212196	1516	13	RM	45	77	69	41	42	47	46	57	0	65	64	59	3	28
219415	1447	13	LW	45	67	53	32	49	49	47	55	0	69	60	50	1	35
216129	112675	183	CM	44	44	64	41	51	55	38	44	0	44	55	41	2	51
191830	112115	167	CM	42	42	45	30	38	35	43	41	0	41	35	30	2	38
