id	team	nation	pos	rating	potential	pace	shooting	passing	dribbling	defending	physical	rare
158023	241	52	CF	94	97	92	89	84	96	44	69	1
20801	243	38	LW	92	92	93	90	79	91	48	86	1
156616	21	18	LM	90	89	91	78	82	93	47	55	1
167397	69	56	ST	90	89	78	86	61	81	54	89	1
41	241	45	CM	89	89	75	72	91	91	66	55	1
7826	11	34	ST	89	89	76	89	82	84	49	69	1
10535	241	45	CM	89	88	66	73	92	86	68	54	1
41236	73	46	ST	89	90	76	89	79	88	53	79	1
9014	21	34	RM	88	88	92	85	80	92	47	58	1
121944	21	21	CM	88	88	63	81	86	83	80	74	1
153079	10	52	ST	88	90	88	84	73	90	44	72	1
168542	10	45	LM	88	88	78	78	86	89	46	59	1
54050	11	14	CF	87	87	76	87	83	83	59	81	1
121939	21	21	CDM	87	87	79	57	84	81	82	66	1
140601	11	51	CB	87	85	53	41	58	51	86	90	1
164240	73	54	CB	87	88	80	61	73	71	87	83	1
173731	243	50	RM	87	91	93	84	82	84	74	74	1
176635	1	21	CAM	87	89	76	74	85	87	44	55	1
178088	5	45	CAM	87	88	78	76	83	87	45	64	1
179813	73	60	ST	87	89	83	84	66	80	56	84	1
1179	45	27	GK	86	82	90	78	66	80	46	90	1
5479	243	45	GK	86	86	89	80	67	90	65	81	1
7763	45	27	CM	86	84	58	76	91	82	67	52	1
20289	10	108	CM	86	86	77	74	80	79	83	84	1
138956	45	27	CB	86	84	77	54	66	58	86	82	1
139720	10	7	CB	86	87	73	57	74	72	86	80	1
143001	45	52	ST	86	86	81	85	77	84	56	72	1
150418	110374	21	ST	86	84	79	79	60	72	48	84	1
152729	241	45	CB	86	91	62	52	76	67	86	81	1
155862	243	45	CB	86	89	80	61	74	72	84	86	1
162895	241	45	CM	86	90	68	79	90	82	66	70	1
167495	21	21	GK	86	89	85	82	91	87	50	82	1
176580	9	60	ST	86	89	81	83	75	90	56	72	1
183898	243	52	RM	86	88	90	78	83	86	58	60	1
188545	22	37	ST	86	89	82	78	64	84	52	83	1
34079	5	14	LB	85	83	76	61	80	78	82	71	1
45197	243	45	CDM	85	85	55	75	88	70	81	66	1
48940	5	12	GK	85	85	85	82	74	85	45	83	1
146536	10	45	RM	85	83	91	71	79	86	43	57	1
146562	1	45	LM	85	84	78	77	85	86	50	62	1
159065	73	52	LW	85	83	88	77	74	88	49	60	1
165153	243	18	ST	85	87	84	82	71	82	46	76	1
177003	243	10	CM	85	88	76	76	86	86	69	61	1
178603	22	21	CB	85	88	65	58	75	68	86	85	1
181872	45	55	CM	85	88	79	77	82	82	82	71	1
183277	5	7	LM	85	90	87	79	83	88	48	62	1
188350	22	21	LM	85	88	91	86	80	86	47	60	1
189505	241	45	LW	85	88	84	74	80	85	51	57	1
189511	241	45	CDM	85	89	56	58	77	75	83	71	1
189596	21	21	RM	85	88	82	81	81	80	53	74	1
192318	21	21	CAM	85	92	82	72	80	90	51	62	1
9676	5	103	ST	84	82	91	81	69	86	50	75	1
53302	52	27	CDM	84	85	69	75	81	78	83	84	1
120274	55	27	ST	84	80	85	86	80	87	45	60	1
121933	28	21	GK	84	85	86	81	76	86	46	83	1
136138	175	54	CAM	84	83	76	78	83	87	52	62	1
137186	45	27	CB	84	84	69	40	61	59	86	80	1
139668	46	27	GK	84	81	87	80	66	89	55	82	1
139869	325	34	CAM	84	85	72	77	87	83	61	51	1
142754	241	52	CB	84	84	68	60	74	66	85	70	1
143745	240	48	LM	84	88	74	75	84	88	49	70	1
146530	241	54	RB	84	84	90	72	81	83	79	72	1
146758	18	45	ST	84	82	78	82	64	78	53	81	1
148119	315	40	GK	84	85	85	81	83	86	56	79	1
148803	34	34	ST	84	84	71	82	61	71	49	82	1
158625	21	54	CB	84	84	68	59	76	70	84	81	1
159287	47	27	CDM	84	84	68	77	87	80	71	63	1
162835	44	44	GK	84	82	87	80	70	88	57	84	1
165239	10	18	LM	84	87	81	76	83	86	50	60	1
167664	48	52	ST	84	86	78	81	63	76	45	75	1
167948	18	18	GK	84	86	86	80	74	89	63	81	1
168435	73	27	GK	84	85	86	79	73	87	50	85	1
171877	48	43	CAM	84	86	76	80	83	82	68	74	1
173210	45	27	CM	84	88	79	78	83	83	76	68	1
177610	21	45	CB	84	86	57	62	76	72	84	82	1
179846	243	21	CDM	84	86	59	71	74	64	84	78	1
181820	10	15	ST	84	87	81	81	77	87	50	76	1
182521	21	21	CAM	84	88	57	83	85	83	62	56	1
186627	47	27	ST	84	90	84	82	67	85	48	75	1
186942	22	21	CM	84	87	82	73	84	87	74	62	1
189362	100769	54	RW	84	86	86	85	79	83	60	74	1
190871	241	54	LW	84	91	90	80	76	92	43	58	1
192119	240	7	GK	84	88	82	88	69	86	46	84	1
197781	243	45	CAM	84	88	80	73	81	88	46	61	1
2196	22	21	GK	83	83	83	84	60	85	38	86	1
7289	11	14	CB	83	79	58	43	66	60	84	78	1
11141	46	21	ST	83	82	75	75	62	75	46	86	1
13038	241	45	CB	83	83	64	48	64	55	85	80	1
13732	5	14	CB	83	83	42	47	58	50	84	83	1
13743	9	14	CM	83	83	67	84	86	77	73	75	1
20800	100769	38	LW	83	83	86	75	81	87	44	51	1
24630	48	45	GK	83	83	83	78	90	84	50	83	1
31432	325	108	ST	83	84	72	83	69	76	51	86	1
45574	28	34	CAM	83	82	60	81	84	82	52	58	1
106573	241	45	GK	83	83	82	78	77	83	60	90	1
106850	45	15	ST	83	79	80	81	79	85	48	76	1
113422	240	45	ST	83	83	77	85	74	85	47	71	1
120533	243	38	CB	83	83	74	48	60	58	82	80	1
139068	11	38	RM	83	82	84	80	79	88	43	52	1
146439	10	45	ST	83	83	72	82	62	78	51	82	1
146748	243	45	GK	83	84	81	86	76	79	34	83	1
150724	10	14	GK	83	83	85	76	79	87	56	81	1
157503	241	103	CDM	83	85	72	56	78	76	83	76	1
158133	34	59	RM	83	83	88	77	80	85	53	65	1
162347	69	38	CM	83	86	78	76	83	82	74	69	1
163631	7	14	LB	83	82	79	74	79	79	79	72	1
163705	219	18	GK	83	86	83	82	80	82	53	80	1
163925	189	27	CM	83	83	72	82	85	84	53	49	1
164994	22	37	RM	83	83	93	75	78	82	66	58	1
167905	11	57	RM	83	81	87	68	79	82	58	66	1
173771	22	37	RB	83	83	85	66	77	75	81	76	1
176676	243	54	LB	83	85	82	67	80	84	81	70	1
179844	240	45	ST	83	87	82	78	58	79	56	78	1
180403	5	54	RM	83	84	88	71	78	88	48	41	1
180432	46	54	CM	83	86	73	83	83	86	70	66	1
180930	10	8	ST	83	83	72	82	67	80	51	74	1
181783	21	10	ST	83	83	77	78	62	77	53	88	1
182493	240	60	CB	83	84	66	49	67	58	83	83	1
189358	11	163	LM	83	85	83	73	75	88	45	52	1
198710	69	56	CAM	83	89	79	79	82	85	55	66	1
1238	52	27	CF	82	81	51	85	88	84	47	52	1
1256	517	34	CM	82	82	64	80	86	84	60	62	1
21146	11	14	CM	82	80	60	71	84	75	75	70	1
23461	44	52	CB	82	80	55	41	58	44	87	76	1
28130	1035	54	CAM	82	81	54	77	86	87	44	60	1
30110	144	9	ST	82	82	66	81	82	82	43	80	1
45119	1	45	CDM	82	80	55	78	86	82	73	68	1
45186	110374	45	RW	82	79	76	74	84	87	42	51	1
48717	15	54	GK	82	82	83	77	67	86	39	82	1
49369	5	45	ST	82	82	77	82	70	82	48	75	1
52091	11	18	LB	82	80	78	51	78	76	80	78	1
112253	69	18	CDM	82	84	53	51	79	70	80	74	1
123603	44	52	CB	82	81	69	46	67	62	84	80	1
134979	10	52	CB	82	79	39	39	67	54	85	81	1
135377	517	54	GK	82	82	81	81	70	87	52	80	1
138449	47	54	CAM	82	83	70	80	79	84	42	50	1
142708	44	52	ST	82	79	77	79	62	80	45	80	1
142784	10	52	RB	82	82	74	56	74	73	83	77	1
152039	9	13	CB	82	81	67	65	69	64	81	79	1
152908	11	14	LM	82	79	88	76	75	85	44	46	1
152999	44	52	ST	82	82	85	81	77	84	44	72	1
160774	567	54	ST	82	79	64	80	69	76	49	82	1
161956	110374	45	CM	82	84	69	75	86	81	70	59	1
162131	45	45	ST	82	82	62	76	58	71	53	87	1
164169	240	54	LB	82	82	83	63	78	79	81	67	1
167628	1819	18	GK	82	84	83	80	78	85	55	81	1
167943	13	18	CM	82	82	68	76	82	78	73	69	1
169416	457	83	RW	82	87	86	76	73	86	46	64	1
170481	234	52	CB	82	85	53	58	71	65	84	81	1
170797	22	48	CM	82	84	56	73	85	82	70	51	1
172871	18	7	CB	82	84	72	67	74	73	81	82	1
173221	46	27	RW	82	85	84	77	82	84	66	60	1
177326	219	18	CAM	82	80	84	73	82	83	42	48	0
177509	52	129	CB	82	87	73	36	60	63	84	80	1
177600	448	45	CM	82	84	67	78	84	76	74	56	1
178224	11	83	ST	82	83	88	76	62	75	44	77	1
179784	34	21	CB	82	84	65	47	68	64	83	82	1
179944	5	54	CB	82	83	77	67	74	72	79	80	1
182494	325	60	GK	82	86	78	80	79	87	63	81	1
183280	461	18	CB	82	84	54	56	65	58	81	84	1
183284	325	103	CB	82	81	69	60	68	57	83	85	1
183556	22	51	CB	82	84	72	59	64	53	80	82	1
184941	241	55	RW	82	88	87	75	74	85	53	63	1
188152	5	54	CAM	82	87	81	72	78	85	41	51	1
189332	241	45	LB	82	85	92	68	76	82	79	68	1
189461	1	14	CM	82	86	79	68	83	85	72	63	1
190460	18	13	LM	82	88	83	74	83	84	55	52	1
193080	11	45	GK	82	87	86	73	86	88	51	75	1
200949	73	54	RW	82	90	92	77	78	88	53	54	1
3813	58	18	GK	81	81	80	78	84	84	32	78	1
4667	52	27	GK	81	80	82	80	62	81	34	84	1
5471	5	14	CM	81	80	60	85	84	78	69	71	1
7631	50	27	CF	81	81	54	80	88	87	45	60	1
16254	7	95	GK	81	81	83	77	77	83	50	80	0
25420	21	59	ST	81	79	64	80	65	81	48	78	1
41635	47	18	CB	81	78	69	46	62	62	80	82	1
45674	5	117	CDM	81	76	65	74	78	75	81	76	1
48745	13	52	CB	81	80	67	55	70	69	80	80	1
50542	18	14	ST	81	80	83	83	56	78	42	68	1
116494	59	18	GK	81	80	79	79	80	84	38	82	1
124375	325	48	ST	81	77	84	77	72	76	59	79	0
135460	111044	54	CAM	81	80	46	80	84	82	45	65	1
135507	10	54	CM	81	83	83	76	83	81	70	54	0
136130	73	54	CB	81	83	55	65	57	57	79	86	1
137262	32	21	ST	81	81	67	79	70	69	58	83	1
137677	1960	34	GK	81	81	83	74	76	84	60	82	1
138412	10	14	RM	81	80	70	77	84	79	73	70	1
138726	10	14	CB	81	79	53	51	65	59	82	85	1
139094	236	54	GK	81	80	83	78	76	85	64	80	1
146482	457	45	CAM	81	80	66	73	86	81	49	66	1
150656	65	18	CDM	81	81	66	53	78	73	79	72	0
152554	10	18	LB	81	80	88	44	75	78	79	70	1
155897	111144	95	CF	81	81	73	81	75	81	53	84	1
157304	1	7	CB	81	79	71	66	71	63	81	85	1
159145	66	18	ST	81	78	73	80	60	75	51	78	1
159261	45	27	ST	81	78	75	84	68	75	44	70	1
162240	18	7	CM	81	82	81	72	76	86	71	74	1
162409	110374	27	ST	81	84	80	82	70	82	42	59	1
164435	100765	129	CAM	81	81	79	73	79	86	48	50	1
164859	1	14	RM	81	85	96	72	71	80	46	55	1
165229	1	18	CB	81	82	77	41	67	61	80	80	1
165580	461	54	GK	81	85	90	72	74	90	55	73	1
166706	9	43	CB	81	81	61	38	58	52	81	83	1
168609	240	54	CB	81	82	76	48	58	62	80	83	1
168651	481	10	CAM	81	84	69	81	86	79	61	53	1
169051	44	56	CM	81	84	78	82	82	83	76	78	1
170368	18	52	RW	81	85	80	80	76	88	41	65	1
170890	73	18	CDM	81	86	78	64	77	74	83	76	1
171897	461	83	LB	81	79	87	73	78	84	72	64	1
172723	1806	8	GK	81	84	83	81	74	86	52	78	1
173909	34	117	CM	81	84	77	80	78	81	75	81	1
174543	457	55	GK	81	81	84	74	88	85	55	78	1
176266	9	54	CDM	81	82	70	45	78	72	80	75	1
176769	461	54	CAM	81	81	76	78	67	84	45	61	0
176944	11	7	CDM	81	82	71	72	77	76	81	85	1
176949	144	72	RW	81	78	70	76	76	85	57	67	0
177134	5	136	ST	81	80	78	80	65	77	58	81	1
177457	32	21	CM	81	84	70	63	80	73	82	74	1
177458	22	21	CDM	81	84	66	55	74	65	83	75	1
178005	237	38	GK	81	84	85	79	82	82	45	79	1
178393	54	27	CF	81	84	84	77	81	84	52	58	1
179752	234	58	ST	81	80	52	85	68	70	49	70	1
183285	9	18	CB	81	85	70	33	67	56	79	81	1
183907	21	21	CB	81	86	75	50	72	67	79	82	1
184144	234	52	LM	81	85	83	74	78	86	50	57	1
184881	461	97	RM	81	87	84	72	77	86	50	58	1
185221	175	54	CDM	81	83	75	58	76	72	83	77	1
186581	315	163	RM	81	84	82	81	78	81	67	72	1
187961	18	54	CM	81	85	77	73	76	78	78	81	1
188829	219	103	CB	81	85	77	44	72	68	82	76	1
189509	21	45	CM	81	85	72	70	77	85	58	65	0
190531	236	18	CB	81	86	77	45	63	63	82	87	1
190782	18	54	CDM	81	84	73	66	76	75	81	69	1
190813	47	27	LW	81	88	87	80	73	85	50	57	1
192620	21	21	CB	81	84	62	55	74	53	82	76	1
192883	22	3	CAM	81	85	80	78	75	83	62	65	1
193082	110374	56	RM	81	83	93	66	76	87	62	58	1
193747	240	45	RM	81	85	75	72	83	81	60	62	1
196144	236	56	ST	81	85	82	75	67	78	59	86	1
197445	21	4	LB	81	88	86	70	82	82	77	69	1
201535	243	18	CB	81	88	70	47	64	61	81	82	1
241	11	50	CM	80	80	64	76	84	82	52	62	1
1219	47	27	GK	80	76	84	75	73	84	50	79	1
4098	240	38	CM	80	80	63	69	78	73	73	76	0
5809	109	18	ST	80	80	69	79	71	82	45	78	1
8473	1	12	CAM	80	81	74	73	81	84	47	51	1
24248	110374	55	CDM	80	76	64	69	87	82	67	51	1
46815	144	36	CB	80	77	48	44	65	52	83	73	1
49072	1048	60	ST	80	80	66	84	77	82	43	70	1
49370	73	27	CDM	80	83	50	72	79	74	77	82	0
50327	7	140	LM	80	80	73	73	79	85	61	58	0
51101	55	27	CB	80	75	55	58	59	56	82	80	1
52797	46	27	CDM	80	78	57	72	83	77	74	62	0
53050	18	144	ST	80	80	73	76	65	78	47	82	1
53612	1	21	CB	80	82	34	41	57	39	84	75	1
53914	7	14	CB	80	80	67	47	68	56	81	82	1
103935	110374	27	CM	80	79	55	77	84	81	67	61	1
115533	175	47	GK	80	80	84	75	72	83	42	76	0
115909	449	45	ST	80	79	83	75	58	81	46	66	0
119152	9	108	CB	80	79	72	63	61	56	79	81	1
124607	325	48	CM	80	82	72	78	84	81	71	58	1
135475	325	54	CDM	80	83	75	75	75	76	80	80	1
136194	598	54	ST	80	78	68	77	59	75	45	78	0
137361	47	27	ST	80	78	73	75	61	70	46	84	0
137832	567	54	GK	80	78	80	80	73	82	29	80	0
138703	1048	52	CAM	80	80	71	75	82	86	50	50	1
139997	101059	10	RB	80	80	78	75	84	74	79	64	1
142750	236	52	CM	80	80	66	78	84	76	71	74	1
142780	110374	52	CB	80	79	67	50	66	51	81	78	1
142938	39	52	ST	80	79	67	78	57	72	47	86	1
146296	479	45	GK	80	80	86	73	69	86	55	75	1
146954	240	45	CM	80	81	68	74	80	76	72	58	0
147004	449	45	CAM	80	78	68	72	82	80	55	56	0
147782	312	40	CDM	80	80	76	67	77	76	78	64	0
148711	234	54	CB	80	80	39	57	63	59	80	80	0
150516	1	21	LM	80	77	81	87	69	79	46	67	1
152747	18	14	RM	80	80	92	63	71	84	43	44	1
157481	48	45	CB	80	82	52	47	62	58	80	80	0
158810	48	47	CDM	80	79	68	76	82	74	76	72	1
163418	18	18	CB	80	79	78	46	61	56	80	83	1
163419	1	18	RB	80	80	75	57	74	76	80	79	1
163489	39	27	GK	80	83	82	76	68	86	45	78	1
163711	100765	18	CDM	80	83	79	52	74	76	80	66	0
164468	5	14	CB	80	80	73	56	54	61	80	83	1
166072	55	54	CB	80	75	52	44	62	56	82	79	1
167431	32	21	CM	80	82	77	67	80	79	76	69	0
169195	1041	54	CAM	80	80	69	75	80	82	46	64	0
170664	240	60	LM	80	81	80	75	80	80	64	71	0
171830	110364	52	CB	80	74	55	41	47	43	83	81	1
171833	9	14	ST	80	86	90	77	65	83	43	70	1
171919	175	54	CB	80	80	74	62	61	54	81	78	1
172175	7	7	RM	80	83	88	75	79	85	53	66	0
172879	22	22	CB	80	84	77	53	69	64	81	82	1
173208	100769	27	LB	80	81	82	63	77	75	79	69	0
173426	9	7	GK	80	83	81	81	72	83	55	80	1
175943	48	7	CAM	80	82	83	76	75	83	42	40	1
176571	219	117	LM	80	82	82	72	78	82	66	84	1
177105	462	21	RM	80	82	80	76	83	80	59	66	0
177388	219	18	LM	80	82	81	79	77	83	54	62	0
177413	100769	7	CM	80	85	71	72	78	84	77	77	1
178372	5	51	RB	80	81	61	59	64	58	85	83	1
178509	1	18	ST	80	80	65	80	66	69	53	83	1
178518	1842	7	CM	80	82	83	72	81	81	76	65	1
178535	17	27	ST	80	79	72	77	62	79	47	83	0
180175	1041	54	ST	80	84	88	76	65	83	44	75	1
180695	234	54	ST	80	78	82	82	71	78	53	74	1
182495	45	60	CB	80	86	81	58	68	68	81	78	1
183855	45	27	CB	80	84	77	43	69	59	82	79	1
184312	50	18	RW	80	84	96	66	72	83	50	62	1
184943	5	54	CDM	80	82	88	68	79	81	76	72	1
186832	45	117	LM	80	85	83	76	78	82	74	73	1
188105	1035	54	CB	80	82	67	60	59	65	80	78	0
188428	315	108	ST	80	84	91	76	64	85	49	73	1
188567	22	115	RM	80	83	95	76	73	78	55	76	1
188791	100767	52	CM	80	83	64	80	84	79	70	58	1
189242	9	54	CAM	80	86	83	69	78	88	41	50	1
189690	461	45	GK	80	84	80	81	72	85	51	79	0
189963	1960	108	ST	80	84	73	78	55	74	55	86	1
190584	243	45	CM	80	85	67	63	82	79	71	59	0
191202	234	51	CDM	80	85	67	68	77	76	80	77	1
192366	236	52	CB	80	83	55	50	58	62	81	81	1
192448	23	21	GK	80	88	80	83	78	83	38	76	0
192563	32	21	GK	80	85	82	78	84	84	46	77	0
192985	5	7	CAM	80	86	79	79	80	82	54	55	0
193130	5	21	LM	80	85	88	82	75	84	50	68	1
193348	21	47	RM	80	86	87	76	74	86	66	50	1
194765	457	18	LW	80	88	81	72	77	84	42	54	0
199110	55	56	ST	80	82	89	78	65	86	43	63	1
199434	1908	51	LW	80	83	74	72	83	82	48	60	0
201508	17	60	CAM	80	82	79	75	76	85	51	62	0
202166	34	21	LM	80	86	78	78	79	85	45	54	0
204525	457	45	CB	80	86	77	55	59	58	80	79	0
205525	101059	54	CAM	80	86	91	71	76	86	43	50	1
330	697	25	ST	79	79	71	79	68	81	47	63	1
684	5	195	GK	79	77	75	81	69	79	50	81	0
1099	111139	27	ST	79	73	80	76	67	77	50	72	1
2147	144	34	GK	79	77	84	74	82	79	35	77	1
5485	22	21	CDM	79	78	56	61	74	65	81	79	1
6826	7	14	CDM	79	80	45	70	82	69	80	74	0
7784	110089	18	ST	79	78	84	75	62	72	48	78	0
8517	144	14	CDM	79	76	57	71	77	75	80	74	0
11983	18	95	GK	79	78	76	81	78	79	45	82	0
20556	1896	54	RW	79	76	77	70	79	81	61	62	0
28765	1629	54	CAM	79	78	73	70	82	82	66	58	0
39943	247	167	CM	79	79	79	68	75	80	48	60	0
49031	1843	27	GK	79	75	81	79	70	81	59	79	0
53578	47	34	CDM	79	84	66	56	73	70	81	76	1
106231	448	45	ST	79	79	67	76	56	69	53	88	1
120238	110556	27	CDM	79	74	55	74	86	76	69	60	1
120312	18	14	CB	79	79	52	30	53	39	80	83	0
121122	32	21	CDM	79	78	58	65	79	66	79	76	0
135466	234	54	GK	79	76	78	80	70	78	45	84	1
137506	48	19	CF	79	79	75	81	73	82	51	71	1
137782	9	14	RB	79	78	85	63	74	76	76	74	1
138782	11	42	CM	79	75	58	66	82	68	81	78	1
139062	573	52	GK	79	79	79	69	68	86	52	84	1
140384	1035	54	ST	79	82	74	75	64	75	46	82	0
142773	1053	52	CM	79	79	81	72	74	84	51	58	0
146760	240	45	RB	79	79	83	59	73	79	81	62	1
149184	48	27	RB	79	77	83	74	81	75	77	82	1
153296	66	18	CAM	79	83	69	74	81	81	60	73	1
154950	312	40	LM	79	79	79	70	78	78	70	59	0
155885	100767	25	RM	79	79	89	71	75	86	55	60	1
156142	110227	17	CAM	79	81	76	71	79	80	67	57	0
158138	38	21	CAM	79	80	78	76	76	79	55	67	0
158372	241	34	LM	79	83	84	75	78	83	50	56	0
160310	573	45	RB	79	79	74	53	70	65	80	72	0
161648	13	18	RM	79	80	83	76	76	86	46	70	1
161754	10	45	CDM	79	80	63	67	75	67	82	87	1
161999	46	18	RB	79	78	86	62	79	79	77	72	0
162123	144	61	CB	79	75	52	47	55	49	80	78	1
162369	36	8	ST	79	80	66	76	61	73	47	78	0
163824	1960	50	CB	79	79	67	40	63	60	80	82	0
164477	5	133	CDM	79	80	68	56	72	69	80	77	0
164505	2	95	GK	79	78	80	80	69	82	50	77	0
164876	1960	45	ST	79	80	67	75	67	69	66	80	1
165526	50	52	CB	79	83	58	44	53	44	81	81	1
167614	100769	40	CM	79	79	72	76	81	74	72	67	0
167812	325	48	CB	79	84	67	33	62	63	80	81	0
169181	245	34	GK	79	78	82	76	67	85	60	75	0
169588	11	35	CB	79	82	71	32	66	48	79	80	0
169721	10	14	RB	79	82	81	51	69	72	81	88	1
170369	483	83	ST	79	83	85	74	76	87	40	52	1
170597	13	34	GK	79	84	81	79	72	84	50	75	0
170733	52	108	LW	79	83	88	67	72	82	49	54	0
170770	9	45	LB	79	80	79	53	76	75	80	74	1
170783	13	108	CDM	79	80	74	62	71	74	81	72	1
171018	240	45	CM	79	83	54	63	76	70	80	66	0
171318	237	45	LW	79	81	88	64	73	85	49	54	0
171688	243	38	LB	79	86	81	65	73	79	76	71	1
173198	1842	27	CB	79	82	68	36	62	48	82	76	1
174379	457	60	LW	79	79	82	72	70	83	48	58	0
175379	1860	45	RM	79	81	76	73	84	79	49	46	1
176546	48	56	LB	79	76	88	66	77	82	73	62	0
176993	245	45	RW	79	82	84	74	74	85	37	50	1
177765	13	136	ST	79	76	77	79	67	75	46	78	1
177983	47	56	CB	79	84	73	38	60	51	81	80	1
178213	18	18	CDM	79	83	68	59	75	75	79	72	0
179527	13	18	ST	79	81	91	73	71	74	48	81	1
182168	44	27	CB	79	82	59	39	53	49	82	77	1
182879	312	23	RM	79	81	82	81	78	78	42	52	1
183966	110374	52	RB	79	75	69	54	66	59	79	78	0
184111	2	7	ST	79	87	81	75	60	75	48	81	1
184120	483	45	CDM	79	80	63	60	75	69	79	64	0
184134	236	54	CDM	79	83	69	59	69	71	83	73	1
184344	45	27	CB	79	84	72	50	68	64	77	84	0
184431	45	27	CF	79	84	91	76	76	86	36	45	1
186153	1	37	GK	79	83	84	79	69	83	50	74	1
186569	36	21	GK	79	82	82	77	74	83	44	76	0
186789	1035	54	GK	79	80	82	77	63	85	46	76	0
187052	110227	18	CDM	79	86	77	63	73	74	80	66	1
187084	485	136	ST	79	81	88	70	56	75	47	84	0
187735	315	40	CAM	79	84	78	75	77	80	51	64	0
188270	217	115	CB	79	79	66	29	63	43	79	78	0
188377	18	14	RB	79	82	92	65	70	76	78	78	1
188427	46	8	LM	79	83	84	72	79	79	75	72	1
188943	1824	21	GK	79	84	80	78	77	82	45	78	0
189125	39	27	LM	79	85	82	74	78	81	69	64	0
189679	280	43	ST	79	79	87	71	70	84	45	57	0
189712	52	34	CM	79	86	67	71	80	76	73	68	0
189795	1896	38	ST	79	82	84	72	68	80	58	79	0
190544	52	51	LW	79	83	81	78	73	84	48	56	1
190972	234	52	RM	79	84	88	74	74	84	54	65	0
191043	236	54	LB	79	84	82	64	75	80	79	68	0
191180	73	52	LM	79	85	66	76	80	82	58	61	1
191687	236	54	CB	79	82	62	51	62	58	80	83	1
191740	448	45	CM	79	84	76	61	78	84	63	49	1
195864	45	18	CM	79	90	75	76	80	80	76	81	1
198076	1809	145	CB	79	85	68	50	69	60	81	77	1
198213	1048	54	ST	79	82	73	76	57	75	50	84	0
200315	241	45	RW	79	83	89	71	72	83	40	55	0
206407	461	38	RB	79	79	86	56	77	76	76	67	0
1178	48	27	CB	78	74	55	51	67	59	78	82	0
1611	23	4	CB	78	79	58	44	64	53	80	74	0
1625	689	18	CF	78	79	75	78	69	83	44	63	1
6747	44	39	CB	78	78	61	56	70	64	79	75	1
7743	697	95	LM	78	79	85	74	75	77	55	62	1
16897	21	7	CB	78	78	29	54	53	35	80	77	1
20209	461	38	CB	78	78	64	36	47	50	77	87	1
23174	1877	52	CAM	78	79	53	76	83	80	42	58	0
24438	39	56	CB	78	74	34	36	50	38	81	79	1
46590	312	107	CB	78	78	54	48	46	42	81	78	1
49012	312	21	ST	78	77	74	73	65	67	51	81	0
49425	7	34	CB	78	76	65	59	73	53	78	76	0
50598	144	14	ST	78	74	80	78	51	66	41	74	1
52126	65	18	CM	78	76	66	69	80	75	76	58	0
54013	19	14	RM	78	77	77	74	76	80	51	61	0
103496	1842	27	CAM	78	75	77	62	82	80	48	48	0
103936	45	27	RM	78	76	84	75	76	80	64	62	1
106213	448	45	RB	78	78	79	61	74	74	78	65	0
108080	45	47	RM	78	79	83	65	78	74	79	71	1
112316	461	18	CB	78	79	76	68	75	70	83	69	1
112712	569	54	CM	78	78	56	77	83	76	57	55	0
122849	7	108	ST	78	77	86	73	58	78	48	76	0
134956	46	1	CB	78	77	63	56	66	54	78	80	1
135043	11	13	GK	78	77	83	76	74	79	47	74	1
135339	568	54	GK	78	81	74	75	70	83	56	82	0
135455	52	54	RB	78	80	79	73	79	74	79	77	1
137080	485	23	CM	78	78	78	76	78	82	51	61	0
137854	45	27	GK	78	75	80	76	68	80	46	78	0
138123	44	52	CDM	78	78	62	71	77	72	78	75	1
138708	598	54	CAM	78	77	79	74	80	81	44	55	1
140233	614	83	GK	78	80	84	68	76	85	47	74	1
141645	69	18	CB	78	75	64	35	70	57	79	72	1
144622	23	54	CF	78	80	77	73	73	82	54	67	0
146460	461	45	CDM	78	78	66	62	74	64	78	57	0
147455	236	40	ST	78	78	76	74	76	84	53	56	0
147621	100765	40	RM	78	79	82	70	77	78	57	60	0
147777	100769	40	LW	78	76	75	77	75	84	42	54	0
147794	100769	40	GK	78	77	79	75	74	82	56	76	0
148138	175	10	ST	78	79	80	75	66	76	53	74	1
148684	1917	178	GK	78	76	83	73	70	83	41	75	0
150525	1041	59	ST	78	76	68	71	68	79	47	82	0
152850	1048	54	CAM	78	76	63	77	79	78	54	59	1
156776	23	61	LM	78	77	63	81	81	80	43	56	1
157392	15	103	LB	78	75	78	60	77	76	78	66	0
158121	74	18	GK	78	79	78	78	75	81	46	79	0
158232	65	108	ST	78	78	83	74	70	84	43	74	0
158626	13	18	RB	78	80	78	65	76	74	76	74	0
159147	1819	18	CB	78	80	65	62	74	65	78	75	0
161805	48	47	CDM	78	79	75	67	78	76	78	72	0
162932	110364	52	RW	78	74	69	73	79	85	41	54	0
163155	109	14	GK	78	78	79	77	74	82	50	77	0
163600	1792	14	GK	78	81	79	76	74	81	43	75	0
163699	109	99	CAM	78	77	84	70	73	81	59	70	1
163804	74	18	CAM	78	74	66	74	80	81	55	65	0
164300	46	54	CB	78	75	55	51	56	51	81	78	1
164376	246	27	ST	78	77	57	73	56	67	48	87	1
164985	192	18	ST	78	76	74	78	71	80	45	80	0
165109	46	39	LB	78	81	78	51	69	66	82	76	1
167237	31	21	ST	78	77	77	79	62	73	45	72	0
167514	55	51	RM	78	74	79	69	78	78	77	68	0
167599	315	46	CDM	78	82	65	76	81	69	73	67	0
167958	1041	54	GK	78	81	81	76	75	80	42	77	0
168312	47	27	RB	78	82	93	62	73	74	73	74	1
168326	100767	27	CB	78	80	76	57	64	52	79	80	0
168354	1	27	GK	78	78	78	78	68	83	30	77	1
169596	1806	14	CB	78	76	58	39	57	47	80	82	1
171579	240	45	RM	78	82	67	71	77	72	70	73	0
171828	1048	52	ST	78	74	81	80	77	80	45	66	0
172098	44	60	LB	78	74	81	64	79	77	75	74	0
172283	457	45	RB	78	80	73	48	72	67	77	75	0
172294	457	45	CB	78	80	69	40	56	48	78	77	0
172610	52	54	CB	78	85	60	44	55	52	79	78	0
172672	236	38	LW	78	78	84	75	71	82	51	66	0
173146	39	27	CM	78	80	67	68	85	76	66	50	1
173306	100769	52	LB	78	80	87	57	72	72	74	68	0
173432	452	83	CB	78	83	70	43	63	55	77	81	0
176600	481	18	ST	78	82	80	76	72	75	46	68	0
176605	48	56	LB	78	76	90	67	77	78	74	65	1
177553	175	38	RM	78	80	83	72	72	84	49	68	0
177573	573	54	CB	78	78	61	38	54	49	81	76	1
177934	32	21	RW	78	83	90	78	73	82	49	66	1
177935	47	118	LB	78	76	83	67	79	78	77	71	0
178085	457	45	CM	78	81	66	70	83	75	68	62	0
178111	66	51	CB	78	77	55	47	65	50	81	79	1
179546	481	21	CAM	78	82	81	70	75	86	35	42	1
179589	485	108	ST	78	77	83	76	68	80	44	71	0
179605	144	129	LM	78	86	79	73	76	84	45	49	1
179847	481	52	CB	78	81	47	40	64	62	81	75	1
180206	52	8	CM	78	87	69	74	82	81	60	62	0
180287	982	15	ST	78	78	77	75	60	73	43	82	0
180819	17	14	CAM	78	83	76	69	75	82	58	68	0
181019	568	54	CAM	78	83	83	69	72	84	52	58	0
181291	247	34	CAM	78	83	86	73	67	84	54	72	0
182629	481	38	GK	78	78	78	75	76	81	47	77	0
183108	325	129	LW	78	79	90	71	72	84	48	56	1
183254	1896	54	CB	78	75	65	51	64	58	80	84	0
183574	23	21	CF	78	82	74	79	74	79	54	65	0
183666	280	45	GK	78	83	77	75	79	85	51	76	0
183893	109	52	CDM	78	80	64	55	68	68	78	76	0
184010	36	36	ST	78	76	76	79	62	74	49	71	0
184087	240	7	CB	78	82	62	58	71	61	79	78	0
184477	34	22	CB	78	85	68	48	54	52	78	86	1
185103	10	51	LB	78	79	67	72	78	74	79	76	1
185239	32	48	CB	78	82	77	41	66	68	78	78	0
186115	1	14	LB	78	82	84	58	74	73	78	67	1
186119	393	43	LW	78	83	91	76	66	80	43	43	1
186146	11	14	ST	78	83	85	74	73	78	45	79	1
186148	485	21	GK	78	83	80	76	75	79	46	77	0
186452	245	34	CAM	78	79	73	78	72	74	64	82	0
187763	1043	54	CM	78	78	80	73	72	75	77	69	0
187924	66	18	CAM	78	85	71	74	82	79	57	72	1
187936	1806	18	CDM	78	81	71	58	74	71	78	73	0
188005	573	45	CDM	78	81	68	49	67	63	77	81	0
188042	229	52	LW	78	80	81	74	73	82	43	60	0
188081	101059	54	CAM	78	81	79	69	75	83	70	54	0
188154	18	21	CAM	78	81	72	72	78	80	65	66	0
188802	22	21	LB	78	81	78	59	72	70	78	72	0
189246	32	21	CDM	78	80	60	53	71	49	82	75	1
189354	448	45	RW	78	84	84	74	79	81	44	56	0
189575	448	45	LW	78	83	85	69	69	84	49	52	1
189725	11	14	CM	78	80	76	65	80	81	57	55	1
189805	23	34	ST	78	80	67	77	68	74	52	78	0
189881	11	14	CB	78	81	76	28	62	61	80	75	1
190483	101059	54	CAM	78	84	85	72	73	82	55	64	0
191856	1629	52	ST	78	77	67	74	67	75	50	81	0
192086	312	40	ST	78	82	85	76	69	75	53	70	0
192568	568	54	CB	78	82	68	49	70	62	78	82	1
193116	66	18	CDM	78	82	67	66	72	71	80	75	0
193698	25	21	GK	78	82	80	75	73	81	47	75	0
194203	110374	51	RB	78	76	72	38	64	54	80	78	0
194957	11	14	CB	78	84	73	53	71	62	79	76	0
195086	17	10	CB	78	82	53	38	66	58	78	78	0
196432	234	52	CM	78	81	81	72	76	82	75	65	0
198202	32	21	CB	78	81	59	37	55	48	79	80	1
199074	100766	108	ST	78	84	77	72	45	70	52	78	1
200223	247	34	CAM	78	82	75	69	74	84	59	50	0
200529	18	7	LM	78	82	77	74	74	81	55	69	0
200752	44	54	CB	78	84	79	42	60	53	79	80	0
201942	10029	54	CAM	78	85	77	72	72	82	43	71	0
207865	73	54	CB	78	89	78	37	65	62	78	72	0
210513	236	56	CAM	78	86	75	71	74	84	39	43	0
27	19	14	RM	77	75	62	73	77	82	48	56	0
1041	44	52	CM	77	77	74	51	80	79	79	60	1
3622	69	38	CB	77	77	50	46	64	54	77	78	0
4724	110364	27	CB	77	77	53	35	62	52	78	81	0
5213	110556	27	CB	77	73	75	43	52	52	80	78	0
5879	110556	27	ST	77	77	69	68	56	71	46	83	0
7518	101083	52	CM	77	77	54	74	83	78	69	62	0
20176	461	38	ST	77	76	75	72	56	78	47	77	0
20799	1896	38	CDM	77	74	69	67	73	69	78	78	0
26992	7	18	CB	77	77	73	37	58	56	78	78	0
45595	47	27	CB	77	76	67	42	65	51	79	76	0
46160	517	54	CDM	77	74	65	73	80	77	72	77	0
51257	1806	14	ST	77	76	54	74	66	72	45	65	1
51287	144	25	RM	77	74	71	73	78	82	57	54	0
52270	28	21	CB	77	75	68	56	68	58	79	80	0
53012	10029	21	GK	77	77	81	74	56	85	38	72	0
53405	73	54	LB	77	77	74	62	80	73	77	71	0
101378	36	21	ST	77	75	77	76	64	78	46	74	0
107715	598	54	CB	77	76	52	56	59	62	76	81	0
109416	100769	40	ST	77	76	82	74	72	73	49	74	0
110842	462	45	CAM	77	77	68	75	74	74	50	58	0
111093	481	45	RM	77	76	75	72	76	81	39	56	0
112542	315	40	CB	77	77	53	60	66	60	77	81	0
112847	34	95	CDM	77	77	81	68	72	71	79	72	0
121622	100769	49	CDM	77	75	58	62	71	63	80	74	0
126925	485	21	RM	77	76	79	76	76	80	42	56	0
135451	18	54	GK	77	77	82	69	64	86	50	76	1
135499	568	54	ST	77	77	84	75	70	81	56	65	0
136137	1629	54	CAM	77	76	65	78	82	76	62	60	0
136553	1477	167	ST	77	77	54	83	67	70	40	81	1
137114	46	18	CB	77	76	67	46	53	43	82	79	1
137494	111144	133	ST	77	77	93	72	54	75	46	72	1
137785	1806	21	CB	77	77	51	54	55	37	79	78	1
139038	52	52	CB	77	76	63	31	51	45	78	81	0
140274	1877	52	CB	77	76	50	49	60	45	78	81	0
140293	50	27	GK	77	79	80	79	67	81	44	74	0
141200	32	8	CB	77	78	60	44	61	51	75	79	0
143135	1970	52	CAM	77	73	75	73	77	78	53	65	0
146741	243	45	RB	77	77	73	59	74	60	78	71	0
146955	280	52	CAM	77	75	66	68	81	76	55	42	0
147579	312	40	GK	77	78	78	74	77	80	61	76	0
147779	100769	40	RW	77	75	90	67	76	75	54	59	1
148122	315	40	CB	77	78	58	41	63	46	77	80	0
148217	100769	40	RB	77	77	75	65	77	70	72	68	0
149571	192	27	ST	77	70	75	80	64	73	43	65	0
150278	28	12	GK	77	76	77	74	60	84	36	77	0
150590	73	18	RB	77	75	74	65	76	70	75	68	0
152778	1035	54	CB	77	77	57	55	46	35	76	84	0
152822	1041	54	CAM	77	74	45	75	81	77	63	68	0
153244	219	18	ST	77	79	76	78	70	74	49	68	0
153260	70	54	CB	77	77	50	47	71	62	77	81	0
156272	46	54	CAM	77	80	73	72	77	83	57	66	0
156412	1878	83	GK	77	77	76	79	74	77	47	78	0
156650	13	18	LM	77	76	80	72	72	77	56	77	1
156713	112218	46	CB	77	79	55	56	62	53	78	77	0
156722	1	18	CDM	77	79	74	66	76	74	75	69	0
156988	47	27	CM	77	76	78	75	76	74	78	72	0
157430	10029	8	CM	77	77	50	81	83	75	71	58	1
157492	383	55	CAM	77	78	72	66	77	83	49	58	1
158856	36	21	CM	77	78	70	71	77	71	75	70	0
158905	1824	47	CDM	77	80	69	70	78	76	74	73	0
159043	74	101	RW	77	75	91	64	69	80	40	57	1
160766	73	18	LW	77	80	86	74	78	87	52	66	1
161468	569	52	CDM	77	72	68	53	73	71	78	78	0
161793	457	45	ST	77	80	64	73	59	72	53	80	0
163423	1	18	CM	77	79	78	70	72	82	74	76	0
163530	1819	18	CDM	77	77	60	60	74	63	78	72	0
163571	19	14	LM	77	76	87	66	75	78	49	52	0
164082	241	54	LB	77	77	76	70	78	81	76	68	0
165247	110929	140	GK	77	82	78	75	84	79	32	77	0
165517	1877	52	CM	77	80	67	61	76	71	74	59	0
165740	106	14	RM	77	80	77	70	76	81	50	51	0
166708	312	40	LM	77	78	84	68	74	80	44	57	0
167305	110374	59	LM	77	76	78	78	81	76	72	62	1
167666	44	52	GK	77	75	78	74	78	82	59	74	0
167963	11	54	CM	77	77	78	62	78	82	69	70	0
168585	2	34	CB	77	78	52	61	61	59	81	70	1
169386	46	27	ST	77	73	75	71	60	79	44	80	0
169590	7	25	CM	77	80	60	68	81	74	74	68	0
169808	47	34	LB	77	78	84	73	77	81	68	54	0
170815	236	7	CM	77	81	73	68	78	76	74	65	0
171975	110364	52	ST	77	71	73	74	67	75	46	74	0
173228	234	54	LB	77	79	81	66	76	81	75	70	0
173818	240	45	ST	77	84	85	73	62	85	45	72	0
173857	110364	52	GK	77	72	76	77	60	78	50	79	0
176237	106	95	ST	77	77	73	74	52	70	48	81	0
176794	247	46	ST	77	78	66	78	70	75	53	77	0
176894	112387	54	CAM	77	77	80	73	73	83	48	61	0
176957	34	54	CB	77	77	81	43	51	43	77	84	1
177152	1909	34	GK	77	78	76	76	69	83	57	74	0
177358	17	18	CDM	77	81	71	61	73	65	76	66	0
177519	100767	21	CB	77	80	66	42	67	65	78	79	0
177604	1	45	LB	77	78	78	58	77	68	75	66	0
177666	36	4	RM	77	79	82	73	73	76	51	73	0
178281	598	54	ST	77	78	90	69	67	84	38	52	1
178767	206	9	GK	77	80	80	78	75	84	57	69	0
179591	1960	45	LW	77	77	80	73	70	83	52	60	1
179696	240	52	LB	77	82	76	72	72	73	80	75	0
180575	1041	54	ST	77	73	87	71	70	81	42	64	0
181375	1043	53	ST	77	75	66	74	63	73	44	79	0
181458	175	10	LM	77	81	80	80	76	77	53	79	0
181560	13	18	CB	77	81	70	37	65	65	79	77	0
181786	100765	10	CB	77	80	63	49	64	65	78	73	0
182105	1043	54	GK	77	77	77	72	76	80	52	77	0
182763	7	10	ST	77	75	75	76	50	70	45	73	0
182836	19	14	ST	77	80	73	74	61	68	60	88	1
182859	50	60	CM	77	72	73	58	73	72	76	58	0
182860	46	60	CM	77	79	78	67	78	74	75	72	0
182862	234	60	RB	77	76	74	66	74	76	77	69	0
183177	100767	58	ST	77	74	74	73	61	75	50	80	0
183465	10	14	CM	77	82	72	69	76	76	74	78	0
183870	70	18	LM	77	79	84	69	75	75	48	62	0
183871	169	21	RM	77	80	88	70	70	81	59	62	0
184031	236	38	LW	77	77	84	71	69	80	53	66	0
184432	5	45	LB	77	82	78	57	76	72	77	68	0
184716	9	50	CM	77	82	71	57	78	79	68	53	0
184789	34	23	ST	77	81	68	69	58	75	54	80	0
184885	1048	54	GK	77	80	80	74	70	83	33	72	0
185000	605	54	CAM	77	78	75	76	76	78	42	75	0
185373	110089	9	CAM	77	80	80	75	73	75	57	65	0
186561	1	50	CM	77	85	67	70	79	78	66	60	0
187072	485	21	RM	77	80	71	72	79	77	63	62	0
187366	100767	40	CDM	77	75	69	67	77	75	71	61	0
187688	598	54	CAM	77	84	44	71	82	79	50	60	0
187800	45	55	RM	77	82	81	66	77	76	72	64	0
188616	1842	27	CF	77	84	91	76	64	82	39	57	1
189067	48	60	CB	77	79	61	39	59	52	78	79	0
189250	110227	61	ST	77	81	80	72	51	71	48	81	1
189373	567	54	CDM	77	77	76	67	77	77	74	68	0
189462	15	70	LM	77	81	91	70	70	81	46	68	1
189560	481	45	CDM	77	80	57	67	71	65	76	78	0
189574	448	45	CDM	77	82	59	61	74	70	76	67	0
189681	11	54	RB	77	83	81	57	73	78	76	66	0
190149	448	45	RB	77	80	89	65	72	76	72	67	0
190150	23	45	CB	77	82	55	33	63	55	76	79	0
190286	461	45	CAM	77	84	71	69	77	81	42	43	0
190875	110556	43	CM	77	82	68	73	75	78	78	79	1
192202	112387	54	CAM	77	81	75	81	76	79	59	61	1
192238	1960	45	CDM	77	78	66	43	70	53	80	61	0
192371	237	52	CDM	77	76	73	65	69	74	78	68	0
192397	48	54	GK	77	79	82	73	67	83	52	77	0
192505	7	7	ST	77	86	83	73	65	73	47	77	1
192615	65	15	CB	77	79	59	52	62	56	77	81	0
192722	1819	18	RW	77	81	84	71	75	79	52	58	0
192841	106	27	LM	77	78	80	68	77	83	64	52	0
193469	461	45	CB	77	82	65	42	66	57	78	78	0
193881	234	51	CAM	77	84	86	68	71	86	48	58	1
194359	44	163	LM	77	79	87	57	76	77	71	62	0
194644	241	45	RB	77	83	88	56	76	75	74	67	0
195090	55	51	GK	77	78	84	70	60	81	39	80	0
195861	101059	49	CB	77	79	68	62	70	57	78	76	0
197061	34	103	CB	77	81	74	50	70	63	78	79	1
197225	517	60	CAM	77	78	75	68	72	82	40	51	0
198077	23	21	RM	77	81	91	71	71	80	44	60	1
198329	234	45	ST	77	85	85	75	59	77	45	73	0
198784	1	14	RM	77	86	89	68	72	84	48	51	0
199304	236	54	RB	77	84	83	72	77	78	76	70	0
199556	73	27	CM	77	86	68	62	79	81	72	60	0
200145	243	54	CM	77	80	66	68	74	71	75	80	0
200215	1824	21	CDM	77	82	78	60	74	75	75	71	0
200610	10029	21	RM	77	84	80	75	71	78	52	73	0
200647	110374	44	CF	77	78	69	79	78	80	52	54	1
201262	25	12	CM	77	79	75	74	79	79	68	42	0
202101	234	34	LM	77	81	88	68	75	82	42	58	0
203299	237	59	RW	77	83	88	71	68	82	42	66	0
204550	1842	56	ST	77	86	93	73	68	85	52	75	1
204555	44	52	CF	77	81	71	72	78	79	57	74	0
204963	243	45	RB	77	83	83	40	76	78	75	62	0
205362	10	51	CB	77	86	70	30	63	44	78	76	0
206058	47	27	RB	77	88	84	46	74	75	74	68	0
206655	1629	55	RW	77	83	90	76	70	85	42	63	1
207410	44	10	CM	77	86	79	69	81	80	60	59	0
162008	280	97	ST	77	74	77	74	58	76	44	76	0
1088	111139	27	CB	76	76	40	34	60	58	77	76	1
1803	280	52	ST	76	76	79	71	68	83	38	59	0
2155	1792	46	ST	76	73	72	74	68	71	51	77	0
2492	573	38	LM	76	78	89	71	73	76	75	65	0
2651	2	25	GK	76	75	75	73	72	78	44	80	0
4077	452	38	LM	76	74	71	72	77	79	42	56	0
11769	34	21	GK	76	74	76	77	66	77	45	77	0
13130	106	14	CB	76	75	65	29	63	58	77	76	0
13879	17	14	ST	76	76	59	77	58	66	48	82	0
17820	1909	34	CM	76	76	47	76	86	65	65	63	1
20798	234	38	CAM	76	73	65	77	79	75	60	57	0
21570	598	54	GK	76	75	80	70	92	69	30	84	1
25798	573	58	ST	76	76	51	72	59	66	49	75	0
41874	614	18	CM	76	76	49	70	78	72	73	66	0
42521	1853	4	CAM	76	76	69	75	77	73	49	58	0
45842	109	46	CB	76	76	53	56	67	51	79	78	0
46042	1048	54	CB	76	74	53	40	56	48	78	77	0
47903	171	21	GK	76	77	77	75	65	79	31	74	0
50529	1806	14	LM	76	75	75	69	79	79	52	56	0
52735	217	18	ST	76	76	81	72	62	74	45	64	0
52752	1824	47	LM	76	77	78	70	73	78	55	60	0
53055	110374	27	CDM	76	74	57	61	76	71	79	85	0
54033	1952	14	CM	76	78	52	74	81	68	73	74	1
101880	15	14	GK	76	76	80	71	74	82	38	72	0
104047	110364	52	CM	76	70	51	74	82	73	68	63	0
105318	50	55	CM	76	76	73	71	84	77	57	48	1
105454	315	51	RM	76	79	87	74	73	85	40	56	0
105474	1842	27	CDM	76	75	55	71	83	68	72	65	0
107713	21	21	GK	76	76	78	75	66	80	42	75	0
110381	110396	52	LW	76	78	83	74	73	78	54	62	0
110677	1860	45	GK	76	77	81	70	82	79	46	72	0
116308	219	18	RB	76	74	85	53	72	68	76	72	0
117063	73	18	GK	76	74	77	76	70	78	39	74	0
121170	1824	21	CAM	76	76	61	79	75	73	62	70	1
121937	110636	21	GK	76	73	79	72	68	84	42	70	0
123576	52	27	ST	76	75	66	74	56	71	44	80	0
123586	1842	27	GK	76	76	78	76	60	84	45	74	0
123621	47	117	CDM	76	76	71	75	76	74	78	78	0
123629	110556	52	LM	76	73	75	73	72	81	53	48	0
125995	325	48	ST	76	76	70	71	69	70	58	77	0
134783	325	108	RB	76	77	83	63	71	77	74	74	0
135465	1053	54	CB	76	76	53	51	55	54	76	82	0
135697	452	45	ST	76	76	76	74	68	80	45	58	0
136187	568	54	ST	76	76	56	81	72	74	64	77	1
137109	247	34	CM	76	75	51	71	78	74	72	62	0
137133	46	27	CB	76	74	56	41	61	48	78	70	0
137763	379	144	GK	76	78	77	79	57	81	32	69	0
138066	59	37	RM	76	75	70	76	77	74	55	61	0
138445	109	60	CB	76	74	31	48	50	34	76	78	0
138456	1035	54	RW	76	79	86	72	73	81	47	67	0
138457	1629	54	ST	76	76	77	72	71	76	58	76	0
138699	48	47	CDM	76	79	77	68	76	73	70	66	0
139968	65	133	GK	76	79	77	76	75	82	42	74	0
140415	1960	14	CM	76	75	71	51	79	76	71	52	0
142359	50	27	CB	76	75	54	51	57	44	79	74	0
142781	1013	52	CAM	76	76	77	69	75	83	56	58	0
142902	101059	49	GK	76	76	80	70	82	77	65	73	0
146797	100767	49	GK	76	76	79	70	76	78	45	80	0
147006	1860	45	LM	76	76	81	73	70	82	50	58	0
149217	200	27	CF	76	66	77	76	75	79	46	64	0
149568	50	27	ST	76	75	55	72	59	76	45	88	0
149791	1792	25	CAM	76	75	71	67	71	81	50	59	0
150106	280	22	CB	76	76	75	48	60	57	78	78	0
152855	567	54	ST	76	75	74	74	70	78	43	61	0
152997	72	52	ST	76	75	72	73	67	76	46	75	0
153938	1960	45	RB	76	76	65	55	76	73	76	76	0
154634	110374	27	LB	76	75	73	61	77	74	74	69	0
155408	175	21	LB	76	75	77	70	79	73	74	70	0
155887	52	95	CM	76	82	68	70	75	71	76	76	0
155896	101088	52	CAM	76	74	67	69	73	76	51	56	0
156221	468	39	RB	76	73	67	59	71	62	78	78	0
156434	1879	83	CB	76	74	64	43	55	56	77	76	0
158543	110144	83	ST	76	77	77	74	64	73	46	78	0
158676	36	13	CDM	76	75	67	59	74	62	77	63	0
158963	46	52	CM	76	77	54	63	78	77	74	62	0
159034	13	14	CB	76	75	59	39	56	46	78	76	0
159171	100767	45	LM	76	80	72	70	73	83	42	52	0
159172	480	45	CM	76	76	51	70	84	73	62	52	1
159175	219	144	CDM	76	75	71	54	72	67	75	77	0
159418	1053	54	CDM	76	78	75	64	73	78	76	70	0
160741	10029	52	CB	76	78	75	59	60	58	75	77	0
160772	568	54	ST	76	75	67	74	59	73	45	81	0
163083	44	38	CB	76	80	67	52	57	57	78	77	0
163492	100769	7	CB	76	77	47	52	72	57	77	80	0
163791	70	18	GK	76	77	81	71	76	79	47	78	0
163991	378	18	GK	76	77	75	72	74	82	36	76	0
164076	383	54	GK	76	78	77	71	62	74	53	82	0
164114	1041	54	CM	76	76	52	73	83	76	49	49	0
164493	28	21	LB	76	78	80	69	75	74	76	71	0
164769	106	42	ST	76	77	71	68	60	72	46	82	0
164835	1	37	GK	76	76	78	70	74	84	50	76	0
164978	2	18	CAM	76	76	86	73	69	84	52	53	0
165434	72	18	CDM	76	76	65	58	68	70	75	74	0
167005	100769	40	CM	76	75	79	65	78	77	48	43	0
167959	1629	54	GK	76	79	75	72	69	82	43	78	0
168530	234	54	CB	76	77	54	40	55	53	78	77	0
168607	21	54	RB	76	77	79	52	77	79	72	61	0
169607	106	14	CDM	76	76	69	62	71	68	78	68	0
170570	1806	25	CAM	76	76	74	66	71	76	57	48	0
172049	38	34	RM	76	78	91	63	69	84	43	60	1
172114	111140	52	CAM	76	77	71	72	75	77	46	65	0
172684	481	45	GK	76	77	82	71	68	83	51	72	0
172835	44	27	CB	76	79	69	34	50	43	77	79	0
172862	245	17	CB	76	76	66	47	71	69	76	78	0
173373	69	52	GK	76	78	80	71	83	80	44	69	0
174551	1032	55	ST	76	75	74	76	74	78	55	66	0
176029	1861	38	LW	76	79	81	72	70	79	54	60	0
176094	247	37	GK	76	77	83	72	68	80	51	72	0
176270	100767	3	ST	76	82	86	73	43	75	48	74	0
176619	166	56	ST	76	79	85	68	67	75	48	85	0
176731	315	46	CDM	76	79	61	63	70	66	75	76	0
176790	1824	21	RM	76	79	85	68	74	76	52	73	0
176903	110832	55	CDM	76	76	71	51	75	70	73	58	0
176915	450	52	CM	76	76	73	66	73	76	49	61	0
176927	598	54	ST	76	76	86	73	65	73	44	71	0
177528	47	27	ST	76	75	79	71	56	68	44	80	0
177569	1960	34	CAM	76	78	76	75	75	78	48	58	0
177643	106	18	CB	76	78	71	41	53	43	77	83	1
177644	452	45	GK	76	80	78	79	62	75	32	77	0
177683	896	47	GK	76	84	73	75	65	81	46	75	0
177937	1960	45	CB	76	78	65	33	51	62	78	74	0
177974	1809	56	CDM	76	77	54	64	73	66	74	77	0
178036	217	101	CM	76	78	77	78	72	75	63	63	0
178250	1853	136	CDM	76	78	68	62	70	67	78	77	0
178278	1893	54	RW	76	76	84	72	72	79	47	58	0
178424	573	38	LB	76	78	84	69	74	73	74	61	0
179544	109	110	CDM	76	79	67	56	71	72	77	68	0
179875	100765	136	ST	76	80	76	75	59	73	50	80	0
179876	449	54	CB	76	75	57	45	58	45	78	77	0
180716	1629	54	CB	76	79	57	53	60	57	79	71	0
181392	1043	54	CAM	76	74	77	69	72	85	39	48	1
181459	52	22	RB	76	75	76	58	76	68	74	78	0
182103	693	60	CM	76	69	69	59	71	72	79	62	0
182152	175	167	CAM	76	81	77	74	73	81	60	58	0
182887	70	145	CDM	76	76	60	53	72	73	74	64	0
182888	23	36	CDM	76	79	72	51	72	64	78	76	0
183187	896	47	LM	76	83	81	72	71	76	67	73	0
183483	280	22	ST	76	81	62	75	60	73	44	78	0
183580	38	21	ST	76	79	73	71	57	69	47	74	0
183800	1819	18	LW	76	79	89	68	72	78	45	64	0
183895	39	52	CF	76	79	89	71	80	85	45	44	0
183900	481	52	LM	76	83	81	69	68	85	42	59	0
183909	36	118	LM	76	79	87	60	69	83	44	48	0
183975	74	103	CB	76	80	71	32	51	47	77	77	0
183982	65	18	ST	76	78	72	78	67	71	49	73	0
184200	1806	4	LM	76	82	86	76	72	81	49	72	0
184252	101088	52	ST	76	77	72	74	59	69	50	80	0
184457	1792	34	ST	76	77	70	72	55	72	51	75	0
184484	18	24	LM	76	82	68	80	75	71	56	64	0
184575	74	18	LM	76	80	91	74	75	78	44	54	1
184826	237	38	CM	76	83	66	75	76	77	71	65	0
184949	59	54	RB	76	76	88	61	77	77	73	66	0
185132	448	45	CB	76	81	60	43	68	57	76	82	0
186296	34	21	CDM	76	79	63	55	72	67	76	72	0
186351	1792	34	CM	76	81	75	70	73	72	75	85	0
186805	1028	57	LW	76	81	92	70	64	82	45	60	1
186912	175	21	RB	76	79	73	61	75	68	76	68	0
186961	192	27	ST	76	85	79	67	53	72	45	79	0
187132	1824	59	CB	76	80	70	48	66	64	75	77	0
187323	383	54	CB	76	78	63	49	59	63	77	74	0
187457	312	57	CDM	76	77	73	70	79	77	72	72	0
187492	100767	40	LB	76	79	77	67	76	71	72	68	0
187607	110231	40	ST	76	81	76	75	69	69	49	78	1
187846	111044	54	GK	76	76	77	71	69	83	54	76	0
188337	110227	117	LM	76	80	88	65	75	72	72	67	0
188352	22	21	RB	76	79	80	70	74	72	70	56	0
188385	65	18	CM	76	79	72	69	76	76	62	54	0
188388	58	97	CAM	76	80	77	72	77	80	41	46	0
188935	1806	129	LM	76	76	86	69	66	84	42	40	1
189068	175	34	ST	76	79	64	70	54	62	52	80	0
189513	461	45	CDM	76	84	66	66	82	76	60	56	0
189530	234	38	RB	76	80	78	66	72	75	73	72	0
190547	54	37	CB	76	79	53	28	49	38	78	78	0
190664	22	21	ST	76	78	76	73	64	73	50	78	0
190749	1048	54	CDM	76	78	74	64	71	74	76	68	0
190756	110089	54	CB	76	79	53	42	57	56	78	78	0
190779	1896	38	CM	76	78	69	71	77	79	60	61	0
190971	111144	73	CDM	76	76	83	63	65	72	80	72	0
192098	449	133	CAM	76	79	75	65	71	77	69	72	0
192302	28	28	ST	76	77	81	72	51	62	45	78	0
192362	247	34	RW	76	79	93	62	72	76	42	54	1
192629	9	45	ST	76	81	81	72	68	81	44	62	0
192658	1824	21	RB	76	81	78	52	73	71	74	67	0
193338	52	27	ST	76	84	79	72	60	76	42	75	0
193476	70	18	CAM	76	83	80	69	70	80	50	47	0
193844	573	45	RM	76	79	77	59	73	78	41	48	0
194196	25	136	CB	76	79	74	42	64	71	76	80	0
194911	19	45	GK	76	78	72	82	64	79	46	75	0
197083	175	21	LM	76	79	83	70	70	82	48	64	0
197242	379	37	CDM	76	82	59	54	72	57	80	81	1
197890	479	45	CB	76	79	58	35	58	51	78	71	0
197965	452	38	RM	76	84	81	71	69	82	43	52	0
198009	110556	27	GK	76	84	76	72	69	82	57	73	0
198113	34	21	CDM	76	81	68	67	76	74	76	72	0
198176	246	34	CB	76	81	66	45	67	67	78	72	0
198219	48	27	CAM	76	84	89	70	71	84	37	50	0
198648	110227	26	CDM	76	80	71	67	78	78	71	60	0
199383	175	47	CB	76	77	51	42	62	49	78	77	0
199422	246	34	CM	76	80	71	68	77	74	69	52	0
199561	450	45	LM	76	81	80	71	71	82	53	53	0
199737	237	38	RW	76	78	82	77	67	77	44	70	0
199767	5	34	CM	76	84	78	70	75	76	67	71	0
200104	32	167	LW	76	83	83	76	67	79	41	62	0
200106	100767	3	RW	76	82	80	79	75	80	42	53	0
201144	28	10	CM	76	81	57	64	77	77	71	65	0
201153	243	45	ST	76	82	77	72	50	68	42	74	0
201818	315	133	ST	76	82	90	73	66	81	37	64	1
201862	237	52	CB	76	82	72	52	72	62	77	80	0
202642	101059	54	CDM	76	84	78	65	69	68	77	70	0
202652	9	14	RW	76	85	91	60	65	81	51	45	1
203528	480	118	RM	76	80	91	63	65	83	45	60	1
204639	110374	15	CB	76	83	67	38	58	61	76	82	0
205601	1909	117	CAM	76	81	92	65	64	79	39	54	1
205633	110364	52	LW	76	76	69	69	79	78	63	66	0
205976	240	54	ST	76	80	77	70	58	82	43	70	0
206154	101088	52	CM	76	78	75	69	78	68	70	57	0
207664	481	56	ST	76	78	81	74	58	74	44	70	0
210126	171	163	CAM	76	81	76	71	78	80	39	48	0
157393	73	126	CM	76	78	62	63	71	72	79	72	0
164	55	27	CDM	75	74	67	68	79	71	73	68	0
492	1809	18	CB	75	74	37	47	70	58	77	73	0
1075	111400	27	ST	75	70	47	80	73	79	48	52	0
3484	106	25	CB	75	75	52	33	60	52	77	72	0
3665	294	18	CAM	75	71	56	73	72	73	57	57	0
3712	1629	54	GK	75	75	76	75	67	68	50	85	0
6895	100409	4	GK	75	73	74	75	70	77	39	74	0
7647	192	27	CB	75	73	45	39	57	46	78	76	0
7814	246	34	CB	75	74	32	38	63	49	76	75	0
8222	110396	52	CB	75	75	52	46	65	61	75	74	0
12940	171	4	CB	75	74	51	37	47	33	77	78	0
19896	472	45	CAM	75	75	47	59	80	76	40	49	0
24851	819	46	CB	75	75	48	47	59	41	79	81	0
40900	219	136	CB	75	71	61	42	60	47	75	73	0
41734	219	18	CDM	75	74	58	66	78	71	72	70	0
45437	110556	27	CB	75	73	63	40	57	46	78	74	0
45461	101085	27	CM	75	75	54	66	79	75	70	69	0
47201	229	7	GK	75	74	82	68	73	81	53	67	0
47390	1035	54	CB	75	75	34	49	66	59	74	69	0
47608	240	45	GK	75	74	77	71	78	79	55	75	0
49036	1917	42	CAM	75	75	71	68	71	80	49	60	0
49488	1809	18	CM	75	75	58	65	77	70	70	62	0
49617	47	27	CB	75	73	71	53	65	66	76	76	0
51123	72	18	CB	75	74	60	75	78	71	73	74	0
51394	19	14	CAM	75	75	58	76	75	69	69	79	0
51412	689	195	CM	75	74	65	71	75	74	70	89	1
52306	109	35	LM	75	74	66	74	80	76	57	65	0
52827	244	45	CAM	75	73	58	77	83	68	57	49	0
52935	189	27	CB	75	74	34	38	50	44	78	80	0
52941	189	27	ST	75	72	70	68	53	67	44	81	0
53014	481	45	CB	75	74	68	53	71	67	76	68	0
53436	15	14	ST	75	72	65	75	63	72	52	80	0
53815	38	110	CDM	75	74	73	69	74	73	74	74	0
100978	144	117	CDM	75	71	70	60	69	71	76	72	0
105803	448	45	CB	75	75	54	55	68	62	76	79	0
105846	17	37	GK	75	76	80	71	61	81	41	73	0
107647	325	48	RM	75	75	67	78	80	73	70	62	0
110026	483	45	LM	75	75	75	69	72	80	52	54	0
110117	450	45	CM	75	74	62	57	77	73	58	47	0
110341	1860	45	CB	75	68	53	48	62	40	74	82	0
111206	144	21	RB	75	75	77	56	76	73	72	70	0
111661	573	103	GK	75	75	82	73	61	83	44	67	0
112230	65	18	RB	75	74	75	54	73	68	75	78	0
112244	110364	12	CM	75	71	66	70	79	74	63	67	0
112365	1819	18	CM	75	77	67	68	78	75	69	68	0
113045	1842	55	ST	75	76	72	70	59	71	45	82	0
114123	312	49	CAM	75	76	67	76	78	77	49	68	0
121185	485	21	CB	75	74	62	54	71	57	76	76	0
124949	325	48	RB	75	73	90	60	66	72	76	65	1
124976	567	54	CM	75	75	52	68	79	80	56	65	0
134906	1799	129	CAM	75	75	68	74	70	73	58	82	0
134941	144	14	CDM	75	75	58	69	73	68	75	66	0
135742	1860	45	CB	75	77	62	36	61	52	73	80	0
136144	47	54	LM	75	76	82	72	75	89	40	56	1
137160	47	27	GK	75	73	76	73	70	78	50	76	0
137410	1837	27	CB	75	74	59	37	57	51	76	80	0
137960	217	18	RM	75	75	74	66	77	75	56	53	0
138193	15	14	CDM	75	75	69	69	79	73	71	68	0
138463	234	38	CM	75	77	67	69	75	73	72	69	0
138497	449	45	CB	75	75	41	24	54	39	79	78	0
138532	23	34	CB	75	74	52	41	48	45	76	79	0
138810	280	52	CAM	75	76	70	75	72	80	44	58	0
139058	101104	52	CAM	75	72	66	75	78	76	66	57	0
139313	34	4	LB	75	77	73	68	77	66	74	75	0
142677	101083	52	CB	75	73	38	42	49	48	76	72	0
142705	101083	52	RM	75	71	85	71	73	75	59	61	0
142721	1876	52	GK	75	76	76	74	70	77	35	75	0
142775	1877	52	GK	75	77	72	76	69	70	44	82	0
142822	13	52	LM	75	73	71	69	73	79	68	67	0
143102	452	52	CB	75	75	54	54	55	60	76	80	0
146111	448	45	CM	75	78	68	63	71	64	75	67	0
146513	1860	45	CAM	75	75	72	66	71	76	49	67	0
146701	1917	45	CB	75	74	56	58	65	56	75	74	0
146953	468	45	ST	75	73	82	73	64	77	41	66	0
147660	110227	40	GK	75	75	76	73	64	78	60	75	0
147712	100769	40	CM	75	75	63	71	77	71	70	64	0
149147	39	27	CB	75	75	33	39	46	33	77	74	0
150309	393	22	ST	75	75	87	76	70	74	51	65	0
150565	66	103	LB	75	76	81	60	72	69	76	74	0
152830	59	54	CB	75	75	53	51	58	43	77	80	0
152879	19	14	CM	75	76	60	67	76	71	69	61	0
153175	1877	52	ST	75	74	75	70	71	83	43	71	0
153177	101088	52	ST	75	78	87	74	62	84	44	62	0
153934	110832	45	RM	75	75	72	79	68	77	48	54	0
154472	449	45	ST	75	74	52	72	56	63	53	80	0
155946	1792	42	RM	75	78	72	74	72	81	50	54	0
155976	1806	42	CM	75	73	54	74	82	73	64	69	0
156544	1906	7	LW	75	74	66	68	75	77	39	54	0
157310	13	18	CAM	75	74	76	73	77	78	56	56	0
157412	1878	83	CAM	75	72	71	77	75	75	43	66	0
157427	144	161	RM	75	74	78	69	73	81	48	64	0
157804	1917	14	GK	75	75	80	72	75	83	42	66	0
158351	315	55	LM	75	75	90	79	70	74	43	66	1
159028	47	27	CB	75	76	61	57	64	57	72	83	0
159370	1853	22	CB	75	75	74	58	66	60	78	75	0
159580	479	45	LB	75	72	78	55	68	70	76	62	0
161700	1819	18	RB	75	75	71	49	71	67	75	74	0
162508	101059	49	CB	75	75	66	43	62	53	77	71	0
162893	28	47	CB	75	77	72	34	63	58	76	77	0
162981	109	42	CM	75	74	70	74	77	77	62	55	0
163301	1032	83	GK	75	78	78	71	84	77	41	70	0
163491	55	27	CDM	75	75	68	73	79	75	65	58	0
163873	1896	38	GK	75	73	75	73	70	78	46	76	0
164029	450	54	ST	75	75	70	76	48	76	48	74	0
164233	1041	54	CB	75	75	34	45	47	47	78	80	0
164322	568	54	ST	75	75	83	74	56	77	48	65	0
164462	15	14	CB	75	77	77	38	62	61	75	76	0
164491	34	21	LB	75	78	77	67	76	76	75	70	0
164910	1860	45	RB	75	75	76	50	71	67	74	82	0
165190	78	50	CM	75	73	75	64	78	75	70	75	0
165235	1053	54	ST	75	76	78	74	68	79	48	64	0
165501	481	52	CB	75	75	65	61	66	58	76	78	0
165560	111271	52	ST	75	76	72	72	63	73	49	78	0
167414	1043	54	CB	75	75	53	61	69	63	75	76	0
167435	1861	52	GK	75	75	83	67	78	82	55	68	0
167603	110227	40	RM	75	78	72	65	77	76	63	67	0
167706	1	13	ST	75	76	62	70	63	69	48	80	0
168567	1028	56	CM	75	75	71	67	75	78	70	60	0
168650	44	51	CDM	75	80	55	73	75	67	73	68	0
168888	605	183	ST	75	73	71	71	68	75	44	78	0
169126	166	54	CAM	75	76	66	79	76	75	59	59	0
169214	109	14	LM	75	76	88	69	61	82	42	53	0
171896	1970	83	CB	75	77	71	51	66	62	78	68	0
172013	457	45	LB	75	77	78	51	73	74	73	65	0
172233	192	17	CM	75	81	78	68	76	76	68	68	0
172882	189	22	CAM	75	76	78	73	74	77	64	64	0
172949	1792	103	CB	75	75	74	38	53	44	74	80	0
172962	9	133	RM	75	80	84	68	67	83	48	69	1
173300	110364	52	CAM	75	73	69	72	73	82	44	54	0
173436	1960	14	RM	75	76	92	67	68	80	46	46	1
173474	38	4	CM	75	78	78	69	75	78	68	60	0
175092	1952	81	LB	75	75	76	62	64	65	75	73	0
175254	100765	57	ST	75	80	75	74	60	68	54	76	0
176137	673	7	ST	75	79	66	79	69	66	53	65	0
176285	19	198	CB	75	78	73	47	53	47	75	78	0
176380	695	56	CAM	75	70	69	70	72	74	51	61	0
176550	72	56	GK	75	80	81	70	77	82	34	72	0
177019	166	47	CB	75	79	68	40	72	66	75	74	0
177279	29	36	CDM	75	76	71	66	75	77	68	58	0
177491	101059	10	ST	75	75	71	74	67	85	42	66	0
177520	25	21	CDM	75	75	51	65	76	64	73	62	0
177953	1809	18	CM	75	80	68	62	77	72	72	74	0
178171	573	45	CB	75	76	66	48	72	67	78	74	0
178418	45	27	LB	75	71	74	53	65	64	76	75	0
178562	461	52	CM	75	84	67	70	83	83	69	53	0
178604	206	51	LW	75	74	77	71	77	78	52	66	0
179528	449	45	CM	75	75	54	62	77	66	74	69	0
179645	65	13	CB	75	81	62	43	65	49	76	74	0
179768	110089	101	CDM	75	76	72	56	75	66	76	70	0
179954	166	21	GK	75	79	77	71	70	83	56	70	0
179972	32	47	ST	75	79	68	73	70	75	46	78	0
180229	1035	54	CDM	75	75	71	48	62	68	80	58	0
180281	1035	54	LW	75	78	85	73	66	80	49	58	1
180714	100765	54	GK	75	79	81	68	70	76	58	74	0
180826	101059	54	ST	75	77	80	69	57	75	40	67	0
181098	171	163	CDM	75	74	73	54	76	72	72	66	0
181281	393	12	ST	75	75	74	71	50	66	46	77	0
181318	1842	46	CM	75	78	69	66	76	76	66	66	0
181455	9	18	LB	75	76	81	58	65	63	74	69	0
181816	462	51	RB	75	75	78	47	69	67	76	67	0
183256	59	136	ST	75	79	84	68	72	79	55	73	0
183344	171	21	LM	75	77	77	67	73	79	62	67	0
183394	13	18	RM	75	80	80	73	71	74	77	74	1
183711	9	14	CM	75	83	75	71	77	75	68	71	0
184037	9	14	RB	75	79	74	44	71	63	75	75	0
184338	110364	27	CB	75	76	58	39	53	50	77	74	0
185020	48	45	CAM	75	84	90	69	64	78	42	59	1
185061	111065	52	CAM	75	75	69	72	74	75	52	58	0
185174	47	27	CAM	75	84	74	67	78	76	69	64	0
185394	417	36	CB	75	76	57	52	61	59	77	77	0
186200	106	27	LM	75	83	79	71	65	76	44	71	0
186253	100769	43	CB	75	77	77	56	62	59	78	73	0
186801	229	136	CB	75	77	82	55	63	64	75	82	0
186818	280	54	RB	75	76	84	61	75	76	68	54	0
186972	110396	58	RB	75	74	77	51	58	60	75	76	0
187075	101105	56	ST	75	76	83	73	67	79	46	62	0
188041	100767	54	CDM	75	83	76	58	73	78	72	54	0
188177	312	34	CB	75	79	66	44	58	55	76	77	0
188253	7	25	CDM	75	83	71	66	76	76	66	64	0
188696	1819	18	LM	75	80	77	70	75	74	61	64	0
189251	10029	21	CM	75	78	70	68	75	77	68	61	0
189423	1629	54	CDM	75	81	73	64	76	74	75	72	0
189484	13	27	LB	75	80	81	58	74	75	73	71	0
189488	1824	54	CB	75	78	73	46	65	67	75	74	0
189606	169	4	CDM	75	77	74	56	72	70	76	72	0
189680	11	54	LB	75	77	77	56	74	77	74	61	1
189922	36	21	CB	75	76	64	41	60	46	76	78	0
190223	448	45	LB	75	75	79	45	75	71	73	68	0
190502	59	10	CDM	75	78	73	67	77	73	73	68	0
190507	448	45	CB	75	77	61	31	45	48	74	77	0
190535	461	45	CM	75	77	74	71	76	76	50	54	0
190778	247	34	GK	75	83	77	74	77	76	57	75	0
190873	28	12	LM	75	76	75	63	73	73	74	65	0
190905	1041	54	CDM	75	76	63	53	62	65	81	72	1
191725	573	55	CAM	75	76	71	76	77	75	38	53	0
192012	236	83	CB	75	82	73	51	66	71	75	74	0
192305	100766	54	CM	75	75	80	64	75	76	72	69	0
192333	59	136	CB	75	78	68	42	67	67	76	78	0
192387	54	27	ST	75	86	79	70	53	72	47	80	0
192463	480	45	RM	75	78	71	72	80	77	47	57	0
192537	231	7	LW	75	85	86	71	70	79	44	50	0
192774	280	22	CB	75	80	74	27	54	61	75	78	0
193061	55	52	CAM	75	81	80	67	75	80	59	68	0
193176	462	45	CM	75	78	68	64	80	72	62	56	0
193301	66	18	ST	75	84	86	69	68	77	49	72	0
193525	315	54	RB	75	83	78	51	65	66	76	74	0
193714	72	51	CB	75	76	51	41	64	51	74	77	0
193869	1041	54	CB	75	79	50	38	61	51	76	72	0
193886	36	21	CAM	75	77	71	72	70	75	47	64	0
194229	450	45	RB	75	81	81	41	68	69	75	66	0
194406	1039	54	CB	75	83	80	44	53	41	76	79	0
194728	44	97	ST	75	81	73	66	63	79	45	76	0
194963	569	54	ST	75	79	77	70	57	74	41	73	0
195586	1913	24	ST	75	78	70	72	56	68	45	72	0
196143	461	56	ST	75	79	85	74	59	78	41	62	0
197756	219	117	ST	75	78	78	75	70	77	45	68	0
197853	1809	108	RM	75	84	79	46	67	68	77	75	0
198118	240	18	CDM	75	80	70	62	71	69	76	75	0
198141	241	45	CB	75	81	67	45	68	64	76	76	0
198164	480	45	CAM	75	79	77	64	72	85	39	48	0
198368	483	45	CM	75	78	68	57	71	74	73	67	0
198640	237	129	CAM	75	82	83	73	70	81	41	52	0
198683	1837	27	CAM	75	83	82	71	51	71	43	73	0
199334	25	12	LM	75	77	82	69	72	78	48	60	0
199416	448	45	LW	75	81	81	74	63	80	52	53	0
199418	72	18	LM	75	78	82	67	72	78	48	51	0
199451	1809	18	ST	75	81	81	71	69	79	41	72	0
199935	100767	54	CDM	75	83	71	62	74	69	76	76	0
199987	245	34	GK	75	81	77	72	80	78	54	70	0
200458	73	18	LB	75	83	80	49	73	71	73	68	0
200735	241	45	RW	75	80	77	56	74	83	35	39	0
201399	44	52	ST	75	85	79	70	49	74	42	76	0
201953	1877	52	LM	75	80	83	73	75	75	67	64	0
201982	25	18	RM	75	79	84	66	71	77	67	60	0
202477	7	45	RW	75	82	91	66	61	84	39	51	1
203244	219	54	CB	75	80	59	54	65	55	74	76	0
203431	383	54	ST	75	84	87	66	66	76	45	68	0
203627	112218	54	LM	75	81	79	70	76	73	57	63	0
204077	47	136	RW	75	85	86	69	64	81	45	70	0
204194	219	145	ST	75	76	77	71	65	74	53	67	0
204341	100769	38	CB	75	80	68	38	61	64	76	78	0
205114	1824	163	LM	75	78	81	69	69	82	37	48	0
205409	101088	60	GK	75	74	82	66	71	84	58	68	0
205943	18	39	CB	75	84	82	64	65	68	77	71	0
207439	1877	52	CF	75	83	79	72	74	77	45	56	0
207454	101083	52	LM	75	79	81	69	76	80	39	54	0
207862	25	21	CB	75	84	61	57	66	64	76	75	0
209562	112390	110	ST	75	75	78	68	33	64	43	86	1
211368	325	38	ST	75	75	91	67	65	81	42	57	1
28	468	45	GK	74	74	73	72	66	79	41	75	1
2488	73	18	CB	74	73	60	36	58	59	73	77	0
4111	15	25	CB	74	75	36	39	36	33	77	77	1
4806	111271	18	LM	74	74	64	72	79	75	66	64	1
5594	66	18	GK	74	71	74	72	79	78	36	75	1
9805	1961	50	CM	74	74	78	75	71	79	58	68	1
10764	1853	45	LB	74	74	72	48	65	65	78	66	1
10780	110227	45	CB	74	74	58	40	57	45	74	78	1
12445	144	36	LB	74	74	60	68	79	68	75	68	1
13690	15	14	ST	74	73	82	73	60	77	46	68	1
14907	110556	52	GK	74	74	74	72	70	74	55	78	1
17605	231	7	CDM	74	73	50	56	67	62	76	75	1
18122	110456	18	GK	74	74	74	71	77	77	42	77	1
18919	66	18	CM	74	73	66	70	81	77	60	58	1
19292	19	50	CB	74	74	53	50	55	43	74	76	1
20096	700	46	CM	74	71	50	58	71	66	70	44	0
20172	1917	14	ST	74	72	54	73	62	64	59	84	1
23015	206	27	ST	74	74	36	67	44	56	46	84	1
23409	112134	54	CM	74	74	71	70	77	80	67	74	1
24894	1629	54	CB	74	74	65	67	79	70	76	70	1
31831	100767	46	CDM	74	74	66	78	82	74	66	70	1
34824	111974	27	ST	74	73	79	72	50	72	43	76	1
41674	74	18	CB	74	74	54	59	74	62	75	72	1
41835	66	18	LM	74	74	76	68	76	75	46	54	1
45534	189	46	CB	74	74	55	46	61	58	74	79	1
45763	245	13	CDM	74	73	44	53	70	64	75	73	1
46826	171	21	CDM	74	72	55	60	70	60	76	74	1
49000	1952	42	GK	74	74	74	73	69	78	33	75	0
49116	36	108	LB	74	74	76	60	74	77	74	62	1
49485	1013	52	CB	74	73	66	41	56	51	73	77	1
50294	70	136	RW	74	74	75	71	68	75	51	68	0
50920	169	21	GK	74	71	79	69	73	74	37	76	1
52958	479	45	RB	74	72	72	43	67	66	77	63	1
53004	29	103	ST	74	73	72	71	66	72	58	81	1
53013	25	21	ST	74	74	67	71	69	69	53	79	1
53551	101059	12	CDM	74	73	73	38	66	61	76	80	1
54051	1960	14	LM	74	75	80	61	67	80	44	46	1
100806	78	42	CAM	74	75	73	73	74	76	44	58	1
101336	38	21	RB	74	73	72	61	76	74	73	71	1
101473	1808	37	GK	74	74	76	71	62	80	50	70	1
102056	45	27	RM	74	73	76	64	74	74	67	64	0
102356	171	21	CM	74	74	68	69	74	74	67	67	0
110297	449	45	LB	74	72	77	53	70	66	73	60	0
110377	468	45	CAM	74	74	77	66	56	77	47	60	0
111022	1853	45	CB	74	75	54	43	53	50	75	77	1
111163	65	18	GK	74	74	79	72	66	75	36	73	1
111477	217	18	GK	74	71	77	68	72	80	21	72	1
112392	1878	103	CAM	74	71	76	72	74	74	64	77	1
113176	52	27	LB	74	73	78	56	73	71	73	64	1
114764	448	45	GK	74	76	67	79	75	68	42	80	1
116620	169	19	CB	74	75	50	47	59	42	77	74	1
120304	74	103	CDM	74	74	65	55	70	70	71	80	1
120306	70	18	GK	74	74	81	73	66	78	44	73	1
121591	1819	54	ST	74	74	56	74	68	62	52	77	1
121940	1853	21	CB	74	74	83	56	69	67	73	67	1
123463	1806	14	CM	74	74	80	64	74	79	46	56	1
123597	39	27	CB	74	75	53	36	53	47	76	74	1
130687	485	13	CDM	74	74	58	68	65	69	75	76	1
134779	66	18	ST	74	75	84	72	66	73	55	77	1
135218	449	37	CB	74	74	54	47	60	55	76	84	1
135820	1795	54	CDM	74	73	66	59	68	74	73	63	1
136941	1853	38	CDM	74	73	67	72	73	71	72	66	1
137089	109	23	RM	74	73	64	78	75	79	51	67	1
137179	110556	27	CB	74	74	41	39	46	32	74	84	1
137199	39	27	CF	74	73	74	73	75	82	43	40	1
137351	100409	21	CDM	74	76	68	60	75	75	72	67	1
137427	110556	27	CB	74	72	81	57	74	72	70	70	0
137519	189	27	CDM	74	72	68	60	74	72	73	64	0
138181	1792	14	CB	74	74	53	36	43	43	74	80	1
138334	573	129	ST	74	74	69	77	62	78	42	57	1
138451	111292	54	CAM	74	76	62	71	78	77	59	55	1
138784	144	14	LB	74	74	78	74	73	77	74	59	1
138806	110364	52	ST	74	72	68	72	60	74	45	69	1
138949	7	58	CB	74	74	53	40	60	56	74	74	0
139057	598	52	LB	74	71	86	56	74	71	70	69	1
139597	462	45	ST	74	73	77	70	58	70	48	77	0
139860	219	18	LB	74	72	75	66	70	66	72	69	0
139882	110144	87	CB	74	74	65	52	53	59	73	78	1
140141	694	60	RM	74	71	86	69	68	80	44	69	1
140451	1796	14	LM	74	73	78	62	71	74	49	58	0
141272	169	12	RB	74	75	77	63	73	71	72	70	0
142603	110147	52	CAM	74	73	50	73	79	74	40	58	1
142782	101085	52	GK	74	74	77	72	70	74	23	75	1
143283	110227	48	LM	74	74	77	68	70	81	51	52	1
143589	101088	52	CB	74	75	48	49	42	39	77	80	1
143590	312	52	CB	74	74	70	46	62	56	72	80	1
144429	23	46	LB	74	76	79	62	76	74	73	70	1
145889	480	45	RB	74	74	78	42	65	66	74	63	0
146121	1853	45	ST	74	72	76	73	61	72	48	70	1
146377	479	45	RM	74	73	79	67	67	77	50	58	1
146660	110374	60	GK	74	74	74	71	86	78	49	73	1
146759	110832	45	ST	74	74	65	75	61	71	47	69	1
146974	479	45	CB	74	74	69	41	54	47	73	78	1
147614	100765	40	ST	74	74	68	77	67	64	45	77	1
148123	315	40	CB	74	74	68	50	69	61	74	75	0
148854	246	34	RW	74	72	84	61	66	75	43	57	0
149224	110556	27	ST	74	74	72	70	54	73	43	75	0
150368	485	21	LB	74	74	71	75	79	72	73	70	1
150496	110500	110	ST	74	72	82	70	58	74	42	72	0
152181	111144	4	GK	74	74	73	73	70	81	42	72	1
152567	1792	36	CDM	74	76	78	69	73	75	75	71	1
152840	59	54	ST	74	74	74	71	73	77	48	66	1
152916	1879	52	CM	74	74	78	72	72	76	60	58	1
152922	1843	58	CM	74	72	67	68	74	72	72	62	1
153164	15	52	CM	74	75	69	62	76	72	72	72	1
153298	66	18	CM	74	75	73	68	77	72	70	73	1
155355	4	167	RM	74	77	80	63	70	77	56	67	1
155584	111043	54	ST	74	72	52	72	52	67	48	82	1
155813	1878	56	CB	74	75	84	40	52	52	75	76	1
156256	36	145	CB	74	74	55	36	56	49	74	78	0
156519	236	83	CM	74	79	76	62	73	73	69	60	0
156914	1053	54	CAM	74	78	70	69	74	73	58	76	1
157060	1043	55	CB	74	73	51	35	49	53	77	68	1
158036	65	54	ST	74	74	51	72	64	68	52	82	1
158144	449	45	CAM	74	74	61	69	81	70	60	56	1
158525	1806	93	ST	74	73	69	70	55	69	55	86	1
158804	7	14	CM	74	76	67	74	73	82	61	66	1
158826	111678	83	GK	74	74	72	74	71	75	42	74	1
158851	1917	55	LB	74	69	73	66	72	77	66	63	1
159240	450	13	CM	74	72	77	69	69	76	50	54	1
159265	192	27	GK	74	70	76	74	60	76	45	74	1
159302	1806	14	LB	74	73	68	39	60	62	76	74	1
159518	189	60	CDM	74	72	60	57	75	69	75	75	1
159818	112390	54	CAM	74	74	87	71	70	82	38	31	1
160527	1719	54	ST	74	74	66	71	60	67	49	82	1
162223	166	21	CAM	74	77	68	69	71	76	47	61	1
162329	2	129	CM	74	74	68	64	71	76	67	54	1
162411	1970	52	ST	74	74	65	71	59	64	46	85	1
163187	1960	7	LM	74	73	90	64	69	74	62	66	1
163402	1844	27	CB	74	74	53	35	58	48	76	72	1
163415	14	97	LM	74	74	76	69	73	77	51	55	0
163461	50	27	CM	74	76	68	66	81	72	64	61	1
163490	39	27	CB	74	77	68	38	56	46	76	73	1
163587	95	13	GK	74	76	74	72	83	78	56	70	1
164211	1035	54	CDM	74	74	63	54	69	68	75	68	1
164256	1844	54	ST	74	76	81	71	68	73	43	74	1
164299	1043	54	CAM	74	75	75	71	78	75	73	73	1
164827	4	95	CDM	74	74	74	65	78	73	68	62	1
164857	1896	38	ST	74	74	67	71	50	65	48	80	1
165174	10029	37	CDM	74	76	66	66	71	66	76	69	1
165862	1970	54	RM	74	75	82	69	70	77	62	68	1
167098	54	60	CB	74	73	61	38	46	40	77	74	1
167413	175	12	CDM	74	72	58	65	68	60	75	72	1
167524	1970	83	LB	74	76	81	56	68	66	73	67	0
167683	55	54	CF	74	73	77	70	76	82	42	62	1
168293	109	18	RM	74	75	74	68	76	75	61	62	1
168444	112218	54	ST	74	75	81	73	71	74	48	79	1
168561	169	56	CM	74	73	62	65	76	77	72	60	1
168565	144	56	ST	74	73	78	74	66	75	48	78	1
168584	481	34	CDM	74	76	38	55	69	57	77	72	1
168883	112387	183	CAM	74	74	72	68	74	76	51	52	1
168930	462	45	LM	74	77	81	56	69	85	42	52	1
169208	110145	83	CAM	74	73	78	72	70	78	54	68	1
169216	109	25	ST	74	76	85	68	56	73	49	74	1
169571	1793	14	CM	74	74	68	68	77	77	62	60	1
169649	1879	56	CB	74	74	63	44	60	58	74	78	1
169705	5	14	LB	74	78	78	45	73	69	73	69	0
169706	17	14	CDM	74	78	64	52	71	68	74	69	0
169710	1808	42	CDM	74	78	71	46	72	73	73	71	1
169941	744	38	RM	74	76	80	66	69	77	42	64	1
171732	1860	45	ST	74	74	76	73	58	80	42	58	1
172143	245	13	RW	74	76	70	73	76	77	60	57	1
172203	78	14	GK	74	80	73	76	64	79	41	76	1
172285	457	45	CM	74	77	65	62	77	67	68	60	1
172290	457	18	CAM	74	78	66	64	75	77	53	52	1
172316	481	45	RB	74	78	77	57	66	67	73	74	0
172939	106	25	GK	74	74	78	73	74	79	50	70	1
173204	110556	27	LM	74	78	78	48	69	70	74	70	0
174381	1629	58	CM	74	73	56	68	79	72	64	66	1
175753	819	72	RM	74	70	81	71	70	79	44	53	1
175787	101105	56	ST	74	71	83	70	60	77	50	71	1
175897	1843	1	GK	74	76	76	70	66	82	51	74	1
175990	1824	21	CF	74	73	73	70	71	73	48	68	0
176481	1819	48	ST	74	77	71	72	69	74	53	76	1
176687	10029	21	RB	74	77	76	49	74	73	72	68	1
176955	568	54	CDM	74	76	69	68	73	74	76	69	1
177022	894	145	CAM	74	79	76	64	66	84	49	58	1
177149	483	44	LB	74	77	78	56	70	69	73	71	0
177320	1032	83	CDM	74	75	70	57	71	67	74	73	0
177398	28	10	LM	74	76	78	75	71	78	44	59	1
177525	69	129	RM	74	75	85	65	72	80	44	61	1
177578	38	4	CB	74	76	54	33	50	39	76	76	1
177713	605	129	CM	74	74	67	64	72	70	70	68	0
177752	1793	34	RM	74	75	88	71	71	80	61	68	1
177886	1824	10	ST	74	72	68	72	62	69	47	82	1
177981	573	52	CDM	74	75	68	68	70	68	72	65	1
178087	480	45	CAM	74	77	75	74	67	78	47	57	1
178108	1892	38	CDM	74	75	63	55	71	65	73	69	0
178115	189	22	CAM	74	76	77	74	74	73	44	62	1
178251	74	18	RB	74	73	73	59	74	67	74	66	1
178367	72	18	CM	74	74	67	47	74	70	75	68	1
178691	236	60	CB	74	74	75	42	71	74	74	68	0
178750	483	45	GK	74	79	81	74	68	74	43	69	1
179560	234	51	LM	74	77	81	73	64	79	43	54	1
179574	1792	14	ST	74	80	77	69	64	72	43	75	1
179613	110	18	LM	74	77	86	75	73	75	52	65	1
180283	106	167	CM	74	77	67	69	79	77	60	57	1
181106	166	163	CDM	74	77	71	58	72	73	74	65	0
181259	110636	12	CB	74	73	60	51	61	60	76	77	1
181402	232	18	CDM	74	76	68	62	72	74	72	64	1
182211	112387	54	ST	74	74	76	75	57	68	47	72	1
182212	10029	18	ST	74	79	72	71	65	70	45	78	1
182440	32	195	RM	74	78	84	65	66	77	48	59	1
182882	468	56	CDM	74	78	66	57	71	70	74	75	1
182945	1819	108	LW	74	77	91	67	66	80	50	62	1
183249	100409	52	ST	74	76	70	72	61	74	44	77	1
183426	36	21	RB	74	77	72	39	66	65	74	72	1
183497	110832	22	GK	74	78	76	73	70	72	44	79	1
183498	50	27	CM	74	80	71	68	77	72	71	67	1
183569	169	103	LM	74	79	79	70	71	77	48	72	1
183614	569	54	RB	74	75	91	64	73	78	71	59	1
183723	111044	54	CB	74	74	68	56	66	58	74	76	1
183766	66	101	CB	74	77	71	42	52	45	75	79	1
183781	1908	13	CB	74	77	60	46	66	59	76	76	1
183811	19	126	ST	74	74	77	73	58	74	44	75	1
183937	73	34	RB	74	80	82	59	73	74	73	72	1
183940	13	34	CDM	74	77	77	50	68	74	73	58	1
184089	232	129	RM	74	76	84	71	69	82	42	48	1
184255	245	24	ST	74	76	75	73	58	67	52	78	1
184704	52	54	LW	74	77	72	74	75	76	67	70	1
184763	232	18	GK	74	73	77	71	65	75	39	75	1
184815	393	22	ST	74	78	78	71	66	70	51	73	0
184858	383	54	ST	74	74	72	71	56	65	45	75	1
185163	1842	27	CB	74	78	55	41	53	47	76	74	1
186330	38	12	RB	74	75	80	44	74	75	71	68	0
186547	483	52	CB	74	83	66	35	64	52	74	76	1
186935	819	54	CM	74	76	72	71	74	74	66	67	1
187598	598	54	CB	74	79	64	50	53	58	76	76	1
187815	111292	54	ST	74	76	66	72	55	75	41	73	1
187896	112218	54	ST	74	76	73	75	70	78	38	63	1
187935	74	97	CAM	74	73	76	66	72	74	51	57	0
188133	598	54	CDM	74	79	83	64	73	76	73	65	1
188155	246	34	RB	74	78	73	62	72	72	73	68	0
188325	59	126	ST	74	78	65	70	60	70	46	79	1
188413	39	55	CM	74	78	78	56	77	70	72	61	1
188484	1843	60	ST	74	81	91	69	54	73	44	67	1
188586	1824	21	CDM	74	76	68	67	74	70	74	67	1
188808	393	122	RM	74	79	86	66	68	79	43	59	1
188840	66	38	RB	74	79	83	43	73	74	74	68	1
188844	462	45	CB	74	77	57	36	69	58	75	72	1
188860	111042	54	ST	74	79	64	75	66	71	48	71	1
188871	2	12	ST	74	80	64	66	44	63	46	85	1
188938	1013	52	GK	74	72	80	68	72	78	45	68	1
188942	17	120	CDM	74	81	75	68	72	75	77	84	1
188988	1876	52	CAM	74	82	82	64	74	81	36	56	1
189059	1952	14	CDM	74	79	67	61	73	70	72	73	1
189165	1960	14	CAM	74	80	67	68	77	71	63	58	1
189235	32	21	CM	74	77	62	56	77	73	70	72	1
189324	1793	14	GK	74	82	77	71	63	80	58	73	1
189390	1824	21	LB	74	78	72	54	75	72	72	73	1
189510	237	45	RW	74	79	82	69	70	80	53	64	1
189936	1903	34	GK	74	77	73	75	70	76	55	76	1
190156	468	45	CDM	74	80	67	55	67	60	75	65	1
190520	23	21	CB	74	78	69	43	70	70	74	68	1
190607	110144	56	CF	74	75	87	71	66	79	40	58	1
190868	1961	18	RB	74	75	74	41	69	68	75	72	1
190919	237	56	ST	74	81	78	75	64	77	48	61	1
191053	28	61	CDM	74	76	66	50	70	65	76	69	1
191055	449	45	LB	74	81	77	47	70	68	74	70	0
191164	111678	57	LW	74	78	80	69	67	79	45	65	1
191186	1035	54	RB	74	80	84	62	74	81	73	57	1
191210	226	18	RB	74	80	77	58	75	71	72	66	1
191688	468	45	CB	74	80	62	50	64	58	71	77	0
192575	55	117	CDM	74	78	81	60	75	73	72	66	1
192613	10	39	GK	74	77	75	70	70	77	48	75	1
192621	325	103	CB	74	74	81	33	63	56	75	79	1
192671	1891	61	RW	74	77	79	68	64	77	45	76	0
192778	673	7	ST	74	75	74	69	65	75	52	76	0
192904	1909	20	CB	74	76	61	30	60	59	74	75	0
193234	110930	140	CDM	74	80	74	59	75	73	70	46	1
193312	38	21	GK	74	75	76	72	72	76	39	71	1
193352	175	47	LB	74	84	77	54	73	70	73	72	0
193408	457	47	ST	74	81	68	75	62	69	48	70	1
193420	485	21	CDM	74	77	71	51	73	71	73	67	0
193442	245	34	CM	74	77	84	69	71	76	66	67	0
193474	65	136	CDM	74	82	70	51	70	71	74	61	0
193504	1961	14	CB	74	82	73	31	58	60	75	78	1
193735	242	45	CM	74	79	66	55	75	71	58	54	1
193780	322	8	RM	74	85	83	70	69	81	52	57	1
193786	1844	27	GK	74	80	76	72	65	78	31	72	0
194017	2	4	CF	74	79	81	72	52	72	48	61	1
194209	110832	129	ST	74	80	74	76	61	85	49	68	1
194365	169	163	ST	74	76	78	69	69	78	45	78	1
195687	480	45	CDM	74	78	65	53	67	61	76	70	1
196150	1876	56	ST	74	74	73	71	65	74	45	80	1
197117	110556	22	RW	74	81	80	64	69	81	40	35	1
197238	110089	136	ST	74	78	78	72	51	66	47	77	1
197678	1809	18	GK	74	80	76	60	74	81	43	76	1
197681	219	18	CDM	74	80	74	50	71	72	73	67	1
198006	1903	34	CAM	74	77	72	68	73	75	62	60	0
198196	28	21	ST	74	82	64	72	47	64	48	80	1
198198	1960	45	CB	74	80	65	47	51	48	73	76	1
198331	109	12	ST	74	78	81	71	63	70	44	69	0
198347	101083	52	ST	74	73	81	71	62	79	43	67	1
198554	31	133	ST	74	77	79	69	53	71	48	81	1
198611	165	51	ST	74	74	71	71	55	69	48	66	0
198717	11	14	LM	74	81	85	62	60	82	47	50	1
198760	44	97	CM	74	81	72	67	76	77	69	54	1
198832	110930	140	CB	74	72	66	45	58	64	73	76	0
199151	206	52	RW	74	85	91	69	64	81	40	53	1
199503	23	47	CM	74	84	50	67	73	75	67	63	1
199564	241	45	CM	74	84	68	62	75	73	60	55	1
199594	244	45	LM	74	79	86	65	67	80	50	59	1
199633	2	14	RB	74	77	73	60	69	71	74	71	1
199739	236	38	RW	74	80	74	65	76	77	51	56	1
199845	111974	27	CB	74	79	63	48	51	51	75	79	1
199914	55	54	CDM	74	78	76	59	76	75	75	62	1
200054	1837	45	CM	74	84	68	59	75	72	73	73	1
200521	1926	14	RM	74	83	80	64	64	77	39	48	1
200542	280	22	CDM	74	77	77	65	74	70	74	69	0
200700	55	21	CM	74	74	70	65	72	77	46	53	1
200857	36	21	CM	74	80	80	67	71	81	58	49	1
200962	237	38	CM	74	81	80	66	74	79	57	58	1
201449	106	18	CB	74	74	54	36	57	57	75	77	1
201988	48	52	CB	74	80	54	29	46	38	75	79	1
202143	448	45	CB	74	76	69	30	55	39	76	73	1
202316	171	95	RB	74	77	81	59	72	70	74	72	0
202612	568	52	ST	74	76	84	69	73	82	40	68	1
202651	1861	45	RM	74	83	76	63	71	86	34	47	1
202911	1876	60	ST	74	75	75	75	66	74	40	70	1
202934	46	133	CM	74	82	78	63	73	75	71	57	0
202935	244	45	CB	74	78	75	32	56	53	73	78	0
203486	15005	7	CAM	74	84	73	68	74	75	46	48	0
203551	52	27	RW	74	83	78	69	75	76	68	67	1
203846	236	54	RW	74	82	84	69	61	84	40	55	1
203965	245	13	LW	74	84	78	71	66	82	46	50	1
204311	1819	18	CB	74	84	70	50	57	54	74	80	1
204713	280	72	RM	74	83	88	70	62	77	49	66	1
204737	1896	38	RW	74	79	90	63	66	81	36	40	1
204943	598	54	ST	74	74	72	68	62	75	43	74	1
205194	100766	54	CB	74	76	65	37	57	54	76	71	1
205600	66	18	CB	74	82	72	55	63	62	74	78	1
207472	36	163	RB	74	78	78	48	73	75	72	62	1
209297	101059	54	CAM	74	85	82	67	67	79	55	55	1
209331	896	111	RM	74	87	91	61	67	82	57	56	1
210814	110093	52	CB	74	75	77	41	68	57	75	76	1
211017	244	45	RM	74	78	82	62	68	79	47	45	1
211061	36	39	CAM	74	82	78	68	75	80	49	46	1
211267	110556	52	LW	74	81	92	63	68	80	51	58	1
211328	110364	60	CB	74	76	55	40	58	56	74	70	0
212125	234	51	RM	74	87	87	65	70	82	42	51	1
213430	481	39	ST	74	79	66	73	58	72	42	72	1
657	106	50	CM	73	72	53	64	77	71	68	62	1
3246	1901	38	LW	73	70	83	62	65	76	54	60	0
4832	50	27	CM	73	74	71	69	77	75	64	56	1
5355	280	35	GK	73	72	71	70	72	76	20	75	0
5984	110396	18	ST	73	74	33	70	59	64	50	74	0
6971	169	13	CB	73	73	42	34	61	35	76	72	1
7584	44	27	GK	73	72	74	72	66	72	57	76	1
7939	19	17	GK	73	73	76	69	68	75	50	74	0
11346	1917	66	RB	73	70	67	48	59	66	74	74	0
13914	3	14	GK	73	71	74	72	78	70	50	73	1
17725	144	35	CB	73	72	45	34	58	50	75	75	1
17912	453	26	GK	73	73	76	67	76	71	49	78	1
20933	111271	18	CDM	73	73	49	71	77	70	74	69	1
23466	13	14	RB	73	73	66	67	78	68	71	61	1
24932	171	46	CB	73	73	34	44	51	41	75	75	1
25924	452	45	LB	73	73	61	66	78	66	75	73	1
29118	112427	163	CAM	73	73	59	70	75	75	62	61	1
29183	1960	21	GK	73	73	73	71	61	76	48	73	0
30458	166	21	CDM	73	70	66	58	72	69	72	68	0
32740	819	46	GK	73	73	72	72	67	76	34	75	0
41725	10029	18	CB	73	73	32	45	64	45	76	73	1
45098	1917	42	CB	73	72	50	31	59	54	73	79	1
45185	101085	60	ST	73	73	83	73	70	74	57	69	1
45605	54	27	CM	73	70	62	66	74	69	67	68	0
48826	110374	60	CM	73	68	69	71	70	78	51	66	1
49170	269	13	CAM	73	73	66	71	75	75	56	62	1
49212	1799	52	GK	73	74	76	71	69	75	42	68	0
49674	232	7	ST	73	73	66	68	69	71	57	87	1
50620	7	14	RB	73	73	54	26	58	37	75	70	1
50641	12	14	CB	73	73	59	37	53	40	75	75	1
51003	485	95	CB	73	73	68	51	73	70	72	69	0
51105	58	18	CB	73	73	38	33	56	55	70	76	0
51887	110456	18	ST	73	71	65	73	69	74	46	75	1
53630	232	7	LB	73	73	72	68	73	66	73	86	1
103938	101114	52	CB	73	71	65	36	65	58	74	76	0
105327	1035	54	CB	73	73	74	68	68	72	72	64	1
106560	110456	18	ST	73	73	57	75	71	72	52	72	1
106795	111974	27	GK	73	72	72	71	63	75	44	76	1
106874	39	27	LB	73	76	69	61	65	56	76	70	1
107651	100409	48	CAM	73	74	74	70	66	74	46	69	0
108061	111974	47	LM	73	70	74	65	72	70	71	70	1
109852	109	35	CB	73	73	54	38	50	40	75	76	1
110283	573	38	CAM	73	73	63	75	82	71	57	55	1
111023	1792	45	LB	73	73	69	60	74	68	72	67	0
111195	69	21	CB	73	73	45	43	58	40	73	75	0
112594	280	55	CB	73	73	64	42	58	58	73	73	0
114126	169	21	GK	73	71	76	66	56	81	33	73	1
120309	2007	108	GK	73	71	72	74	55	83	53	63	1
121945	481	21	RM	73	75	76	74	73	78	57	56	1
125071	23	7	LB	73	73	54	41	67	62	76	74	1
125586	449	13	GK	73	71	64	77	70	73	54	81	1
134635	1053	54	CM	73	73	44	72	83	72	66	65	1
134777	217	18	CDM	73	69	46	49	67	51	71	74	0
134820	78	42	CM	73	72	86	62	73	73	74	56	1
134895	32	21	RB	73	73	77	56	73	74	71	63	1
135032	169	13	CM	73	75	67	65	70	73	74	73	0
135078	598	54	CDM	73	71	69	66	76	70	73	65	1
135084	1053	54	CM	73	73	58	76	75	76	71	74	1
135149	59	18	CB	73	71	34	50	62	50	72	74	0
135473	111044	54	ST	73	73	61	76	66	75	43	78	1
135524	568	54	CAM	73	71	62	62	74	72	71	72	0
135576	1891	54	CAM	73	73	84	69	67	78	43	63	1
135594	1806	13	GK	73	72	76	67	73	76	46	75	1
135616	393	60	CM	73	73	39	63	76	65	75	74	1
135734	468	45	CM	73	73	66	56	75	73	60	58	1
136070	1719	54	CM	73	73	64	62	70	67	73	80	1
136168	517	54	CDM	73	74	66	60	71	63	74	72	0
136177	1043	54	RB	73	73	78	68	76	80	71	56	1
136686	1473	167	GK	73	69	78	71	72	72	56	70	1
136875	52	39	GK	73	71	68	68	74	79	50	80	1
137171	111674	54	CM	73	70	41	65	75	66	75	78	1
137185	1843	27	CB	73	67	50	43	60	53	75	71	1
137440	39	27	CM	73	72	65	63	73	67	74	84	1
137460	1838	27	RW	73	74	79	72	71	78	47	51	1
137551	78	22	LM	73	70	85	64	67	74	45	75	1
137671	1961	133	RM	73	71	79	76	67	76	47	73	1
137815	111292	54	CDM	73	73	67	68	78	66	71	62	1
138436	1806	25	RM	73	70	74	70	65	75	54	76	0
138507	468	45	GK	73	73	77	67	70	75	55	76	1
138670	1819	18	CB	73	71	52	44	69	52	74	72	0
138871	189	27	ST	73	70	58	76	58	71	48	81	1
138878	112225	27	CM	73	73	68	72	76	77	59	63	1
138918	192	27	CM	73	77	59	65	76	66	74	74	1
139006	110144	83	GK	73	73	75	71	67	75	45	68	0
139064	1876	52	CDM	73	72	69	62	65	67	76	61	1
139169	101116	52	CM	73	73	71	69	75	72	62	62	1
139229	1970	83	CDM	73	71	74	58	70	70	75	75	1
139274	192	44	CB	73	73	46	33	46	39	77	76	1
139792	517	54	CB	73	74	51	48	48	54	75	79	1
140276	1032	52	CAM	73	70	68	69	75	75	49	66	1
140498	1961	42	GK	73	75	74	69	72	76	48	72	0
142762	1876	52	CB	73	73	71	37	54	54	74	77	0
142966	1035	52	CAM	73	72	76	68	65	81	47	54	1
143025	101088	52	LB	73	74	82	47	72	66	69	56	0
143601	111144	52	RM	73	71	67	64	75	73	51	60	1
143610	101085	52	RM	73	69	77	71	76	78	58	56	1
143671	110231	10	GK	73	74	73	71	72	71	64	76	1
143674	19	39	LB	73	73	76	58	74	65	73	69	0
144280	325	48	CB	73	75	39	44	57	52	76	74	1
144511	1844	27	CM	73	76	69	65	76	70	70	68	1
145257	462	45	GK	73	73	71	68	59	82	53	76	1
145620	110089	45	CB	73	70	54	43	53	47	76	76	1
146458	110832	45	GK	73	73	77	68	64	78	55	70	1
146527	1861	45	GK	73	73	64	79	73	65	44	82	1
146932	462	45	CM	73	73	52	58	75	65	71	64	1
146963	171	52	CB	73	72	69	53	69	66	73	69	0
146970	106	45	CB	73	72	50	33	45	45	75	70	1
147007	1860	45	LM	73	73	67	68	73	79	43	52	1
147708	100764	40	CM	73	72	56	73	75	73	65	59	1
148839	100409	34	RB	73	74	76	47	71	72	72	67	0
149064	36	27	LB	73	72	79	51	73	73	72	64	0
149242	110556	54	CM	73	73	62	69	79	75	66	59	1
150026	393	22	CDM	73	72	60	66	72	69	74	71	0
150360	111239	23	CAM	73	69	66	67	74	75	41	51	0
151508	17	35	RM	73	75	71	67	77	76	69	64	1
152514	1799	14	RM	73	74	78	71	68	80	46	54	1
152536	1792	14	CM	73	74	68	69	75	69	69	76	1
152588	1952	44	CAM	73	72	65	71	72	72	60	64	1
152741	13	14	CB	73	75	58	36	59	44	74	74	1
152817	517	54	ST	73	73	64	68	62	68	48	74	0
152828	1041	54	CM	73	71	75	72	77	76	64	66	1
153048	1913	36	CM	73	75	73	67	73	72	64	61	0
153297	226	18	GK	73	73	75	71	68	76	55	72	0
154875	393	39	CDM	73	72	78	65	74	71	71	68	0
154954	110089	40	GK	73	78	72	74	70	74	54	75	1
155827	111065	72	ST	73	73	74	71	52	71	54	77	0
155852	479	45	CDM	73	73	54	57	65	61	76	75	1
155979	8	42	ST	73	74	75	73	69	75	45	64	1
155984	457	45	CDM	73	79	60	55	74	67	71	69	0
156170	1799	14	LM	73	71	82	61	69	78	50	55	1
156358	1879	83	GK	73	72	73	70	69	75	56	75	0
156368	982	56	CAM	73	70	58	74	73	73	39	52	1
156535	673	7	RM	73	72	71	70	72	72	58	57	0
156585	58	108	CM	73	73	53	73	82	69	69	69	1
157117	598	54	CM	73	76	65	72	74	73	61	62	1
157479	1853	45	RB	73	73	78	59	70	71	73	62	0
157716	1824	21	CDM	73	72	54	46	60	46	73	74	0
158127	69	129	CM	73	74	65	66	78	71	64	64	1
158438	25	47	CDM	73	74	75	63	68	68	73	68	0
158855	10029	21	CDM	73	75	74	53	70	70	73	61	0
159284	50	27	CF	73	73	81	61	60	83	39	49	1
161863	449	45	RB	73	73	67	52	66	59	79	63	1
162174	110556	27	CM	73	70	71	60	72	70	71	64	0
162220	236	48	GK	73	73	75	70	78	76	47	69	1
162886	1792	42	RB	73	73	72	60	71	67	73	69	0
162892	4	14	RM	73	73	77	74	70	77	44	49	1
162896	1884	117	ST	73	73	89	65	57	78	41	61	1
163303	1806	25	CM	73	73	54	67	77	68	66	62	1
163340	1952	14	ST	73	71	63	68	65	69	47	75	0
163369	485	7	LB	73	76	80	61	70	74	71	68	0
163828	1793	14	ST	73	73	76	68	59	68	44	66	0
163890	480	45	GK	73	73	68	80	81	67	48	78	1
164094	1053	54	GK	73	75	83	67	70	76	42	66	1
164204	1039	54	CAM	73	75	53	71	81	70	58	54	1
164239	1048	54	CB	73	72	36	44	56	45	69	84	1
164469	2	14	CF	73	73	90	70	64	74	49	74	1
164478	34	133	RM	73	76	78	71	67	80	46	68	1
164849	280	38	CM	73	75	77	74	78	77	60	50	1
164880	1809	26	ST	73	73	70	72	60	71	49	64	1
165191	1799	14	ST	73	73	88	70	69	73	61	78	1
165490	110364	52	CM	73	73	76	62	72	75	71	62	1
165555	1035	54	ST	73	74	62	72	67	73	52	78	1
165568	1445	36	RW	73	77	79	66	66	75	51	58	0
165586	1598	54	CDM	73	73	66	51	68	67	74	71	0
165788	1808	52	ST	73	72	62	70	60	69	47	78	1
165820	567	54	CAM	73	71	65	69	75	76	53	63	1
165888	111674	167	CB	73	72	63	57	57	59	72	84	1
166750	100769	40	ST	73	73	67	71	69	64	49	79	1
166919	1806	25	CB	73	74	65	56	69	67	74	68	0
167549	100765	40	RB	73	77	76	58	71	66	72	64	0
167575	312	40	GK	73	77	71	73	70	79	43	72	1
167669	687	52	CAM	73	76	74	71	73	77	51	68	1
168580	744	59	CB	73	72	62	37	53	58	74	78	0
168798	70	108	LB	73	73	71	61	77	65	71	63	1
168879	605	183	CAM	73	76	64	67	72	76	39	47	0
169317	10029	36	LM	73	77	87	71	58	76	46	68	1
169432	1860	97	CM	73	73	68	64	75	76	66	64	1
169586	1961	14	ST	73	73	85	69	57	73	46	66	1
169595	18	14	LB	73	78	82	57	72	73	72	62	0
169600	15	14	RB	73	74	75	39	67	70	72	70	0
169815	110580	52	ST	73	70	69	69	54	74	46	70	0
169938	1896	38	ST	73	77	85	69	66	80	41	62	1
169978	1906	34	LW	73	75	80	68	62	78	38	47	1
170074	4	14	CAM	73	75	75	61	74	77	60	58	0
170320	1837	27	RB	73	76	80	63	70	71	71	71	0
170370	241	83	CM	73	82	68	68	74	74	57	60	1
170719	110832	52	CAM	73	81	74	68	72	83	33	40	1
170773	479	45	RM	73	73	87	60	67	81	41	45	1
170802	453	54	CB	73	74	65	35	67	64	71	73	0
171315	453	45	RM	73	77	71	70	65	72	46	61	0
171321	109	42	CM	73	75	69	74	75	75	63	68	1
172522	111271	13	LB	73	77	75	60	72	69	71	64	0
172716	450	45	CM	73	77	67	71	73	69	61	52	1
172953	1799	82	RB	73	71	79	31	56	62	75	81	1
173023	110364	27	GK	73	76	74	70	60	76	45	74	0
173147	1842	27	CM	73	74	70	68	74	71	70	67	0
173325	479	45	LM	73	75	72	70	72	74	46	46	1
173546	19	14	CB	73	77	65	31	53	49	74	76	1
173600	1860	45	LB	73	73	81	53	64	67	72	63	0
173770	1860	45	CM	73	73	67	65	76	69	67	57	1
174606	569	57	ST	73	73	73	70	71	73	47	71	0
175391	1891	98	ST	73	73	91	67	62	75	49	62	1
175579	1892	38	CAM	73	68	76	68	71	76	48	60	0
175671	100765	43	CB	73	73	68	46	55	57	75	80	1
175895	231	7	CM	73	76	72	72	72	74	69	76	1
175962	169	21	CB	73	76	74	47	61	54	76	72	1
176328	982	54	CB	73	73	82	62	70	69	75	79	1
176389	983	167	GK	73	67	70	74	88	72	41	73	1
176414	598	54	CDM	73	77	64	62	75	73	72	68	1
176483	101059	49	CB	73	77	63	39	67	47	75	74	1
176518	568	60	CB	73	73	62	56	67	65	71	73	0
176564	70	18	RB	73	72	77	53	72	65	73	68	0
176681	1598	54	GK	73	77	76	71	69	78	31	72	0
176688	32	37	LB	73	74	79	56	68	60	74	75	1
176895	101114	55	GK	73	73	75	70	67	77	59	74	0
176942	78	46	RB	73	77	72	56	70	66	74	80	1
177138	101059	54	CAM	73	76	78	69	71	76	69	70	1
177159	10029	95	LB	73	76	84	51	75	74	70	60	1
177603	1028	55	ST	73	71	72	71	63	70	47	77	0
177649	111674	54	LM	73	78	86	64	72	80	50	55	1
177781	74	133	CB	73	73	63	40	64	43	74	76	0
178031	1819	18	RB	73	76	66	43	69	64	75	80	1
178042	1837	27	CB	73	75	67	41	60	60	75	75	1
178117	50	27	RB	73	72	82	57	71	69	72	71	0
178264	1842	54	ST	73	72	67	71	56	67	43	82	1
178311	1837	54	CF	73	77	81	72	65	78	40	58	1
178319	1908	34	CDM	73	74	57	52	72	67	71	68	0
178425	54	27	CDM	73	75	70	63	76	71	67	54	1
178487	106	14	CM	73	74	68	75	73	71	72	68	1
178679	1819	136	CB	73	76	54	55	57	51	76	74	1
178746	280	45	LB	73	73	68	39	65	62	75	68	1
179665	1792	25	LM	73	76	76	73	71	75	47	69	1
179695	110396	59	CAM	73	71	77	65	72	72	69	64	0
179783	34	21	GK	73	79	77	71	73	78	37	69	1
180262	111044	54	CM	73	73	83	69	71	78	41	63	1
181376	1035	54	CAM	73	78	67	74	64	76	40	70	1
181460	393	22	CAM	73	81	73	67	72	79	40	54	1
181573	100766	191	CDM	73	76	72	63	73	72	71	67	1
181780	247	44	ST	73	77	73	69	50	67	44	71	0
182207	144	14	GK	73	73	76	70	77	75	50	72	1
182579	1043	58	CDM	73	75	63	67	70	67	73	72	0
182736	1901	38	GK	73	75	74	70	63	75	36	74	0
183129	2	25	CB	73	79	65	61	59	59	75	74	1
183220	100409	12	CM	73	76	65	68	73	75	55	58	0
183287	1819	18	CM	73	76	64	54	76	67	73	66	1
183361	379	18	CB	73	76	42	28	64	37	74	74	0
183389	896	108	ST	73	80	88	72	67	74	41	68	1
183395	74	136	LB	73	77	79	39	71	67	74	70	0
183526	1853	129	RM	73	77	81	66	69	82	43	56	1
183712	100409	21	ST	73	72	68	68	55	66	45	79	1
183820	110456	18	RM	73	79	80	66	71	74	42	57	0
183883	110929	140	LM	73	74	80	65	68	76	47	47	0
183892	1876	52	RB	73	73	79	45	69	59	73	72	0
183899	461	52	LM	73	82	86	66	66	81	37	69	1
184267	110832	97	LM	73	81	76	62	72	83	50	60	1
184290	171	12	ST	73	76	64	66	53	65	50	83	1
184368	64	18	ST	73	70	72	73	52	66	52	72	1
184392	54	27	RM	73	74	77	40	66	60	73	68	0
184472	1792	46	LB	73	77	84	64	72	69	71	68	0
184624	3	42	ST	73	81	72	67	42	67	50	72	0
184766	1952	108	ST	73	76	77	67	52	70	47	73	0
184820	175	54	CB	73	75	70	47	61	60	74	74	0
184852	38	110	CB	73	74	71	44	43	44	76	73	1
184926	236	54	GK	73	79	76	70	69	74	47	74	1
184972	568	54	CDM	73	77	67	63	70	70	75	74	1
185073	448	45	ST	73	72	68	69	65	69	53	74	0
185089	1896	133	LB	73	76	77	59	63	66	75	76	1
186197	1909	18	LM	73	76	80	62	67	81	36	54	1
186274	36	21	LB	73	77	81	67	74	76	71	64	1
186307	1880	83	CAM	73	75	79	73	72	76	45	64	1
186325	226	108	CDM	73	76	70	55	75	69	72	68	1
186347	110109	37	LM	73	80	85	70	69	75	43	50	1
186408	480	60	RM	73	72	77	68	62	78	40	58	1
186430	462	98	ST	73	73	70	65	59	68	48	83	1
186519	481	45	CB	73	76	69	54	69	60	72	76	0
186550	110364	52	LB	73	70	75	68	73	73	73	66	1
186598	18	14	RB	73	77	77	50	69	66	72	70	0
186674	1917	81	CM	73	73	73	66	70	73	73	67	1
186695	1843	52	CB	73	78	59	33	52	45	74	79	1
186982	11	34	LB	73	77	83	67	69	74	70	70	1
187043	922	36	CM	73	80	71	65	73	74	63	56	1
187533	312	40	RM	73	78	77	62	72	76	48	56	0
187702	54	129	CM	73	78	68	67	74	76	57	58	1
187852	517	54	GK	73	76	74	68	70	79	42	69	1
188016	203	27	GK	73	63	72	76	64	78	65	70	1
188045	100765	54	LM	73	78	93	65	71	73	45	64	1
188506	54	27	ST	73	71	79	69	59	75	43	68	0
188556	19	136	CM	73	77	78	68	71	82	72	76	1
188669	1853	45	RM	73	75	88	65	63	75	51	62	1
189271	25	18	LM	73	75	74	50	70	71	72	54	0
189303	74	38	ST	73	83	78	68	57	76	49	74	1
189357	110975	55	GK	73	81	75	72	69	76	47	72	0
189388	28	21	RB	73	77	90	51	72	72	71	69	1
189436	1842	27	CB	73	77	64	38	57	57	74	72	0
189447	485	37	ST	73	75	71	67	57	69	43	78	0
189506	452	45	CM	73	78	71	59	78	68	66	60	1
189534	1906	103	CAM	73	73	82	71	68	76	50	55	1
189595	38	48	CAM	73	78	69	70	74	77	56	55	1
190084	110364	22	CDM	73	75	53	66	76	64	70	71	1
190143	457	45	LB	73	78	79	54	69	71	71	62	0
190456	17	14	RB	73	81	84	50	70	74	70	68	0
190501	1837	51	CM	73	82	69	63	74	72	69	62	0
190549	1906	36	CM	73	78	69	68	71	73	69	71	1
190557	696	95	LW	73	75	69	73	78	70	61	61	1
190576	1877	52	CB	73	72	66	33	57	40	76	74	1
190680	569	54	CAM	73	79	66	72	72	79	44	56	1
190752	21	21	CB	73	80	72	39	70	53	75	74	1
190758	1629	54	CB	73	78	67	41	53	38	75	74	1
190815	245	34	CDM	73	80	67	48	73	73	73	69	0
190854	166	43	RB	73	76	74	50	69	71	72	67	0
191181	111715	52	CB	73	77	61	36	52	50	73	76	0
191541	34	163	RB	73	76	80	53	76	75	67	56	1
191834	605	183	ST	73	76	82	71	57	68	45	66	0
191910	1473	167	ST	73	75	75	68	58	66	62	78	1
192026	568	54	CDM	73	76	72	69	75	71	71	60	1
192033	481	54	RB	73	76	85	64	68	80	68	61	1
192073	110556	27	CM	73	79	74	69	74	75	63	67	0
192146	110089	40	RM	73	75	80	60	74	73	52	65	0
192153	1035	54	CF	73	78	91	67	61	81	43	60	1
192350	483	83	RM	73	80	90	63	69	78	39	52	1
192369	111139	52	CM	73	73	66	61	70	68	71	58	0
192476	450	45	CB	73	80	52	48	71	59	75	68	1
192492	450	55	LM	73	75	83	64	62	83	42	60	1
192667	110832	103	RB	73	76	78	45	61	67	75	66	1
192732	485	21	CM	73	78	82	63	74	75	66	63	1
192754	25	8	RB	73	73	73	53	72	69	73	65	0
193053	1755	72	CAM	73	73	70	72	71	72	59	55	1
193091	229	34	CB	73	76	56	40	59	51	73	78	1
193098	34	21	LM	73	78	86	70	70	74	51	66	1
193107	1043	54	GK	73	76	74	70	67	75	38	74	0
193222	110636	21	GK	73	80	75	68	59	80	38	69	1
193278	110227	18	LB	73	76	80	39	71	68	72	72	0
193426	28	21	RM	73	79	86	72	65	71	51	70	1
193532	1961	55	CDM	73	76	76	68	68	67	82	70	1
193839	206	54	CM	73	78	79	61	74	76	69	61	0
193897	110231	20	LM	73	80	73	72	72	74	46	55	1
194404	110374	54	GK	73	82	73	71	60	79	32	73	1
194845	58	145	LM	73	80	74	66	68	74	44	47	0
195031	1878	57	LW	73	77	93	62	63	77	45	66	1
195365	191	44	RM	73	80	83	59	68	84	46	44	1
196064	269	148	CAM	73	68	90	64	60	77	49	72	1
196073	110150	55	ST	73	75	66	71	66	73	47	70	0
196142	111674	56	CAM	73	73	73	66	65	74	43	62	1
196899	1893	104	RW	73	78	85	60	64	77	41	56	1
196948	698	81	RM	73	73	78	64	69	75	63	62	0
197688	55	54	LM	73	77	79	67	71	75	66	63	0
197785	1795	27	CF	73	76	78	68	71	82	46	62	1
197838	697	54	CM	73	75	75	70	76	71	66	60	1
197900	144	47	CAM	73	81	70	66	72	74	61	64	1
197925	1843	51	RM	73	80	84	61	68	79	48	57	1
198040	1906	72	GK	73	77	77	70	77	78	45	68	1
198145	111715	52	ST	73	79	78	69	67	80	40	58	1
198194	1793	95	CM	73	77	77	43	70	72	74	69	0
198243	110977	55	ST	73	71	83	73	58	67	47	78	1
198489	1917	25	LM	73	77	84	64	69	74	61	73	0
198584	673	136	CB	73	76	71	58	64	62	74	78	1
198840	244	45	LB	73	77	78	52	69	75	71	68	0
198868	69	18	CB	73	75	66	34	60	47	73	72	0
199042	15029	55	CM	73	80	76	66	79	74	56	56	1
199186	111271	52	LW	73	78	82	56	72	75	46	65	1
199602	10	46	ST	73	79	74	73	59	69	46	68	1
199726	1861	52	CB	73	79	41	45	65	46	76	71	1
199728	450	45	LB	73	78	77	47	67	64	70	78	0
199833	34	21	GK	73	76	74	73	60	76	37	74	1
199952	325	48	LM	73	77	79	66	68	75	49	31	0
200206	1048	54	CAM	73	80	78	70	70	77	36	48	0
200278	38	52	LB	73	77	72	50	66	65	74	72	1
200538	457	97	CB	73	73	71	37	66	58	73	71	0
200653	1877	52	CB	73	77	67	45	44	44	77	78	1
200853	457	60	ST	73	71	74	68	55	77	42	62	0
200966	1819	18	CAM	73	77	70	70	74	72	57	60	0
201118	237	38	RB	73	79	79	62	72	75	71	62	0
201342	189	13	CB	73	80	61	37	51	48	75	71	1
201377	110832	56	CB	73	77	67	37	48	48	72	82	1
201400	450	54	CAM	73	82	77	69	56	81	51	60	1
201403	1960	45	ST	73	77	78	67	53	75	48	72	1
201451	1893	119	LW	73	78	91	68	59	77	46	69	1
201858	50	27	LW	73	80	84	69	60	77	37	55	1
201860	110500	8	CB	73	77	63	38	55	43	74	74	0
201878	72	18	CAM	73	77	75	70	72	75	43	53	0
201995	46	54	LW	73	82	80	66	74	78	34	43	1
202335	237	14	CB	73	82	53	59	66	59	74	77	1
202460	101100	56	ST	73	71	78	68	57	72	46	68	0
202556	247	34	LW	73	84	87	73	62	80	42	59	1
202849	10029	13	CB	73	78	47	43	57	42	75	74	1
202882	452	18	ST	73	78	90	68	49	73	45	68	1
203038	1909	54	LW	73	86	76	60	71	80	43	58	1
203280	69	18	ST	73	81	75	75	69	75	40	65	1
203535	246	34	CM	73	84	77	68	70	77	65	62	1
204163	2	13	CB	73	82	76	40	48	46	72	84	1
204366	247	34	ST	73	83	77	68	52	69	45	72	1
204523	457	45	CM	73	82	65	63	73	74	57	49	1
204699	110089	58	LB	73	80	86	63	68	73	72	72	1
204841	110147	56	ST	73	71	87	68	61	73	46	76	1
205185	9	38	CB	73	81	75	35	51	57	76	72	1
205193	247	34	CB	73	83	73	37	63	58	74	77	1
205402	246	34	LW	73	83	87	61	64	82	36	40	1
205524	1893	38	LB	73	79	74	39	68	66	72	61	0
205632	69	52	RM	73	80	75	68	73	78	56	74	1
205707	1844	54	CB	73	73	67	52	63	64	74	76	1
207939	1970	52	CM	73	71	58	58	76	71	72	75	1
208790	247	7	RW	73	86	85	68	60	84	34	38	1
209669	280	22	CB	73	78	49	41	51	61	72	76	1
209892	481	55	CAM	73	76	81	63	73	81	40	44	1
211022	1853	45	LM	73	81	83	66	67	80	43	61	1
1539	111139	27	CB	72	66	40	43	66	52	74	72	0
1983	322	47	CB	72	72	46	40	54	48	73	76	0
3078	1861	38	RB	72	72	88	52	69	73	68	63	1
4732	59	18	CB	72	69	34	52	61	52	73	70	0
5440	57	126	CB	72	67	42	40	54	49	76	71	1
5818	111140	18	CB	72	72	42	46	70	55	71	74	0
7674	47	27	GK	72	66	70	72	60	74	29	76	1
8247	32	45	GK	72	72	71	70	77	63	51	80	1
8798	244	45	CM	72	72	47	59	77	60	69	53	1
9722	1788	13	CM	72	72	58	69	76	60	68	68	1
10466	700	46	RM	72	70	66	67	69	74	52	55	0
11381	1926	42	GK	72	72	73	69	68	74	44	72	0
11791	68	18	CB	72	72	32	42	62	42	73	76	0
13843	1807	14	GK	72	72	74	71	71	75	47	71	0
14916	101100	56	ST	72	68	47	70	51	65	51	70	0
19140	8	25	GK	72	71	73	70	63	75	51	72	0
19874	12	14	CM	72	70	65	64	73	68	73	70	0
22779	696	13	GK	72	72	73	63	75	77	37	78	1
32120	110396	52	CM	72	75	53	68	77	68	69	58	1
45074	83	42	ST	72	69	69	77	69	75	47	66	1
45083	900	47	CB	72	71	68	34	60	45	73	75	0
45874	54	46	CM	72	73	73	68	76	70	56	60	1
46175	109	46	ST	72	73	67	72	54	71	46	74	1
46727	111144	95	ST	72	68	85	64	49	73	49	82	1
49076	15	14	CM	72	72	68	73	72	71	68	72	1
49192	1788	13	ST	72	72	80	69	55	66	48	74	0
49966	144	47	CB	72	72	45	34	48	37	74	72	1
50713	1808	14	CB	72	73	45	26	53	45	73	76	1
50816	312	195	RB	72	72	82	61	74	62	68	66	0
50907	614	18	CB	72	71	63	59	69	56	72	76	0
51261	109	50	GK	72	72	74	70	68	77	41	69	0
51771	1861	45	CAM	72	72	51	70	68	56	68	67	1
51910	378	18	CAM	72	68	70	70	75	71	57	39	1
52829	1837	27	CDM	72	72	68	60	73	68	72	72	0
53030	19	18	CDM	72	72	54	60	67	65	74	78	0
53074	254	21	CAM	72	71	75	72	72	80	51	56	1
53525	234	38	GK	72	71	73	76	64	71	43	73	1
53760	614	126	LM	72	71	89	63	69	73	51	58	1
54018	166	21	CDM	72	71	55	56	64	50	76	75	1
102064	1843	27	CB	72	71	60	46	50	49	72	70	0
102084	1844	27	CAM	72	70	70	68	71	70	56	66	0
105330	1838	27	CDM	72	66	59	71	78	68	64	54	1
105471	58	18	CB	72	72	51	47	64	60	74	69	0
107320	71	18	LM	72	69	76	66	70	75	50	60	0
107579	189	27	GK	72	70	72	68	60	74	45	74	0
110020	468	45	CB	72	72	51	40	52	51	72	80	1
110082	241	45	GK	72	72	78	75	78	69	43	68	1
110368	468	45	LB	72	72	74	66	71	62	72	63	1
110787	1860	45	CDM	72	72	43	62	70	51	74	68	1
115823	1831	47	CB	72	70	35	39	50	43	73	76	1
116334	111271	18	GK	72	72	75	77	69	72	51	72	1
116762	226	18	LM	72	72	67	68	75	74	56	46	1
116866	378	18	LM	72	65	58	74	72	72	57	54	1
121568	269	13	CDM	72	73	80	65	70	64	69	68	0
122792	673	7	LM	72	71	80	72	66	77	47	56	1
123610	48	27	RB	72	71	82	64	71	70	70	67	0
134947	232	34	RB	72	71	69	64	71	70	68	58	0
134963	472	45	RB	72	72	74	59	74	69	71	59	0
135069	1824	21	CDM	72	72	51	67	72	62	72	77	0
135073	45	54	GK	72	69	74	72	60	78	46	74	0
135294	1035	54	LB	72	71	86	65	71	71	66	62	1
135382	1719	54	CM	72	72	47	73	80	72	43	43	1
135819	110832	45	CB	72	72	36	35	50	48	74	75	1
136124	110636	21	ST	72	72	74	70	62	68	50	74	0
136126	52	54	GK	72	72	72	68	64	77	46	74	0
136265	983	167	CAM	72	72	62	70	75	67	61	60	1
137373	50	27	LB	72	72	68	56	73	66	72	66	0
137380	50	27	RB	72	75	78	58	73	70	72	72	0
137449	100409	21	CB	72	73	60	39	64	48	73	75	0
138129	189	4	RM	72	69	75	52	72	66	70	61	1
138698	1795	47	CAM	72	73	70	67	72	73	58	58	0
138903	54	27	LB	72	72	66	56	68	61	72	66	0
139044	1877	52	ST	72	72	73	70	73	81	45	50	1
139296	95	14	ST	72	72	82	68	54	75	42	67	0
139799	110395	60	ST	72	74	53	74	54	67	45	82	1
139862	70	18	CDM	72	73	51	49	69	61	72	72	0
140082	206	54	GK	72	75	74	68	64	74	43	76	1
140121	1880	83	ST	72	72	69	68	63	64	54	80	1
140140	1882	83	CAM	72	73	66	68	72	74	46	66	0
140222	1882	58	CB	72	72	40	56	63	57	72	77	0
140256	1881	58	CB	72	72	59	52	63	58	72	77	0
140393	15029	55	CB	72	72	65	50	52	45	75	78	1
140527	607	54	ST	72	72	57	69	62	72	46	72	0
140620	100409	208	CB	72	74	64	43	64	55	72	73	0
141100	101059	49	LB	72	73	78	42	69	70	73	66	0
142101	1041	55	CM	72	72	57	52	72	71	73	64	0
142329	393	22	CM	72	72	54	67	70	58	72	69	1
142818	101088	52	RB	72	73	69	56	72	61	78	71	1
143008	111717	52	ST	72	67	65	74	48	67	46	68	1
143119	1878	52	ST	72	72	62	72	58	66	43	78	1
143207	101116	52	CB	72	69	63	53	60	63	72	76	1
144010	325	48	CM	72	76	72	72	72	71	63	70	1
144050	29	47	ST	72	72	70	69	54	73	46	70	0
145269	1853	45	RM	72	70	77	68	69	76	44	53	0
146011	483	133	ST	72	74	86	66	57	78	44	74	1
146744	1860	45	GK	72	72	77	67	73	78	43	67	1
146996	480	45	GK	72	72	78	66	63	81	47	65	1
147445	100767	40	LM	72	71	74	77	72	72	51	66	1
147627	110227	40	LM	72	72	82	65	71	71	62	54	0
147754	112217	40	CB	72	67	69	70	67	59	72	75	1
148253	100765	40	RB	72	73	82	57	71	65	70	61	0
148564	31	37	LM	72	71	83	65	70	72	58	45	0
150468	378	18	LM	72	66	75	61	71	72	49	49	0
150532	175	21	RB	72	75	77	55	74	69	71	71	0
150568	1819	18	LB	72	72	72	58	73	68	71	67	0
150594	483	18	ST	72	72	67	70	46	57	43	68	0
152815	1035	54	CDM	72	70	86	55	69	73	71	67	1
152819	1041	54	LB	72	71	67	66	71	71	72	60	0
152866	1598	54	ST	72	72	57	70	60	64	47	77	0
152914	110093	52	CAM	72	72	64	66	69	73	47	70	0
152996	166	36	CM	72	77	68	60	74	76	66	63	0
153060	100767	52	CB	72	73	64	40	53	38	71	75	0
154860	1809	39	RM	72	72	81	66	71	73	52	60	0
156092	110980	58	GK	72	73	77	74	76	74	31	72	1
156271	237	54	GK	72	74	73	72	66	74	34	73	0
156299	91	14	CB	72	72	58	45	59	48	73	77	0
156623	1819	108	RM	72	75	85	57	65	79	43	59	1
156959	568	54	RB	72	71	63	67	77	69	72	69	1
157217	1032	52	LM	72	76	80	63	70	75	50	67	0
157270	1884	45	ST	72	68	63	71	53	66	46	77	0
157295	1028	83	CM	72	72	71	63	71	69	68	48	0
157665	3	14	CB	72	72	65	42	55	52	73	74	0
157687	1892	104	CB	72	68	58	36	61	59	73	76	0
157840	325	48	CM	72	72	76	63	72	79	57	56	1
158128	1838	27	CM	72	72	78	67	70	72	67	56	0
158485	100767	54	CB	72	73	67	55	66	64	73	73	0
158589	101116	52	ST	72	68	74	71	64	69	48	76	0
159167	206	54	CB	72	73	40	51	50	50	73	73	0
159283	568	54	CM	72	72	52	57	67	64	75	75	1
159436	101105	56	GK	72	66	71	67	65	79	45	75	1
159583	452	45	LW	72	72	69	73	72	72	43	50	1
160292	1917	14	CM	72	70	60	66	72	71	68	62	0
161663	101101	60	GK	72	73	75	64	76	72	41	75	1
161678	70	56	ST	72	70	77	70	64	72	53	72	0
161832	453	45	ST	72	73	66	69	58	72	48	77	0
162047	100765	45	CDM	72	73	71	66	71	71	69	65	0
162245	110636	101	ST	72	70	72	70	63	66	51	80	1
162314	1961	14	LM	72	73	65	73	77	73	56	56	1
162473	142	14	GK	72	72	77	72	69	76	50	66	1
162949	479	52	LM	72	76	67	71	70	78	47	60	1
162951	573	52	CB	72	72	72	49	69	53	73	72	0
163050	17	14	ST	72	72	69	68	58	68	54	72	0
163186	229	7	CM	72	72	71	70	72	70	68	76	0
163261	106	42	RB	72	72	68	55	61	63	73	70	1
163396	1939	14	ST	72	75	80	68	55	67	54	72	0
163407	69	27	RB	72	74	58	49	66	59	72	73	0
163429	682	18	CAM	72	72	65	69	75	68	49	46	1
163897	1861	45	CDM	72	74	60	53	69	59	69	58	0
163990	1903	147	ST	72	69	73	66	56	67	52	82	1
164092	111292	54	GK	72	72	76	70	69	71	30	74	0
164279	111046	54	ST	72	71	65	71	61	67	51	81	1
164370	1842	27	RB	72	76	91	48	68	72	69	56	1
164459	106	46	CM	72	72	60	77	77	74	64	65	1
164467	91	35	LM	72	72	78	68	63	76	57	64	0
164559	111928	95	ST	72	72	67	71	57	66	47	72	1
164853	1793	195	GK	72	72	74	69	78	74	47	69	1
164878	231	26	RW	72	73	76	70	66	79	37	52	1
164959	481	103	CDM	72	79	77	62	69	70	78	76	1
165234	59	18	LM	72	74	78	64	72	71	57	61	0
165240	673	145	CAM	72	72	70	71	74	73	57	53	1
165784	111044	52	CAM	72	74	68	73	73	74	48	53	1
165792	111042	54	CAM	72	72	65	70	70	76	59	70	1
166073	1053	54	CB	72	72	28	47	55	51	72	74	1
166082	1048	54	CAM	72	71	81	67	66	75	59	74	1
167624	110930	140	GK	72	77	75	70	69	72	51	74	0
167705	78	25	ST	72	74	80	73	63	72	43	70	1
167797	453	112	RM	72	77	87	61	66	73	63	70	1
168297	189	27	GK	72	74	72	71	65	75	43	73	0
168630	66	18	LB	72	75	76	49	62	62	73	61	0
168799	192	136	LB	72	73	78	52	71	64	70	64	0
168950	166	145	RM	72	75	76	69	67	77	47	74	0
169527	109	133	ST	72	75	74	66	64	70	56	71	1
169996	379	26	LW	72	73	75	72	50	73	45	67	1
170084	346	50	GK	72	75	76	68	72	76	50	70	1
170231	110374	21	CB	72	74	58	33	60	56	73	72	0
170345	1882	54	CM	72	69	65	59	67	69	72	67	0
170903	59	103	CDM	72	76	70	47	70	73	73	67	0
170919	1917	45	CM	72	70	66	70	74	75	51	52	0
170923	100766	40	RB	72	72	80	52	71	66	72	60	0
171044	567	54	LB	72	75	79	64	76	78	70	66	1
171067	1860	45	CB	72	75	54	46	65	49	72	73	0
171097	45	27	RM	72	74	78	57	72	68	70	70	0
171378	1879	83	RWB	72	75	82	57	69	69	69	71	0
171791	17	38	CB	72	75	53	35	52	60	72	76	0
171899	162	108	ST	72	69	65	69	58	64	45	83	1
172018	1876	52	CB	72	75	63	37	46	48	77	72	1
172077	1032	52	CB	72	70	63	58	64	64	70	76	0
172423	64	129	CB	72	75	52	33	59	51	73	74	0
172620	101085	52	LB	72	70	67	40	51	58	72	75	0
172696	192	27	ST	72	75	73	68	50	64	43	79	1
172844	100765	133	ST	72	77	88	71	67	75	44	67	1
173038	294	126	CB	72	74	64	34	50	41	72	73	0
173132	111540	27	ST	72	74	76	71	51	68	42	73	0
173179	29	45	CB	72	73	48	37	54	54	75	71	1
173401	110770	28	GK	72	71	74	77	68	77	37	65	1
173414	462	45	CB	72	73	54	53	71	54	74	71	0
173521	110227	45	CB	72	77	70	45	72	59	74	71	0
173735	1960	50	LB	72	78	73	40	71	73	70	64	0
174804	58	126	RB	72	72	74	38	68	60	72	70	0
175088	111928	81	CB	72	70	51	59	60	47	75	75	1
175462	71	61	CB	72	75	46	41	49	43	69	81	1
175683	100769	51	LB	72	72	67	55	71	66	74	69	0
175818	231	7	ST	72	73	71	67	61	64	54	80	1
175847	1896	54	RB	72	75	79	60	72	74	71	63	0
176627	166	145	LM	72	77	80	69	68	77	51	64	0
176969	567	54	CDM	72	71	70	58	69	72	72	65	0
177100	100409	21	LM	72	73	76	69	69	72	47	65	0
177129	110636	21	CB	72	72	62	57	66	62	74	73	0
177475	29	21	GK	72	75	76	69	72	77	50	67	0
177482	217	18	CM	72	74	67	65	69	72	61	69	0
177733	432	46	GK	72	70	80	61	79	77	41	68	1
178415	246	34	CM	72	73	63	66	73	67	71	68	0
178417	78	42	LM	72	70	68	60	73	67	71	73	1
178490	189	27	ST	72	74	68	66	52	67	43	75	0
178566	111715	52	GK	72	78	70	75	73	78	55	66	1
178567	1806	34	LB	72	75	67	39	67	61	74	70	0
178584	1793	25	CB	72	76	55	30	46	40	74	77	1
179515	100765	49	CB	72	72	67	48	67	57	74	70	0
179896	55	46	ST	72	72	66	65	53	61	46	80	1
180216	7	25	RB	72	82	81	59	72	75	73	64	0
180690	111674	183	CM	72	72	71	61	71	74	62	61	0
180739	232	163	GK	72	74	68	69	70	80	44	71	1
181120	983	166	ST	72	69	79	69	57	68	53	82	1
181205	171	12	LM	72	76	76	66	72	71	63	64	0
181262	100767	12	CB	72	80	67	52	62	64	71	80	1
181354	111043	54	CM	72	72	66	75	68	73	50	55	1
181445	1908	46	CB	72	74	60	40	62	51	71	74	0
181483	1799	195	CDM	72	74	60	67	68	58	74	69	1
181557	70	129	LW	72	75	73	61	70	76	43	48	0
182002	452	54	CB	72	79	64	49	62	49	72	73	1
182087	598	54	GK	72	76	72	76	69	78	53	64	1
182878	1909	54	ST	72	72	67	74	57	75	41	62	1
182896	1908	61	RB	72	76	80	57	75	75	67	60	1
183070	165	21	GK	72	75	73	70	69	74	54	72	0
183376	234	51	CDM	72	78	67	61	69	68	71	69	0
183422	1792	14	CM	72	78	67	66	71	73	60	44	0
183427	2	14	CM	72	79	80	67	72	79	61	52	1
183437	206	27	LB	72	75	79	50	71	73	68	70	0
183567	246	34	GK	72	74	74	65	76	77	35	69	1
183896	1719	52	CAM	72	77	77	65	71	73	54	58	0
184082	217	108	CB	72	75	64	33	55	51	75	77	1
184490	19	50	CM	72	77	69	66	75	73	65	70	1
184585	4	23	GK	72	77	75	66	62	76	52	72	1
184749	13	14	CM	72	77	68	68	71	72	69	63	0
184855	383	54	CB	72	72	63	47	61	58	74	73	0
185068	91	42	ST	72	80	87	63	60	74	45	73	1
185135	459	45	RM	72	76	85	62	71	71	70	64	1
185194	393	38	CB	72	77	67	34	57	50	72	77	0
185195	110832	133	ST	72	76	80	66	51	77	50	68	1
186190	1909	34	LB	72	76	91	53	70	74	69	69	1
186405	38	52	ST	72	77	74	72	59	73	43	69	1
186524	71	51	ST	72	77	60	69	51	65	52	76	0
186564	673	140	RB	72	73	81	53	68	68	72	71	0
186600	383	54	CM	72	78	82	70	74	73	67	60	1
186672	1806	95	RB	72	72	68	59	66	70	72	72	1
186687	28	51	CM	72	72	46	65	71	70	73	84	1
186902	1884	10	CB	72	74	53	39	55	59	75	69	1
187042	74	36	CDM	72	77	72	65	69	74	69	68	0
187150	1808	14	RW	72	76	86	62	62	72	45	56	1
187498	1910	4	LW	72	73	81	72	67	76	41	50	1
187666	100767	40	GK	72	77	72	68	72	75	54	75	1
187736	112218	40	CM	72	81	80	62	73	73	67	60	0
187804	568	54	CB	72	77	38	43	51	49	75	77	1
187858	232	7	LM	72	80	82	74	68	78	54	58	1
188071	1903	195	LM	72	75	78	63	70	73	41	40	0
188075	569	54	CDM	72	69	68	56	67	74	71	61	0
188135	449	45	RB	72	77	80	67	68	72	67	62	0
188145	70	129	CB	72	75	71	33	62	54	72	69	0
188201	110975	52	CM	72	72	67	65	74	67	69	70	0
188234	485	54	CB	72	75	72	35	56	54	73	77	1
188264	1035	54	CDM	72	72	67	67	66	67	76	69	1
188289	69	18	ST	72	76	83	66	62	65	47	74	1
188370	1043	54	CB	72	75	50	51	64	57	74	74	1
188654	55	18	CB	72	81	55	27	53	39	71	70	0
188816	66	18	CM	72	80	65	60	66	68	75	74	1
188931	242	45	CDM	72	73	65	46	63	59	73	61	0
189117	322	47	GK	72	82	76	65	65	82	45	66	1
189156	481	38	CB	72	78	66	50	68	62	73	80	1
189157	1799	110	LM	72	77	85	61	62	76	46	59	1
189169	112487	54	ST	72	75	67	68	48	67	43	76	1
189172	468	45	LM	72	75	84	58	64	76	40	47	1
189241	567	54	CB	72	72	54	48	52	51	73	77	0
189338	234	60	RM	72	75	86	68	69	75	43	60	1
189437	110912	27	LW	72	76	82	71	70	82	41	50	1
189468	1891	38	LW	72	77	81	66	65	74	44	60	0
189490	110500	21	LM	72	74	80	67	71	70	54	64	0
189508	231	45	CAM	72	73	47	66	76	70	45	42	1
189677	1039	54	ST	72	72	77	69	68	78	40	62	1
189728	39	27	ST	72	77	84	66	66	82	43	63	1
189779	54	47	CM	72	74	68	62	74	68	67	59	0
189849	711	34	ST	72	76	81	71	54	74	44	63	1
189894	1837	27	CAM	72	76	80	74	63	79	40	58	1
190059	315	47	LM	72	82	80	69	65	77	60	62	1
190362	78	17	ST	72	76	82	68	54	75	41	65	0
190523	1882	58	LM	72	73	76	70	65	72	43	68	0
190560	697	95	CB	72	77	65	37	48	39	72	77	1
190643	567	54	CB	72	69	32	43	55	36	72	76	1
190772	696	95	CB	72	76	76	41	65	58	74	70	1
190799	433	72	CM	72	76	72	72	72	67	63	74	1
190870	74	117	CB	72	74	72	29	64	56	73	76	0
191034	229	108	ST	72	73	87	69	60	73	41	73	1
191648	17	163	CB	72	74	67	41	49	61	73	76	0
191898	607	54	ST	72	75	84	68	61	76	44	69	1
192072	110556	39	ST	72	75	79	67	69	78	44	54	1
192087	315	40	LB	72	79	79	50	68	67	70	66	0
192091	1043	54	CB	72	75	66	49	56	45	72	76	1
192129	1913	46	GK	72	75	71	67	68	82	60	72	1
192373	110394	52	ST	72	74	58	70	50	69	44	71	0
192445	171	21	ST	72	77	75	68	44	65	49	73	1
192446	111046	54	CM	72	74	77	62	67	75	70	58	1
192471	31	37	CDM	72	75	67	67	70	72	69	68	0
192707	449	45	CB	72	76	46	32	62	52	72	72	0
193041	1853	72	GK	72	82	81	65	68	77	54	67	1
193165	1908	83	RW	72	78	80	63	65	78	50	57	1
193211	38	51	RB	72	75	75	54	68	69	72	62	0
193311	38	21	CDM	72	75	65	55	69	69	72	63	0
193337	50	133	CM	72	78	83	64	74	74	66	64	0
193440	1906	34	LB	72	75	73	49	68	67	73	62	0
193475	65	136	LB	72	79	76	52	75	70	69	72	1
193749	23	21	ST	72	76	84	67	64	73	50	71	1
194089	169	21	CM	72	76	65	54	71	74	71	64	0
194135	1477	54	CAM	72	77	82	71	70	77	41	56	1
194190	432	140	CM	72	74	88	57	67	70	64	65	1
194932	18	14	RM	72	82	88	66	67	77	41	54	1
195272	1795	27	RWB	72	78	75	62	73	73	69	66	0
195361	452	45	RB	72	74	77	50	64	70	70	61	0
195363	247	34	CB	72	79	69	54	60	54	73	76	1
195395	896	9	CB	72	76	70	33	51	41	73	78	0
195671	15	14	ST	72	77	79	67	47	62	48	75	0
196217	112218	3	CM	72	72	69	70	70	74	47	50	0
196433	111043	59	CAM	72	71	65	69	70	78	52	63	1
196942	453	45	CM	72	75	71	65	76	71	59	48	1
197391	922	36	RB	72	75	80	65	71	72	71	66	0
197885	449	110	LM	72	76	94	54	59	76	45	58	1
197937	71	136	CB	72	85	63	46	51	40	70	74	1
198017	110832	18	RM	72	76	90	64	64	75	57	70	1
198082	15	126	CM	72	74	78	53	71	79	73	66	1
198175	1908	34	ST	72	78	82	69	54	71	44	71	0
198200	70	18	CDM	72	80	63	47	65	62	74	69	0
198394	144	46	LM	72	81	81	64	68	78	41	58	1
198631	1861	45	ST	72	75	78	70	50	70	42	68	0
198706	9	45	CF	72	81	69	67	74	76	39	49	1
198726	468	117	ST	72	80	84	66	50	69	43	73	1
198831	383	54	LW	72	77	78	65	64	76	40	61	0
198836	74	18	CDM	72	78	59	51	67	66	72	67	0
198863	112225	52	RW	72	71	82	70	64	71	44	72	0
198890	1719	54	CM	72	72	60	62	67	61	73	70	0
199183	1961	167	CAM	72	75	76	64	71	72	53	48	0
199189	7	14	CAM	72	86	79	63	71	72	59	65	0
199266	106	167	CAM	72	77	76	70	65	74	52	77	0
199474	232	54	CB	72	72	72	41	57	54	74	76	1
199482	66	38	GK	72	84	73	70	67	78	59	69	0
199526	280	23	GK	72	78	76	68	74	78	32	69	0
199550	246	34	LB	72	77	69	46	65	60	76	78	1
199576	461	45	CDM	72	80	57	38	64	59	73	69	1
199652	229	7	CAM	72	83	71	60	72	73	51	49	0
199666	206	52	CDM	72	82	68	54	72	65	69	57	0
199692	1032	83	CB	72	80	72	48	61	60	72	78	0
199715	481	45	LM	72	79	78	66	68	77	42	62	1
200111	245	34	RB	72	77	86	51	72	72	69	72	1
200275	1908	129	LW	72	77	78	60	65	79	46	54	1
200434	46	98	RB	72	82	90	58	71	73	69	69	1
201016	25	21	RB	72	75	77	51	65	69	72	58	0
201024	673	18	CB	72	78	73	31	42	41	71	78	1
201103	379	54	LM	72	73	82	70	71	75	44	58	1
201223	50	117	CM	72	80	78	57	74	70	67	69	0
201299	110741	27	GK	72	84	74	70	62	80	33	66	1
201454	1819	97	LB	72	81	77	55	69	69	71	70	0
201509	449	45	LM	72	79	87	63	60	81	47	54	1
201529	200	27	CB	72	78	66	37	58	58	73	74	1
201537	452	45	CB	72	77	66	29	59	44	73	68	0
201890	598	54	RW	72	77	88	60	64	82	41	59	1
201956	485	136	CB	72	77	70	44	64	53	74	73	1
201966	298	36	ST	72	72	71	71	49	57	49	78	0
202054	55	54	CB	72	73	66	44	50	46	74	68	0
202115	100409	21	LB	72	75	79	47	66	70	72	63	0
202399	101100	56	CDM	72	71	73	69	74	69	71	63	1
202515	243	45	LM	72	83	87	72	66	85	40	53	1
202672	1842	54	LB	72	78	73	52	71	73	69	67	0
202685	111974	27	ST	72	80	77	66	54	72	44	76	0
202746	245	140	CAM	72	79	80	60	69	77	44	53	0
202848	52	27	LW	72	76	83	66	64	76	39	50	1
202857	110500	21	RM	72	78	80	64	69	76	44	57	0
203119	1043	54	CAM	72	80	84	64	70	77	46	64	1
203279	101059	54	CAM	72	84	91	64	75	82	46	56	1
203296	234	54	LB	72	75	79	60	69	75	71	64	0
203376	78	34	CB	72	78	66	63	64	60	71	79	1
203633	229	7	RW	72	83	84	62	66	76	48	61	0
203796	1908	55	CM	72	78	71	70	71	74	46	44	0
203797	110975	55	RM	72	69	90	63	69	74	55	54	1
203872	101085	52	ST	72	71	82	69	60	78	41	69	1
204171	217	118	CAM	72	75	78	71	68	74	53	69	1
204276	453	26	ST	72	76	66	71	49	64	47	76	0
204407	1879	57	ST	72	66	81	64	53	71	42	78	0
204690	256	4	ST	72	76	86	64	56	70	42	62	1
204738	1909	57	RW	72	77	89	64	64	76	54	57	1
204820	181	42	CAM	72	74	86	62	62	80	50	57	1
204838	1879	83	ST	72	78	78	68	60	71	44	76	0
204970	219	18	RM	72	84	82	63	68	75	41	54	0
205498	206	54	CDM	72	85	79	60	76	75	60	56	1
205545	573	38	CB	72	81	67	53	67	60	72	76	0
205878	1884	22	GK	72	80	76	68	65	78	31	69	1
205995	247	34	LB	72	81	80	54	72	75	71	72	0
206254	468	8	RM	72	72	77	58	71	73	48	68	0
206273	100769	40	CAM	72	80	82	58	70	77	57	51	0
207409	55	10	GK	72	72	76	72	60	76	59	70	0
207420	1719	54	CB	72	72	55	32	59	55	72	67	0
207441	101085	52	ST	72	85	83	69	71	79	49	69	1
207677	46	60	ST	72	73	76	68	55	74	44	70	0
207715	55	60	CF	72	84	81	71	62	81	37	57	1
207725	245	34	CB	72	77	57	30	60	55	72	79	1
208012	110930	140	RM	72	76	81	60	59	77	40	47	1
208022	232	133	ST	72	83	92	66	58	70	50	73	1
208418	69	7	LM	72	78	79	69	72	75	40	56	0
209236	1041	54	CDM	72	81	66	64	71	66	71	66	0
210281	111678	52	CDM	72	73	57	54	68	59	72	72	1
210296	244	55	ST	72	83	77	69	55	72	36	68	0
210935	111974	27	RW	72	85	80	66	67	74	42	59	0
211110	1843	52	CF	72	84	84	72	61	80	43	57	1
211124	1892	59	ST	72	72	81	67	68	73	56	70	0
211249	1877	60	CDM	72	75	72	50	68	68	75	74	1
211293	200	10	ST	72	75	81	70	56	71	41	68	0
212208	480	52	CB	72	81	65	34	71	59	73	66	0
212218	448	18	CB	72	84	54	30	58	49	74	70	0
212310	479	58	ST	72	76	78	70	56	68	37	70	0
213113	1842	60	CM	72	78	79	64	74	78	52	50	1
140392	1013	52	ST	72	68	82	56	70	75	51	65	0
1001	33	23	GK	71	72	75	70	66	73	35	67	0
1046	210	18	CM	71	71	58	70	76	72	58	43	1
1210	206	27	CDM	71	72	59	61	72	63	70	73	0
3363	1793	14	CB	71	71	58	54	74	67	74	73	0
3395	15	14	RM	71	71	88	69	64	79	41	49	1
3467	2023	54	ST	71	70	70	72	52	70	46	67	1
3790	453	38	CB	71	70	33	44	56	48	73	78	0
5401	278	27	CB	71	65	56	47	60	44	71	73	0
5744	231	24	ST	71	71	56	72	61	75	47	63	1
8205	744	38	LW	71	70	68	72	70	72	48	58	1
8963	242	45	RB	71	68	61	53	72	53	77	54	1
13124	112513	38	CM	71	70	65	70	74	71	65	60	1
16097	111065	95	GK	71	76	74	72	69	72	69	68	1
19104	15	14	CB	71	71	33	29	50	45	72	74	0
19724	393	25	RM	71	67	72	70	73	72	54	56	1
24717	819	13	RB	71	71	73	48	69	65	74	68	0
26709	110781	83	CB	71	75	43	60	69	62	70	72	0
28924	319	46	CM	71	71	60	60	74	73	55	48	0
31686	111144	126	CB	71	67	53	51	56	56	71	76	0
33730	110765	167	CDM	71	68	60	61	66	65	73	63	1
36111	111065	95	CDM	71	74	58	62	69	62	69	62	0
40805	111070	95	CB	71	69	44	41	56	52	74	80	1
41233	13	133	ST	71	70	65	64	46	70	49	75	1
45129	206	27	ST	71	71	71	66	50	67	42	76	0
45226	688	70	ST	71	66	68	72	72	74	53	62	1
45462	1795	27	CB	71	69	51	57	71	71	72	67	0
45473	160	21	CM	71	69	69	71	72	70	65	60	0
45548	319	46	ST	71	72	83	67	55	62	42	66	0
45702	200	27	GK	71	68	72	68	66	72	47	73	1
45721	23	21	CDM	71	71	51	63	68	64	73	67	0
46577	256	12	LW	71	69	74	70	65	73	43	66	0
46736	54	27	CB	71	76	60	39	66	52	75	75	1
46740	711	46	CM	71	68	57	61	68	72	40	44	0
48752	111044	54	CAM	71	71	54	68	73	72	46	62	1
48757	479	45	CM	71	71	36	64	74	63	69	56	1
49633	106	27	LB	71	70	73	67	73	70	67	67	0
49678	231	7	CDM	71	71	74	67	70	70	69	67	0
49905	698	95	LM	71	71	61	65	71	69	57	53	1
50908	210	18	CDM	71	66	52	43	71	60	72	71	0
51366	1808	25	CDM	71	69	54	67	67	60	73	72	0
52174	299	36	CAM	71	67	75	71	62	72	55	62	0
53009	33	21	ST	71	69	74	68	63	69	55	71	0
53353	1807	14	CB	71	71	66	33	52	47	72	74	1
53869	1919	14	LB	71	66	55	55	75	74	71	68	1
53998	8	14	LB	71	68	67	51	63	61	71	64	0
101875	485	21	GK	71	71	73	67	60	74	27	72	0
104389	300	36	GK	71	71	72	70	70	77	40	66	0
104442	88	42	RM	71	71	81	67	64	73	45	51	0
105663	110500	21	CAM	71	69	69	69	69	68	53	78	0
105866	54	27	CB	71	74	54	57	62	51	72	71	1
108658	896	47	ST	71	72	50	68	66	63	62	77	1
110019	483	45	CB	71	71	55	34	58	46	73	71	0
110023	468	45	CM	71	71	54	64	74	58	67	54	1
110376	191	45	ST	71	74	69	70	64	73	42	68	0
110652	325	45	LB	71	73	71	67	78	76	73	66	1
110974	479	45	GK	71	72	70	76	61	68	54	75	1
111137	453	45	CM	71	70	37	64	76	64	65	60	1
112352	1853	136	CDM	71	68	66	58	67	65	71	75	0
112595	101097	55	CB	71	70	45	50	58	51	72	71	0
112628	1808	45	RW	71	70	68	73	73	71	51	50	1
113188	1842	51	GK	71	72	72	72	60	70	30	74	0
113343	1795	45	GK	71	71	74	71	75	73	50	67	1
116391	72	18	CM	71	71	64	60	74	70	69	62	0
116952	58	18	CDM	71	70	38	69	73	67	68	66	0
118794	4	14	GK	71	71	72	68	67	77	50	67	0
122574	1792	42	RB	71	71	72	55	69	70	70	72	0
127689	29	21	CAM	71	69	76	67	68	76	38	46	0
133249	206	24	CM	71	72	68	70	74	67	65	72	0
134809	169	21	LB	71	69	64	47	70	63	73	74	0
135440	383	54	CB	71	71	53	44	54	44	69	78	1
135472	569	54	CM	71	71	71	75	76	76	66	61	1
136074	111292	54	CB	71	71	43	45	43	35	77	67	1
136113	95	14	CB	71	71	64	32	44	58	73	77	1
137232	190	27	CB	71	70	52	40	58	37	75	72	1
137270	693	95	ST	71	69	70	69	65	68	55	74	0
137987	479	18	CB	71	71	62	55	64	51	71	74	0
138156	111678	95	ST	71	69	72	73	62	67	51	75	1
138453	1039	54	CM	71	71	66	72	72	73	49	60	1
138468	65	12	CB	71	72	43	42	66	44	72	69	1
138588	229	34	CM	71	70	68	66	74	68	57	60	0
138673	110832	97	CDM	71	71	41	61	71	69	71	72	1
138798	242	52	GK	71	72	77	62	63	76	29	69	1
138841	393	54	LB	71	71	68	70	74	74	71	68	1
138932	110915	27	ST	71	69	71	70	61	67	45	75	0
138993	110580	60	ST	71	70	33	73	62	65	48	71	1
139213	1880	83	GK	71	71	73	68	70	71	50	70	0
139368	1796	14	CB	71	72	68	37	57	56	71	75	1
139533	2	42	RB	71	71	68	47	65	65	73	67	0
139714	112217	40	ST	71	68	76	69	68	69	47	69	0
140008	111046	54	CM	71	71	75	69	69	74	46	52	1
142601	110975	55	CAM	71	70	65	68	68	67	63	68	0
142794	101114	52	CB	71	69	73	53	58	61	71	76	0
142821	110150	52	CM	71	71	71	74	70	77	41	56	1
142942	111678	52	CB	71	71	46	48	61	52	69	74	0
143157	110392	52	LB	71	66	83	62	72	71	61	60	0
143407	1041	54	CB	71	71	61	55	66	67	76	56	1
143680	393	51	CAM	71	71	67	68	72	73	47	60	1
146558	674	45	CB	71	71	48	50	67	62	72	73	0
147305	1860	45	CM	71	71	53	63	70	66	67	70	0
148167	110227	40	RB	71	72	78	59	68	64	70	63	0
149077	569	54	CF	71	71	84	68	65	75	55	58	1
149165	1844	27	CM	71	71	60	62	73	69	69	63	0
149231	52	54	CM	71	73	72	68	72	75	69	59	0
149449	190	27	ST	71	71	76	64	49	68	51	73	0
149667	110	25	ST	71	70	75	68	62	71	49	73	0
149866	110456	26	CAM	71	73	77	61	69	79	42	52	1
150035	206	22	CB	71	73	55	28	53	44	72	72	1
150415	110500	21	CM	71	70	78	60	71	72	70	70	0
150539	162	21	CB	71	71	43	32	42	32	75	70	1
151515	819	13	CB	71	71	59	40	66	38	72	67	0
152469	17	14	GK	71	70	73	67	59	76	56	71	0
152787	598	54	CB	71	73	49	45	56	51	70	79	1
153087	1887	54	CDM	71	71	67	53	63	65	72	69	0
153176	111706	52	ST	71	71	50	70	67	68	51	81	1
153608	393	22	LB	71	70	73	50	71	64	71	64	0
155041	1808	42	ST	71	68	81	67	53	65	48	68	0
155972	457	45	CB	71	74	30	34	49	38	78	68	1
156094	1028	52	GK	71	70	68	70	77	76	62	66	1
156112	111678	83	CM	71	71	66	68	73	70	61	66	0
156161	111042	54	CB	71	71	57	60	56	39	72	78	0
156216	110770	39	CAM	71	69	76	67	67	73	52	69	0
156227	10020	38	RW	71	71	77	63	66	76	48	62	0
156375	1970	83	LM	71	71	79	62	66	80	46	48	1
156376	1880	83	ST	71	71	72	69	62	69	47	75	0
157020	1028	83	CB	71	70	62	46	50	57	72	78	1
157293	110147	83	RB	71	71	88	57	65	69	66	60	1
157482	14	42	RM	71	70	78	63	60	71	60	68	0
157581	50	97	LB	71	71	77	61	72	71	68	64	0
157618	100409	21	CDM	71	70	53	53	68	59	70	74	0
157678	232	7	CB	71	73	70	54	67	50	70	71	0
158088	110364	52	RB	71	69	77	57	67	61	73	68	0
158089	1877	52	CM	71	70	76	61	70	71	67	62	0
158375	674	117	LB	71	69	75	65	68	72	66	66	1
158455	192	27	GK	71	71	72	74	60	72	45	74	1
158800	1903	34	CAM	71	71	69	67	71	69	65	67	0
159005	819	54	ST	71	69	75	71	63	76	49	66	0
159236	237	54	CM	71	69	64	69	74	73	70	62	0
159354	110636	4	ST	71	71	87	67	59	71	41	66	1
159382	112513	38	LM	71	69	85	60	66	74	39	51	1
159566	452	45	CM	71	73	55	65	78	63	58	47	1
159581	479	45	ST	71	71	73	68	42	58	49	72	0
161836	1792	52	ST	71	70	59	70	55	63	59	81	1
161938	110781	52	ST	71	72	65	68	59	64	43	78	0
161969	1837	27	ST	71	71	69	68	55	69	43	73	0
162056	97	50	ST	71	71	68	68	39	65	53	78	0
162328	100634	34	GK	71	71	72	68	69	71	46	73	0
162441	58	54	CAM	71	70	57	73	62	73	40	72	1
162470	900	70	LM	71	69	80	66	69	72	52	58	0
163023	1598	54	ST	71	71	54	68	52	59	55	79	1
163027	1888	54	CB	71	71	54	45	45	47	72	76	0
163156	91	25	CB	71	72	70	31	64	60	71	73	0
163209	7	42	ST	71	75	78	68	62	77	48	75	0
163342	14	25	ST	71	71	75	71	55	71	46	64	0
163352	1910	14	ST	71	70	62	69	56	62	48	77	1
163476	14	14	CB	71	71	71	31	58	62	72	72	0
163678	47	126	CM	71	71	72	69	68	70	69	73	1
163694	1032	83	RW	71	73	91	64	66	73	48	66	1
163761	1952	14	CB	71	74	72	35	48	50	71	76	0
164034	111042	54	CM	71	71	60	66	69	66	72	74	0
164079	1970	54	CB	71	73	61	67	65	63	71	75	0
164162	111043	54	GK	71	69	69	68	71	78	57	70	0
164301	569	54	CB	71	70	65	49	62	50	70	74	0
164626	819	13	CM	71	69	64	61	72	66	69	58	0
165440	1838	54	RM	71	68	80	57	66	75	70	54	0
165494	110580	52	ST	71	68	93	66	57	70	44	70	1
165536	450	52	CB	71	73	54	31	51	48	67	78	0
165735	9	195	GK	71	71	74	67	70	75	52	69	0
165736	4	14	CB	71	72	64	43	51	47	74	70	1
165769	112513	54	GK	71	71	72	69	59	74	42	71	0
165790	1041	54	GK	71	71	74	66	65	77	55	70	0
165804	112139	54	ST	71	73	51	68	59	66	54	77	0
165816	44	54	RM	71	79	84	68	74	80	69	59	1
165911	1474	167	CM	71	71	74	68	69	69	55	60	1
166844	1843	35	ST	71	74	76	69	55	66	48	77	1
167306	29	12	CB	71	75	60	34	56	54	72	73	0
167423	110145	52	LM	71	70	69	73	71	75	61	60	1
167654	673	7	CB	71	71	46	55	63	54	72	71	1
167974	110456	18	RB	71	71	54	44	70	63	72	71	0
168621	1884	38	CM	71	76	76	64	72	73	62	54	0
168882	607	183	CDM	71	72	66	63	68	61	72	73	1
168961	111271	136	RW	71	71	88	65	60	75	46	64	1
168984	71	118	ST	71	66	77	69	56	68	42	72	0
169408	1824	181	LM	71	73	91	48	66	73	65	58	1
169410	33	21	LM	71	73	82	66	66	72	52	61	0
169426	461	45	RB	71	74	70	49	65	63	72	71	0
169697	88	25	GK	71	75	74	68	72	75	56	69	0
170771	1860	61	ST	71	71	79	67	54	72	50	68	0
170915	462	45	CM	71	73	66	54	75	66	65	66	1
170936	110227	40	CDM	71	73	59	63	73	72	68	66	0
171017	393	45	CB	71	71	52	29	48	52	71	84	1
171137	110770	23	CB	71	67	52	47	59	46	70	85	1
171377	1032	83	CB	71	70	63	48	61	58	71	75	0
171831	28	14	CB	71	74	74	35	58	59	71	78	0
171933	231	13	CB	71	72	54	42	50	45	73	76	1
171977	110395	52	CB	71	74	68	32	54	44	69	74	0
171993	280	45	CAM	71	74	74	71	69	66	65	65	0
172092	696	52	ST	71	67	73	68	50	68	45	64	0
172295	457	45	RB	71	74	76	50	61	70	71	60	0
172823	1961	14	ST	71	72	76	72	58	73	43	65	1
172855	78	34	LM	71	70	86	72	66	73	48	64	1
172886	110636	22	CB	71	69	63	36	53	52	73	72	1
172937	1799	14	ST	71	71	68	67	57	65	46	74	0
173434	1878	83	RM	71	75	81	67	66	75	55	59	0
173530	1952	133	ST	71	77	89	70	67	80	43	48	1
173608	1824	45	ST	71	75	71	68	51	71	42	68	1
173703	12	195	CB	71	78	69	54	70	64	73	70	0
174210	981	191	CAM	71	68	71	71	76	73	54	61	1
174549	110374	55	CAM	71	80	68	74	76	79	48	58	1
174596	71	61	CB	71	70	63	51	60	47	69	74	0
176062	229	95	CM	71	71	68	67	71	69	65	67	0
176376	1013	52	LM	71	76	77	66	71	68	62	60	0
176482	217	18	ST	71	70	78	69	64	73	41	55	0
176603	112525	56	GK	71	68	72	73	67	69	35	75	0
176613	101104	56	CB	71	73	67	37	48	60	74	69	0
176618	567	56	CDM	71	72	58	53	67	62	76	75	1
176674	111050	54	GK	71	70	71	70	70	75	27	68	0
176680	1932	36	ST	71	73	74	71	49	68	49	72	0
176732	319	46	CB	71	70	60	43	60	40	72	74	0
176733	1884	46	ST	71	77	71	68	57	68	44	71	0
176741	1048	54	ST	71	72	45	71	57	65	52	85	1
176842	1028	83	LM	71	70	79	66	68	75	65	65	0
176930	896	55	CM	71	72	71	58	75	68	63	60	1
177051	1032	83	RB	71	73	76	56	67	69	70	64	0
177055	1906	46	CM	71	71	43	70	71	62	67	74	1
177126	15005	136	ST	71	71	72	71	66	70	49	75	0
177280	298	36	CB	71	71	70	41	58	52	73	69	0
177404	165	21	CDM	71	72	66	46	68	66	70	68	0
177508	110596	21	GK	71	72	69	71	69	75	62	70	1
177571	1903	7	CB	71	69	67	42	56	58	70	69	0
178043	189	27	CM	71	72	66	61	71	70	62	55	0
178136	232	7	CDM	71	71	70	61	65	62	71	73	0
178297	459	45	LB	71	75	81	52	65	65	69	65	0
178430	192	18	RB	71	71	65	43	66	56	71	74	0
178448	1844	27	CM	71	72	69	62	73	70	65	58	0
178556	650	34	CDM	71	72	67	70	73	65	69	68	1
178684	1896	38	CB	71	74	46	51	62	53	73	73	1
179547	106	27	GK	71	78	73	71	63	74	50	66	0
179586	111271	110	CB	71	74	63	39	62	48	72	70	0
179686	1806	95	CDM	71	71	69	60	64	66	72	75	0
179712	165	23	RM	71	75	82	69	65	75	40	57	0
179751	480	52	ST	71	71	59	70	49	61	48	83	1
179960	166	26	LM	71	74	80	68	57	75	40	63	0
180334	485	54	CB	71	76	67	44	46	43	72	74	1
181006	111046	54	CDM	71	76	75	59	70	72	71	61	0
181349	900	46	ST	71	71	83	73	59	70	47	59	1
181377	1884	46	RM	71	73	81	68	64	77	45	58	0
181395	110109	54	CDM	71	76	55	52	57	63	72	67	0
181721	70	18	ST	71	74	83	71	53	73	46	66	0
181870	72	126	CDM	71	75	77	62	74	73	67	60	0
182001	1598	54	CB	71	76	49	34	39	52	72	70	1
182177	110912	27	CB	71	72	80	30	54	49	73	72	1
182179	110556	18	CB	71	77	72	33	44	35	72	80	1
182735	111046	54	CB	71	70	61	39	61	58	72	77	0
183130	2	14	RM	71	76	82	70	67	78	40	39	1
183257	112139	54	CM	71	71	77	65	69	72	50	65	0
183288	50	18	RB	71	76	69	40	60	47	77	75	1
183332	110329	21	LM	71	74	83	59	70	70	48	62	0
183339	417	36	CAM	71	79	78	68	64	72	52	60	0
183346	896	47	CM	71	81	75	74	71	68	65	70	1
183366	517	54	LB	71	72	78	65	77	72	71	62	1
183385	1799	97	CM	71	69	74	68	72	73	66	71	1
183414	1843	27	CAM	71	75	77	65	71	72	51	56	0
183429	1048	52	CM	71	74	61	64	72	66	72	68	0
183442	97	14	RM	71	75	79	65	72	70	51	52	0
183454	1843	27	RB	71	75	71	45	64	68	72	70	0
183490	166	21	LB	71	73	82	48	67	68	71	68	0
183491	247	13	CB	71	74	73	38	61	52	72	74	1
183527	4	14	CM	71	73	70	61	70	70	71	70	0
183540	1799	42	CM	71	76	75	69	80	76	43	44	1
183568	166	21	CB	71	76	60	30	51	45	72	76	1
183581	1879	83	CDM	71	74	61	55	61	64	73	81	1
183593	1788	34	LW	71	73	84	67	60	74	37	50	0
183606	28	51	CB	71	75	69	35	52	46	73	73	1
183632	28	21	CM	71	73	66	67	71	70	66	75	0
183891	110930	140	LM	71	72	83	58	68	71	39	45	0
183916	72	18	RM	71	77	78	72	69	76	59	68	1
184197	101102	56	CAM	71	70	48	70	68	76	46	68	0
184417	452	45	CAM	71	76	68	65	73	71	63	50	0
184482	1793	48	CDM	71	74	76	59	65	69	71	67	0
184664	696	18	CB	71	71	63	44	58	49	73	81	1
184869	1039	54	LB	71	79	80	63	63	74	68	64	0
184890	110395	52	CAM	71	74	82	65	71	75	45	52	0
185083	568	54	ST	71	76	76	69	67	73	61	65	0
185137	240	45	LM	71	78	73	67	71	77	39	50	0
185146	110741	27	ST	71	69	84	70	58	72	41	60	0
185405	1871	43	GK	71	75	74	61	72	74	41	76	1
186116	14	14	CM	71	83	67	66	72	71	60	53	0
186170	620	25	RM	71	77	81	55	69	75	43	66	0
186302	110781	83	LM	71	70	83	69	63	75	53	60	0
186345	1796	14	RB	71	78	83	56	70	70	69	68	0
186504	112217	6	RM	71	70	75	53	70	71	53	59	0
186537	452	60	RM	71	76	72	69	65	69	52	81	1
186589	192	51	CM	71	77	55	64	71	62	70	68	1
186595	1792	14	RM	71	74	85	62	68	71	50	44	1
186747	689	56	CB	71	68	75	44	52	49	74	75	1
186783	12	117	RM	71	77	85	61	66	72	49	58	1
186825	1901	38	RW	71	70	88	63	60	77	37	46	1
186852	1844	47	ST	71	80	89	61	53	73	40	70	1
187051	674	18	ST	71	72	67	68	56	64	47	82	1
187339	320	46	RM	71	78	70	60	67	73	49	42	0
187350	1028	83	RB	71	74	90	52	66	64	71	76	1
187415	312	40	CB	71	76	53	57	62	62	72	68	0
187515	111044	54	ST	71	75	66	72	57	71	45	70	1
187548	100766	40	RM	71	74	73	47	70	69	59	60	0
187602	100767	40	RB	71	76	72	52	67	68	71	68	0
187945	111042	54	CM	71	71	72	69	67	78	41	62	1
187954	1048	54	CDM	71	76	62	58	68	66	72	75	0
188013	169	72	LB	71	71	74	54	71	71	68	65	0
188040	568	54	CB	71	76	61	50	59	57	72	74	0
188044	191	54	ST	71	79	81	67	63	75	42	66	0
188070	229	61	LW	71	71	71	69	70	75	40	51	0
188166	15	42	RM	71	76	88	54	64	73	45	54	1
188274	62	126	ST	71	75	78	67	61	71	41	75	0
188763	280	107	CDM	71	78	71	50	60	58	76	64	1
188949	1844	27	CF	71	75	81	73	60	76	43	49	1
189040	191	54	CB	71	73	70	52	56	54	71	76	1
189077	36	48	RM	71	75	79	68	65	76	47	61	0
189175	232	18	RM	71	75	76	66	68	75	45	53	0
189196	111239	54	LM	71	74	88	66	67	71	47	77	1
189227	110832	45	CM	71	71	77	70	70	75	48	53	1
189234	31	21	RM	71	77	86	66	69	74	50	68	1
189248	100409	129	GK	71	73	74	65	64	76	47	69	0
189272	171	21	LM	71	77	91	70	67	75	45	73	1
189280	2	14	CDM	71	78	67	51	80	62	65	51	1
189403	2	14	CB	71	77	55	35	40	31	72	73	0
189707	1837	54	GK	71	72	70	68	63	76	42	73	0
189715	1909	34	CM	71	76	71	66	74	70	62	66	0
189885	1961	14	RM	71	75	81	57	68	78	46	54	1
190034	72	18	LB	71	77	76	34	70	66	72	63	0
190155	110980	55	RB	71	72	81	71	74	70	54	64	0
190264	480	45	LM	71	81	76	65	70	81	40	44	1
190277	245	103	CM	71	71	68	32	54	60	76	67	1
190432	479	45	CDM	71	74	72	57	65	58	73	71	0
190471	110929	140	CF	71	72	77	66	69	74	41	70	0
190497	245	34	ST	71	76	79	69	60	75	43	66	0
190516	674	7	ST	71	71	84	62	61	78	46	55	1
190572	231	7	LB	71	77	76	46	69	65	69	70	0
190604	203	138	CM	71	69	66	58	69	67	70	66	0
190670	31	44	CB	71	75	57	41	52	46	73	71	0
190671	171	21	CDM	71	74	75	62	71	71	61	66	0
190761	28	21	CM	71	78	60	61	70	77	66	60	0
190852	1917	14	RW	71	78	78	59	58	79	39	39	1
191005	1952	111	RWB	71	75	76	68	70	72	68	74	0
191173	71	95	CAM	71	75	78	63	62	66	57	59	0
191566	169	167	LB	71	75	84	52	71	71	71	60	0
191625	236	54	ST	71	71	62	69	63	70	44	72	0
192071	110915	27	RW	71	75	91	59	64	73	44	50	1
192094	567	54	CB	71	75	46	32	50	36	71	72	0
192123	95	198	ST	71	76	66	69	52	66	48	72	1
192337	1853	136	ST	71	80	79	67	49	70	43	82	1
192439	100804	42	CM	71	72	67	58	68	72	63	69	0
192593	69	10	GK	71	77	73	69	75	73	51	66	1
192647	379	18	ST	71	75	66	66	59	67	47	79	1
192823	189	27	LM	71	70	79	45	70	62	68	60	0
193057	110636	34	ST	71	76	70	65	51	67	49	65	1
193198	1906	51	CM	71	77	67	61	70	67	69	77	0
193245	312	40	ST	71	75	66	70	66	67	47	73	0
193281	10029	21	RM	71	76	78	62	71	76	44	60	0
193552	620	35	ST	71	78	73	66	52	74	49	64	0
193562	111044	54	ST	71	71	65	69	57	66	46	78	0
193768	78	50	RB	71	83	81	53	70	70	72	64	0
193895	100767	40	LW	71	80	75	71	66	74	51	59	0
193942	106	14	CM	71	77	70	57	73	71	71	60	0
193949	7	136	LM	71	76	74	68	69	75	46	62	0
194022	234	38	RB	71	78	68	51	69	66	72	70	0
194050	175	21	GK	71	74	71	70	68	70	51	73	0
194198	1750	18	GK	71	73	73	71	68	74	52	69	0
194727	21	21	LB	71	76	78	45	69	70	68	64	0
194970	1598	54	LB	71	76	82	59	78	76	69	53	1
195093	1053	54	ST	71	79	66	70	51	68	48	62	0
195258	38	21	LB	71	73	71	64	72	69	70	70	1
196819	226	147	ST	71	82	90	66	51	74	45	64	1
196946	78	81	LB	71	73	80	43	70	69	71	71	0
197655	9	60	CB	71	71	60	38	35	46	75	66	1
197817	101106	56	CB	71	68	41	39	52	42	73	73	0
198317	450	61	CB	71	71	51	35	53	40	72	70	1
198420	100767	117	ST	71	81	92	66	54	68	39	63	1
198687	110456	136	LB	71	78	85	51	63	67	73	73	1
198704	5	14	CM	71	77	76	63	76	76	60	50	1
198908	110556	117	CM	71	79	77	66	73	71	65	63	0
198914	110500	21	LM	71	73	74	68	69	72	56	59	0
198946	54	27	LM	71	73	79	52	67	61	71	70	0
199152	459	51	ST	71	69	45	69	47	58	46	75	1
199179	568	54	ST	71	71	73	66	60	74	47	73	1
199247	452	45	CM	71	76	62	56	78	69	56	49	1
199493	462	45	GK	71	77	69	78	56	73	41	69	1
199852	819	13	LM	71	78	79	64	67	73	48	66	0
199861	231	37	RW	71	72	92	59	57	77	43	50	1
200094	100765	40	CDM	71	80	68	55	70	68	71	66	0
200197	1877	52	ST	71	77	71	68	60	69	45	63	0
200316	31	21	GK	71	79	72	70	73	75	45	67	0
200454	461	45	ST	71	83	70	70	56	73	40	58	0
200588	100409	167	CB	71	77	80	46	64	51	71	80	1
200630	78	42	RM	71	80	90	65	66	74	39	56	1
200724	243	45	CB	71	74	71	33	61	51	72	68	0
200841	1	14	RB	71	79	80	32	67	61	69	66	0
200957	106	22	RM	71	75	85	63	69	73	40	54	1
201119	101059	54	LB	71	77	73	62	69	73	71	60	0
201122	5	12	CB	71	81	77	45	55	65	75	77	1
201284	226	126	CDM	71	73	64	63	63	64	72	73	1
201329	418	36	CAM	71	75	73	59	67	79	56	56	1
201359	271	117	CDM	71	80	74	60	67	71	70	64	0
201884	1952	25	LM	71	80	80	61	64	75	55	59	0
201893	110832	45	CM	71	76	67	63	71	70	62	60	0
201943	1961	13	ST	71	79	77	68	51	65	43	76	1
201949	673	133	ST	71	70	77	66	49	66	48	80	1
201968	110147	57	CM	71	71	88	64	68	73	44	66	1
202053	1	163	RM	71	77	94	53	58	78	34	39	1
202061	111974	44	CDM	71	75	66	67	73	67	70	70	1
202142	459	45	CM	71	77	65	64	75	69	57	52	1
202493	1861	45	LM	71	74	91	57	62	72	47	55	1
203042	1806	14	GK	71	85	76	66	54	78	62	70	1
203446	1902	129	CDM	71	75	70	61	69	70	68	54	0
203613	111292	54	ST	71	78	65	73	59	64	46	76	1
203793	1906	95	ST	71	77	78	69	56	68	40	62	0
203801	479	55	CDM	71	74	63	64	73	60	67	53	1
203871	101085	52	ST	71	80	80	64	63	77	41	70	1
203910	95	18	RM	71	79	79	66	65	75	39	59	0
204024	23	21	CDM	71	80	68	43	69	72	67	56	0
204032	1041	54	CB	71	71	85	61	70	75	69	66	1
204082	166	95	CB	71	81	74	47	53	53	73	76	1
204211	192	39	CB	71	71	55	45	50	47	71	75	0
204240	217	18	GK	71	75	72	68	67	75	41	70	0
204259	247	56	RB	71	77	81	42	64	71	70	67	0
204381	1871	37	LM	71	77	91	58	59	77	51	53	1
204529	232	7	ST	71	86	79	67	54	73	45	68	0
204672	100879	45	CM	71	78	68	55	74	66	60	56	0
205069	461	45	LB	71	81	79	59	67	79	61	56	1
205855	39	10	ST	71	82	74	65	49	67	42	77	0
206225	481	40	LW	71	79	81	66	61	76	60	62	0
206649	101100	56	CB	71	69	30	34	49	32	77	69	1
207471	1843	52	CAM	71	74	57	69	73	75	49	58	0
207706	393	22	RB	71	76	71	49	65	66	70	70	0
207739	1909	163	ST	71	73	70	65	60	67	42	80	1
208421	480	45	CDM	71	82	68	63	70	73	58	58	0
208716	111271	101	CDM	71	73	64	38	62	58	74	66	0
208892	8	14	RB	71	80	79	56	66	72	70	72	0
209440	1041	54	ST	71	82	84	64	63	80	38	58	1
210047	896	47	CB	71	86	68	60	64	63	72	75	0
210248	15005	7	CDM	71	85	74	54	65	64	74	76	1
210359	1473	54	ST	71	71	75	63	30	68	42	73	1
210930	468	45	RM	71	82	71	60	66	79	37	43	1
212023	209	44	ST	71	75	74	63	36	59	48	77	0
213432	101059	52	ST	71	78	64	66	54	68	40	69	0
216523	1842	22	CB	71	78	67	39	50	45	72	74	0
135537	109	39	CB	71	68	52	57	53	54	70	73	1
58	19	108	RB	70	70	59	48	65	68	73	69	0
2819	1878	83	CDM	70	69	61	51	63	56	72	67	0
3281	744	38	CM	70	70	63	69	69	68	64	71	0
6159	144	22	CM	70	70	52	72	73	72	53	57	1
7517	1838	27	CM	70	66	47	62	73	70	67	66	0
7687	203	27	ST	70	67	71	72	64	74	41	52	1
8298	459	45	CM	70	70	44	68	78	69	64	61	1
9771	112224	34	CM	70	70	32	66	71	62	71	69	1
9801	64	51	ST	70	70	62	72	68	69	45	67	1
11918	1801	14	ST	70	68	38	68	58	62	59	87	1
12253	8	136	ST	70	66	53	68	69	78	50	60	1
16845	162	10	CDM	70	67	53	58	66	66	69	68	0
20199	1888	38	CM	70	71	53	63	73	73	68	73	1
24160	100831	45	RM	70	69	61	60	72	71	41	50	0
28050	1904	34	GK	70	70	67	69	67	73	34	72	0
30620	109	25	RB	70	70	59	70	74	66	70	76	1
44991	1961	42	RB	70	69	78	50	65	63	69	64	0
45073	83	42	CM	70	68	71	47	71	69	72	74	0
49161	229	7	LB	70	69	70	41	61	53	73	70	0
49684	166	21	CB	70	69	52	41	48	34	72	69	1
50455	19	35	LB	70	70	52	38	67	63	72	69	0
50531	922	36	RW	70	70	78	60	71	66	48	59	0
50894	614	18	LB	70	70	63	48	70	49	67	66	0
50955	614	18	CAM	70	71	68	58	68	70	51	51	0
51417	95	14	LB	70	69	67	54	68	62	71	70	0
51720	1746	27	ST	70	71	74	72	64	72	43	60	1
51730	1746	27	ST	70	72	74	72	65	67	42	57	1
51850	15	14	RB	70	69	53	53	64	63	73	70	1
52085	4	14	CB	70	68	52	39	55	46	70	71	1
52104	110329	21	CM	70	69	59	65	69	67	69	72	0
52340	2007	47	CB	70	70	50	54	61	44	71	72	0
52737	88	14	CB	70	70	77	62	70	69	70	71	1
52974	472	45	ST	70	70	64	68	55	69	49	70	1
53015	1793	77	ST	70	70	54	67	58	66	56	72	1
53792	1961	14	CB	70	69	51	38	45	46	71	75	0
53827	19	14	CDM	70	68	55	73	73	70	64	70	1
53993	111651	42	CB	70	69	53	33	52	51	71	76	0
100964	210	18	CM	70	70	69	67	70	70	50	75	0
101282	112134	19	GK	70	70	72	64	57	74	32	73	0
103133	110765	167	ST	70	69	85	69	67	70	49	76	1
104476	920	36	CM	70	67	58	67	68	64	66	69	1
106418	101101	56	CM	70	70	55	70	70	71	58	66	0
107263	59	145	RM	70	68	76	62	70	71	47	51	0
107904	110500	21	CB	70	68	63	47	47	43	71	78	0
108060	322	47	CDM	70	73	62	54	63	60	73	70	1
111038	110062	45	CAM	70	70	66	68	68	67	53	56	0
112389	62	18	LM	70	71	69	68	72	71	45	46	1
112640	453	45	LB	70	67	62	57	71	63	73	63	0
116197	1926	82	ST	70	68	67	67	58	71	49	71	1
116677	226	126	CB	70	70	52	45	62	47	70	72	0
117062	1809	18	GK	70	69	72	67	58	74	51	72	0
119233	4	14	RB	70	68	77	57	68	68	70	69	0
122361	206	27	CM	70	70	59	63	71	70	67	65	0
128529	325	48	GK	70	70	75	70	69	73	56	64	0
134765	272	46	LM	70	70	66	69	71	71	57	60	0
134821	1926	42	CAM	70	70	54	67	59	73	51	60	0
135098	1048	54	CB	70	70	67	67	76	75	70	62	1
135303	569	54	CB	70	69	56	63	55	50	70	78	1
135479	569	54	CB	70	70	34	49	68	40	68	75	0
135575	111046	54	CM	70	70	43	66	74	72	50	61	0
135891	2007	7	CM	70	71	74	54	67	63	72	73	0
136306	982	167	CB	70	70	50	63	55	56	67	78	1
137151	39	27	RM	70	63	65	54	70	65	68	66	0
137553	111239	21	ST	70	68	78	67	64	65	44	72	0
137708	29	21	RB	70	70	67	60	66	62	70	70	0
137734	55	27	GK	70	69	72	72	60	70	50	68	0
138351	650	34	GK	70	68	73	70	66	74	55	66	0
138787	110147	52	ST	70	74	59	76	59	64	43	63	1
138911	112410	27	CB	70	69	34	48	54	53	73	74	1
139070	1892	38	RW	70	68	69	70	70	70	59	59	0
139224	101114	83	LW	70	70	76	68	65	69	50	73	0
139228	1880	83	ST	70	67	70	66	63	66	44	74	0
139701	17	34	CB	70	70	46	46	57	47	70	74	1
140038	110144	83	CM	70	70	65	67	72	71	65	55	0
141001	232	26	CB	70	70	52	36	51	52	70	75	0
141286	272	23	CDM	70	66	54	66	69	63	68	64	0
142258	15005	7	GK	70	71	72	68	62	72	52	69	0
142318	1876	52	CDM	70	70	54	56	73	69	71	69	0
142454	1861	45	CDM	70	72	54	63	74	56	65	51	0
142950	101083	52	CM	70	68	77	66	70	71	64	72	0
142959	472	52	GK	70	70	73	66	74	77	62	62	1
142978	101085	52	CB	70	70	53	57	56	52	70	79	1
143055	1881	52	CDM	70	68	48	57	66	64	68	61	0
143160	110396	52	CF	70	69	71	69	77	77	45	45	1
144963	711	46	CB	70	61	62	44	56	51	69	74	0
145583	100831	45	LM	70	70	72	63	67	71	45	55	0
146500	393	45	GK	70	71	73	67	74	74	41	70	1
146695	244	52	GK	70	70	66	72	79	71	31	72	1
146992	462	45	LB	70	69	74	36	66	68	69	64	0
147196	110089	40	RB	70	73	63	43	67	56	70	71	0
148194	312	3	GK	70	70	70	71	67	67	42	72	0
148423	111092	37	CAM	70	69	40	65	77	62	47	56	1
148635	15005	7	RB	70	70	65	54	71	61	71	66	0
148696	272	36	RB	70	68	79	56	71	63	71	72	0
150746	3	14	ST	70	69	76	69	59	66	43	66	0
150810	110	50	RB	70	70	58	51	63	62	72	75	0
151590	700	13	ST	70	63	73	61	68	70	49	44	0
152690	12	22	GK	70	70	69	68	74	71	31	75	0
152718	19	38	RM	70	70	77	71	64	76	52	72	0
152800	1048	54	CDM	70	69	58	52	64	49	72	67	0
152847	567	54	CDM	70	70	43	53	70	55	72	68	1
152912	111715	52	ST	70	68	46	71	49	64	46	77	0
152992	1793	25	RB	70	68	67	44	65	63	73	72	0
153084	239	52	CAM	70	70	65	67	68	75	47	48	0
155086	97	14	CDM	70	70	71	64	70	67	68	64	0
155886	19	25	GK	70	73	71	65	79	74	51	69	1
155915	1807	14	RB	70	70	72	45	64	64	70	71	0
156120	1879	56	ST	70	71	71	68	60	68	42	70	0
156129	383	54	CDM	70	71	79	61	67	68	71	65	0
156165	4	14	CB	70	70	57	35	50	40	70	74	1
156167	3	25	ST	70	70	72	67	57	68	45	70	0
156233	112512	54	LM	70	72	91	64	60	72	39	53	1
156423	1879	83	CM	70	72	74	66	70	68	68	68	0
156433	1882	83	GK	70	74	69	70	69	71	55	72	0
156530	110152	52	ST	70	67	59	70	60	69	46	69	0
156986	192	27	RB	70	71	55	61	66	56	73	79	1
157269	242	45	RM	70	68	72	64	67	71	54	64	0
157617	449	21	RM	70	72	71	61	68	71	68	66	0
157661	1952	14	ST	70	70	67	68	61	70	47	66	0
157801	1838	27	CM	70	67	68	59	72	70	66	64	0
158271	673	18	CM	70	72	61	72	70	70	59	63	1
158385	1906	7	CB	70	70	48	48	63	57	71	75	1
158996	39	27	GK	70	68	72	68	62	74	49	70	0
159080	91	42	CM	70	72	73	63	66	68	67	62	1
161215	110234	40	GK	70	70	67	73	68	71	42	72	1
161665	111022	60	ST	70	68	53	68	55	66	48	74	0
161737	1882	83	CB	70	70	47	41	55	48	71	70	0
162147	112410	27	CF	70	67	80	67	63	72	43	59	0
162297	54	27	GK	70	76	71	67	58	72	40	72	0
162997	5	38	GK	70	70	72	66	59	76	50	69	0
163370	2007	7	LM	70	71	74	66	68	72	39	46	0
163479	100766	103	RB	70	68	89	43	67	64	70	64	1
163527	110781	83	CB	70	70	68	46	62	54	73	74	0
163665	70	18	CB	70	73	57	28	64	54	75	74	1
163955	100804	42	CB	70	66	54	28	50	56	73	70	0
163989	192	27	RM	70	73	80	66	70	77	47	58	1
164080	744	54	CB	70	70	38	42	55	53	71	74	0
164507	111070	95	GK	70	66	73	63	62	72	52	74	0
164633	34	21	RB	70	70	68	63	69	64	70	77	0
164986	1903	18	RM	70	69	75	58	66	75	47	45	0
165179	71	39	RM	70	68	79	64	65	67	61	66	0
165232	71	18	LB	70	71	75	45	69	59	69	66	0
165321	1808	25	LB	70	71	69	59	72	63	70	62	0
165429	58	39	ST	70	74	54	77	59	66	44	63	1
165857	1888	54	CB	70	71	43	33	48	44	74	70	0
165889	1	167	ST	70	68	68	72	55	70	43	67	1
166093	325	48	CB	70	74	67	70	66	59	75	67	1
166928	110636	21	LM	70	69	80	64	67	67	68	66	0
167329	110144	52	CAM	70	69	73	68	66	76	45	68	0
167452	110636	21	CDM	70	70	71	62	68	69	69	74	0
167529	1028	83	RM	70	73	77	67	69	72	56	56	1
167532	1879	83	CB	70	74	77	59	67	68	69	70	0
167925	19	25	LB	70	71	65	46	65	67	71	68	0
167936	62	18	CB	70	70	53	30	59	42	70	72	0
168365	39	27	CM	70	71	55	61	72	65	65	63	0
168397	101085	60	CB	70	65	55	44	59	57	68	80	1
168880	112139	183	CAM	70	70	43	65	74	69	51	58	0
168965	71	18	GK	70	76	73	71	71	71	43	67	0
169281	71	144	LM	70	75	86	69	66	72	40	68	1
169509	418	37	CB	70	66	67	34	49	37	72	68	0
169641	110	14	CM	70	70	67	70	71	70	64	60	0
169650	383	60	CDM	70	71	44	53	64	58	71	70	0
169805	379	18	CM	70	71	61	62	72	69	64	65	0
169843	1961	14	CB	70	72	59	30	51	43	70	72	1
170964	110915	60	ST	70	69	69	66	58	67	49	76	0
170988	448	45	ST	70	70	73	63	60	60	58	81	1
171016	468	45	LB	70	70	72	54	65	65	70	65	1
171189	472	45	CB	70	72	51	40	62	46	70	74	0
171190	472	45	RM	70	72	70	74	73	70	58	50	1
171806	1892	38	CB	70	70	58	29	50	43	71	74	0
171972	1917	42	CM	70	73	68	58	72	74	69	56	0
171992	483	45	GK	70	75	82	64	66	78	52	58	1
171995	483	45	ST	70	70	91	61	53	81	40	54	1
172048	246	34	RW	70	69	74	70	71	68	45	62	0
172094	1881	52	ST	70	71	84	65	64	75	45	68	0
172100	111715	52	CDM	70	69	55	61	69	67	71	72	1
172232	417	17	CB	70	72	69	55	54	54	70	75	1
172280	919	36	ST	70	67	85	66	62	72	50	64	1
172470	674	13	ST	70	72	67	66	51	67	45	68	0
172517	298	13	CM	70	72	79	67	68	72	70	63	0
172630	1960	34	RB	70	70	84	47	64	70	68	62	0
172659	111540	38	CAM	70	69	53	67	69	72	51	56	0
172743	298	13	ST	70	73	70	70	53	73	48	73	0
172768	1943	14	CM	70	68	67	67	74	72	60	61	0
173033	379	126	CB	70	71	55	35	51	40	71	75	0
173212	45	27	LM	70	73	81	59	71	68	64	64	0
173430	111292	54	CAM	70	70	72	64	70	72	48	52	0
173752	1793	50	RB	70	73	76	45	66	66	69	62	0
174003	607	183	CB	70	70	77	58	52	56	68	78	1
174542	15029	55	GK	70	73	76	69	67	74	57	67	0
174558	112217	82	ST	70	69	94	64	66	71	44	67	1
174753	110145	87	ST	70	70	70	69	50	64	43	72	0
174808	1799	126	RM	70	68	92	61	62	75	45	58	1
175105	1806	81	CDM	70	70	58	60	72	70	73	76	0
175243	605	57	CDM	70	71	73	68	62	68	70	75	0
175386	110152	57	ST	70	66	75	66	59	67	50	76	0
175789	1837	24	CM	70	75	73	58	69	69	64	70	0
175894	1824	108	LB	70	73	79	50	69	70	68	67	0
176028	1901	38	CDM	70	73	64	58	67	59	72	66	1
176031	46	38	RB	70	76	77	56	68	71	69	63	0
176048	12	138	ST	70	71	78	62	61	71	46	79	1
176301	982	167	CM	70	70	76	62	69	69	69	69	0
176610	112523	56	ST	70	68	66	68	58	69	44	72	0
176693	100831	18	CB	70	70	51	48	53	35	69	84	1
176717	433	46	CB	70	70	78	35	46	56	70	68	0
176756	111042	54	ST	70	71	72	67	75	76	45	65	1
176801	12	34	ST	70	75	87	67	64	72	49	53	1
176846	44	120	CDM	70	75	63	59	66	57	70	71	1
176901	110979	55	RM	70	70	83	66	66	72	46	57	0
176934	111042	54	GK	70	74	74	66	73	73	31	69	0
176966	1893	54	CB	70	70	32	54	59	49	72	70	1
177049	1831	48	CDM	70	71	74	61	69	70	65	70	0
177543	1908	34	LB	70	71	60	73	73	72	69	61	1
177576	4	18	ST	70	73	82	64	63	74	45	70	0
177589	112409	27	CF	70	67	77	65	61	75	46	57	0
177592	112139	54	ST	70	70	75	65	56	74	42	74	0
177615	31	129	RM	70	72	81	64	66	75	44	60	0
177633	1853	45	ST	70	73	79	63	53	71	41	68	0
177766	280	103	LB	70	76	74	38	72	68	71	64	0
177877	1970	95	CM	70	72	72	65	69	68	64	57	0
177965	162	43	CF	70	69	79	68	64	73	50	70	0
178056	242	54	CB	70	70	49	36	47	41	72	73	0
178091	50	27	ST	70	77	76	63	50	66	45	76	1
178253	111046	54	CAM	70	69	73	65	70	71	44	63	0
178470	112124	27	LM	70	74	73	67	70	68	67	63	0
178599	571	45	RW	70	71	70	71	73	67	47	49	0
178713	97	14	CM	70	73	72	60	71	68	67	73	0
179569	14	37	CAM	70	71	68	71	68	71	44	54	0
179592	1952	42	LM	70	69	60	68	63	73	42	48	0
179668	1970	83	CAM	70	69	76	67	69	72	48	60	0
179855	4	82	ST	70	70	85	66	53	60	46	69	1
180228	1719	54	CB	70	73	64	51	57	61	73	69	0
180255	72	7	LW	70	72	79	65	68	72	44	52	0
180702	1039	54	CAM	70	76	79	59	61	78	55	60	1
180726	111395	195	CM	70	70	71	59	73	68	63	48	0
180738	1719	54	ST	70	72	69	67	49	67	44	72	0
180981	4	54	CAM	70	71	72	65	69	70	51	55	1
181030	517	54	RB	70	72	79	61	73	74	65	56	0
181131	111044	54	ST	70	72	73	70	69	68	52	68	0
181247	1795	12	LWB	70	69	80	64	69	70	69	64	1
181343	819	46	LB	70	73	79	60	71	66	70	65	0
181370	111046	54	CB	70	70	53	46	49	48	71	78	1
182435	22	195	GK	70	77	73	63	72	76	48	65	0
182744	280	22	LB	70	72	88	67	68	69	68	72	1
182772	503	99	ST	70	67	79	66	55	66	45	78	0
183283	2007	18	CB	70	70	72	42	63	46	71	73	1
183391	62	103	GK	70	72	75	68	65	74	42	67	0
183409	191	117	CB	70	73	74	38	63	54	68	78	1
183470	383	54	GK	70	70	78	65	70	70	28	72	1
183546	1939	14	CDM	70	75	75	59	67	69	70	64	0
183605	378	144	ST	70	64	79	67	57	65	44	66	0
183815	1878	83	RB	70	74	80	57	68	68	67	72	0
183887	1823	18	LM	70	72	72	61	70	72	47	58	0
183987	1824	21	RB	70	74	74	44	70	75	68	58	0
184071	1910	34	CM	70	70	41	54	74	64	65	67	1
184085	226	18	CM	70	75	65	55	69	70	65	48	0
184220	298	95	CM	70	78	71	67	71	73	56	63	0
184270	1843	110	CDM	70	74	67	39	63	60	70	59	0
184339	39	27	RM	70	73	67	62	73	70	47	62	0
184433	1831	43	ST	70	69	60	66	47	58	46	77	1
184706	71	18	LM	70	74	75	57	69	68	56	60	0
184847	246	34	CAM	70	72	65	76	70	70	46	52	1
184920	110930	140	RM	70	76	90	59	64	74	49	40	1
184944	383	54	CM	70	67	63	62	67	67	73	67	0
185172	1837	27	GK	70	73	70	68	63	72	36	70	0
185214	110144	45	CM	70	73	71	58	72	69	66	61	0
186101	417	36	CB	70	75	74	42	52	44	75	71	1
186117	1961	14	CAM	70	77	72	65	71	70	66	63	0
186130	1952	14	CB	70	75	69	33	60	59	69	72	0
186140	142	27	ST	70	74	73	68	54	74	42	67	0
186444	2007	145	ST	70	72	69	63	63	70	50	82	1
186536	1806	95	LM	70	79	73	65	70	70	61	66	1
186650	110152	52	ST	70	72	76	71	64	73	39	64	0
186839	77	35	LM	70	74	88	66	60	72	45	66	1
186890	110929	140	LB	70	70	89	52	63	69	68	68	1
186979	1970	83	RB	70	72	76	57	65	69	68	68	0
186993	1881	83	RW	70	72	81	71	64	73	48	64	0
187205	1881	83	LB	70	72	81	60	64	72	68	78	0
187528	100767	40	RB	70	74	75	62	72	73	69	59	0
187659	100765	40	CDM	70	77	71	49	66	62	70	72	1
187818	29	37	CDM	70	76	64	61	70	69	66	59	0
188124	1853	130	CDM	70	76	76	50	63	62	73	68	0
188157	246	34	CAM	70	71	57	70	69	65	66	81	1
188268	110395	52	LW	70	76	80	61	60	72	44	63	0
188397	65	18	CAM	70	76	74	67	66	72	46	72	1
188585	110929	140	CM	70	71	67	51	73	69	64	53	0
188601	110832	18	CB	70	81	64	52	70	61	67	74	0
188625	1795	46	CB	70	79	53	32	53	48	71	68	0
188824	1815	99	LB	70	72	73	53	67	67	70	67	0
188899	111046	54	ST	70	70	65	68	56	64	47	70	0
189018	1035	54	RB	70	74	83	36	62	66	69	68	0
189143	1842	46	CM	70	76	66	57	71	67	61	54	0
189160	1793	82	RM	70	73	88	68	60	75	47	68	1
189167	1961	24	CDM	70	72	68	63	69	69	68	70	0
189186	88	42	CAM	70	72	66	57	70	72	53	62	0
189192	1744	27	CF	70	74	75	64	67	75	59	62	0
189288	1795	27	CB	70	74	52	40	43	36	73	72	1
189477	462	27	CM	70	79	72	59	72	72	58	56	0
189485	111974	54	LW	70	74	83	60	60	78	38	58	1
189644	1719	54	GK	70	70	77	74	65	60	30	72	1
189655	418	12	ST	70	67	81	65	57	61	44	76	0
189723	246	46	RW	70	74	68	65	58	75	45	66	0
189961	1824	12	ST	70	78	88	66	55	75	42	63	1
190247	1961	14	RB	70	71	72	50	67	63	71	68	0
190425	272	36	ST	70	67	76	66	48	69	42	66	0
190436	1524	133	CM	70	70	75	57	69	67	64	57	0
190450	1809	51	RB	70	69	61	51	72	64	70	62	0
190461	110	24	ST	70	73	79	65	57	74	50	74	0
190536	1879	58	CM	70	69	72	69	71	73	61	62	1
190567	111022	52	RM	70	72	81	62	68	69	56	60	0
190722	89	14	ST	70	75	84	68	60	69	46	65	1
190824	110500	36	RB	70	75	84	55	65	72	62	52	0
190876	695	95	CB	70	72	66	43	48	43	72	73	1
190931	674	8	CB	70	71	52	53	67	57	71	68	0
190969	1629	54	RB	70	74	82	63	66	67	68	61	0
191045	1598	54	ST	70	75	88	68	62	71	42	63	1
191050	900	47	CB	70	74	75	39	64	61	71	68	1
191065	1719	54	CB	70	78	66	38	53	61	68	70	0
191076	1906	24	LW	70	75	77	65	64	72	40	49	0
191096	673	93	CDM	70	74	65	61	65	66	72	76	1
191099	300	136	CAM	70	70	78	66	70	75	61	69	0
191251	110636	21	CDM	70	68	74	63	65	66	71	65	0
192083	1035	54	CB	70	70	62	44	58	40	71	70	0
192102	700	46	LB	70	70	90	50	57	73	51	42	1
192155	100767	40	RB	70	78	76	59	65	71	68	67	0
192253	570	27	CM	70	67	68	66	71	72	66	66	1
192297	110227	30	GK	70	74	70	63	69	78	33	72	0
192512	1892	54	ST	70	70	66	68	56	64	43	75	0
192608	217	18	LM	70	75	78	53	68	73	66	58	0
192636	112513	38	CM	70	78	66	68	73	72	62	65	0
192643	110500	21	CDM	70	72	72	66	71	67	67	62	0
192660	169	21	ST	70	75	74	64	54	66	45	72	0
192665	160	21	GK	70	73	71	67	68	73	38	70	0
192679	1860	45	LB	70	75	79	56	69	71	68	65	0
192767	110456	126	CDM	70	75	71	55	67	68	70	75	1
192838	111974	27	RM	70	78	75	63	67	69	66	71	0
192984	10029	7	GK	70	81	76	67	70	68	44	69	1
193092	36	198	RW	70	77	90	63	55	75	31	31	1
193141	101085	52	RB	70	72	82	50	68	63	71	68	0
193161	226	18	GK	70	75	71	65	62	77	37	69	0
193171	483	45	LB	70	73	80	50	66	67	67	62	0
193223	697	54	CM	70	71	75	64	67	73	68	67	1
193313	169	21	CDM	70	75	73	50	68	67	72	76	0
193549	83	14	CB	70	79	72	32	59	57	72	74	1
193550	78	26	CM	70	71	78	58	72	73	69	74	0
193569	8	14	CB	70	72	67	35	61	59	70	76	0
193679	110500	38	CB	70	73	65	39	59	59	71	68	0
194201	320	46	CB	70	76	67	46	50	59	74	59	1
194753	111974	27	CDM	70	78	60	57	74	72	69	70	0
194761	110710	45	CAM	70	73	85	66	60	79	40	59	1
194847	65	104	LW	70	76	88	61	61	72	40	47	1
195313	226	18	CB	70	76	64	34	55	49	72	70	0
195412	111292	54	CAM	70	76	70	67	70	70	62	64	0
195668	7	45	GK	70	75	69	70	74	73	49	68	0
196220	12	23	RB	70	74	71	60	72	69	69	70	0
196569	62	107	RW	70	72	84	56	64	72	38	53	0
197081	1809	129	CM	70	76	81	71	72	75	62	51	1
197169	192	44	RM	70	74	92	58	63	75	43	53	1
197439	1824	21	GK	70	78	71	68	53	75	34	70	0
197759	110456	136	CDM	70	78	75	52	63	68	72	72	0
197837	10	7	RB	70	75	67	34	57	41	71	73	0
198128	1048	54	ST	70	79	78	65	63	77	45	68	1
198140	234	52	ST	70	77	77	66	38	68	41	74	0
198386	1861	52	LB	70	70	79	59	68	69	69	66	0
198573	479	103	CDM	70	74	33	45	57	47	72	61	1
198600	1880	83	CDM	70	77	63	55	60	60	72	72	0
198719	1792	14	LM	70	81	86	59	63	75	34	42	1
198776	1799	50	CAM	70	83	83	57	64	79	48	57	1
198794	1473	54	ST	70	70	68	67	68	72	50	67	0
198861	72	18	CDM	70	79	73	48	68	64	69	61	0
198950	1860	45	CAM	70	83	81	62	66	77	36	46	0
199005	231	195	GK	70	79	70	68	70	69	62	71	1
199069	217	103	ST	70	80	86	66	54	62	42	72	1
199157	2	45	LB	70	77	77	58	61	67	69	70	0
199286	111271	108	RB	70	77	82	54	69	65	70	70	0
199392	101083	60	RB	70	75	81	52	70	70	64	59	0
199529	110741	133	ST	70	70	81	68	48	66	47	75	0
199657	110781	56	RM	70	74	84	66	67	74	48	74	0
199661	111239	26	CDM	70	74	70	57	65	66	72	72	0
199776	38	27	CB	70	80	71	44	61	54	70	75	0
199823	1799	45	CM	70	81	66	58	69	73	56	49	0
199986	480	45	RB	70	74	73	43	60	60	71	72	0
200087	110749	37	ST	70	70	91	61	56	71	46	74	1
200113	247	34	RW	70	75	88	57	63	74	38	51	1
200155	2007	7	CAM	70	81	61	63	71	65	44	68	1
200519	110710	45	CB	70	79	58	34	47	43	71	70	0
200606	111292	52	CAM	70	76	58	63	70	72	42	52	0
200677	50	38	CB	70	76	68	38	50	55	70	72	0
200754	166	48	CM	70	77	66	58	70	72	66	73	0
200922	10029	21	ST	70	75	68	65	59	67	47	72	0
201046	47	27	CAM	70	82	69	65	66	74	39	62	0
201165	100767	40	CB	70	82	72	40	57	53	72	68	0
201519	71	18	CM	70	82	64	67	68	66	66	58	0
202201	1906	34	CB	70	76	73	52	68	65	69	72	0
202305	1477	167	CAM	70	73	74	65	67	70	59	64	0
202750	57	18	CB	70	79	67	33	62	39	71	72	1
202944	247	46	CM	70	77	66	60	66	68	69	65	1
203187	1744	117	CM	70	79	69	60	68	68	69	56	0
203236	383	54	LB	70	74	80	59	72	74	68	57	0
203324	598	54	CB	70	83	71	52	71	69	71	70	0
203544	29	21	LB	70	75	84	61	70	70	67	61	0
203632	2007	140	LM	70	78	81	57	69	76	36	48	0
203859	111022	52	CB	70	70	53	40	50	36	70	76	1
203888	1915	54	CB	70	73	48	37	49	42	72	78	1
204060	1915	34	CAM	70	72	79	70	63	74	43	57	1
204136	1915	34	ST	70	71	64	66	64	68	51	76	0
204474	110704	45	RW	70	73	89	61	58	73	38	40	1
204731	1896	38	LB	70	76	76	52	72	73	68	56	0
204830	449	45	RM	70	78	87	56	58	82	36	49	1
204932	393	22	RM	70	72	80	64	66	70	51	54	0
205008	1043	54	CAM	70	82	78	65	66	78	43	62	1
205569	17	14	CM	70	85	74	53	72	73	62	59	0
205671	1843	60	LW	70	79	77	59	66	73	44	45	0
205897	5	14	CDM	70	85	75	48	62	70	69	68	0
205940	110710	45	CM	70	70	63	61	67	61	59	56	0
205988	17	14	LB	70	86	84	39	65	75	70	64	0
206545	483	45	CM	70	75	72	61	69	76	43	69	0
208520	485	163	RB	70	75	77	46	70	72	68	68	0
209281	112139	183	LM	70	76	84	66	67	74	45	49	0
209317	100409	22	ST	70	70	78	61	65	75	38	59	0
209643	322	51	CB	70	71	57	46	53	56	68	78	0
209744	1053	55	LB	70	74	74	47	73	69	68	58	0
209787	110930	140	LW	70	71	79	59	66	82	41	48	1
210008	73	18	CM	70	83	65	55	70	69	66	71	0
210333	269	52	LM	70	72	85	61	66	75	36	45	1
210363	111715	52	LM	70	70	81	60	65	75	47	48	0
210455	450	45	LB	70	77	81	43	60	62	68	66	0
210471	110770	54	ST	70	78	80	63	44	71	39	60	0
210696	570	43	CB	70	73	55	41	44	39	72	77	1
211042	315	9	CAM	70	77	77	66	67	69	46	63	0
211269	110580	52	CM	70	70	80	62	72	73	56	51	0
212092	4	138	CDM	70	76	71	52	66	68	71	64	0
213132	110394	52	RM	70	68	82	64	66	73	40	59	0
213332	1629	54	CB	70	77	67	37	52	47	70	74	0
216424	110930	140	ST	70	70	69	69	60	66	53	70	0
216472	483	51	RB	70	75	77	38	60	53	70	65	0
216913	110930	117	GK	70	72	70	72	74	71	50	70	0
2	54	27	LM	69	69	75	61	71	68	73	65	0
16	244	45	CAM	69	70	71	68	66	74	47	65	0
2904	112224	195	ST	69	69	70	70	63	72	43	66	0
4695	101112	25	CB	69	69	52	34	57	42	68	74	1
5461	239	7	CB	69	68	54	47	64	49	72	71	0
7849	166	20	CB	69	69	50	60	71	69	69	66	0
10824	1788	13	LB	69	69	86	57	63	64	68	65	1
11427	160	21	CB	69	69	53	44	54	44	69	74	0
12011	110374	27	GK	69	69	68	69	62	71	33	70	0
12167	58	18	RW	69	68	65	67	65	70	43	72	0
31624	1445	13	CM	69	69	53	67	71	51	70	74	0
34666	101112	167	CB	69	69	71	44	69	67	68	61	1
39386	110152	95	LB	69	65	92	62	64	70	55	56	1
45618	44	7	CM	69	69	66	62	69	67	76	66	1
49472	111989	18	GK	69	69	73	67	58	72	49	64	0
49886	231	46	LB	69	67	66	54	71	61	68	70	0
51353	101112	42	ST	69	69	73	69	56	65	41	71	1
51378	271	13	CM	69	68	65	64	72	64	70	67	0
51934	110231	18	ST	69	67	75	68	60	66	40	66	0
52090	100879	18	CB	69	69	59	51	57	53	69	74	1
52498	31	21	CDM	69	72	65	68	68	66	68	70	0
53027	64	145	CB	69	69	49	48	55	45	70	78	1
53384	14	25	CAM	69	69	56	70	74	72	53	49	0
53669	1793	82	LM	69	69	78	56	62	73	57	56	0
53729	920	70	GK	69	64	67	72	65	66	20	73	0
53785	111144	95	GK	69	64	66	68	72	70	48	72	0
53834	1926	14	ST	69	67	71	67	55	66	47	64	0
53978	97	14	CM	69	69	29	49	63	51	72	68	0
101488	1831	21	GK	69	69	67	70	64	72	33	69	0
104101	1831	21	LM	69	69	70	65	67	72	54	71	0
105945	100087	7	CM	69	69	61	66	67	61	70	76	0
109724	88	13	ST	69	66	74	68	70	69	46	66	0
110606	100804	35	GK	69	65	71	68	61	72	32	69	0
110856	1881	45	ST	69	69	64	70	69	71	45	68	0
111105	15021	45	CM	69	69	63	60	70	65	57	53	0
113278	110912	27	LB	69	64	75	57	70	68	68	65	0
113524	479	45	CAM	69	69	71	66	57	68	51	58	0
114038	462	45	CDM	69	68	64	63	67	60	68	70	1
115888	23	21	GK	69	68	64	68	55	74	30	72	0
116024	1879	83	CAM	69	72	84	60	62	77	38	47	0
116335	57	18	GK	69	67	68	74	69	67	32	72	1
116745	1530	18	GK	69	69	64	64	67	72	35	77	1
117492	110456	18	CDM	69	70	48	65	72	64	72	69	0
120060	674	18	CB	69	69	76	67	68	66	70	74	1
121134	191	21	GK	69	67	68	65	71	74	56	66	0
123611	189	27	CB	69	70	58	46	60	48	70	73	0
131444	820	13	CM	69	69	61	63	63	66	68	71	0
134697	298	46	GK	69	68	67	70	67	75	45	69	0
135344	111050	54	CDM	69	68	68	58	62	66	71	69	0
135513	111046	54	GK	69	69	72	64	78	72	43	68	1
135808	110062	45	LB	69	69	78	44	65	62	69	63	0
136594	1475	167	GK	69	69	69	67	62	72	64	71	1
136834	271	13	CM	69	68	56	69	74	69	61	61	0
137159	190	27	CDM	69	70	59	61	71	60	68	64	0
137359	674	7	CM	69	68	67	65	65	63	69	74	1
137527	1831	21	CAM	69	69	49	68	73	66	51	51	1
137758	112410	27	LB	69	67	84	54	65	65	63	64	0
138080	110832	136	CB	69	69	52	45	52	42	67	78	1
138089	231	13	CM	69	70	66	68	66	67	62	65	0
138390	1792	14	CM	69	67	64	59	78	59	60	44	1
138413	3	14	CB	69	68	69	31	54	48	71	76	0
138529	231	51	GK	69	68	67	69	65	69	42	74	0
138831	101112	14	CDM	69	66	69	58	64	69	76	63	1
138933	110326	18	CAM	69	68	73	64	62	73	48	58	0
138945	57	18	ST	69	64	67	68	56	60	40	72	0
139016	1878	83	CM	69	66	70	62	68	67	68	66	0
139171	110150	83	CM	69	66	70	65	70	71	69	66	0
139527	31	70	CB	69	69	33	56	58	43	69	81	1
139609	1808	42	LM	69	69	77	64	66	73	49	44	0
139801	95	25	CB	69	69	71	43	54	56	69	74	0
139836	280	97	CB	69	73	55	45	52	48	70	73	0
139838	711	110	LW	69	68	77	63	60	74	45	50	0
140089	1888	54	ST	69	68	70	65	52	68	44	70	0
140262	112679	83	CM	69	69	72	61	70	72	63	57	0
140411	432	36	CDM	69	68	54	60	67	63	71	62	0
140488	570	27	CB	69	70	66	45	66	61	70	68	0
140497	1796	42	RM	69	70	80	62	67	68	51	40	0
140609	224	51	CDM	69	63	65	55	66	65	70	68	0
141092	110178	43	LB	69	66	66	53	67	64	71	72	0
141111	503	44	ST	69	68	82	66	58	71	46	64	0
141198	110234	9	CDM	69	69	56	63	73	72	65	68	0
142241	1598	95	ST	69	69	74	62	66	78	36	40	1
142720	110395	52	RB	69	71	83	47	71	66	66	65	0
143032	110395	52	ST	69	72	66	67	60	62	45	70	0
143107	111715	52	CDM	69	68	65	54	61	67	71	65	0
143168	110741	52	LW	69	69	91	56	53	78	43	53	1
143200	101085	52	CDM	69	67	66	56	74	71	68	60	0
143603	101083	52	CB	69	67	64	50	64	45	68	73	0
143743	101102	56	GK	69	69	62	76	62	63	23	80	1
144440	319	46	GK	69	67	70	68	57	75	42	69	0
145047	1808	45	RB	69	68	75	47	71	63	69	55	0
145274	2023	45	RM	69	69	81	59	59	74	46	53	0
146058	472	45	RM	69	69	71	64	67	74	40	55	0
146104	459	45	CDM	69	66	50	49	64	50	68	54	0
146753	244	45	CB	69	69	68	44	59	58	67	68	0
146952	459	45	GK	69	70	71	74	68	72	59	63	1
147001	110062	45	LM	69	69	81	60	58	75	36	48	0
147449	111044	54	ST	69	70	70	70	61	68	43	68	0
147498	110227	40	CB	69	69	54	43	56	58	68	71	0
147700	110109	40	RM	69	69	73	68	65	69	54	72	0
148212	100767	40	GK	69	69	71	70	63	67	46	70	0
148526	665	37	GK	69	70	71	67	64	71	50	70	0
148622	111651	34	ST	69	69	34	69	44	55	49	78	1
148634	1913	7	GK	69	69	73	67	63	71	50	68	1
148673	231	36	RB	69	69	70	47	65	55	71	62	0
149572	110741	27	CM	69	67	70	59	68	66	66	64	0
150477	744	18	GK	69	69	71	68	66	70	28	68	0
150514	166	103	RB	69	67	78	63	66	71	51	59	0
152046	110724	13	ST	69	68	68	66	67	68	43	66	0
152356	2007	7	CM	69	70	70	60	64	67	68	70	0
152603	29	70	ST	69	69	72	65	53	61	49	81	1
152795	1891	54	CM	69	69	75	70	71	63	72	65	1
153160	110406	53	CB	69	69	46	45	40	47	69	69	0
153184	111717	52	CB	69	66	43	43	46	45	74	71	0
153185	1861	52	CB	69	69	59	34	54	44	68	69	0
155541	820	13	CB	69	69	59	33	56	49	67	72	0
155757	269	13	CM	69	72	65	63	69	68	66	65	0
156166	14	63	ST	69	69	74	66	46	67	52	78	0
156384	322	47	CM	69	69	77	69	66	78	42	65	1
156421	1879	83	CB	69	70	71	44	66	63	69	72	0
156477	229	7	RB	69	74	80	58	67	75	67	74	0
156506	101114	83	ST	69	68	60	67	55	65	49	79	1
156542	110109	7	RM	69	71	87	67	64	70	50	64	1
156838	160	21	CB	69	69	53	46	58	47	70	73	1
156975	94	42	CB	69	69	64	31	53	50	70	70	1
157515	1881	83	LB	69	70	82	65	66	66	66	70	0
157528	33	21	RM	69	72	78	63	66	71	58	63	0
157741	192	27	CM	69	73	67	58	71	65	64	67	0
158196	1917	18	ST	69	69	71	64	59	70	46	74	0
158333	110500	8	CM	69	70	59	56	67	65	66	65	0
158420	1823	110	CB	69	68	59	43	64	46	68	74	1
158444	31	44	RB	69	69	73	42	63	65	69	66	0
158624	59	18	RB	69	66	64	51	74	63	70	70	0
158657	31	21	GK	69	69	69	74	66	66	56	67	1
158675	417	36	LB	69	65	82	53	65	64	68	63	0
158685	517	54	CB	69	70	41	29	49	45	68	75	0
158777	110329	21	GK	69	70	73	70	60	71	38	64	1
158806	110062	45	RM	69	69	69	60	72	72	48	52	0
158902	17	42	LB	69	67	67	52	74	66	67	66	1
159001	432	46	CB	69	68	44	37	37	30	73	77	1
159577	1799	25	CB	69	71	53	41	56	35	70	72	1
160723	101059	49	RB	69	69	72	39	55	59	71	73	0
161921	919	37	GK	69	68	70	69	64	71	53	68	0
161995	110912	27	ST	69	66	69	70	56	69	48	70	0
162048	189	43	LB	69	69	71	55	63	62	68	61	0
162053	94	14	RB	69	68	62	27	49	40	69	74	0
162054	1792	14	GK	69	69	73	67	72	75	48	63	0
162315	109	14	CB	69	70	69	42	62	61	70	80	1
162776	100765	40	GK	69	73	73	60	63	74	46	71	0
162821	15005	7	CB	69	69	70	33	57	52	69	70	0
162891	1796	14	CM	69	69	68	60	74	70	62	56	0
162928	483	45	CM	69	69	33	64	77	61	66	53	1
162952	110580	52	GK	69	71	69	74	70	66	46	72	1
162980	1961	14	LB	69	66	72	38	68	65	68	61	0
162993	1917	14	RB	69	72	67	45	68	64	70	68	0
163264	1796	14	GK	69	71	71	68	67	72	54	68	0
163766	1917	14	CB	69	70	68	28	42	49	71	76	1
163774	110500	70	ST	69	70	85	65	45	71	41	70	1
164234	322	54	LM	69	74	53	70	69	70	41	68	0
164484	320	46	GK	69	72	63	73	67	68	30	75	0
164581	100409	70	LB	69	70	73	53	65	68	68	66	1
164851	1901	119	LW	69	73	78	58	65	72	41	40	0
165031	1795	58	ST	69	74	80	63	52	72	42	76	0
165176	25	21	ST	69	68	77	65	62	71	47	63	0
165185	4	50	ST	69	68	68	72	35	61	41	77	1
165230	1747	118	LM	69	67	73	60	67	69	42	68	0
165505	1838	52	CB	69	69	68	25	65	54	70	67	0
165546	111292	54	CDM	69	69	63	59	70	64	72	64	0
165547	517	54	RB	69	72	73	56	71	63	70	64	0
165677	111086	37	LM	69	69	77	63	65	72	46	44	0
165716	100087	116	LM	69	70	83	68	65	69	44	68	0
165783	244	52	CDM	69	69	60	57	68	58	68	54	0
165787	110395	52	CM	69	71	78	66	68	70	66	62	0
166710	100766	40	CAM	69	72	63	58	70	67	62	60	0
167445	111042	54	RB	69	71	78	62	67	73	66	52	0
167516	1871	51	CAM	69	71	76	57	63	75	53	69	0
167601	315	40	RB	69	75	79	40	66	60	67	72	0
167661	1877	52	CM	69	70	71	56	70	72	66	65	0
168290	112134	18	RW	69	68	68	66	66	68	51	65	0
168317	433	46	ST	69	70	67	66	61	69	47	72	1
168590	29	21	CDM	69	73	49	56	63	58	71	70	1
168610	320	54	LB	69	69	82	52	66	67	69	68	0
169152	1598	54	CM	69	69	74	59	66	70	68	58	0
169221	110374	49	LM	69	72	78	70	65	71	36	58	0
169345	256	4	LB	69	72	81	57	62	73	70	63	1
169388	1838	27	CAM	69	68	69	65	72	71	59	51	0
169422	517	54	CB	69	68	62	38	48	56	70	78	0
169464	15	136	LM	69	75	85	50	72	75	65	66	1
169792	17	14	LM	69	79	81	69	56	76	47	75	0
170039	1917	14	RB	69	74	68	47	65	64	71	69	1
170159	160	21	LB	69	73	74	63	69	67	67	71	0
170163	1795	14	CAM	69	73	69	74	67	71	51	60	1
170290	142	50	RM	69	72	82	62	63	70	39	58	0
170472	1799	36	LB	69	71	78	61	65	67	68	62	0
170514	200	27	RM	69	64	66	40	60	58	72	62	0
170818	1926	14	ST	69	69	74	72	64	68	56	68	1
170949	100766	40	LB	69	67	66	55	59	56	74	68	0
170966	1882	83	RM	69	70	70	66	68	68	42	63	0
170991	100831	45	RB	69	69	70	60	57	53	72	68	0
171019	97	25	GK	69	68	73	66	69	71	47	68	0
171087	1861	45	CB	69	69	66	56	66	62	69	76	0
171187	571	45	CM	69	68	60	59	70	67	63	62	1
171394	110724	13	LM	69	72	79	72	64	68	47	58	1
171772	110062	45	CB	69	69	60	39	56	39	68	71	0
172322	100764	80	RM	69	70	80	65	68	68	67	66	0
172555	1786	13	ST	69	72	86	66	52	64	41	58	1
172649	670	7	LM	69	70	75	64	68	71	50	47	0
172813	100805	42	LM	69	66	71	63	65	73	60	66	0
173305	39	27	LB	69	68	73	47	65	62	67	57	0
173470	191	4	CM	69	74	78	55	72	81	54	44	1
173614	8	14	CB	69	70	53	26	50	45	68	74	0
173834	88	50	RB	69	73	77	63	70	66	67	67	0
174547	15029	55	CB	69	70	71	66	65	64	71	69	0
174603	112578	53	ST	69	69	70	66	45	62	44	67	0
175367	181	42	ST	69	70	86	64	65	71	42	74	1
175389	614	120	ST	69	70	92	67	60	67	40	67	1
175996	31	21	LM	69	75	82	62	63	72	42	57	0
176007	674	110	RM	69	73	81	61	61	76	59	61	0
176071	689	95	CDM	69	71	70	59	68	66	65	56	0
176841	12	14	ST	69	73	75	65	46	65	48	76	0
176902	112116	55	RW	69	68	90	60	69	68	64	66	1
176948	111766	72	CAM	69	69	45	74	65	67	46	40	1
177106	169	21	LM	69	72	90	63	62	73	42	61	1
177131	1807	118	CB	69	67	60	37	55	49	70	70	1
177137	112513	38	CB	69	74	56	44	64	60	70	72	0
177521	110329	21	RB	69	71	79	61	63	68	68	66	0
177546	110596	48	CAM	69	70	74	65	68	72	41	57	1
177568	210	18	LB	69	66	69	46	68	65	68	66	0
177588	200	27	ST	69	66	54	66	56	61	48	78	1
177723	242	45	GK	69	70	70	78	63	68	52	63	1
177980	1744	60	LW	69	72	78	56	63	75	52	59	0
178132	29	97	RM	69	71	83	66	65	75	39	58	1
178236	569	54	RB	69	72	80	63	61	69	69	72	0
178322	1879	83	LWB	69	75	83	65	66	67	66	63	0
178363	379	80	GK	69	75	70	66	65	69	53	71	0
178451	110912	27	CM	69	72	73	62	71	69	61	61	0
178616	480	45	CAM	69	74	68	62	74	72	52	53	0
178620	1896	123	CM	69	69	62	59	65	59	74	73	1
178625	1860	45	CM	69	72	64	57	74	68	55	56	0
178628	1795	27	ST	69	73	79	64	62	76	41	55	0
179537	246	36	CM	69	75	65	64	67	69	66	70	0
179565	894	47	ST	69	77	78	61	58	75	49	65	0
179731	1881	83	CDM	69	73	71	56	66	68	66	57	0
179736	110144	83	CM	69	73	79	66	68	70	67	66	0
179897	819	24	CB	69	72	69	39	48	38	72	73	0
179909	34	117	CDM	69	71	78	52	63	73	69	62	1
179930	873	37	RM	69	72	80	68	61	70	51	55	0
179973	1843	47	RM	69	73	76	51	69	68	70	62	0
181017	226	54	CB	69	73	68	41	62	61	69	70	0
181276	567	54	RB	69	69	73	52	72	74	68	64	0
181922	1032	54	CM	69	67	67	65	72	71	63	72	0
182133	100766	33	CB	69	72	66	49	59	61	71	72	0
182178	1837	47	RB	69	74	78	42	62	57	70	65	0
182528	110930	140	ST	69	79	78	68	53	70	43	62	0
182713	165	1	CB	69	70	66	33	53	43	70	71	0
182741	10029	21	CB	69	69	58	27	63	49	69	74	0
182822	111271	18	CB	69	69	52	30	55	49	72	69	0
182837	1808	110	LW	69	75	86	70	59	71	41	59	1
183064	110636	165	LB	69	69	78	61	66	68	69	66	0
183125	1795	14	ST	69	75	70	67	50	68	45	67	1
183151	922	36	LW	69	74	78	62	58	72	44	52	0
183365	189	27	CB	69	72	52	24	47	34	70	73	0
183436	100087	54	CB	69	69	39	50	56	52	70	72	0
183519	69	34	CAM	69	75	74	66	66	79	42	62	1
183573	110500	21	CDM	69	72	55	58	66	63	68	64	0
183578	110329	21	CB	69	72	73	36	44	43	71	71	0
183671	111974	27	CB	69	76	69	37	47	47	70	76	0
183682	209	4	CM	69	73	73	68	62	68	69	68	0
183714	1831	21	ST	69	72	68	65	51	62	42	71	1
183736	1906	34	RB	69	70	61	33	67	61	70	70	0
183740	111540	38	RW	69	68	78	65	68	72	44	57	0
183774	1792	14	CB	69	75	60	24	48	42	69	76	0
184069	166	21	ST	69	72	66	70	53	63	49	70	1
184154	2007	7	RM	69	73	73	62	64	73	50	68	0
184189	691	38	CB	69	68	65	44	58	54	71	72	0
184271	62	18	CDM	69	76	71	58	68	72	67	65	0
184285	1715	47	RM	69	72	69	62	66	67	46	52	0
184310	110741	27	LW	69	67	79	60	60	74	45	57	0
184581	1843	27	RW	69	69	80	61	62	70	50	52	0
184747	91	14	ST	69	73	69	70	43	65	48	65	0
184913	674	7	CM	69	69	63	57	65	60	71	69	0
184982	54	52	ST	69	74	64	63	52	66	40	75	1
184999	110109	54	CDM	69	74	72	62	70	71	65	72	0
185090	1823	103	RM	69	75	91	70	63	72	42	68	1
185129	393	22	GK	69	74	72	68	66	73	41	67	0
185316	1917	36	CB	69	74	63	29	57	60	72	74	1
186241	1871	208	RM	69	71	79	64	65	74	40	68	0
186267	25	36	RB	69	75	78	60	71	73	67	60	0
186352	94	198	CB	69	77	72	33	61	38	70	68	0
186422	1939	25	LM	69	76	79	63	61	77	49	58	0
186456	1909	34	CB	69	73	47	61	72	64	69	68	0
186521	459	56	CB	69	74	44	26	36	33	69	72	1
186553	1837	52	RB	69	74	77	59	66	68	66	56	0
186559	12	14	CM	69	74	65	60	69	72	60	57	0
186578	95	50	CM	69	73	68	68	69	69	62	70	0
186719	57	18	ST	69	76	81	67	61	75	42	62	0
186824	110089	117	CDM	69	75	73	30	67	61	68	76	0
186989	1032	83	LWB	69	72	74	53	68	63	67	72	0
187033	1793	14	CB	69	75	65	30	47	47	69	74	1
187078	112096	54	CB	69	66	63	47	63	54	70	68	0
187298	1970	83	CB	69	72	60	48	58	60	70	70	0
187347	100769	40	RB	69	75	80	47	67	67	69	65	0
187478	1878	83	CB	69	69	66	37	56	56	69	74	0
187552	598	54	CB	69	71	46	38	41	33	71	79	1
187572	598	54	CB	69	69	72	63	70	72	70	60	1
187755	569	54	CAM	69	73	66	59	69	70	67	66	0
187789	110109	54	CAM	69	74	72	67	68	75	63	72	1
187998	568	54	GK	69	75	74	68	66	76	33	60	0
188076	1843	27	CM	69	76	63	56	72	69	66	66	0
188197	112679	52	ST	69	69	58	70	57	65	46	77	0
188277	744	54	LB	69	71	74	57	63	62	70	67	0
188390	2007	22	RB	69	71	76	38	69	66	70	66	0
188403	110930	140	CM	69	75	74	54	63	70	64	53	0
188406	673	18	LM	69	73	87	64	62	73	45	66	1
188499	110912	27	CM	69	65	60	58	71	64	65	62	0
188554	100831	45	LM	69	78	76	69	68	77	38	56	1
188599	570	27	ST	69	72	78	67	59	71	45	64	0
188612	110741	27	LW	69	73	70	67	67	71	38	52	0
188756	673	7	LB	69	73	92	53	62	74	68	70	1
188836	12	14	GK	69	78	71	67	65	72	55	68	0
189209	31	21	CAM	69	74	82	61	65	74	41	44	0
189263	36	48	ST	69	69	76	63	63	75	42	65	0
189296	46	1	GK	69	80	75	69	52	74	28	64	0
189432	894	145	ST	69	72	75	67	55	73	45	61	0
189446	1796	14	LM	69	74	84	63	64	71	44	47	0
189502	111050	54	ST	69	76	91	66	59	75	38	52	1
189615	94	14	LB	69	79	82	54	68	66	66	57	0
189701	468	45	CB	69	74	50	56	63	50	71	67	0
189729	111974	47	CB	69	75	69	39	53	52	70	71	0
190093	472	45	LB	69	73	82	51	62	68	68	62	0
190112	110089	40	CM	69	69	70	65	69	67	54	69	0
190122	91	42	RM	69	73	74	62	70	69	60	61	0
190228	1039	54	CAM	69	75	75	68	62	71	40	52	1
190232	111043	54	CDM	69	71	62	62	66	69	69	67	0
190243	100409	47	GK	69	76	71	67	61	71	41	68	0
190357	111046	54	CB	69	67	42	53	54	48	71	71	1
190562	111144	110	LW	69	68	89	61	62	70	49	63	1
190629	111019	52	ST	69	74	82	67	60	76	38	52	0
190637	110089	33	CB	69	72	62	34	53	36	69	70	1
190716	420	101	CM	69	69	89	55	56	74	51	71	1
190717	1807	14	RM	69	75	89	68	60	72	50	70	1
190821	922	36	CM	69	69	73	55	66	74	65	70	0
190906	568	54	CAM	69	69	81	64	71	81	65	55	1
191089	106	14	ST	69	83	70	62	56	70	44	70	0
191154	245	46	RW	69	70	84	60	55	76	38	45	0
191160	110929	140	CB	69	67	63	26	43	28	72	76	0
191431	100764	54	LB	69	71	72	57	68	66	69	71	0
191895	467	54	LM	69	69	81	64	66	72	50	55	1
192105	111292	54	GK	69	69	69	63	64	69	34	75	0
192179	203	133	CB	69	69	81	42	54	54	70	74	1
192205	189	44	CDM	69	75	60	57	70	63	64	67	0
192370	1878	52	CAM	69	74	77	66	67	73	40	58	0
192555	1853	129	CDM	69	75	46	33	57	53	70	70	0
192557	171	21	LB	69	78	75	51	71	71	65	66	0
192565	169	21	CAM	69	76	72	63	70	74	50	46	0
192573	1629	54	CB	69	76	62	40	53	47	67	77	0
192594	110456	60	CB	69	72	59	36	63	53	71	76	0
192596	1853	45	CB	69	74	57	43	56	49	71	69	1
192612	31	10	CM	69	69	67	65	69	75	65	66	1
192641	100409	21	CDM	69	76	59	50	66	61	71	68	1
192645	169	21	ST	69	73	68	65	54	67	48	72	0
192789	483	45	RB	69	76	77	51	62	62	68	64	0
192790	449	45	CM	69	73	66	63	75	72	52	50	1
192955	1914	37	CM	69	75	67	63	71	68	50	54	0
193159	111328	60	ST	69	70	67	67	40	69	42	66	0
193247	256	4	GK	69	74	73	61	63	76	47	68	1
193336	111540	44	GK	69	78	72	63	57	78	53	67	0
193414	111717	52	LM	69	76	69	59	69	70	56	62	0
193415	110770	117	LM	69	78	84	69	60	75	39	56	0
193510	46	52	CB	69	74	55	32	55	40	71	68	1
193584	254	4	LM	69	73	77	68	64	72	45	68	0
193685	247	9	RM	69	69	74	58	68	71	66	66	0
193688	433	46	CB	69	69	68	55	55	50	73	70	0
193739	320	46	CM	69	76	61	52	68	68	69	66	0
193953	226	118	LM	69	75	80	65	67	71	43	68	0
194053	28	21	CB	69	76	61	46	51	38	70	74	1
194091	91	14	LM	69	77	74	59	65	73	48	42	0
194108	1843	44	CM	69	74	65	62	72	69	65	59	0
194171	110929	148	CF	69	75	79	69	53	70	42	64	0
194174	110364	45	RW	69	76	76	61	65	73	39	50	0
194200	1861	45	CB	69	72	66	27	49	42	69	71	0
194647	453	45	GK	69	78	64	75	62	69	56	73	1
194704	111928	81	RM	69	64	85	63	60	75	50	55	1
194795	14	55	RB	69	68	71	45	63	65	70	66	0
194885	1877	52	RM	69	76	75	61	71	66	66	60	0
195010	110109	49	GK	69	69	70	72	60	68	45	69	0
195091	111044	54	CDM	69	75	73	63	61	50	75	68	1
196069	110980	55	RW	69	72	88	58	69	72	68	64	1
196580	110456	108	CB	69	73	68	35	59	47	70	72	0
197062	237	38	CB	69	75	61	47	57	57	68	76	0
197165	112134	95	ST	69	75	72	64	46	67	50	66	0
197973	15029	55	CB	69	72	70	47	65	61	70	74	0
198031	1892	38	CAM	69	77	64	68	67	74	42	55	1
198133	2	34	RB	69	77	73	71	69	70	63	67	1
198193	171	43	RM	69	74	83	66	63	75	40	60	1
198426	111706	52	CAM	69	73	70	62	73	70	60	53	0
198504	171	47	ST	69	82	77	67	56	66	45	65	0
198553	298	72	RB	69	76	87	60	66	70	68	64	1
198900	200	51	CB	69	76	56	43	47	58	69	67	0
198971	673	117	CM	69	69	65	60	64	69	66	72	1
199043	15029	55	GK	69	70	70	71	75	75	36	66	1
199051	10020	18	CB	69	73	56	40	53	52	71	65	0
199195	65	18	CM	69	70	79	55	65	68	66	52	0
199236	983	167	LB	69	77	87	49	66	64	69	66	1
199287	111271	108	CDM	69	76	74	47	62	46	71	51	0
199353	110329	21	LM	69	74	83	66	65	74	44	47	0
199464	110456	18	CB	69	78	66	27	59	54	69	67	0
199752	1516	133	LM	69	74	92	62	57	70	46	63	1
199779	485	21	CB	69	79	54	35	63	61	72	72	0
199829	110062	45	CDM	69	73	56	56	71	62	65	58	0
199854	571	45	LW	69	74	84	54	54	80	35	42	1
199912	1824	21	CAM	69	74	71	60	67	74	41	56	0
200108	245	13	LB	69	78	76	41	67	68	68	70	0
200271	237	38	LW	69	75	83	63	62	78	46	58	1
200302	620	42	LB	69	75	76	35	62	71	69	60	0
200478	91	25	CM	69	78	67	59	68	65	68	65	0
200536	166	21	LM	69	78	88	47	68	70	67	62	1
200702	190	133	LW	69	74	93	59	61	73	39	59	1
200888	1893	38	CDM	69	81	68	53	62	56	71	69	0
201136	294	18	RB	69	76	72	36	67	52	69	61	0
201143	379	18	RB	69	79	70	39	69	64	68	71	0
201265	2	13	ST	69	76	76	69	58	71	39	62	1
201363	110374	54	ST	69	78	80	65	55	76	40	62	0
201908	9	14	RB	69	80	68	28	64	58	72	75	0
201955	13	18	LB	69	79	75	50	64	71	70	64	0
202078	111140	122	RW	69	76	87	63	60	71	49	64	1
202088	25	21	RM	69	74	80	63	66	73	39	53	0
202169	417	95	RM	69	75	93	59	52	75	56	58	1
202371	231	7	RB	69	78	70	67	67	69	70	69	0
202458	1910	34	CAM	69	74	76	58	67	73	39	46	0
202475	1909	20	ST	69	69	75	65	56	83	39	49	1
202491	15	14	CM	69	82	69	57	75	68	51	43	1
202517	7	22	ST	69	69	67	65	48	60	46	76	1
202529	452	45	LB	69	73	78	44	60	64	68	62	0
202539	110	42	ST	69	75	77	70	61	67	39	62	0
202605	433	46	CB	69	76	56	49	54	50	71	70	1
202828	200	27	CM	69	81	64	64	71	67	64	64	0
203030	175	21	CB	69	81	67	41	53	47	70	71	0
203067	111140	56	CDM	69	69	75	61	64	68	67	58	0
203106	485	21	LM	69	81	82	62	69	73	56	53	0
203671	206	52	LW	69	71	85	65	55	74	44	73	1
203699	379	18	ST	69	71	68	65	52	66	43	72	0
203903	245	13	RW	69	80	74	58	62	77	46	53	1
203928	695	59	GK	69	69	69	67	59	78	51	66	0
204040	1043	54	CDM	69	77	72	65	68	70	68	70	0
204099	78	119	ST	69	75	64	64	51	58	46	75	1
204153	33	21	CDM	69	74	68	59	67	64	69	70	0
204214	111974	39	ST	69	74	74	65	53	63	42	75	0
204488	112225	27	ST	69	75	72	65	52	62	45	79	1
204493	100409	4	CM	69	76	62	59	70	67	68	60	1
205330	1823	80	CAM	69	78	81	63	68	68	60	57	0
205452	36	21	CB	69	82	67	43	63	61	70	71	0
205510	110152	60	CAM	69	69	93	67	66	69	63	67	1
205565	1903	34	LB	69	74	67	31	59	57	71	78	1
205603	650	34	ST	69	74	74	63	58	69	53	70	0
205857	110929	140	CB	69	73	65	34	47	47	70	72	0
205895	29	17	CM	69	73	80	63	66	72	60	57	0
205923	1960	50	LB	69	79	76	47	70	65	68	63	0
206222	453	45	CB	69	75	76	49	64	60	72	59	0
206590	483	45	LM	69	81	72	66	68	73	35	50	0
206601	110556	27	RB	69	75	69	37	66	57	68	68	0
206604	111327	55	CB	69	73	64	32	40	43	72	72	0
207510	17	163	ST	69	69	77	65	46	69	48	65	0
207523	175	51	CDM	69	76	67	46	65	68	71	70	0
207566	237	38	CDM	69	85	62	48	63	62	71	72	1
207641	101097	55	RM	69	79	92	66	67	75	64	56	1
207689	112225	22	CM	69	77	79	64	65	72	55	59	0
207711	449	45	ST	69	74	76	63	61	70	38	60	0
207958	111043	54	CB	69	69	54	58	60	64	74	69	0
207993	34	21	LB	69	80	77	43	64	61	72	68	0
208004	245	34	CB	69	79	68	38	64	63	70	66	0
208103	110710	27	RW	69	80	77	64	62	74	37	66	0
208251	206	27	ST	69	80	68	68	40	67	38	68	0
208298	694	52	CAM	69	70	75	63	66	69	50	56	0
208461	1913	34	CM	69	74	67	54	68	68	67	71	0
208670	1913	34	CAM	69	79	70	64	71	72	50	53	0
208722	191	136	LM	69	77	87	67	59	75	43	48	1
208824	55	54	CDM	69	78	66	45	64	67	68	65	0
208828	111050	54	RB	69	75	76	53	65	70	69	66	0
208838	111139	52	LM	69	71	76	58	66	72	42	54	0
208916	112139	183	ST	69	71	75	61	39	65	42	79	1
208923	112139	183	CM	69	74	76	57	70	67	68	64	0
208926	112139	183	GK	69	72	68	67	67	72	46	74	0
208949	605	183	LM	69	75	87	72	61	72	48	51	1
208960	101106	56	CDM	69	69	79	61	70	71	61	60	0
209019	1043	54	LB	69	72	76	58	71	73	66	64	0
209308	1719	54	RB	69	69	77	74	73	68	70	57	1
209567	112390	183	ST	69	72	79	65	57	70	41	69	0
209608	110781	56	LM	69	74	92	62	61	74	44	52	1
210234	237	118	ST	69	79	73	66	62	67	45	78	0
210372	66	18	LW	69	77	78	62	71	75	43	66	0
210404	112124	136	ST	69	74	68	64	54	68	42	66	0
210602	605	183	RM	69	74	85	67	63	73	37	50	1
210603	605	183	RB	69	71	90	57	70	76	68	57	1
212772	231	72	CB	69	72	66	29	49	50	70	72	0
213581	110394	52	RB	69	75	64	46	59	52	69	66	0
214009	101102	56	CDM	69	80	76	50	65	64	68	61	0
215273	1629	54	CB	69	72	56	40	47	41	69	78	1
215533	1908	34	GK	69	76	70	70	64	71	48	67	0
215930	52	10	CB	69	78	69	28	41	52	70	74	0
178086	243	45	GK	69	75	67	76	64	75	55	61	1
7656	112237	27	CDM	69	69	59	49	70	66	71	62	0
194872	100767	40	GK	69	75	67	64	62	74	43	71	0
204709	237	55	ST	69	80	72	65	48	72	42	67	0
195912	112387	167	ST	69	75	67	65	53	66	50	70	0
768	50	54	CB	68	71	53	40	62	56	68	68	0
1102	697	27	GK	68	68	69	70	64	71	42	64	0
2587	1799	14	ST	68	68	52	69	58	61	39	70	0
5231	378	18	RB	68	63	78	50	59	61	69	67	0
7597	39	27	GK	68	66	66	66	60	70	33	78	1
8012	1904	34	LW	68	68	62	71	62	76	48	54	0
8210	665	38	CAM	68	67	73	63	64	71	41	51	0
8264	1892	38	RB	68	66	74	51	66	67	67	65	0
8830	203	27	CM	68	68	53	65	72	67	66	54	0
10584	200	27	CB	68	65	54	56	69	63	72	62	0
12666	689	18	CAM	68	68	64	66	68	71	46	69	0
19687	1873	37	CB	68	68	32	51	63	61	70	68	0
28108	1917	42	LB	68	67	53	48	67	63	67	66	0
28178	83	42	LB	68	68	73	44	67	62	68	74	0
28230	1905	34	RM	68	69	78	55	63	75	38	44	0
34308	300	24	CB	68	67	63	49	56	51	70	69	0
44985	272	13	CB	68	68	36	33	49	40	67	70	0
45080	200	27	CB	68	67	59	37	58	53	69	70	0
46154	1053	54	CB	68	68	71	63	72	76	68	60	1
49026	190	27	ST	68	69	60	60	54	59	47	82	1
49045	82	42	ST	68	70	52	69	58	62	40	66	0
49223	631	42	RM	68	66	60	68	64	70	63	54	1
49613	1838	60	CB	68	67	34	65	68	68	70	80	1
50429	477	61	CAM	68	68	65	65	75	66	42	55	1
50723	1793	14	GK	68	66	66	72	66	70	51	67	1
50763	1952	14	GK	68	68	65	71	70	62	34	73	0
51358	1908	34	CB	68	68	33	40	58	43	70	72	0
51373	3	14	CAM	68	68	53	65	67	66	55	62	0
51513	1961	42	RM	68	67	69	64	68	68	62	47	0
52682	463	45	LB	68	68	73	56	71	64	68	58	0
52778	900	47	LB	68	67	70	60	65	62	68	76	0
53011	162	21	CB	68	66	44	34	51	47	70	73	0
53409	1807	14	CB	68	68	59	30	50	37	70	66	1
53435	97	133	CB	68	68	62	42	34	40	70	78	1
53521	14	14	ST	68	68	52	67	60	64	50	79	1
53585	1960	14	CB	68	68	34	26	49	40	69	77	0
53604	1808	42	CB	68	68	50	25	60	50	67	67	1
53719	97	14	CM	68	68	69	63	69	67	61	60	1
53759	1795	82	CB	68	67	70	32	61	54	69	66	0
53849	1793	63	CDM	68	67	60	56	58	59	71	71	1
100329	1952	136	CB	68	67	30	40	47	42	70	75	1
100758	94	25	LM	68	67	71	55	67	69	68	68	0
100807	1884	22	GK	68	68	65	70	66	70	27	68	0
101015	480	83	CF	68	68	71	70	64	72	41	60	0
101803	165	44	CDM	68	69	53	59	65	58	69	80	1
102088	112487	27	CM	68	67	59	57	72	64	70	62	0
107305	379	18	CB	68	71	62	42	59	56	66	74	0
107494	110915	27	GK	68	67	66	64	61	68	26	72	0
108075	614	54	ST	68	68	68	68	64	71	39	64	0
112778	571	45	CDM	68	67	61	60	62	64	68	68	0
116655	110326	18	CDM	68	66	55	69	69	59	66	72	1
118054	111395	21	LW	68	68	64	66	68	73	45	59	0
122445	100634	117	CM	68	66	67	59	65	69	65	57	0
134746	1793	28	CB	68	67	48	34	49	48	69	74	1
135095	111043	54	CB	68	68	71	29	44	40	70	70	0
135447	1039	54	CB	68	68	63	51	36	33	67	70	0
136285	110765	167	CAM	68	68	81	65	60	70	41	50	0
136601	982	167	GK	68	69	67	69	70	68	35	68	0
137261	100409	21	RB	68	68	64	36	56	48	70	66	0
137277	687	95	CM	68	68	69	64	64	65	60	62	0
137510	1913	34	CB	68	69	51	45	63	47	68	72	0
137774	206	27	CB	68	71	59	28	44	36	70	69	0
138052	111065	95	CB	68	68	60	41	49	52	70	72	0
138065	379	18	LB	68	69	70	47	69	67	68	56	0
138247	700	13	GK	68	68	61	69	68	70	50	72	1
138373	1904	34	CB	68	67	52	60	70	62	70	69	0
138452	1048	54	CB	68	68	75	56	69	74	68	64	1
138528	100831	45	LB	68	68	70	39	67	60	68	59	0
138722	109	14	RB	68	71	68	54	64	67	68	66	0
139017	110152	83	CDM	68	65	41	61	72	65	69	58	0
139572	110724	7	RM	68	69	75	62	63	74	47	54	0
139727	674	7	GK	68	68	72	65	73	73	47	62	0
139871	1902	34	LM	68	68	63	73	70	65	63	58	1
139974	239	111	CM	68	68	72	64	69	72	60	71	0
140156	1882	83	ST	68	64	66	66	54	65	48	65	0
140271	112578	56	CDM	68	66	57	62	71	62	70	66	0
140284	1887	38	CB	68	70	54	55	63	57	71	70	0
140422	4	14	RB	68	69	77	39	52	56	72	75	1
140545	1814	18	CAM	68	64	71	57	68	70	48	59	0
140798	110234	9	RM	68	66	57	72	69	68	54	60	1
142313	62	18	LB	68	68	66	52	65	62	67	69	0
142670	110554	52	CM	68	70	69	57	67	67	70	63	0
142710	112526	56	CB	68	67	31	50	47	47	70	70	0
142774	110093	58	LB	68	68	73	57	66	61	69	66	0
142783	111022	58	CM	68	68	65	60	74	72	62	66	0
143088	1877	52	RM	68	67	70	57	74	68	50	59	0
143274	15005	7	CB	68	68	44	38	62	50	69	69	0
144968	298	46	LB	68	66	66	59	68	64	70	70	0
144979	418	46	GK	68	64	67	65	67	71	54	72	1
145020	100831	45	CDM	68	68	56	64	75	58	57	46	1
145149	110062	45	ST	68	67	70	64	63	73	46	49	0
145591	1807	45	CB	68	64	54	59	62	47	67	77	1
145595	468	45	CM	68	68	61	58	64	58	68	62	0
146459	2023	45	CM	68	68	68	65	71	68	52	55	0
146464	110062	45	CB	68	68	58	44	37	46	71	66	1
146537	2023	45	CDM	68	68	63	55	68	60	59	58	0
146621	450	45	ST	68	68	41	63	59	57	54	82	1
146637	100831	45	GK	68	68	73	61	60	78	61	59	1
146704	33	45	CB	68	69	56	50	49	52	70	71	1
147042	1793	40	ST	68	69	56	71	58	61	47	71	1
148625	1884	34	CDM	68	69	63	58	67	70	66	70	0
148866	1905	34	CDM	68	68	56	64	68	64	66	64	0
149309	111974	27	GK	68	69	67	64	50	75	32	70	0
149611	112237	10	ST	68	65	34	64	47	63	48	83	1
149612	17	54	LM	68	67	68	65	67	71	49	71	0
150414	160	21	CB	68	66	41	51	64	37	68	72	0
150675	112199	18	LB	68	67	62	40	67	41	69	71	0
151225	14	50	CB	68	67	52	34	57	45	69	75	0
151586	1788	13	LW	68	68	75	67	68	62	62	61	0
151708	819	13	GK	68	67	71	64	77	73	40	64	1
152211	111239	4	GK	68	68	69	63	66	73	54	64	0
152273	191	4	CB	68	72	67	54	53	57	63	82	1
152880	14	14	LB	68	69	69	65	68	70	66	65	0
152883	687	95	CB	68	71	53	49	53	54	71	76	1
152893	111139	95	GK	68	64	72	69	53	69	55	68	0
152896	695	81	CM	68	68	79	68	65	69	41	45	0
153004	1871	37	LB	68	68	72	45	60	59	68	65	0
154543	110741	27	ST	68	67	74	66	55	63	40	65	0
154563	110364	27	LB	68	66	73	60	68	68	68	64	0
154867	110089	39	LM	68	66	57	69	69	70	36	61	0
155267	33	70	ST	68	64	48	64	52	56	49	79	1
155277	111139	70	CDM	68	66	71	66	67	70	66	66	0
155309	1474	167	ST	68	68	79	68	56	66	47	76	1
155532	110	133	GK	68	71	70	68	63	70	50	68	0
155676	111092	37	CDM	68	66	64	71	66	57	69	75	1
155681	1853	103	ST	68	68	86	65	60	69	49	70	1
155724	88	14	CM	68	68	58	73	68	67	50	54	1
155931	1855	45	GK	68	71	82	58	55	81	36	57	1
155961	457	45	GK	68	68	74	64	60	75	42	64	0
155964	97	195	ST	68	68	75	64	55	67	50	69	0
156164	1932	14	CB	68	67	68	40	62	54	66	73	0
156373	1028	83	LB	68	68	72	67	71	69	65	61	0
156443	166	21	CB	68	69	58	36	51	50	68	71	0
156649	71	18	RM	68	66	68	64	69	71	45	60	0
156662	110392	52	CM	68	67	53	62	64	65	70	67	0
156688	110109	54	ST	68	69	75	66	47	79	47	53	1
156894	4	14	CAM	68	67	67	66	66	67	67	70	0
157300	1530	18	ST	68	65	72	64	49	68	43	72	0
157707	111395	1	ST	68	68	74	61	48	66	50	74	0
157803	110596	1	ST	68	68	53	66	59	65	45	68	0
158131	110329	21	CB	68	68	65	28	46	51	68	74	0
158172	1831	21	CDM	68	69	72	49	67	66	68	66	0
158394	110500	21	LB	68	70	72	53	67	65	67	64	0
158483	1893	47	GK	68	65	71	66	61	69	46	67	0
158595	1878	83	CDM	68	72	63	48	70	64	69	68	0
158663	110596	21	LB	68	70	78	67	69	65	52	59	0
158664	29	21	CDM	68	70	70	57	68	70	60	64	0
159017	873	17	CAM	68	69	76	59	64	66	57	57	0
159039	1744	27	CB	68	68	45	39	50	37	70	74	0
159040	50	27	CM	68	68	41	66	70	62	64	74	0
159051	1901	18	GK	68	67	73	66	57	72	38	66	0
159096	111264	24	CB	68	68	52	39	48	37	70	68	0
159202	1882	83	LB	68	68	67	50	66	64	69	64	0
159332	110152	83	GK	68	63	68	67	61	70	49	68	0
160556	100764	6	ST	68	68	65	66	58	60	46	74	0
161733	1970	83	CB	68	68	55	48	58	51	68	82	1
161781	110913	51	CM	68	66	67	73	70	67	67	69	1
161787	894	47	LM	68	72	58	59	69	71	40	52	0
162471	97	25	ST	68	67	76	64	62	69	48	69	0
162476	1960	14	ST	68	67	79	63	54	65	46	73	0
162780	110109	40	CAM	68	74	69	65	67	69	59	66	1
163263	695	95	ST	68	65	55	68	57	64	48	76	1
163495	1747	7	RM	68	68	69	65	68	64	48	62	0
163570	1808	50	CM	68	68	63	67	68	64	66	65	0
163619	77	25	RM	68	71	81	61	63	72	50	48	0
163670	896	46	LB	68	68	84	46	68	68	68	55	0
163779	4	14	LB	68	68	68	39	63	57	68	52	0
163806	450	45	GK	68	72	64	68	79	66	46	74	1
163927	112124	27	CM	68	67	55	66	69	67	62	60	0
164375	112487	27	CB	68	65	58	41	48	43	71	71	1
164464	689	14	ST	68	73	84	64	49	67	43	66	1
164610	693	95	CDM	68	68	66	63	56	63	68	68	1
164858	165	17	CDM	68	71	33	60	65	54	69	64	1
165065	246	108	LW	68	69	80	67	54	66	47	67	0
165219	14	14	CB	68	73	65	37	58	47	67	68	1
165226	1799	25	CAM	68	67	69	64	70	65	57	55	0
165237	1799	18	LB	68	68	61	49	67	60	71	68	0
165243	111271	18	CB	68	71	61	45	71	61	68	70	0
165244	112409	27	CB	68	69	59	40	54	43	70	73	0
165269	226	144	CAM	68	73	80	65	60	73	41	66	0
165564	922	117	GK	68	71	67	69	65	72	61	66	1
165761	111042	54	CM	68	68	70	63	67	71	52	55	1
166039	110930	147	ST	68	67	71	65	49	65	43	71	0
166744	100766	40	GK	68	72	67	66	65	71	38	67	0
166838	1943	14	LM	68	68	82	64	64	69	39	52	0
167180	1456	36	CM	68	65	81	63	69	74	61	66	0
167497	1906	46	ST	68	70	58	66	52	60	46	74	0
167803	94	14	GK	68	71	73	64	62	72	56	66	0
167931	13	14	GK	68	71	69	66	67	71	47	68	0
168379	459	45	RM	68	72	73	57	61	73	54	59	0
168676	110234	43	ST	68	68	63	68	67	63	43	66	1
169106	226	18	RM	68	68	79	60	62	75	44	52	0
169405	111239	10	CB	68	66	31	40	45	34	69	73	1
169407	110500	21	ST	68	68	67	65	52	61	41	65	1
169447	111396	198	CM	68	68	75	69	61	73	49	53	0
169568	1939	14	RWB	68	64	80	67	66	75	39	40	0
169804	217	18	RB	68	69	65	38	70	61	68	66	0
170307	1838	27	CB	68	70	65	45	53	46	70	68	0
170569	450	45	ST	68	68	77	64	50	69	42	70	0
170814	100087	7	ST	68	66	74	65	54	63	41	70	0
171077	2023	45	RB	68	68	76	48	53	56	69	64	0
171082	1903	7	ST	68	71	88	63	63	73	41	52	1
171139	1861	45	ST	68	68	66	65	59	73	46	66	1
171363	110144	83	CB	68	68	48	46	53	53	67	76	0
171364	111678	95	LB	68	69	84	51	64	71	65	64	0
171555	100764	43	GK	68	68	71	68	63	73	41	62	0
171881	91	25	ST	68	69	81	61	51	58	50	72	0
172041	298	13	RW	68	67	88	49	63	70	39	49	1
172050	100081	18	CB	68	68	62	38	65	61	70	68	0
172149	100081	7	CDM	68	70	66	46	66	64	68	64	0
172412	200	27	RW	68	68	86	69	64	72	41	57	1
172529	673	13	LB	68	70	81	52	68	66	68	70	0
172561	112424	13	LB	68	72	71	55	70	64	65	55	0
172780	1943	14	ST	68	74	68	70	62	65	40	67	0
172950	101112	95	CB	68	68	50	37	47	40	69	72	1
173370	696	95	CM	68	72	73	64	68	72	62	64	1
173602	450	45	CB	68	68	55	46	65	57	71	61	0
173673	1952	25	CM	68	70	72	69	68	74	60	64	0
174746	695	87	ST	68	67	68	65	55	66	44	67	0
174859	110832	45	CM	68	68	66	47	66	57	67	56	0
175253	110147	57	CM	68	69	64	61	73	68	65	62	0
175613	68	18	CB	68	70	53	40	63	52	67	77	0
175688	698	82	CB	68	63	70	30	62	57	69	76	0
175932	95	7	RB	68	75	87	39	57	63	68	70	1
176009	15005	7	CDM	68	71	70	60	69	71	61	52	0
176418	111292	54	CB	68	71	51	51	55	60	70	69	0
176494	10020	38	CM	68	67	62	63	67	65	66	62	0
176553	111974	27	CM	68	71	75	65	72	71	52	66	1
176766	1477	7	ST	68	68	61	65	50	60	42	77	1
176913	111019	52	GK	68	72	74	65	63	69	40	67	0
177004	687	95	GK	68	67	69	65	67	73	51	69	0
177036	25	43	ST	68	67	61	64	63	65	71	70	1
177485	192	126	ST	68	66	61	65	42	59	40	71	0
177638	462	207	CB	68	71	53	29	56	40	69	71	0
177772	1786	136	ST	68	68	65	66	45	64	48	77	0
177803	111139	27	ST	68	71	73	65	62	68	45	67	0
177815	1906	7	GK	68	68	71	66	61	71	48	67	0
177912	1445	36	CM	68	73	76	61	70	74	55	63	0
177958	1838	27	ST	68	66	70	68	55	67	47	64	0
178033	13	18	RM	68	72	87	58	62	73	45	57	1
178040	111292	54	ST	68	68	64	66	50	69	40	72	0
178059	1808	34	CM	68	68	67	57	70	70	65	66	0
178063	112487	97	CF	68	67	74	66	63	70	48	68	0
178113	312	51	LB	68	68	66	42	76	62	69	63	1
178187	1913	21	CB	68	68	74	42	60	59	67	72	0
178374	1747	116	CAM	68	70	73	70	54	69	45	63	0
178414	1902	34	CB	68	66	58	65	67	63	70	72	0
178565	110406	52	LB	68	68	84	35	67	46	67	62	0
179633	1910	13	CAM	68	70	79	63	68	69	43	54	0
179698	111706	52	LB	68	68	74	58	68	69	67	67	0
179708	111139	56	CB	68	68	66	40	50	34	69	72	0
179778	111144	95	RM	68	67	70	67	65	64	68	69	0
179822	110930	140	RB	68	73	74	55	67	72	65	62	0
179856	1932	14	CM	68	67	69	50	66	64	65	58	0
179924	14	14	CDM	68	66	65	58	66	67	65	66	0
180250	1476	54	LW	68	71	80	66	59	72	59	63	0
180359	242	38	LM	68	69	75	52	70	72	65	54	0
180433	110636	21	RB	68	68	67	48	60	56	68	67	0
180440	420	37	CB	68	67	65	33	54	54	68	69	0
180706	1926	35	CB	68	70	67	31	56	52	69	72	0
180942	25	12	CB	68	69	28	39	41	35	73	72	1
181214	315	28	CM	68	75	75	62	69	69	58	53	0
181298	269	46	CB	68	71	81	31	42	34	70	74	0
181412	1039	54	CB	68	68	76	56	67	69	69	64	0
181499	378	18	CM	68	65	60	48	69	64	67	58	0
181777	256	44	CM	68	68	73	63	67	73	47	55	0
181866	110596	195	ST	68	68	91	59	63	68	44	56	1
182091	111397	198	ST	68	66	86	65	53	73	43	52	1
182107	111043	54	LW	68	74	86	64	61	73	45	66	1
182147	383	54	CDM	68	68	63	71	66	60	71	52	1
182628	111086	38	ST	68	70	73	64	63	69	45	68	0
182641	1901	38	CDM	68	68	63	51	66	67	67	69	0
182743	36	21	GK	68	72	71	66	59	71	57	65	0
182864	110392	60	ST	68	72	64	64	61	65	43	70	0
183068	62	18	RM	68	71	92	62	59	68	46	63	1
183156	110329	21	CM	68	68	52	62	63	62	70	72	1
183392	670	7	ST	68	72	72	67	47	61	42	76	0
183420	278	45	CDM	68	73	66	51	63	63	68	63	0
183471	110770	195	CAM	68	74	76	66	64	71	49	56	0
183520	1039	45	CM	68	74	72	68	72	73	54	49	1
183662	29	4	CM	68	68	91	63	64	69	44	59	1
183920	160	21	ST	68	72	77	66	52	65	47	71	0
183936	1902	34	CAM	68	71	65	63	64	68	68	70	0
183939	1904	34	LW	68	70	81	59	57	72	42	52	0
183955	100081	18	RM	68	68	81	66	62	67	43	69	0
184334	1478	167	CAM	68	72	85	61	63	68	62	46	1
184450	1902	34	CM	68	72	51	61	67	70	60	62	0
184456	14	95	RB	68	73	75	42	58	66	69	62	0
184467	1926	14	ST	68	71	90	61	49	75	38	68	1
184480	1793	50	ST	68	73	78	66	62	71	50	63	0
184565	1915	44	RW	68	66	72	63	66	72	52	62	0
184634	1902	7	CB	68	71	52	38	56	49	68	74	0
184781	294	51	GK	68	73	69	67	55	71	47	68	0
184853	1053	54	LB	68	70	83	56	67	71	65	62	0
184873	378	108	CB	68	65	61	37	48	39	69	70	1
184895	232	7	RM	68	75	81	70	65	72	40	60	0
184924	1807	99	LB	68	70	78	49	58	56	70	82	1
184965	452	54	RB	68	74	68	52	69	74	68	61	0
185026	450	45	CB	68	70	43	35	45	40	66	76	1
185030	650	34	RW	68	69	85	65	62	71	42	60	1
185046	665	54	CDM	68	67	61	46	68	69	69	67	0
185120	110915	27	CB	68	72	59	37	48	50	68	70	0
185313	100765	6	CDM	68	68	67	30	62	49	71	74	0
185349	2007	7	LB	68	72	84	50	65	66	65	73	0
185400	110636	20	CAM	68	73	68	54	70	74	44	53	0
186100	111139	45	CB	68	67	73	38	62	36	67	70	0
186102	472	133	ST	68	75	76	67	46	61	41	69	0
186132	95	14	CM	68	78	70	56	68	68	55	56	0
186260	673	23	GK	68	71	71	62	66	73	51	66	0
186335	432	46	CB	68	71	61	35	59	57	69	69	0
186385	1939	14	CM	68	74	68	61	67	69	62	50	0
186392	1799	14	RB	68	78	66	37	72	64	69	65	0
186395	1943	14	RM	68	74	72	57	62	70	56	51	0
186400	110770	47	CB	68	71	49	41	60	59	70	69	0
186541	1880	83	RB	68	71	67	59	65	60	69	67	0
186645	697	95	RB	68	68	84	53	60	64	68	70	1
186876	78	133	CB	68	74	73	46	63	67	68	74	0
186881	256	195	CDM	68	71	68	58	65	64	66	58	0
186939	110329	21	ST	68	72	70	64	49	64	44	71	0
186941	38	21	GK	68	73	69	65	65	71	36	70	0
186950	1843	47	LM	68	78	85	53	64	69	65	70	1
186962	1820	18	CB	68	73	64	32	60	54	68	68	0
187004	1887	132	ST	68	74	91	64	52	57	43	71	1
187085	110144	83	RB	68	71	80	50	62	70	64	63	0
187110	1880	83	LB	68	72	76	58	66	65	67	60	0
187228	110144	83	ST	68	71	70	64	60	67	43	78	0
187256	110147	83	ST	68	73	69	64	52	66	41	68	0
187337	320	46	RM	68	74	83	67	61	71	45	52	0
187489	1952	25	CM	68	72	53	56	71	66	68	70	0
187491	312	40	ST	68	75	73	68	62	67	42	62	0
187577	110233	40	CAM	68	74	73	67	66	71	57	59	0
187850	485	47	RM	68	76	79	59	63	74	43	51	0
188103	3	45	RM	68	79	70	71	62	70	49	62	0
188182	110636	21	RB	68	70	74	41	59	62	70	71	0
188194	101085	52	LB	68	69	80	60	66	71	65	61	0
188538	1896	18	CB	68	74	52	27	50	43	69	72	0
188541	1844	27	RM	68	75	84	63	64	69	58	63	0
188580	160	13	ST	68	68	70	70	65	71	46	63	1
188617	206	27	CM	68	67	69	58	72	64	66	67	0
188765	614	97	CDM	68	68	63	49	62	44	68	72	0
188770	25	47	CF	68	79	73	66	49	68	39	55	0
188930	242	45	RB	68	70	80	47	61	65	67	62	0
188975	1913	78	LM	68	71	70	69	66	77	51	47	0
189106	674	45	RB	68	68	72	38	59	59	71	69	0
189135	110144	83	LM	68	72	81	67	62	71	49	50	0
189431	820	46	ST	68	75	69	63	60	69	43	54	1
189451	1881	52	ST	68	72	56	67	50	67	55	74	1
189558	1837	37	CB	68	74	60	55	64	61	68	74	0
189669	1838	52	CB	68	66	45	39	54	46	70	72	0
189713	100632	34	CAM	68	71	61	68	65	68	48	62	0
189717	232	161	ST	68	70	78	63	58	74	47	58	0
189736	112020	27	CM	68	74	78	63	69	77	58	59	0
189757	710	47	ST	68	68	71	61	50	71	46	65	1
189899	650	34	CB	68	70	53	42	57	51	69	70	0
190074	111993	27	RW	68	70	79	61	64	69	49	62	0
190160	8	82	CM	68	67	82	68	64	64	73	72	1
190195	62	126	GK	68	72	72	69	57	76	54	60	1
190313	271	20	RM	68	68	75	62	65	69	48	60	0
190424	231	117	CM	68	73	71	39	60	66	70	57	0
190445	1	117	CDM	68	74	73	57	64	69	68	63	0
190459	1456	36	GK	68	75	66	68	63	70	34	71	0
190494	232	117	RB	68	75	90	49	66	70	67	65	1
190630	694	81	CDM	68	68	61	45	60	63	71	64	0
190640	1910	24	CDM	68	72	73	57	66	65	68	73	0
190653	1882	83	RM	68	76	87	60	63	68	40	55	1
190698	873	8	GK	68	73	70	65	61	75	30	62	0
190738	191	36	ST	68	75	78	65	52	67	51	62	0
190769	1838	27	GK	68	75	68	69	66	71	29	67	0
190792	670	110	GK	68	71	75	60	62	74	53	62	0
190883	697	95	CB	68	70	74	47	60	62	69	69	0
190907	567	54	LW	68	76	90	61	60	77	47	61	1
190941	269	17	GK	68	73	72	68	72	67	42	66	0
190943	1788	13	LW	68	74	76	60	54	77	41	58	0
190981	1445	36	ST	68	74	83	61	54	67	44	69	0
191059	468	45	CDM	68	71	63	72	77	71	61	56	1
191123	254	4	ST	68	74	79	70	60	68	39	64	0
191257	1831	21	RM	68	68	79	62	62	68	42	70	0
191259	10030	21	RB	68	70	80	53	65	64	66	59	0
191269	605	183	CM	68	69	77	53	69	72	61	50	0
191390	229	18	LB	68	74	78	41	64	64	65	64	0
191409	111674	183	ST	68	71	71	65	54	64	50	81	1
191668	110231	167	ST	68	71	75	61	53	62	48	76	0
191783	191	36	CM	68	76	75	71	70	80	55	57	1
191841	605	183	ST	68	68	76	65	47	61	43	78	0
191980	15	167	LB	68	74	81	57	65	66	67	67	0
192227	1837	21	CB	68	80	66	42	50	45	69	73	0
192320	2	14	CM	68	77	57	78	72	65	58	72	1
192323	1903	195	RM	68	71	69	60	69	67	64	64	0
192358	674	34	GK	68	73	71	63	70	73	41	64	1
192766	1806	45	CB	68	80	68	28	55	50	70	64	0
192768	219	214	RB	68	71	68	27	59	53	72	70	0
192775	1853	22	LB	68	71	76	35	59	60	71	58	0
192788	479	45	LB	68	72	77	55	66	64	65	64	0
192930	1970	83	ST	68	74	88	63	54	72	46	63	1
193142	111046	54	CB	68	68	74	63	71	71	69	60	0
193143	744	38	CB	68	74	47	45	57	51	70	70	1
193152	448	45	GK	68	72	69	80	57	61	45	68	1
193172	3	14	RM	68	78	75	67	68	71	39	54	0
193195	322	47	CF	68	72	72	60	66	71	42	68	0
193220	110636	54	CB	68	72	65	33	44	49	71	69	1
193226	1823	18	ST	68	75	72	65	57	64	38	64	0
193283	819	13	CM	68	77	71	61	70	69	61	57	0
193429	598	54	RB	68	75	83	65	61	64	66	52	0
193561	1909	34	RB	68	75	73	57	66	67	68	70	0
193796	459	45	CAM	68	74	78	61	63	73	39	50	0
193887	483	58	LM	68	76	76	67	60	72	44	62	1
193985	111239	54	CB	68	69	61	53	62	56	70	68	0
194060	1744	27	CM	68	75	70	59	69	67	64	62	0
194148	91	25	CB	68	75	56	36	51	51	68	70	0
194329	457	45	CM	68	77	67	64	66	62	61	51	1
194334	1792	45	CB	68	73	65	34	53	56	70	69	0
194519	452	45	LB	68	70	79	37	55	61	69	62	0
194806	109	14	CB	68	76	68	35	40	38	67	76	0
194858	110913	26	CB	68	72	63	36	64	60	69	71	0
194876	110234	40	LW	68	76	71	67	48	65	46	74	0
194953	378	18	CB	68	72	63	28	57	48	69	69	0
194988	189	60	ST	68	68	78	67	62	71	45	57	0
194998	1806	42	CM	68	74	69	51	71	70	65	67	0
195256	379	18	LB	68	76	75	48	65	68	70	58	0
196889	1746	27	CAM	68	76	89	57	55	71	35	44	1
196898	1902	104	CB	68	67	54	50	47	57	68	75	1
197166	691	95	ST	68	77	79	64	52	71	45	71	0
197776	418	36	LM	68	69	84	58	62	67	56	58	0
197786	32	27	RB	68	76	78	47	65	57	69	66	0
198020	453	45	LB	68	74	77	43	59	62	68	65	0
198023	453	45	RB	68	71	79	44	61	66	68	62	0
198348	210	18	LW	68	74	75	63	70	72	50	44	0
198355	1841	95	GK	68	70	70	65	61	76	63	65	1
198511	234	38	GK	68	68	70	66	68	72	37	67	0
198790	100879	45	CB	68	72	58	60	51	49	67	70	1
198819	111271	18	ST	68	75	75	63	63	71	46	66	0
198849	254	22	CDM	68	74	62	46	61	57	69	70	0
198866	111050	54	CB	68	68	38	42	50	42	70	76	0
198951	226	18	ST	68	76	80	63	54	68	40	68	0
198955	110069	45	CAM	68	74	67	65	72	68	33	44	0
199107	111070	57	CDM	68	64	69	56	68	62	67	65	0
199215	256	4	RW	68	73	75	69	62	70	44	64	0
199288	503	18	CDM	68	72	64	49	63	64	69	69	0
199310	981	167	GK	68	66	68	66	64	66	56	75	0
199382	379	99	RB	68	70	68	50	69	65	67	68	0
199386	100634	34	LW	68	72	81	67	64	69	49	59	0
199387	64	52	RM	68	74	87	63	62	66	46	70	1
199511	217	18	CB	68	73	66	35	51	39	71	69	0
199532	112237	54	CF	68	69	79	66	61	72	46	67	0
199566	246	34	LB	68	74	79	62	64	72	66	66	0
199570	1880	83	RW	68	71	84	59	65	73	50	64	0
199639	650	34	LW	68	74	81	66	57	75	39	51	0
199663	674	54	CM	68	74	64	63	65	68	69	74	0
199669	674	52	CB	68	76	66	44	50	47	70	68	0
199718	1871	10	CDM	68	67	56	43	63	64	69	65	0
199729	256	4	LM	68	73	84	60	62	75	40	42	1
199761	873	37	CB	68	74	69	42	61	52	68	72	0
199764	70	18	GK	68	74	74	66	62	72	46	61	0
199818	674	108	LW	68	72	87	61	57	73	38	63	1
199931	1892	38	LW	68	74	84	60	60	73	34	44	0
200110	1915	34	GK	68	76	70	68	65	70	47	66	0
200120	101101	56	CAM	68	75	89	53	68	79	38	57	1
200260	1906	34	RW	68	75	75	61	62	73	42	57	0
200301	620	42	CAM	68	74	69	52	64	71	61	60	0
200305	700	138	ST	68	68	74	66	61	77	43	70	1
200395	1861	60	CB	68	72	55	37	48	48	64	76	0
200414	15005	118	RM	68	75	78	51	60	76	48	51	0
200424	100634	34	CM	68	74	60	48	66	58	68	71	0
200471	417	133	ST	68	74	74	62	48	67	43	84	1
200678	244	45	RM	68	74	75	60	67	71	48	69	1
200698	1908	34	GK	68	74	69	69	70	69	42	67	0
200818	48	54	CB	68	78	40	44	48	49	69	67	0
201013	873	37	ST	68	75	76	63	57	70	42	70	0
201043	674	7	CAM	68	73	72	59	63	77	54	52	0
201114	573	37	CF	68	82	76	62	57	82	38	55	1
201138	1738	18	GK	68	76	77	64	64	74	59	64	1
201140	162	10	CB	68	68	66	39	59	38	67	73	1
201141	100765	40	CB	68	76	68	44	53	47	70	73	1
201155	19	14	CAM	68	84	76	63	73	75	50	51	0
201327	920	133	CM	68	73	78	64	65	69	70	75	0
201374	244	45	RB	68	76	85	40	55	60	65	63	1
201438	674	7	CDM	68	77	59	61	68	70	61	60	0
201450	100632	34	RW	68	72	91	55	59	74	34	41	1
201495	506	43	ST	68	73	81	64	57	71	40	66	0
201510	69	18	LB	68	79	73	47	62	55	66	67	0
201888	300	36	ST	68	78	69	62	47	69	47	61	0
201917	2	126	CM	68	77	75	48	62	65	71	67	0
202035	111271	18	LM	68	77	90	57	64	72	34	57	1
202087	169	21	CDM	68	82	66	60	70	67	67	72	0
202151	32	22	LB	68	78	87	55	73	66	66	46	1
202193	650	34	LW	68	72	74	69	62	72	48	66	0
202238	111292	54	CDM	68	77	74	64	70	72	68	70	0
202429	111239	21	RB	68	77	78	46	68	69	67	71	0
202547	110456	18	ST	68	77	78	67	57	69	42	64	0
202744	647	34	RW	68	75	93	51	53	72	35	38	1
202856	101105	56	ST	68	68	91	63	58	65	49	66	1
202889	232	48	CB	68	68	82	55	62	65	67	70	0
203118	1039	54	CM	68	68	78	67	66	75	45	62	1
203537	13	14	LM	68	74	83	63	64	72	45	58	1
203568	1837	37	CAM	68	76	79	60	66	65	51	62	0
203574	7	14	CB	68	79	67	38	61	56	68	67	0
203663	110741	27	CB	68	68	59	45	41	35	70	76	1
203822	10030	1	RM	68	69	76	66	66	71	50	50	1
203864	101085	52	CM	68	79	81	60	66	67	68	63	0
203890	110556	10	RM	68	80	82	45	65	66	65	68	0
203895	1960	45	CAM	68	76	77	57	66	73	43	50	0
203980	29	22	RM	68	75	78	66	65	72	42	58	0
204062	100081	140	GK	68	72	68	73	69	67	45	66	0
204078	110374	37	CAM	68	80	71	63	64	76	45	54	1
204138	245	34	RB	68	75	89	45	65	76	62	63	1
204260	58	97	RM	68	74	75	67	65	70	40	66	0
204332	1913	34	RB	68	73	78	56	65	67	68	72	0
204425	110929	140	ST	68	68	81	64	57	70	43	61	0
204427	169	21	ST	68	79	81	63	52	72	44	66	0
204519	1908	85	RB	68	74	77	52	61	66	68	70	0
204627	1913	23	CB	68	75	73	35	50	48	69	74	0
204677	696	45	CM	68	68	61	42	59	62	69	68	0
204826	1887	136	CB	68	75	53	40	42	39	69	77	1
205083	210	18	CAM	68	75	69	60	69	71	52	52	0
205175	100409	37	ST	68	81	75	66	59	57	46	71	0
205343	1809	108	RM	68	74	75	51	69	68	65	60	0
205431	165	21	ST	68	76	69	62	44	66	43	69	0
205522	244	52	CM	68	73	63	58	71	64	61	60	0
205548	54	27	CM	68	80	75	64	69	71	57	53	0
205588	25	21	CB	68	75	60	30	56	51	68	73	0
205670	1799	14	ST	68	76	83	66	55	67	36	65	0
205687	39	27	CF	68	77	89	65	57	76	37	50	1
205756	245	34	CB	68	79	69	56	67	64	65	71	0
205869	481	45	RM	68	78	79	56	59	75	37	41	0
205966	23	21	CF	68	78	80	62	61	78	37	52	1
205998	59	115	CDM	68	74	76	50	59	66	70	62	0
206511	175	21	CAM	68	82	69	63	67	70	48	51	0
206516	91	14	CM	68	85	68	45	71	70	64	58	0
206633	688	95	CAM	68	71	78	63	65	66	56	62	0
206650	101105	56	CM	68	71	70	59	66	71	69	66	0
207465	111139	54	CAM	68	68	72	62	65	68	55	38	0
207797	1862	103	CB	68	75	52	34	46	39	69	74	1
207805	432	46	CB	68	68	61	52	57	58	71	61	0
207962	111722	56	CB	68	66	49	26	47	40	72	74	1
207964	694	56	CM	68	68	74	64	66	69	58	56	0
208017	100081	10	ST	68	72	65	64	47	62	48	71	1
208100	110231	40	CB	68	77	64	44	45	33	70	71	1
208333	32	21	CM	68	83	65	56	65	72	64	61	0
208437	320	46	ST	68	73	64	67	64	65	47	66	0
208808	1908	34	RW	68	80	82	61	59	74	40	58	0
209001	607	183	ST	68	74	75	62	38	59	38	72	0
209504	23	46	LM	68	76	77	65	58	72	39	62	0
209620	165	117	LB	68	74	79	36	65	68	67	63	0
209658	34	21	RM	68	85	73	58	64	71	64	70	0
209962	1908	21	RW	68	75	74	60	69	70	52	55	0
210324	22	21	RM	68	78	77	48	63	73	36	44	0
210406	55	37	CAM	68	78	69	58	71	73	47	45	0
210413	52	27	CB	68	80	55	27	43	38	71	66	0
210514	234	38	RB	68	83	83	49	60	70	67	60	0
210536	322	18	ST	68	69	91	60	48	68	37	56	1
210801	432	117	LM	68	77	92	61	57	72	42	53	1
210868	244	45	CDM	68	73	66	54	67	67	66	61	0
211354	1844	27	CM	68	80	74	61	72	70	59	62	0
212229	237	38	CM	68	68	78	54	58	70	40	59	0
212449	38	10	CB	68	68	50	33	48	50	69	75	1
212980	171	48	CB	68	72	61	33	55	50	67	70	0
213013	229	117	LW	68	79	87	64	59	70	37	60	1
213114	59	60	RM	68	75	79	65	62	73	40	60	0
213400	189	60	CM	68	77	76	55	71	73	61	55	0
214692	480	59	LW	68	72	81	54	62	74	39	46	0
216666	206	60	CB	68	77	73	27	48	48	69	71	0
192081	517	54	ST	68	76	69	65	59	69	46	66	0
193862	1884	38	CB	68	74	53	49	49	46	72	64	1
198817	13	18	CAM	68	75	67	55	62	70	47	32	0
135656	242	45	LB	68	63	79	42	62	63	69	62	0
2091	111271	18	LB	67	67	66	58	68	71	69	53	0
2135	1903	34	ST	67	67	70	67	60	73	44	59	0
2231	111398	14	ST	67	65	32	62	60	65	63	85	1
6668	272	13	GK	67	59	70	62	71	74	37	64	0
8119	1958	82	ST	67	67	72	63	53	67	41	68	0
9273	299	36	ST	67	67	59	67	59	64	43	74	0
9764	112427	34	RW	67	67	86	57	62	71	48	56	1
9833	1914	34	GK	67	70	68	64	65	71	31	68	0
11808	39	27	RB	67	69	40	48	68	57	70	64	0
11811	8	25	CM	67	67	67	58	66	67	66	67	0
11998	165	21	CB	67	67	43	40	49	36	68	74	1
15800	417	36	CM	67	66	52	62	66	65	68	71	0
15947	697	95	CM	67	67	60	51	53	59	70	74	0
15976	1908	34	GK	67	67	65	68	65	65	39	72	0
18771	1932	14	GK	67	66	72	59	64	73	55	67	0
19271	1799	50	CB	67	69	60	33	44	47	67	72	0
19351	81	25	ST	67	64	72	62	33	66	42	71	0
19975	900	47	LM	67	67	74	60	63	67	56	54	0
20817	191	46	GK	67	67	64	60	65	69	51	72	0
27532	14	34	GK	67	67	69	64	75	73	54	62	1
27971	206	27	LB	67	70	67	46	64	61	67	62	0
33005	418	17	CB	67	63	53	49	52	40	67	72	0
41634	62	18	CM	67	65	51	51	70	58	64	59	0
43020	1926	42	CM	67	62	47	64	69	64	69	59	0
44414	100805	42	ST	67	67	50	63	53	63	47	74	1
45501	1750	7	CM	67	65	33	68	65	60	64	62	1
45552	820	13	CM	67	65	53	57	59	64	67	68	1
45880	271	13	ST	67	67	52	65	59	62	46	74	1
46167	433	46	CB	67	67	35	42	56	56	68	72	1
49502	300	36	ST	67	67	84	70	57	67	42	49	1
49756	69	13	CM	67	67	70	66	71	69	54	59	0
49939	894	47	CB	67	65	40	34	47	30	66	82	1
49940	898	118	ST	67	62	88	64	54	69	41	61	1
50390	59	18	ST	67	65	66	67	63	68	42	67	0
50993	110596	21	CB	67	66	32	46	54	45	70	70	1
51319	1938	35	CM	67	65	51	63	71	62	57	64	1
52070	1807	82	RM	67	63	85	66	56	75	40	56	1
52998	10030	21	CB	67	66	52	40	53	42	68	73	1
53021	100879	45	ST	67	67	63	67	51	63	40	57	0
53519	744	38	CB	67	66	53	43	61	59	68	69	0
53644	8	14	GK	67	66	69	70	65	67	51	64	0
53739	91	14	GK	67	67	68	67	67	67	56	68	0
53755	142	14	ST	67	65	61	62	54	63	51	70	0
100330	110456	18	CM	67	67	39	59	67	62	65	59	0
100803	15	14	CM	67	67	54	55	70	66	72	66	0
102021	503	12	LM	67	66	74	65	65	70	49	58	0
107261	224	18	GK	67	66	68	69	67	67	46	69	0
107758	110329	21	CB	67	67	62	43	58	49	67	71	0
110146	110831	45	GK	67	66	63	72	62	62	41	70	0
110627	110062	45	LM	67	67	69	57	63	74	39	51	0
111503	111989	145	CAM	67	65	72	66	66	75	47	58	0
112292	12	14	RB	67	65	67	47	68	62	68	64	0
112549	100879	45	RB	67	67	75	64	64	66	68	64	0
112552	459	45	CB	67	67	45	47	56	43	69	67	0
113521	15021	129	CM	67	67	69	56	69	66	59	56	0
116309	1813	126	CB	67	64	33	35	57	42	67	76	0
117343	695	18	ST	67	67	53	69	52	65	48	66	1
118868	711	46	GK	67	66	59	65	51	71	23	74	0
119275	111651	50	ST	67	64	70	65	55	68	42	64	0
120018	95	14	CM	67	67	52	58	64	64	65	59	0
120297	1939	14	CDM	67	67	54	57	64	59	68	65	0
121988	10030	21	GK	67	67	73	65	56	75	59	57	0
122048	22	21	CDM	67	69	76	56	69	67	66	66	0
122118	110500	21	GK	67	67	70	65	65	67	44	65	0
122649	100087	7	GK	67	69	71	62	67	72	51	64	0
122827	1750	7	GK	67	67	68	64	72	70	46	65	0
129566	1952	25	CB	67	67	58	36	54	42	67	72	0
132740	111271	13	GK	67	68	67	61	68	72	36	69	0
135778	112679	52	CB	67	67	58	46	55	53	66	68	0
135861	100879	45	CAM	67	67	56	55	71	68	52	42	0
136454	982	167	ST	67	67	85	58	64	67	48	54	1
136504	605	167	CB	67	67	60	44	47	30	68	73	0
136839	1913	34	CB	67	67	58	42	62	56	65	71	0
137397	112096	136	ST	67	69	89	62	57	72	44	58	1
137686	1904	34	CAM	67	67	69	66	64	72	38	47	0
138155	95	95	CB	67	67	52	34	47	48	70	69	0
138279	95	14	LM	67	67	89	55	64	71	42	44	1
138353	1799	25	CB	67	67	59	38	50	42	68	74	0
138355	97	214	CDM	67	67	79	46	62	67	67	65	0
138719	1932	14	ST	67	65	79	63	49	60	45	74	1
138880	171	54	CB	67	67	54	39	49	48	66	74	0
138885	1746	27	CB	67	67	67	44	62	55	70	72	0
139076	983	167	CB	67	67	69	50	52	59	67	72	0
139211	1880	83	CB	67	67	51	49	51	45	66	72	1
139223	110152	83	RM	67	65	79	62	65	68	42	62	0
139343	110	25	RB	67	65	62	44	66	58	69	63	0
139440	1477	167	CM	67	67	74	53	65	66	68	76	0
139475	14	14	RB	67	68	64	62	71	62	67	68	1
139621	83	14	ST	67	67	62	59	46	59	47	76	1
139716	112217	40	CDM	67	64	58	60	72	64	65	62	0
139755	100087	7	CAM	67	67	68	64	65	68	52	59	0
139837	710	46	CM	67	62	51	61	65	62	59	70	0
140035	1032	83	CB	67	68	68	45	66	64	68	70	0
140057	982	167	RB	67	67	86	52	66	60	69	67	1
140161	1882	83	CB	67	67	49	38	62	58	66	71	0
140257	1881	83	GK	67	69	70	64	68	73	47	62	0
140277	110145	83	LWB	67	66	72	53	68	64	68	55	0
140420	15	25	GK	67	67	65	70	59	69	34	67	0
140423	91	14	CB	67	69	54	36	54	35	65	79	1
140442	1803	14	CB	67	67	62	36	47	42	67	77	1
140483	110912	27	GK	67	65	67	65	60	70	25	68	0
142829	110395	52	CDM	67	71	52	52	69	65	70	74	0
143044	101103	56	CM	67	67	59	66	65	70	41	52	1
146545	571	45	RB	67	66	77	48	56	58	68	60	0
146691	244	45	RB	67	67	66	34	62	66	69	63	0
146702	1861	45	RB	67	68	83	54	57	67	66	60	0
146969	1871	45	CB	67	66	71	28	53	42	66	71	0
147131	112218	40	LB	67	67	76	50	73	71	63	60	0
147427	100764	40	CDM	67	65	79	59	71	68	64	49	0
148745	319	36	CB	67	67	49	38	44	36	66	76	0
148771	874	37	LM	67	67	65	64	68	63	52	59	0
150338	506	21	CB	67	66	44	38	34	42	73	68	1
150374	162	117	CAM	67	64	70	65	67	67	41	56	0
150472	614	18	CB	67	68	66	46	60	61	65	74	0
151095	1786	13	CB	67	67	40	54	65	60	67	57	0
151213	91	14	RM	67	66	65	67	64	69	60	62	0
151376	711	17	LB	67	66	76	57	62	73	67	59	1
152048	1788	13	RM	67	68	75	61	60	71	47	46	0
152271	256	4	CB	67	67	53	29	52	42	66	80	1
152463	920	36	RW	67	66	76	69	55	73	51	74	0
152507	110	103	LB	67	64	63	43	55	49	73	80	1
152618	922	23	ST	67	66	51	63	44	50	54	81	1
152621	300	36	CB	67	73	68	40	57	47	67	72	0
152723	1952	14	RB	67	67	77	52	59	65	63	61	0
152926	224	18	CAM	67	67	62	65	66	71	47	58	0
153066	101084	52	LB	67	68	81	46	64	70	68	61	0
153161	111715	52	ST	67	69	73	65	65	73	41	65	1
155325	1476	167	LB	67	67	80	58	66	66	64	58	0
155344	1474	167	GK	67	68	74	54	63	75	54	67	0
155383	1477	167	CB	67	67	67	41	49	54	69	78	1
155671	873	37	CDM	67	67	67	59	62	57	66	70	0
155694	110724	7	CDM	67	68	65	56	61	53	68	73	0
155808	209	4	GK	67	67	64	66	70	72	60	64	0
155883	83	42	CB	67	67	54	38	50	46	68	74	1
155891	112134	95	CB	67	66	59	34	51	47	72	68	0
155930	1808	45	LW	67	70	70	65	72	72	51	63	0
156012	15021	45	RW	67	67	90	57	58	66	42	53	1
156259	1871	37	CB	67	71	77	41	60	51	68	63	0
156313	1808	111	CB	67	67	48	38	51	44	67	68	1
156381	1028	83	ST	67	70	82	61	65	70	38	65	0
156438	780	4	GK	67	67	68	66	60	71	59	67	0
156681	700	46	LW	67	66	81	65	56	64	43	52	0
156689	109	19	LB	67	66	60	56	62	65	68	75	1
156698	702	46	RM	67	66	69	62	69	60	59	55	0
156726	59	18	RM	67	69	77	59	67	70	69	64	0
156768	110145	83	CB	67	65	57	51	52	58	63	71	0
157022	1882	83	LB	67	68	69	50	64	54	65	62	0
157089	101114	83	CM	67	67	46	52	63	56	70	70	0
157305	1915	46	CM	67	67	53	68	63	64	67	69	1
157698	111083	37	ST	67	68	75	62	57	67	54	72	0
157791	110915	27	CM	67	67	66	56	67	67	64	57	0
157983	1961	14	RM	67	67	65	66	67	69	46	62	0
158132	10030	21	LM	67	66	75	58	64	70	51	62	0
158221	477	45	CB	67	69	66	47	62	46	65	80	1
158716	110	50	CAM	67	67	68	56	67	69	62	65	0
158734	112237	27	CM	67	66	75	59	64	65	51	54	0
158746	209	4	CM	67	68	72	58	65	66	66	64	0
158877	1530	52	CAM	67	64	77	50	67	70	41	39	0
159490	88	14	CB	67	67	47	43	56	51	67	72	0
159499	190	27	RM	67	63	78	49	60	58	65	62	0
160295	111393	195	GK	67	67	71	62	62	69	58	63	0
160578	110231	108	LB	67	66	74	48	60	63	71	74	1
160593	110231	6	RM	67	68	70	66	67	66	43	54	1
161644	111239	103	CB	67	68	65	48	58	56	68	72	0
161690	101116	83	LM	67	66	78	58	64	71	58	64	0
161801	472	45	LB	67	67	68	49	55	61	70	67	0
161804	110152	83	RB	67	66	71	50	68	67	64	66	0
161857	191	4	RB	67	71	83	55	64	70	66	56	0
162004	112237	54	CAM	67	68	70	67	68	67	45	67	0
162043	110781	83	GK	67	67	68	68	65	65	49	67	0
162221	12	7	CAM	67	66	70	62	64	69	45	62	0
162407	1788	13	CB	67	72	65	49	60	55	68	68	0
162901	88	25	GK	67	66	69	66	64	70	52	64	1
163351	8	14	ST	67	66	75	61	64	68	47	77	0
163584	97	14	CB	67	67	56	41	48	43	70	72	0
163662	1832	18	LM	67	67	77	58	65	70	50	43	0
163796	294	18	RM	67	67	61	67	69	67	59	62	0
163810	162	4	GK	67	65	68	67	66	67	33	65	0
163972	570	27	LB	67	64	59	45	61	46	68	66	0
164339	110749	12	ST	67	65	70	63	57	65	44	75	0
164470	110831	45	CDM	67	69	51	58	71	57	63	65	0
164471	1867	45	ST	67	67	61	65	43	60	43	74	1
164571	693	95	LM	67	67	74	66	57	70	47	64	0
164579	1905	34	CAM	67	66	44	63	67	66	64	70	1
164642	271	13	ST	67	67	80	58	44	71	43	68	0
164643	689	95	CB	67	63	73	51	60	65	67	65	0
164839	100409	95	CB	67	69	65	38	60	50	68	70	0
164907	111822	45	LM	67	65	79	72	61	79	43	59	1
164973	1892	18	CB	67	67	34	33	47	39	65	73	1
164979	1932	14	CB	67	66	53	41	56	53	65	72	0
165161	14	18	CDM	67	65	63	39	58	58	71	69	0
165169	698	95	CB	67	69	33	35	54	49	68	79	1
165403	100804	42	CB	67	66	54	37	56	53	67	75	0
165724	873	37	CM	67	67	64	61	72	64	65	66	0
165809	1719	54	LB	67	69	72	62	70	77	62	58	0
165903	982	167	RB	67	67	86	56	65	69	70	66	1
166847	1917	25	CM	67	71	68	54	65	66	64	70	0
166940	110231	33	CDM	67	68	67	37	66	60	67	66	0
167078	111277	46	GK	67	62	68	62	55	74	30	69	0
167232	112533	55	CB	67	67	35	44	50	43	67	73	0
167520	1880	83	CDM	67	68	70	57	61	56	67	67	0
167526	101116	83	CM	67	70	67	46	67	62	66	56	0
167571	112217	40	CDM	67	72	76	57	67	68	54	71	0
167653	112020	13	CB	67	73	55	37	49	41	71	74	1
167662	110977	52	CM	67	67	91	56	67	62	51	46	1
167933	58	18	CDM	67	68	68	44	59	43	68	66	0
167967	1478	54	ST	67	67	84	64	60	69	41	70	0
169112	97	14	LM	67	67	77	63	65	69	52	57	0
169348	256	4	ST	67	69	81	65	53	72	41	68	0
169435	1832	9	ST	67	66	73	64	56	64	47	62	0
169575	8	14	RB	67	67	72	35	58	60	69	68	0
169816	110394	52	GK	67	67	73	61	45	71	52	68	0
170305	94	14	CM	67	69	70	55	69	66	66	68	0
170353	89	18	ST	67	68	62	71	57	57	47	75	0
170585	1747	7	CB	67	69	66	36	61	57	69	68	0
170632	80	42	GK	67	67	68	69	64	68	22	67	0
170635	698	42	LM	67	70	83	58	63	70	53	49	0
170912	1878	83	RB	67	68	80	52	68	66	65	60	0
171183	110145	83	CM	67	68	70	56	68	67	65	67	0
171273	57	18	CAM	67	64	61	61	67	69	47	52	0
171391	1970	83	GK	67	68	64	65	64	68	42	70	0
171574	2023	45	GK	67	69	66	72	57	64	48	69	0
171578	110069	45	RB	67	67	71	41	59	54	68	66	0
171971	81	42	LM	67	72	73	63	66	67	64	66	0
172141	1913	34	CDM	67	68	66	60	71	62	65	72	0
172199	64	18	CM	67	70	63	63	66	67	67	67	0
172475	72	34	CAM	67	69	68	67	61	73	46	54	0
172494	110912	27	RB	67	64	74	52	69	65	66	65	0
172594	100831	45	GK	67	70	69	62	67	73	56	65	0
173040	1738	18	LM	67	72	71	57	65	70	41	40	0
173073	72	18	ST	67	67	56	68	65	66	40	68	0
173155	1837	27	LM	67	72	84	65	68	65	64	65	0
173162	570	27	ST	67	72	83	64	60	66	45	68	0
173211	200	27	LM	67	62	73	44	64	61	67	55	0
173654	100805	42	CM	67	72	73	62	66	73	51	67	0
173667	819	24	RM	67	72	77	62	64	68	45	60	0
173859	1919	14	ST	67	75	83	65	44	68	43	58	0
174203	111399	198	ST	67	67	67	66	41	61	43	75	0
174402	110929	140	RB	67	68	82	48	56	65	67	67	0
174737	873	87	LB	67	65	77	60	67	62	65	66	0
175313	710	46	ST	67	67	73	66	60	67	46	66	0
176035	100081	51	CDM	67	67	50	56	57	52	70	71	0
176262	873	37	CB	67	70	76	39	65	49	68	64	0
176545	110145	56	CAM	67	67	70	59	66	68	67	64	0
176608	110398	56	CAM	67	68	78	62	63	70	46	60	0
176628	897	1	LM	67	72	81	55	56	72	42	44	0
176815	2056	54	CAM	67	67	81	61	66	72	44	55	1
177052	110147	83	ST	67	72	64	66	66	70	41	69	0
177273	1878	83	CB	67	71	62	43	62	62	70	72	0
177409	162	21	CM	67	68	66	54	70	63	65	70	1
177481	64	18	LB	67	69	81	50	67	62	64	63	0
177536	111715	52	LM	67	71	81	55	67	67	45	50	0
177544	33	21	CB	67	69	61	37	62	55	66	70	0
177564	450	45	LB	67	66	79	44	62	67	64	56	0
177712	217	18	LM	67	76	82	62	58	71	42	60	0
177955	101116	83	CM	67	71	61	47	66	66	65	62	0
178032	503	18	CB	67	71	62	30	49	48	70	70	1
178037	1747	18	CDM	67	67	64	51	62	55	67	65	0
178051	71	18	CDM	67	76	65	45	59	59	67	71	0
178135	110724	7	CDM	67	71	66	53	64	54	68	72	1
178164	922	36	CB	67	72	72	36	56	44	69	70	0
178177	15005	18	ST	67	71	77	64	58	68	43	69	0
178194	1958	14	LM	67	69	76	62	64	70	36	58	0
178328	1837	54	CM	67	73	58	68	72	66	65	58	1
178703	110724	7	CAM	67	66	55	64	64	62	55	64	0
179702	693	126	CB	67	64	59	36	56	48	66	76	1
179808	110144	83	LB	67	69	73	57	68	66	65	64	0
179934	698	95	GK	67	67	66	72	70	69	31	64	0
179941	1904	34	ST	67	69	73	66	54	67	43	58	0
179983	570	101	RM	67	74	85	49	62	69	56	59	1
180818	94	14	ST	67	72	76	66	50	66	41	64	0
180974	110233	12	ST	67	67	53	63	53	62	54	76	0
181456	72	18	CB	67	74	67	36	59	57	68	78	0
181795	110109	40	LB	67	70	71	43	58	64	70	66	0
181896	110724	19	GK	67	66	66	67	56	71	48	65	0
181907	110152	83	GK	67	65	71	59	70	73	62	62	1
182130	1902	23	ST	67	72	77	64	55	72	45	62	0
182209	97	14	CB	67	70	54	36	47	43	67	70	1
182627	379	97	ST	67	65	71	67	62	71	47	55	0
183315	111723	56	GK	67	67	66	67	69	66	54	74	0
183477	346	12	GK	67	72	66	68	61	73	36	69	0
183607	1915	34	ST	67	71	65	64	51	66	46	63	1
183644	256	4	CM	67	71	65	62	65	70	64	56	0
183921	226	18	LB	67	74	73	48	73	58	64	63	0
183933	1902	34	LB	67	66	66	58	58	64	68	68	0
184001	1906	34	LB	67	68	69	62	69	71	66	57	0
184042	1920	14	LM	67	73	81	62	60	70	36	51	0
184055	1926	45	CM	67	68	72	56	67	69	63	53	0
184249	1750	7	CM	67	70	64	63	67	70	59	56	0
184301	1919	14	CF	67	75	77	67	64	69	51	70	0
184350	1747	148	LM	67	64	74	63	66	68	65	58	0
184399	111046	54	GK	67	67	71	64	65	75	65	60	1
184436	1939	14	GK	67	74	69	66	66	71	59	65	0
184461	110749	43	CB	67	63	67	26	58	49	66	70	0
184696	101114	83	RW	67	68	79	61	59	69	40	65	0
184707	1807	14	ST	67	73	69	62	46	59	43	76	1
184777	110144	83	ST	67	70	64	63	52	58	49	67	1
184850	695	54	RM	67	68	82	62	58	68	61	64	1
184927	503	18	LM	67	73	92	60	59	76	37	56	1
185064	689	52	ST	67	68	76	66	60	71	42	59	0
185122	191	23	GK	67	75	66	69	62	66	60	68	0
185173	111264	23	CM	67	74	73	63	70	70	57	55	0
185255	900	52	RM	67	68	80	65	62	76	39	54	0
185306	673	7	GK	67	68	69	62	61	69	25	68	1
185339	100087	103	CDM	67	69	78	56	61	64	67	67	0
185427	417	36	GK	67	72	68	61	80	77	51	63	1
186098	110147	83	GK	67	68	68	65	61	70	44	65	0
186135	3	35	CDM	67	72	70	42	58	59	69	62	0
186139	95	14	CM	67	74	70	61	70	69	62	65	0
186144	89	14	LM	67	73	84	61	62	73	42	48	0
186499	192	10	LB	67	73	79	48	58	62	66	66	0
186503	1908	34	RB	67	70	73	50	63	64	66	65	0
186518	100764	58	CAM	67	72	78	63	67	69	41	68	0
186525	1814	103	ST	67	71	73	64	55	65	44	75	0
186551	110781	83	RB	67	72	88	54	67	70	60	49	1
186644	15	14	LM	67	72	76	59	67	71	46	43	0
186681	459	45	GK	67	69	74	60	64	76	58	62	0
186702	111065	95	CB	67	67	64	52	53	58	69	70	1
186817	1901	97	CB	67	73	60	41	55	49	68	71	0
186823	217	38	RB	67	67	67	46	64	61	68	63	0
186895	1799	140	CDM	67	68	63	57	62	58	70	72	0
187038	110724	7	ST	67	71	75	56	63	73	46	73	1
187048	59	126	CM	67	73	74	59	65	73	60	58	0
187073	1477	167	CM	67	67	80	63	65	67	64	64	0
187076	33	21	ST	67	71	73	60	50	75	39	64	0
187083	1880	83	CB	67	70	58	47	57	45	67	70	0
187193	1879	83	CB	67	75	69	45	60	58	65	72	0
187279	983	167	RM	67	70	80	55	65	67	46	56	0
187345	983	167	ST	67	67	87	55	54	60	44	72	1
187353	110147	83	CDM	67	70	51	53	61	64	66	62	0
187386	110233	39	CDM	67	67	65	69	65	57	68	70	1
187576	100766	40	LM	67	71	70	62	66	63	42	68	0
187620	1910	34	CB	67	67	43	30	57	48	68	68	0
187940	378	18	CDM	67	75	67	41	59	53	68	59	0
187988	57	18	RW	67	69	73	64	63	75	41	38	0
187991	100081	18	CB	67	67	47	32	50	39	68	66	0
188017	111974	27	GK	67	67	65	63	58	70	44	70	0
188271	379	144	RW	67	76	83	59	59	70	37	56	0
188313	1888	38	RW	67	78	77	56	62	70	38	42	0
188334	206	27	RB	67	72	78	43	65	60	65	66	0
188375	1901	139	ST	67	67	84	61	59	72	39	61	0
188400	229	7	GK	67	76	69	61	65	75	47	64	0
188540	1913	34	RW	67	72	84	61	59	74	42	48	0
188563	2023	45	CB	67	69	66	48	53	38	70	67	0
188621	650	34	LB	67	69	78	56	66	70	66	62	0
188693	12	52	RM	67	71	74	59	62	71	50	59	0
188768	896	108	CDM	67	72	74	57	68	68	64	71	0
188782	89	14	CB	67	69	57	32	56	39	67	70	0
188805	112218	51	LB	67	67	73	55	55	52	66	56	0
188807	1910	13	LB	67	68	69	53	65	58	68	69	0
188970	1903	46	CM	67	69	62	54	66	66	65	58	0
189065	110915	27	LB	67	74	79	54	66	65	65	60	0
189148	1794	42	LM	67	72	79	65	63	72	44	64	0
189181	272	4	ST	67	71	68	71	59	73	40	61	0
189253	1887	117	LB	67	73	78	52	64	65	66	60	0
189278	8	14	CM	67	76	69	59	69	69	57	51	0
189300	1906	46	RB	67	74	83	41	63	71	63	51	0
189349	110596	21	RM	67	70	74	55	61	73	41	44	0
189387	165	21	GK	67	76	70	64	68	69	47	64	0
189397	160	21	CDM	67	73	66	32	62	55	68	68	0
189430	110912	27	GK	67	76	70	64	52	74	45	67	0
189459	110710	45	LM	67	74	78	60	63	72	41	52	0
189464	110329	21	CM	67	72	72	58	68	71	59	57	0
189470	111050	54	CB	67	67	76	61	69	68	66	60	0
189576	110062	45	RB	67	73	75	35	56	48	66	69	0
189706	1719	54	CB	67	71	68	35	47	40	67	71	0
189721	432	24	CM	67	69	79	66	59	65	50	66	0
189860	110710	45	LM	67	71	82	57	55	77	49	52	0
189908	52	37	GK	67	77	75	59	44	73	48	65	0
190094	472	45	CDM	67	70	58	40	61	50	66	64	0
190105	100766	40	CB	67	72	65	51	64	54	68	71	0
190438	1456	36	CB	67	79	60	37	52	35	67	73	1
190467	110152	83	CM	67	72	74	69	66	66	65	54	0
190542	1867	45	RM	67	71	83	67	57	74	39	53	0
190552	688	95	LM	67	72	73	66	63	69	59	68	0
190611	101114	83	LW	67	73	70	62	51	69	40	73	0
190631	101084	60	CM	67	67	71	57	72	62	50	63	0
190636	1882	83	CDM	67	74	63	58	64	61	68	62	0
190697	298	36	CB	67	75	67	42	55	55	69	70	0
190765	111239	21	CM	67	73	70	58	68	65	60	58	0
190885	91	14	RB	67	74	73	53	65	67	66	52	0
190887	111043	54	CDM	67	72	55	59	70	69	66	66	0
190976	101112	163	CM	67	63	70	62	70	68	40	46	0
190985	101106	59	CM	67	67	83	50	68	67	43	56	0
191052	111540	38	CM	67	73	62	63	68	70	57	64	0
191256	112387	183	CB	67	67	50	32	46	37	66	72	0
191262	605	183	LM	67	74	74	61	66	70	44	32	0
191294	453	54	CDM	67	72	51	46	70	56	68	66	0
191327	160	163	RM	67	68	67	59	63	72	50	62	0
191502	112096	183	LM	67	70	84	65	60	70	38	47	0
191819	1474	167	RW	67	67	74	62	64	67	52	68	0
191848	111674	183	GK	67	63	68	64	67	67	38	69	1
191868	982	167	CB	67	71	83	50	51	59	68	73	0
192020	1881	83	RM	67	70	83	61	60	72	45	56	0
192041	110144	83	CB	67	73	73	41	57	55	70	64	1
192067	2007	54	ST	67	73	79	66	64	68	50	69	0
192174	700	46	CB	67	65	34	29	44	44	69	71	1
192321	110329	21	CM	67	76	80	65	64	72	52	56	0
192449	162	21	RM	67	74	73	67	61	71	46	57	0
192454	110770	11	RM	67	74	76	67	62	67	49	66	0
192611	280	126	CDM	67	76	67	59	65	65	60	62	0
192678	1855	45	ST	67	80	66	62	52	64	40	73	0
192816	110710	60	CB	67	75	70	32	57	54	64	75	0
192989	166	21	CDM	67	68	64	40	60	62	69	59	0
193158	1909	34	CAM	67	78	74	67	68	71	58	64	0
193246	111144	95	LM	67	70	85	63	58	69	55	59	1
193253	171	4	CM	67	67	71	60	64	71	68	62	0
193277	111373	4	GK	67	72	71	65	73	68	56	63	0
193346	1902	34	RM	67	77	84	62	65	69	50	59	0
193422	920	36	ST	67	75	77	65	46	70	39	64	0
193571	52	54	LB	67	76	79	55	70	73	65	54	0
193690	100081	15	CB	67	70	66	51	62	59	69	66	0
193900	1799	14	RB	67	78	84	46	62	70	65	68	0
194078	1832	48	LM	67	72	79	54	63	72	43	44	0
194149	1755	36	CM	67	76	71	64	65	72	56	56	0
194222	244	45	CB	67	74	65	36	47	40	69	66	0
194228	1843	27	GK	67	67	68	65	58	68	34	68	0
194569	271	13	CM	67	76	67	57	64	69	60	48	0
194634	1744	27	CM	67	67	57	62	70	59	62	64	0
194792	94	14	CM	67	76	72	49	68	64	65	56	0
194904	688	95	GK	67	77	70	71	51	72	66	58	1
194927	111264	40	CDM	67	75	62	56	69	66	66	60	0
194990	190	27	CM	67	68	75	57	60	71	45	59	0
195011	110109	40	RB	67	70	74	45	65	64	65	59	0
195033	110596	195	LM	67	74	90	64	58	70	40	63	1
195038	209	4	LM	67	74	83	58	60	76	43	56	0
195149	1871	20	ST	67	65	73	62	63	62	44	67	0
195202	3	42	CM	67	72	73	61	69	64	57	60	0
195319	111989	18	CB	67	67	53	29	53	43	68	73	1
195859	1796	14	ST	67	81	89	57	46	72	43	68	1
196063	110929	148	ST	67	68	74	60	50	67	46	66	0
196912	101114	53	CM	67	67	63	52	68	58	64	52	0
197641	110326	18	GK	67	77	69	65	59	71	34	68	0
197698	1750	7	CDM	67	76	65	54	64	62	65	62	0
197777	206	27	RM	67	75	68	66	68	68	57	59	0
197911	112134	95	CDM	67	70	77	53	54	62	67	71	0
197950	101102	56	ST	67	67	75	69	63	66	42	60	1
197966	110152	60	LB	67	70	67	42	68	62	68	67	1
198117	192	27	CB	67	71	55	38	45	45	69	72	1
198135	1914	34	CB	67	75	69	46	52	53	71	67	1
198147	1903	34	RB	67	70	72	42	59	61	68	62	0
198250	165	23	CB	67	74	64	37	62	45	67	74	0
198261	4	95	CB	67	75	73	45	61	63	66	70	0
198289	315	40	GK	67	71	65	68	67	70	45	72	0
198335	7	72	LB	67	74	76	51	65	71	63	52	0
198428	28	103	ST	67	77	79	60	60	69	49	68	0
198478	111396	52	CAM	67	69	64	63	60	69	39	52	0
198560	260	45	CB	67	67	67	55	58	47	68	69	0
198604	1463	36	CDM	67	73	74	64	68	67	69	65	0
198635	1855	54	RM	67	80	90	62	58	83	36	54	1
198688	1819	118	CB	67	74	65	52	64	33	67	75	1
198735	1853	45	GK	67	74	78	61	62	73	50	59	1
198846	1878	83	CF	67	72	83	62	56	73	39	69	0
198852	459	45	CB	67	71	68	55	58	60	65	61	0
198856	485	21	CB	67	72	69	40	56	52	67	71	0
198873	873	140	LM	67	68	75	54	64	74	55	51	0
198904	3	42	CB	67	75	64	33	51	37	67	70	0
199085	1842	38	CM	67	71	65	64	70	67	56	62	0
199121	710	51	RM	67	68	72	52	63	71	42	41	0
199169	1914	140	CM	67	79	71	52	67	68	63	54	0
199178	111292	54	CAM	67	70	72	59	68	73	44	60	0
199192	691	81	ST	67	65	72	62	50	65	43	67	0
199205	206	54	LW	67	76	92	66	71	74	63	60	1
199302	983	54	CF	67	67	84	64	65	68	50	67	0
199470	191	4	LM	67	73	79	63	65	74	38	44	0
199517	192	54	CB	67	69	62	38	43	50	68	69	0
199537	1823	18	RB	67	69	72	33	67	60	66	70	0
199584	1915	34	CM	67	72	71	67	70	66	63	67	0
199763	1871	37	RB	67	73	86	57	65	67	66	63	1
199800	462	129	LB	67	71	79	34	60	61	65	70	0
199900	100766	40	RB	67	72	65	46	58	53	68	58	0
200055	111715	60	RB	67	68	81	58	63	67	63	64	0
200059	110913	7	GK	67	75	72	63	64	71	43	61	0
200086	874	37	ST	67	71	84	61	54	66	42	62	0
200109	1905	34	CM	67	67	64	68	69	69	56	57	0
200119	110234	40	CAM	67	73	73	65	68	69	37	49	0
200157	15005	7	LM	67	74	74	61	62	69	45	68	0
200346	1871	37	LM	67	70	75	59	64	69	51	56	0
200469	23	21	RM	67	73	70	61	66	71	51	54	0
200517	110704	45	LB	67	78	73	36	60	59	69	68	0
200595	1478	167	GK	67	68	66	67	64	68	32	67	0
200601	1478	167	CAM	67	68	62	66	69	69	57	57	0
200726	110569	18	GK	67	74	74	66	67	68	45	62	0
200727	461	45	CB	67	72	65	39	60	52	65	70	0
200797	110456	18	LB	67	75	70	50	64	66	66	68	0
200882	112409	133	ST	67	77	90	61	52	67	46	73	1
201004	379	104	RW	67	74	91	54	55	79	42	46	1
201042	65	18	RB	67	76	72	43	63	64	67	65	0
201093	1917	14	CAM	67	79	75	63	62	65	45	53	0
201244	110912	27	CB	67	65	59	36	40	36	69	73	0
201258	111042	54	LB	67	76	77	58	64	72	65	62	0
201303	272	13	RM	67	74	85	59	55	70	39	63	1
201505	452	45	CDM	67	78	57	55	57	52	70	61	0
201539	171	21	RM	67	75	77	58	63	71	36	51	0
201931	47	54	GK	67	77	74	62	63	72	43	58	0
201941	110147	56	CB	67	72	81	41	54	57	70	61	0
201971	453	163	CM	67	67	80	58	62	72	41	60	0
202050	100634	34	CM	67	73	75	60	68	68	63	61	0
202058	1843	44	CB	67	69	66	47	50	45	68	70	0
202077	698	95	ST	67	71	71	65	52	64	43	69	0
202104	232	26	ST	67	69	65	67	51	62	42	68	0
202126	18	14	ST	67	74	69	65	55	66	41	61	0
202172	111264	3	ST	67	68	76	65	61	74	38	58	0
202182	1841	17	RW	67	73	78	67	69	73	50	63	0
202200	1913	34	RW	67	73	90	58	56	69	39	60	1
202220	696	95	RW	67	69	77	59	59	73	48	74	0
202282	181	42	CAM	67	82	81	58	62	71	53	66	0
202413	472	45	CDM	67	71	62	46	66	56	64	66	0
202456	110329	34	ST	67	71	64	67	54	56	46	76	0
202459	1914	34	CM	67	75	73	61	64	70	63	60	0
202561	111050	54	CB	67	73	67	50	65	50	67	76	0
202562	226	18	LB	67	78	76	26	64	64	65	60	0
202820	111722	56	ST	67	67	76	60	62	71	48	64	0
202827	1795	27	CM	67	76	75	59	69	72	59	54	0
202968	982	167	LW	67	73	73	63	66	69	51	59	0
203158	503	21	GK	67	70	73	65	58	69	41	60	0
203297	517	54	CAM	67	77	83	57	65	75	39	59	1
203440	110500	161	GK	67	69	68	65	67	72	52	66	0
203456	110500	21	CDM	67	67	67	62	63	63	68	58	0
203483	245	34	CAM	67	82	68	62	60	68	48	66	0
203485	246	34	CB	67	82	72	47	59	59	65	80	1
203767	110832	22	CB	67	67	50	36	50	31	67	70	1
203975	569	54	CB	67	79	61	38	45	45	67	66	0
204022	256	10	CB	67	72	46	25	41	35	69	79	1
204144	110913	43	ST	67	65	67	64	52	66	48	70	0
204166	2	9	LM	67	72	90	67	63	69	49	59	1
204193	38	21	CDM	67	75	59	50	65	64	67	66	0
204226	897	58	ST	67	73	79	58	62	73	53	70	0
204238	226	18	CAM	67	76	72	61	67	66	52	57	0
204338	62	18	CB	67	74	69	35	56	59	66	66	0
204346	229	45	LM	67	78	78	55	60	72	45	48	0
204444	1913	34	LW	67	75	86	67	59	70	47	58	1
204476	650	34	CB	67	70	40	36	48	39	67	74	1
204512	110749	37	RM	67	68	93	56	65	68	61	56	1
204539	111043	59	RB	67	73	84	62	67	71	65	70	0
204542	569	59	LB	67	73	64	42	72	65	64	59	0
204652	110144	83	LW	67	75	74	60	64	70	45	66	0
204771	111928	83	CM	67	69	55	57	67	67	59	55	0
205065	1476	54	CF	67	69	83	60	54	72	41	62	1
205084	171	21	GK	67	75	69	63	65	72	50	63	0
205138	269	19	RM	67	74	76	62	62	74	48	61	0
205157	110069	45	CAM	67	77	66	45	70	68	49	52	0
205485	3	50	RB	67	75	75	34	62	60	67	65	0
205509	1876	52	CM	67	66	65	68	69	67	68	71	0
205559	1917	18	ST	67	76	87	61	54	71	43	52	1
205753	64	103	LM	67	77	88	61	62	78	36	54	1
205850	112237	27	ST	67	75	67	60	40	60	42	76	0
205876	1820	126	ST	67	74	77	66	51	70	43	65	0
205934	1842	27	LB	67	84	74	34	60	60	64	60	0
205963	1915	60	ST	67	66	71	63	54	66	40	69	0
206018	819	7	ST	67	74	91	61	55	69	39	67	1
206040	15005	7	LB	67	73	81	53	61	64	67	67	0
206113	1	21	RM	67	84	80	54	61	73	48	53	0
206198	29	21	CB	67	76	65	31	57	48	67	71	0
206311	110062	45	LM	67	73	82	61	65	73	32	41	0
206313	226	136	CDM	67	75	68	44	62	60	67	58	0
206436	66	18	ST	67	85	74	67	68	78	42	57	1
207485	1881	83	LM	67	76	83	61	61	70	40	46	0
207555	320	46	CB	67	78	51	40	47	43	72	64	1
207732	244	45	ST	67	75	78	65	49	62	39	66	0
207768	100764	58	ST	67	74	70	60	57	63	43	72	0
207785	110930	140	LB	67	72	79	53	67	72	66	53	0
207835	598	54	ST	67	79	79	63	52	67	38	68	0
207981	420	49	CB	67	64	49	38	52	50	65	75	1
207984	101114	83	CM	67	82	69	59	70	67	51	50	0
208013	110930	140	CDM	67	75	73	49	68	64	63	50	0
208025	1901	54	CB	67	69	61	35	51	52	67	70	0
208128	28	48	LM	67	84	71	60	66	69	44	56	1
208156	200	27	LW	67	74	84	55	61	70	48	48	0
208334	31	21	LB	67	76	73	50	63	66	67	62	0
208470	166	21	LB	67	70	69	42	63	58	67	70	0
208574	1915	51	LW	67	77	79	62	63	71	48	58	0
208616	110062	45	GK	67	71	74	63	51	78	50	60	0
208630	1871	37	CM	67	77	68	59	66	64	64	60	0
208727	1831	21	CAM	67	69	76	65	65	67	48	56	0
208830	95	14	ST	67	71	75	65	52	68	41	56	0
208898	1871	37	CDM	67	73	58	46	63	64	68	56	0
208920	5	34	CB	67	82	76	54	68	65	68	64	0
208928	112139	183	RM	67	68	82	44	60	74	48	60	0
209301	59	18	LB	67	78	80	32	62	69	65	62	0
209444	31	54	CB	67	74	71	35	46	58	68	72	0
209457	687	72	ST	67	64	72	66	55	67	50	64	0
209499	69	54	RB	67	80	76	45	59	66	67	60	0
209564	112390	183	RM	67	68	83	58	64	70	48	52	0
209572	112390	183	GK	67	71	70	70	64	65	59	67	0
209736	1053	54	CF	67	83	87	63	61	80	32	50	1
209818	247	34	RB	67	75	85	28	59	66	67	69	1
210035	110704	45	LB	67	78	80	37	70	64	64	56	0
210129	873	23	RM	67	76	88	65	66	70	53	73	1
210147	112387	183	LB	67	72	83	42	65	68	64	60	0
210172	1812	136	GK	67	64	71	58	63	76	30	64	1
210209	111674	183	ST	67	67	79	60	40	58	40	76	0
210239	33	10	LM	67	70	85	63	63	69	48	56	1
210769	112407	129	ST	67	69	73	69	49	65	42	70	0
210917	1848	27	CM	67	79	67	61	62	71	56	54	0
211103	450	115	CDM	67	75	71	50	59	62	66	66	0
211499	236	56	LB	67	76	77	54	59	67	67	55	0
211619	110724	93	CB	67	74	70	29	60	61	65	73	0
211783	517	54	ST	67	78	68	62	50	69	36	66	0
211862	100409	21	RM	67	77	73	57	67	66	49	62	0
212096	10029	27	CAM	67	72	67	54	65	72	44	50	0
212253	2007	13	CB	67	77	66	49	58	50	69	69	0
212462	1629	54	LWB	67	84	76	55	70	71	67	52	0
212932	232	163	LM	67	75	80	59	62	72	36	54	0
214092	100765	40	CAM	67	78	73	61	67	69	37	45	0
214419	15029	55	ST	67	78	77	68	47	63	38	67	0
215701	647	34	CAM	67	71	75	58	66	65	48	49	0
193663	568	54	GK	67	72	64	67	69	72	48	66	0
11	68	18	CM	66	69	61	61	65	67	57	67	0
603	69	27	GK	66	66	65	69	62	64	27	67	0
2172	111398	34	CB	66	66	62	39	62	64	66	62	0
3081	111540	38	GK	66	65	72	59	72	67	48	69	0
4520	1798	14	CAM	66	63	73	60	60	69	53	62	0
5005	1524	36	ST	66	64	81	68	55	71	48	58	0
5134	1823	18	GK	66	66	70	68	60	62	42	66	0
6016	2007	10	CM	66	66	31	64	73	63	39	41	1
7612	1943	25	LB	66	65	38	71	76	63	68	72	1
8040	1905	13	RM	66	65	86	67	63	61	41	51	1
9751	1904	23	GK	66	66	70	62	59	67	29	66	1
11595	620	25	CDM	66	67	62	61	64	67	64	66	0
15304	1799	42	GK	66	66	66	67	61	67	53	68	0
16177	8	25	ST	66	65	63	62	53	61	48	79	1
18289	417	36	CM	66	66	63	67	70	71	52	38	0
18785	1747	7	RM	66	64	61	66	67	67	42	43	0
19976	1902	34	ST	66	66	37	64	47	48	50	82	1
27487	112224	34	CB	66	64	37	45	64	57	66	70	0
28061	110913	34	CDM	66	65	49	51	61	51	67	69	0
30697	1800	42	CB	66	63	57	23	52	53	67	68	0
32190	111651	95	LM	66	63	68	59	64	66	59	44	0
42570	209	23	ST	66	66	70	67	59	66	46	70	0
44960	433	46	LB	66	67	42	37	58	57	70	77	1
45101	112424	13	ST	66	66	60	61	58	64	48	70	0
45475	160	21	CB	66	66	68	64	64	71	67	56	0
47014	1750	7	RB	66	66	65	60	65	62	65	62	0
47186	694	95	ST	66	65	70	62	52	68	47	70	0
47529	1915	54	GK	66	66	70	56	64	74	60	64	0
47996	112427	195	GK	66	66	67	68	66	68	38	61	0
49490	111140	18	ST	66	66	59	64	57	67	45	71	1
49902	111928	95	GK	66	68	69	62	62	68	51	65	0
49920	1747	7	LB	66	65	67	61	66	64	65	60	0
50385	111400	195	RM	66	65	67	63	61	68	55	60	0
51008	28	21	GK	66	66	65	68	46	66	21	67	0
51159	1715	38	LM	66	65	71	67	62	64	54	54	0
51620	110569	18	CB	66	66	56	50	69	62	62	68	0
51732	1746	27	CB	66	66	54	47	55	42	69	73	0
52115	1786	13	RM	66	66	85	70	62	66	46	43	1
52278	1447	13	CM	66	64	68	59	60	67	48	51	0
52326	1952	47	GK	66	67	67	68	62	68	46	65	0
52679	1800	25	GK	66	66	69	60	57	70	52	65	0
53034	57	18	CM	66	65	68	45	58	60	67	65	0
53502	111835	17	CM	66	67	58	61	62	64	59	52	0
53686	91	14	CM	66	66	52	64	67	61	70	70	0
53842	8	14	CM	66	65	54	66	70	68	56	53	0
53855	1926	14	ST	66	66	91	60	61	70	45	61	1
53874	1795	82	CB	66	66	52	38	48	43	67	72	0
100701	111766	66	RW	66	66	68	63	62	71	48	51	0
101490	112134	95	ST	66	67	46	64	42	65	47	78	1
101508	159	21	GK	66	65	64	62	57	68	41	69	0
105533	78	37	GK	66	66	64	67	65	66	54	68	0
108750	896	47	CM	66	66	82	57	62	69	54	56	0
110301	463	45	RM	66	66	71	58	67	64	54	56	0
111033	110831	45	CB	66	66	61	42	49	49	65	82	1
111085	1867	45	CDM	66	67	45	68	74	58	56	49	1
111114	1925	45	CB	66	66	62	46	66	61	70	58	0
111172	378	18	ST	66	63	80	65	59	74	40	58	0
111590	97	14	RM	66	67	83	54	57	69	46	51	0
112384	111989	18	CDM	66	67	65	51	71	67	58	65	0
112875	100879	45	LB	66	66	62	45	66	61	65	64	0
116314	1798	14	GK	66	67	68	61	67	70	50	67	0
116479	1809	18	CM	66	65	54	61	67	66	67	64	0
122040	10030	48	ST	66	67	71	62	48	71	41	65	0
122124	550	21	CB	66	66	22	37	52	39	69	68	0
123620	1844	21	LM	66	66	78	50	65	65	60	64	0
134621	110831	45	RB	66	66	78	39	57	61	66	62	0
134828	1926	42	CB	66	66	60	34	56	56	65	67	1
135190	111822	4	CM	66	68	70	70	67	69	56	58	0
135364	111043	54	CB	66	67	60	37	43	45	69	73	1
135430	695	54	CDM	66	68	74	62	64	64	67	61	0
135647	112116	52	ST	66	67	57	68	56	59	46	66	0
137204	112237	27	GK	66	65	64	65	55	68	35	70	0
137330	226	18	LB	66	66	54	37	68	62	66	65	0
137578	463	45	GK	66	66	71	75	62	60	44	61	1
137661	1831	21	GK	66	66	72	61	60	69	40	62	0
137692	1903	34	GK	66	66	57	68	70	72	28	65	1
137729	550	21	ST	66	67	80	64	60	68	46	64	0
137862	212	18	GK	66	66	64	65	60	67	42	71	0
137956	1831	21	CB	66	65	51	46	48	49	69	62	1
138180	1937	82	RM	66	64	81	61	61	69	41	54	0
138291	111065	88	GK	66	66	69	62	65	71	53	65	0
138704	71	136	RB	66	71	73	55	65	61	63	66	0
138901	39	27	RB	66	66	59	44	62	55	68	66	0
138957	112410	27	CM	66	66	65	54	69	61	61	59	0
138971	50	27	GK	66	66	71	60	61	63	25	72	0
139010	1970	83	LB	66	63	68	57	65	65	65	64	0
139348	1798	14	CB	66	66	66	54	56	54	67	70	0
139370	1474	167	CAM	66	66	91	61	61	74	44	73	1
139459	1924	14	CB	66	64	52	37	45	40	70	67	1
139500	1477	167	GK	66	66	68	64	67	69	43	66	0
139700	111396	34	CB	66	60	63	34	60	51	66	77	1
140164	101116	83	GK	66	64	67	66	63	68	44	69	0
140200	111091	163	CM	66	66	67	65	61	73	41	56	0
140468	1844	27	GK	66	66	63	62	71	69	23	70	0
140535	33	21	RB	66	66	66	48	62	61	67	68	0
140630	693	208	CM	66	66	59	65	66	65	59	61	0
140739	100764	20	CB	66	66	63	45	40	53	69	74	1
142270	1786	13	RB	66	66	74	49	67	56	66	60	0
142715	110554	52	CM	66	67	63	63	68	67	47	56	0
142748	1876	52	LM	66	69	72	62	67	67	57	57	0
142749	110392	52	CB	66	68	70	41	64	53	71	62	0
142757	110093	52	LB	66	66	68	49	65	68	63	66	0
143031	695	56	LB	66	65	83	54	61	64	67	64	0
144016	897	145	LB	66	69	75	52	63	64	65	58	0
144964	433	146	CM	66	66	70	60	58	77	45	54	1
145014	2023	45	CDM	66	70	66	44	65	60	67	60	0
145651	463	45	LM	66	66	55	64	66	69	45	51	0
146453	260	45	LB	66	66	80	50	58	65	64	59	0
146501	1855	45	CB	66	66	67	58	65	61	64	71	0
146510	1861	45	CM	66	68	55	60	77	66	59	46	1
146589	1855	45	RM	66	66	81	61	56	66	52	49	0
146718	571	45	LW	66	70	64	69	75	77	46	52	1
147620	2045	4	GK	66	66	62	64	62	68	44	72	0
147623	110231	40	CDM	66	66	69	52	66	64	66	72	0
148130	463	12	CB	66	66	33	57	66	50	73	61	1
148140	315	8	CM	66	66	34	57	64	62	66	74	1
148470	420	37	LM	66	66	77	59	63	65	52	56	0
148720	700	36	CM	66	63	66	56	63	57	71	66	0
148731	300	36	RB	66	67	72	61	61	61	63	66	0
148741	111140	36	CB	66	64	69	40	53	54	66	80	1
148751	111091	37	CB	66	66	38	45	53	42	68	69	1
148814	1902	34	LM	66	66	68	63	69	65	42	53	0
149067	110912	27	CB	66	64	62	35	38	40	69	73	0
149185	111974	27	CDM	66	71	70	56	73	62	60	58	0
149196	2038	27	ST	66	65	76	61	51	62	46	66	0
149825	94	25	ST	66	66	63	62	61	61	47	76	0
149852	1747	26	ST	66	65	68	65	56	60	42	74	0
150382	506	21	RB	66	66	60	40	59	56	69	69	0
150490	503	21	GK	66	68	70	64	63	71	43	60	0
150515	506	21	CB	66	66	66	35	47	48	69	68	0
150554	254	15	CM	66	66	57	65	69	71	55	66	0
150650	898	47	RM	66	65	81	62	61	69	41	59	0
150668	110913	18	CDM	66	65	67	55	66	61	67	72	0
151159	1952	14	ST	66	65	76	63	44	68	46	66	0
151270	142	14	RM	66	66	69	61	64	70	45	56	0
151710	820	13	LM	66	64	75	67	65	66	46	47	0
151885	110724	7	GK	66	67	68	63	60	72	31	63	0
152122	209	4	RM	66	65	77	58	65	65	55	61	0
152126	256	4	CM	66	66	68	60	65	67	58	66	0
152483	1938	110	CB	66	66	80	26	42	41	65	74	0
152523	1941	14	GK	66	67	68	67	58	71	57	61	0
152740	1926	14	RB	66	65	66	45	57	63	69	64	0
152875	89	14	CM	66	66	56	67	71	60	53	48	0
152950	33	37	RB	66	66	68	41	56	57	68	69	0
152991	1796	14	CM	66	68	71	64	70	68	66	68	0
154568	112225	27	CB	66	67	53	36	51	44	68	70	0
155266	919	36	RM	66	68	77	63	64	74	56	61	0
155351	983	167	LB	66	67	71	55	69	63	65	65	0
155352	1473	167	CAM	66	64	73	61	66	65	49	54	1
155530	82	35	CDM	66	63	69	66	70	63	61	60	1
155533	1800	14	ST	66	67	60	65	53	57	44	72	0
155537	111239	13	LB	66	66	76	56	66	63	66	60	0
155625	982	167	LB	66	66	77	62	71	60	65	66	0
156253	1961	14	GK	66	73	74	56	60	74	61	62	1
156289	239	145	CB	66	66	63	43	54	47	67	71	0
156301	1808	14	ST	66	66	76	65	53	66	39	67	0
156500	1028	83	CB	66	66	73	44	63	67	64	62	0
156549	1747	18	CB	66	66	43	47	61	44	65	72	0
156625	65	107	GK	66	66	69	66	55	70	38	64	0
156664	8	14	CM	66	64	53	64	65	66	63	59	0
156677	299	36	GK	66	65	65	63	66	73	46	62	0
157053	112679	83	ST	66	68	71	63	60	66	40	65	0
157098	110062	45	CB	66	66	53	33	53	40	65	70	0
157518	1881	83	CB	66	65	40	46	51	42	64	66	1
157703	10030	21	CB	66	68	67	47	58	53	63	75	0
157941	1958	25	ST	66	66	67	62	59	64	39	69	0
157970	1891	38	GK	66	68	64	66	64	73	44	64	0
158087	346	14	CB	66	66	45	45	60	53	66	71	0
158167	254	4	CB	66	69	78	35	47	49	67	72	0
158192	209	4	RM	66	65	87	62	62	65	44	61	1
158541	689	146	CB	66	64	55	45	48	64	65	76	1
158738	112409	27	CM	66	67	67	58	69	63	64	66	0
158933	1516	46	CM	66	69	77	62	70	66	60	63	0
158937	780	4	ST	66	67	69	62	49	66	45	66	0
158971	110398	52	LM	66	67	71	68	66	69	44	54	0
158979	111022	52	RM	66	65	63	42	69	63	53	59	0
159157	112116	55	CM	66	69	75	63	68	71	65	62	0
159233	1848	27	GK	66	67	63	64	56	71	44	68	0
159578	1925	14	RM	66	63	78	61	52	63	42	60	0
159819	2023	45	RB	66	66	72	46	56	54	67	66	0
160770	15005	24	CDM	66	67	62	55	63	56	65	68	0
161664	674	60	CB	66	66	66	55	64	63	68	69	0
161667	112679	83	CDM	66	69	71	48	62	62	66	74	0
161703	242	52	CM	66	66	64	69	65	68	56	62	1
161709	111019	52	RB	66	64	75	44	67	71	65	60	0
161841	12	93	RB	66	66	84	33	59	57	64	64	0
161867	100831	45	CB	66	66	56	41	60	44	67	69	0
161943	1943	14	CB	66	66	57	34	49	34	67	74	0
162006	162	10	CAM	66	65	74	62	65	71	40	46	0
162045	101116	83	RB	66	69	78	52	65	67	64	56	0
162052	101112	13	GK	66	66	70	65	66	66	58	65	1
162226	100081	7	CAM	66	67	61	65	65	66	45	64	0
162335	1915	34	CM	66	68	59	64	68	65	64	67	0
162343	1909	34	RB	66	66	55	37	60	54	68	65	0
162365	1904	34	CB	66	68	46	39	57	54	67	70	0
162890	88	95	CDM	66	66	72	51	62	57	68	74	0
162926	95	42	LM	66	65	65	70	60	70	53	52	0
162927	32	95	GK	66	66	67	57	67	73	28	66	0
163302	101116	83	CB	66	66	44	49	55	51	68	69	0
163579	1919	82	CM	66	64	74	59	64	65	67	74	0
163794	62	18	RM	66	66	69	54	64	71	50	45	0
163907	650	34	RB	66	67	74	47	65	64	66	66	0
164417	1919	25	RB	66	65	68	39	66	54	66	68	0
164495	162	21	CM	66	69	63	55	65	66	67	57	0
164542	111928	95	ST	66	64	53	61	55	59	50	76	1
164568	111140	70	CM	66	69	80	62	62	67	64	63	0
164855	1939	50	CB	66	71	70	35	57	57	65	70	0
165314	239	129	CAM	66	66	54	65	60	63	51	70	0
165427	379	119	CDM	66	66	71	37	61	65	66	60	0
165474	62	54	CB	66	66	42	38	53	45	66	73	0
165615	110746	37	GK	66	66	65	56	44	78	22	66	0
165882	983	167	CM	66	66	74	63	65	64	63	49	0
166664	1855	45	RB	66	66	76	49	62	62	62	64	0
166855	97	14	CB	66	70	78	31	50	48	65	70	0
167111	110234	40	CB	66	66	32	39	62	48	68	67	1
167515	88	51	ST	66	65	43	66	69	56	58	64	1
167521	1880	83	RB	66	70	78	53	66	65	67	63	0
167539	1970	83	CM	66	66	72	58	66	70	51	45	0
167694	1961	14	RB	66	71	68	42	59	56	68	73	0
167833	80	42	CM	66	63	77	45	62	62	65	70	0
168294	1747	18	CB	66	67	32	50	51	44	69	66	0
168562	101102	56	CM	66	66	64	57	64	60	72	71	1
168605	1914	34	ST	66	65	75	64	53	67	46	54	0
169063	1799	18	CAM	66	65	77	61	68	71	49	65	0
169072	1820	18	LB	66	62	68	47	62	55	66	63	0
169100	1795	42	LM	66	75	92	55	58	69	46	62	1
169184	1939	42	LWB	66	68	74	54	65	68	63	64	0
169207	110145	83	CM	66	66	69	55	68	66	63	60	0
169324	191	4	LB	66	70	76	53	63	68	65	60	0
169347	256	4	CM	66	66	75	62	65	71	51	54	0
169424	100087	9	RB	66	67	74	45	61	70	65	56	0
169493	1919	14	GK	66	68	66	64	71	70	58	65	0
169534	1516	13	ST	66	63	69	61	57	67	46	73	0
169584	69	18	CM	66	69	71	53	67	62	65	70	0
169644	1807	110	LM	66	67	83	62	64	68	39	51	0
169713	1793	82	RB	66	71	78	44	58	64	66	65	0
169919	94	14	RM	66	72	80	54	61	69	45	53	0
170286	110	14	LB	66	72	75	30	62	67	66	73	0
170355	670	107	LB	66	66	84	44	60	54	67	63	0
170830	110724	7	CB	66	67	48	47	53	50	67	65	1
170865	711	17	CM	66	66	61	67	73	60	37	38	0
171006	100879	45	GK	66	66	77	62	57	71	53	56	1
171033	1786	13	GK	66	70	68	63	61	70	36	64	1
171088	2023	45	CB	66	66	71	40	50	47	63	71	0
171601	110749	37	CDM	66	67	69	62	68	67	62	56	0
171774	1867	45	CDM	66	64	76	52	64	56	66	68	0
171900	1831	21	CB	66	69	70	54	63	62	66	66	1
172179	3	14	LB	66	71	72	51	62	54	65	68	0
172200	420	37	LB	66	65	75	51	64	60	67	52	0
172258	1807	38	CDM	66	66	63	39	55	56	70	63	0
172265	1926	14	CDM	66	71	73	55	65	62	65	66	0
172297	212	110	RW	66	66	82	58	61	62	42	55	0
172623	477	45	ST	66	66	77	63	53	73	40	53	0
172691	111086	45	ST	66	67	79	62	59	65	41	68	0
172756	1871	37	CDM	66	66	60	47	53	55	66	68	0
172851	1832	34	ST	66	66	55	62	60	60	55	68	1
172904	1938	14	CAM	66	74	73	66	54	68	44	59	0
172966	89	50	LB	66	69	74	43	56	60	66	66	0
173030	1809	52	CM	66	80	82	63	68	81	46	58	1
173097	670	22	RB	66	73	85	45	68	65	63	65	1
173160	570	27	CM	66	76	66	62	72	66	59	66	0
173440	1943	14	CB	66	65	52	29	56	48	65	71	0
173454	1799	50	CB	66	70	68	47	64	61	67	72	0
173484	100879	45	RB	66	71	76	40	58	58	66	61	0
173531	11	14	GK	66	71	66	67	66	73	50	60	0
173815	1938	14	CB	66	71	58	58	58	58	67	68	1
174407	110929	140	CAM	66	68	58	60	69	66	43	63	0
174670	1873	37	LM	66	71	78	69	60	66	58	63	0
176018	1750	7	LB	66	67	72	44	66	65	65	63	0
176236	111140	82	ST	66	66	76	62	56	65	47	72	0
176264	873	56	CB	66	65	69	42	59	52	65	71	1
176322	1474	167	ST	66	66	64	61	44	62	48	80	1
176631	418	46	GK	66	57	70	62	64	70	39	65	0
176692	1530	129	LM	66	68	87	50	60	69	35	50	1
176720	1755	46	CB	66	65	66	28	50	39	67	78	0
176770	1598	54	CB	66	66	61	60	69	51	62	46	1
176917	691	56	CM	66	66	73	60	65	67	50	63	0
176991	112427	195	CB	66	64	50	31	53	58	65	71	1
177153	101114	83	LB	66	63	63	55	64	63	68	67	0
177160	1445	136	ST	66	63	77	63	58	68	45	61	0
177288	111239	21	CB	66	66	44	41	53	35	68	67	0
177315	1924	14	LM	66	66	73	60	67	67	41	57	0
177361	1813	18	CDM	66	64	61	42	59	59	67	68	0
177479	1738	18	CB	66	68	52	42	59	44	65	72	1
177495	3	14	LM	66	67	78	59	63	69	48	56	0
177515	462	1	RM	66	69	79	59	58	77	37	52	0
177602	112679	83	LB	66	65	81	53	63	68	64	62	0
177618	97	14	CM	66	71	58	61	68	70	57	55	0
177619	111239	4	CM	66	66	79	59	63	68	43	60	0
177667	110329	21	RB	66	67	71	41	62	60	67	64	0
177696	1882	83	CM	66	70	71	62	61	70	50	62	0
177719	1871	37	RB	66	67	72	56	57	56	63	65	0
177823	294	54	ST	66	66	51	66	61	60	46	70	0
177868	472	45	ST	66	66	80	62	54	62	48	62	0
177896	10030	21	CM	66	71	62	63	64	69	43	57	0
177960	112225	27	CM	66	66	66	64	67	65	60	56	0
178009	110913	10	LB	66	65	57	52	58	56	68	67	0
178152	614	136	CDM	66	71	59	50	62	61	67	69	0
178189	1853	45	CDM	66	71	59	53	64	58	65	58	0
178256	1516	34	ST	66	66	71	65	60	65	44	70	0
178318	1820	108	CB	66	64	48	34	52	37	67	72	0
178435	112225	27	LW	66	70	73	63	64	66	53	66	1
178585	89	50	ST	66	69	73	62	58	62	49	66	0
178593	1796	25	LM	66	70	79	70	60	65	45	52	1
179516	1832	21	ST	66	68	75	67	60	63	46	66	0
179692	691	95	ST	66	64	68	64	50	66	45	66	0
179713	101103	56	CM	66	66	86	63	59	73	39	56	1
179746	1796	50	ST	66	74	67	60	49	61	47	78	0
179782	698	82	ST	66	60	79	63	55	67	43	64	0
179802	1882	83	CM	66	68	69	61	67	65	64	61	0
179811	100081	7	RM	66	69	78	61	61	65	65	62	0
179845	2038	54	CDM	66	63	60	55	71	65	61	61	0
179982	106	47	CM	66	72	69	51	65	61	70	75	0
180293	1477	167	LB	66	65	80	42	56	65	68	63	0
180316	110724	117	LM	66	65	72	53	63	73	49	54	0
180408	110329	21	RM	66	69	88	65	63	63	51	65	1
180409	325	48	CB	66	74	63	59	57	40	71	71	1
180724	111043	54	CB	66	65	63	51	52	46	67	68	0
181001	101112	95	GK	66	64	69	66	64	67	59	66	0
181339	873	116	RB	66	68	91	50	59	59	65	67	1
181383	319	46	CM	66	75	56	50	63	60	70	60	0
181479	1477	195	CB	66	66	54	47	56	47	64	70	0
181699	982	163	LM	66	70	88	58	61	61	52	70	1
181794	110227	40	ST	66	73	63	65	54	63	40	71	0
181917	110152	83	CM	66	68	70	54	64	63	68	68	0
182126	1901	54	CM	66	68	79	57	64	66	67	70	0
182145	15021	45	CB	66	69	53	41	58	53	64	67	0
182166	58	18	LB	66	73	78	57	66	69	62	56	0
182520	506	21	GK	66	68	67	66	64	67	52	64	0
182731	111043	52	CM	66	66	85	57	55	78	38	42	1
182761	91	14	GK	66	67	68	65	67	66	45	67	0
182866	112393	103	ST	66	68	74	65	61	68	39	68	0
182897	15005	7	GK	66	69	66	60	68	72	44	66	0
183113	111766	198	ST	66	69	67	68	47	58	41	68	0
183141	241	45	GK	66	73	64	65	74	63	45	73	0
183147	12	14	CB	66	70	74	25	51	50	65	71	0
183275	112267	54	ST	66	71	64	65	50	62	53	66	0
183356	1823	18	CDM	66	69	67	57	66	55	62	67	0
183360	78	18	CB	66	69	74	36	50	37	68	69	0
183377	1755	36	CB	66	69	69	35	53	40	68	63	0
183410	62	18	RM	66	70	92	55	60	71	37	42	1
183475	1755	36	GK	66	71	65	64	62	74	35	65	0
183524	97	195	LB	66	73	65	36	62	61	67	70	0
183545	2	195	CB	66	73	74	57	63	60	69	76	0
183564	1904	34	CB	66	68	52	64	64	60	67	66	0
183643	254	4	GK	66	69	70	60	66	72	52	63	0
183813	1888	126	CDM	66	68	65	45	56	50	68	68	0
183823	100831	45	CB	66	66	53	33	45	40	66	68	0
183853	468	45	CAM	66	74	79	61	57	75	43	54	0
183894	687	52	CDM	66	68	68	51	60	66	66	49	0
184176	58	7	ST	66	74	67	61	55	70	39	60	0
184336	982	167	CM	66	69	79	62	67	67	43	55	0
184397	110150	83	GK	66	66	68	66	62	70	43	66	0
184407	110741	27	CM	66	74	65	61	66	61	66	68	0
184451	1908	34	LB	66	70	55	47	63	61	67	67	0
184471	3	25	LM	66	72	77	65	64	72	39	56	0
184474	506	21	CB	66	66	42	35	49	44	66	74	1
184515	1793	14	RM	66	70	75	64	59	66	44	70	0
184519	190	27	GK	66	63	67	66	61	67	35	67	0
184520	110912	23	ST	66	65	70	62	57	62	47	74	0
184523	920	51	CM	66	66	57	72	70	77	51	58	1
184550	1831	54	ST	66	66	70	65	59	69	45	72	0
184584	144	14	LB	66	76	72	37	60	64	66	63	0
184587	192	37	RM	66	75	84	57	62	66	51	56	0
184635	1914	34	LM	66	67	73	63	58	69	41	60	0
184900	1474	167	CB	66	66	93	40	53	54	69	69	1
184928	1820	18	ST	66	64	72	67	53	62	40	66	0
185360	110231	6	GK	66	69	64	63	64	70	46	67	0
185430	110233	9	CB	66	66	65	39	59	49	66	62	1
186155	1935	14	RM	66	74	85	59	62	68	41	46	1
186158	88	14	CB	66	73	67	27	46	37	66	70	1
186161	217	18	LM	66	76	76	60	57	71	41	62	0
186198	1932	14	CM	66	70	75	63	66	66	55	60	0
186238	3	14	GK	66	70	67	65	63	69	50	63	0
186361	1882	83	RB	66	71	77	63	62	71	56	61	0
186450	12	116	LM	66	70	89	55	55	72	39	41	1
186453	1915	34	CDM	66	68	72	55	63	67	67	66	0
186502	110234	34	LM	66	73	64	64	66	68	60	62	0
186513	110147	83	LB	66	69	78	61	65	67	65	61	0
186515	1970	83	CAM	66	73	74	69	67	69	43	62	0
186526	29	21	GK	66	69	67	65	63	67	32	66	0
186531	696	95	RB	66	69	82	57	64	64	65	62	0
186538	900	51	CB	66	71	64	43	48	50	64	70	0
186579	550	52	CDM	66	66	66	53	65	67	65	54	0
186607	206	27	CF	66	74	89	64	59	73	36	45	1
186680	477	45	GK	66	71	62	74	63	63	36	68	1
186682	571	45	CDM	66	73	58	48	66	60	63	66	0
186684	15021	45	CB	66	73	49	35	50	47	68	68	1
186715	111928	95	LM	66	67	81	57	61	67	53	53	0
186905	1808	4	ST	66	76	68	67	57	68	51	72	0
186992	1970	83	RB	66	71	71	57	67	67	63	60	0
187063	417	133	CM	66	68	82	52	63	70	63	64	0
187338	111540	46	ST	66	72	67	63	51	62	40	70	0
187517	315	40	CB	66	75	60	38	49	42	69	62	1
187518	110233	40	RB	66	66	67	45	63	50	63	67	0
187603	100765	40	CB	66	66	69	46	62	59	66	64	0
187734	100766	40	GK	66	73	61	73	62	72	47	60	0
188091	417	36	ST	66	73	84	61	54	72	43	64	0
188146	1815	18	RB	66	70	68	37	60	52	68	67	0
188161	1914	34	ST	66	67	82	64	54	67	44	63	0
188164	1794	14	ST	66	75	70	67	66	66	51	56	0
188181	1799	14	LB	66	69	71	55	61	67	65	62	0
188412	110930	140	CM	66	66	72	54	60	67	40	56	0
188485	1848	60	CB	66	79	60	38	46	40	67	72	1
188561	674	102	CB	66	68	71	39	46	47	67	74	1
188575	780	4	RM	66	69	78	61	62	74	40	55	0
188772	894	47	RB	66	74	73	39	61	59	66	63	0
188789	94	14	ST	66	66	73	62	50	70	40	52	0
188821	100831	18	LB	66	66	86	35	56	62	64	64	1
188826	110929	140	LM	66	67	72	52	51	72	34	42	0
188969	463	45	CAM	66	66	65	64	73	68	47	50	1
189007	420	37	CM	66	66	57	56	62	57	70	66	0
189047	110749	37	CB	66	63	61	52	42	53	69	72	0
189084	100632	34	GK	66	73	65	68	64	66	51	66	0
189153	695	52	CAM	66	76	73	55	66	70	40	52	0
189177	1800	42	CM	66	76	70	60	66	72	46	57	0
189410	160	21	CM	66	71	70	50	67	66	62	63	0
189415	224	18	LB	66	68	71	54	63	62	65	52	0
189541	89	14	RB	66	74	71	34	61	65	66	68	0
189557	570	27	RB	66	69	77	51	63	59	66	64	0
189724	209	15	CB	66	69	51	30	45	42	65	77	1
189751	1837	27	CM	66	71	70	64	65	68	58	64	0
189772	97	14	LM	66	66	70	63	65	66	48	50	0
190090	1837	22	CDM	66	73	70	48	65	63	65	72	0
190140	8	25	LM	66	69	91	56	61	67	64	62	1
190490	110636	108	RM	66	72	97	56	54	67	40	56	1
190504	1793	133	CM	66	75	72	51	63	67	67	64	0
190585	112134	95	RB	66	69	82	52	59	63	63	58	0
190588	111140	72	LW	66	67	80	59	60	66	57	65	0
190635	15005	126	CDM	66	71	71	55	62	71	66	69	0
190666	1832	21	CB	66	70	64	40	60	56	66	68	0
190667	25	21	CF	66	72	76	65	62	73	43	54	0
190685	1815	126	ST	66	70	90	64	54	65	39	57	1
190745	192	27	GK	66	76	66	63	59	72	33	65	0
190780	693	95	GK	66	72	72	58	59	74	60	63	0
190783	689	46	CB	66	66	41	32	59	45	69	66	0
190979	417	36	CM	66	74	74	63	62	76	55	55	0
191261	110178	21	ST	66	66	65	63	49	59	46	73	0
191263	607	183	CAM	66	68	63	62	66	70	54	58	1
191548	1473	163	CM	66	66	71	56	59	62	65	56	0
191655	1473	167	GK	66	82	67	61	62	67	57	68	0
191871	983	167	CM	66	66	73	54	65	63	64	70	1
192045	112679	83	RM	66	70	83	39	65	70	59	58	0
192110	1880	83	RW	66	76	80	58	59	70	41	68	0
192122	467	45	RB	66	72	75	34	58	60	64	63	0
192126	433	46	LM	66	76	79	62	60	72	44	61	0
192128	320	46	RB	66	74	67	55	68	74	64	58	0
192170	711	133	CM	66	66	66	53	57	55	66	63	0
192437	165	21	CAM	66	71	68	64	64	69	45	60	0
192457	243	45	GK	66	70	62	67	52	68	36	69	0
192561	110329	21	RM	66	74	78	65	58	71	41	65	0
192567	110178	21	RB	66	75	77	45	64	65	64	50	0
192617	110500	21	LM	66	70	76	62	64	66	61	61	0
192619	110596	21	CB	66	69	69	29	40	36	68	67	1
192622	7	25	CB	66	74	52	32	47	33	66	67	1
192624	88	35	LM	66	76	77	53	62	74	59	52	0
192638	110374	45	LB	66	78	69	59	61	62	68	61	0
192661	162	21	RB	66	70	72	43	62	65	66	65	0
192663	159	21	ST	66	70	70	63	39	56	42	69	1
192824	1738	97	CAM	66	71	73	64	65	68	46	58	0
192840	112410	8	ST	66	71	65	62	57	59	48	70	1
192877	110233	43	CB	66	69	54	43	51	34	66	71	1
192997	226	18	CDM	66	67	56	30	56	47	68	66	1
193083	620	14	CDM	66	71	63	51	62	67	64	70	1
193095	10030	34	ST	66	72	70	65	56	64	47	66	0
193133	1788	13	RB	66	73	89	58	65	63	66	56	1
193179	1445	117	CB	66	69	73	42	53	52	67	70	1
193187	142	14	RM	66	70	82	59	62	70	46	42	0
193308	1473	54	ST	66	66	82	64	51	65	48	72	0
193331	14	14	GK	66	72	69	66	64	69	59	64	0
193339	112527	56	CAM	66	67	62	64	65	73	58	62	0
193448	70	129	RB	66	75	77	56	68	58	65	61	0
193493	665	38	CAM	66	71	64	59	63	69	42	56	0
193517	100634	10	CAM	66	72	68	63	64	72	44	52	0
193546	631	42	CB	66	73	71	28	44	61	67	70	0
193632	506	30	LM	66	72	90	61	57	72	41	53	1
193686	1837	27	LB	66	76	70	38	58	57	68	68	0
193716	80	42	CB	66	71	67	37	51	57	66	72	0
193798	1961	25	ST	66	78	74	61	55	66	47	68	0
193896	36	21	CDM	66	71	67	51	62	61	68	63	0
193938	112679	83	CB	66	69	70	38	62	60	66	68	0
193983	110326	18	ST	66	76	74	61	56	71	39	63	0
194015	162	21	CB	66	71	65	47	54	55	67	69	0
194083	111092	38	ST	66	69	71	59	57	69	47	66	0
194333	111092	37	GK	66	66	68	63	54	70	26	69	0
194669	647	4	CM	66	77	72	63	71	69	59	57	0
194738	693	54	ST	66	62	60	64	56	65	46	67	0
194783	1838	27	ST	66	77	80	59	58	70	39	60	0
194955	450	45	LW	66	70	75	59	57	73	46	57	0
194985	110109	54	CB	66	67	81	57	65	57	66	67	1
195020	110	14	CDM	66	70	69	48	65	59	65	60	0
195037	110	14	CB	66	74	53	26	48	37	67	75	1
195261	160	21	ST	66	69	65	65	54	63	44	69	0
195357	1815	99	GK	66	70	68	66	65	63	39	75	1
195722	15029	55	LB	66	65	92	39	64	58	67	58	1
196884	744	61	LW	66	72	82	65	54	71	41	60	0
196935	95	45	CB	66	77	66	28	58	58	66	63	1
197233	74	18	GK	66	76	65	62	61	74	42	64	0
197239	244	45	CM	66	66	73	65	61	69	43	46	1
197503	112387	183	CB	66	66	72	41	56	55	67	71	0
197768	217	18	CM	66	77	72	60	68	73	42	43	0
197891	573	45	ST	66	75	77	60	50	71	39	60	0
197926	110734	27	CM	66	73	66	55	70	67	60	66	0
197941	433	133	ST	66	72	90	62	42	67	36	69	1
197948	378	18	CB	66	75	47	45	57	47	68	67	1
197961	873	37	RB	66	69	77	65	62	65	61	54	0
197981	269	13	ST	66	76	63	61	43	61	44	78	1
198000	111928	95	LB	66	70	72	55	61	59	68	64	0
198104	33	21	CDM	66	70	68	55	59	59	67	72	0
198129	1906	58	CDM	66	74	72	55	62	67	64	60	0
198177	100634	34	CB	66	72	64	36	54	48	66	66	0
198190	1919	25	LB	66	70	77	45	64	63	65	67	0
198257	696	95	LB	66	68	68	48	62	63	66	55	0
198285	1917	14	GK	66	76	68	67	55	70	55	63	0
198292	110231	40	RB	66	74	70	43	64	47	66	58	0
198338	112225	27	CB	66	74	60	37	39	45	68	76	1
198352	169	21	CB	66	77	67	44	60	50	68	69	1
198599	417	36	RB	66	75	81	50	55	66	67	57	0
198638	894	47	CM	66	77	72	59	66	62	57	50	0
198654	110234	40	CM	66	74	56	61	71	61	60	71	0
198657	298	36	RB	66	72	72	63	66	69	64	66	0
198782	239	7	CDM	66	69	63	37	60	52	67	67	0
198857	112409	27	CB	66	75	52	40	46	50	69	72	1
198977	1831	21	RM	66	73	83	60	57	71	37	49	0
199000	111396	195	CB	66	79	74	48	68	64	69	69	0
199027	1926	14	LB	66	81	76	38	61	59	63	62	0
199149	111395	195	CB	66	67	59	34	50	48	68	74	0
199313	110569	108	RB	66	74	79	43	63	56	65	64	0
199524	110912	133	CDM	66	68	72	46	66	65	63	63	0
199538	650	34	CM	66	73	55	57	69	63	57	51	0
199562	110704	45	CB	66	71	68	46	67	62	62	53	0
199578	1867	45	ST	66	68	63	65	46	56	48	63	1
199625	1905	18	LB	66	67	75	57	67	66	64	67	0
199651	682	54	CAM	66	74	81	58	63	76	45	51	1
199667	1876	52	LB	66	73	62	34	41	39	69	66	0
199791	272	13	LM	66	74	84	61	58	72	41	64	0
199959	101114	83	CM	66	72	76	54	66	70	57	54	0
199980	110913	7	GK	66	65	74	57	62	73	45	61	0
200105	1915	34	CB	66	71	68	37	62	63	66	68	0
200107	1902	34	CDM	66	71	76	44	63	67	66	65	0
200209	820	13	GK	66	74	68	64	65	70	39	65	0
200236	1873	8	LB	66	72	83	42	55	61	70	64	1
200314	453	45	CAM	66	77	71	59	61	65	47	52	0
200318	100634	21	ST	66	72	72	62	55	65	44	70	0
200357	59	51	CB	66	75	47	32	48	47	67	68	1
200446	101112	54	ST	66	73	74	70	61	72	41	58	1
200553	110765	167	LW	66	69	80	58	60	65	43	69	0
200592	1476	167	CM	66	66	79	55	66	66	65	69	0
200759	95	117	LB	66	60	86	60	34	68	49	62	1
200953	1910	21	RW	66	72	66	63	63	67	49	61	0
201041	294	18	LB	66	76	78	39	63	60	65	69	0
201073	379	18	ST	66	76	75	64	58	65	41	61	0
201085	88	42	CM	66	76	78	49	64	75	54	51	0
201266	820	13	RM	66	77	76	63	61	67	50	57	0
201271	1445	13	RM	66	74	85	52	63	70	50	64	1
201914	110915	27	CB	66	74	67	37	47	52	65	68	0
201922	191	4	CB	66	80	67	55	58	59	66	72	1
201938	673	7	LM	66	76	86	55	61	73	37	50	1
201965	320	46	CM	66	75	72	60	68	68	50	46	0
202153	247	34	LB	66	71	71	46	62	65	67	64	0
202171	687	95	RB	66	66	69	56	54	57	68	71	0
202245	111144	95	LM	66	62	76	59	64	67	60	60	0
202348	517	54	CDM	66	72	55	49	68	63	64	66	0
202416	670	45	CB	66	66	72	34	62	60	66	67	0
202445	112237	27	CB	66	75	68	37	52	52	67	72	0
202512	10030	21	LB	66	72	75	48	64	65	66	66	0
202530	111651	45	CM	66	66	83	51	58	70	43	52	0
202708	72	115	RB	66	73	77	50	64	61	65	56	0
202864	112584	55	LM	66	72	91	58	65	65	62	66	1
202885	101114	83	CAM	66	73	74	63	51	66	39	68	0
202985	1474	167	LB	66	68	79	40	60	63	67	67	0
203060	4	14	CM	66	79	71	47	68	71	53	48	0
203159	110178	21	CB	66	69	63	29	50	36	67	72	1
203166	503	21	RM	66	68	82	60	59	69	49	63	0
203177	110832	18	RB	66	76	77	49	65	62	67	61	0
203263	1794	14	CB	66	78	54	27	47	41	65	73	0
203348	1798	25	RM	66	75	68	58	59	72	44	35	0
203355	4	14	LM	66	78	82	62	62	69	39	60	0
203362	112199	36	LM	66	75	83	57	62	74	45	61	0
203731	110929	140	CB	66	68	66	27	42	35	69	69	0
203786	110596	1	RM	66	69	89	58	61	70	48	64	1
203823	10030	21	LB	66	69	75	58	61	60	67	70	1
203886	71	18	CM	66	75	76	59	63	70	58	46	0
203912	110912	27	ST	66	70	91	58	49	72	39	56	1
204074	15021	83	ST	66	65	60	63	41	54	50	74	1
204102	1903	34	CDM	66	79	70	52	66	71	62	61	0
204103	1903	163	CM	66	66	75	54	60	75	36	38	0
204254	44	54	RB	66	78	79	51	68	71	61	48	0
204336	1873	51	CB	66	66	65	40	53	60	67	65	0
204353	91	42	LB	66	70	65	61	64	64	66	76	1
204386	1908	34	LB	66	71	67	41	66	66	65	66	0
204392	650	34	CM	66	74	66	54	65	65	62	63	0
204394	100634	34	RW	66	70	89	57	54	71	39	58	1
204436	38	21	CAM	66	77	66	59	65	75	41	58	0
204478	1910	12	CB	66	66	63	39	58	50	65	73	0
204616	110915	27	RB	66	73	76	42	59	44	67	70	0
204687	420	37	RB	66	73	89	39	58	62	66	60	1
204778	110704	45	LW	66	72	70	57	68	69	48	49	0
204845	162	46	LM	66	74	79	64	62	74	40	44	0
204849	110147	83	ST	66	66	84	59	58	67	42	70	0
205053	1807	42	CM	66	67	76	57	69	67	61	57	0
205121	242	38	RM	66	74	82	65	59	70	46	60	0
205210	711	46	CDM	66	74	61	54	59	59	65	67	0
205391	65	18	CDM	66	79	75	47	62	65	66	64	0
205401	1909	20	CAM	66	75	75	55	55	78	42	54	1
205408	1013	52	CB	66	71	67	33	59	51	65	64	0
205590	459	45	RB	66	71	75	44	67	57	65	68	0
205617	110929	140	CDM	66	70	67	36	67	67	65	60	0
205654	39	108	CM	66	75	68	57	70	65	61	72	0
205682	110915	8	LW	66	75	80	62	60	69	42	64	0
205951	674	54	RB	66	66	76	60	66	67	66	60	0
206126	1943	140	ST	66	73	92	58	55	74	39	60	1
206393	110913	19	LM	66	68	69	67	64	71	45	64	0
206408	254	95	ST	66	74	70	65	42	57	42	74	0
206585	448	45	GK	66	77	64	57	71	73	34	68	0
206591	21	21	RM	66	77	84	53	62	73	42	48	0
206606	111239	21	ST	66	78	53	62	42	60	45	70	1
207507	1755	133	ST	66	73	74	63	51	66	38	50	0
207531	10029	21	CB	66	74	67	36	55	53	67	66	0
207642	1960	35	ST	66	73	72	65	48	66	45	67	0
207684	110636	22	RM	66	75	76	50	60	72	35	53	0
207894	10029	21	CDM	66	74	62	47	60	57	67	71	0
207928	78	195	CAM	66	78	72	65	65	77	41	60	0
207929	894	54	LM	66	69	79	46	52	75	35	40	0
208379	920	72	CB	66	76	74	47	58	54	66	68	0
208459	1913	34	LB	66	73	73	41	63	65	70	50	1
208535	1844	117	CM	66	79	69	54	64	70	65	70	0
208587	1755	82	ST	66	66	80	61	51	69	38	57	0
208636	1474	167	CM	66	66	70	53	66	64	65	66	0
208675	239	42	ST	66	78	81	59	40	66	38	70	0
208822	567	54	CF	66	80	90	59	55	74	33	47	1
208927	112139	183	LB	66	66	60	37	68	53	69	68	0
209051	111674	183	RM	66	68	77	59	61	73	35	42	0
209346	110233	40	ST	66	74	76	67	65	67	39	62	0
209372	1914	48	RM	66	76	83	61	63	68	32	51	0
209377	1914	34	LB	66	68	70	53	69	68	63	48	0
209436	110746	163	CAM	66	69	73	60	64	68	50	50	0
209636	570	27	CB	66	79	65	28	44	38	69	68	0
209674	1904	34	RW	66	71	83	56	58	68	35	50	0
209785	110930	140	LB	66	69	77	39	64	67	65	49	0
209889	217	18	LB	66	79	80	52	62	66	64	57	0
209965	110500	47	ST	66	72	68	62	56	63	42	66	0
210142	112139	183	LM	66	68	90	58	58	75	35	42	1
210219	70	52	ST	66	67	50	66	51	64	37	66	0
210304	25	21	LM	66	73	76	59	61	70	38	50	0
210361	15005	7	LB	66	70	63	35	61	50	68	67	0
210434	1820	18	RB	66	71	79	51	63	63	65	60	0
210532	2038	60	LM	66	70	69	52	68	62	63	64	0
210599	100765	40	GK	66	78	68	60	63	66	46	71	0
210700	607	183	CDM	66	73	69	60	63	66	64	68	0
211321	110556	136	RW	66	78	79	59	53	51	41	70	0
211353	112124	39	GK	66	71	69	65	59	72	55	65	0
213133	110745	45	CAM	66	70	73	59	71	75	39	48	0
213311	110912	59	CB	66	66	70	34	64	60	63	60	0
215886	1831	10	CDM	66	73	56	56	61	61	65	68	0
1318	110178	21	LB	65	66	66	64	66	66	65	64	0
2208	100634	117	ST	65	66	64	65	50	64	39	69	0
3189	1812	18	ST	65	66	60	67	71	65	51	64	0
6186	674	7	CM	65	65	30	66	65	48	64	64	1
7080	1892	38	CDM	65	64	50	50	65	58	67	68	0
7221	2045	4	ST	65	65	65	69	62	65	48	67	0
9807	1910	34	CB	65	65	36	38	57	35	65	72	0
10899	1794	14	ST	65	59	66	60	54	62	48	70	0
11841	89	14	CM	65	62	40	63	72	64	60	56	0
17992	112513	38	RW	65	67	73	56	66	67	51	51	0
19119	1801	70	ST	65	65	79	65	56	63	44	67	0
19382	1796	50	CM	65	64	53	59	67	64	53	48	0
20057	432	36	CB	65	63	47	55	65	55	69	60	0
22151	269	13	CB	65	69	77	45	53	53	67	72	1
32420	897	47	RM	65	64	68	60	59	70	45	56	0
34373	111397	195	ST	65	64	78	59	50	71	44	52	0
35310	1902	7	CDM	65	63	65	59	66	67	63	59	0
41049	1516	13	ST	65	65	54	61	46	60	40	65	0
45104	1516	13	ST	65	68	65	59	48	52	43	76	0
45110	920	36	CM	65	65	72	58	66	63	65	65	0
45359	920	36	CB	65	63	60	36	48	57	68	74	1
45362	100081	7	LB	65	67	69	63	66	67	64	62	0
45375	922	36	ST	65	65	68	56	49	60	43	73	0
45587	272	13	ST	65	64	61	62	59	57	45	68	0
45609	33	21	CM	65	65	67	63	62	69	64	56	0
46014	77	42	RM	65	66	54	72	70	68	60	74	1
49214	100804	42	RB	65	64	39	46	61	57	70	73	1
49441	1530	18	CDM	65	65	66	51	64	65	60	61	0
49457	71	18	RW	65	67	73	63	55	66	39	68	0
49574	300	46	ST	65	65	80	64	50	66	42	64	0
49589	700	46	CB	65	64	56	59	60	59	63	78	0
49945	434	80	CB	65	63	70	42	42	55	68	69	0
50632	1939	14	CB	65	65	41	34	41	38	68	72	1
51116	702	36	CB	65	65	62	45	53	48	65	73	0
51363	1910	34	GK	65	65	62	66	63	65	37	69	0
51466	1750	7	CB	65	65	48	41	57	45	65	68	0
52107	361	14	CB	65	61	37	28	46	38	67	69	1
52280	920	13	CB	65	64	60	38	41	41	67	68	1
52309	111139	95	RM	65	69	76	58	61	69	46	48	0
52474	299	36	RB	65	67	69	66	67	60	68	60	0
52846	896	47	RB	65	65	78	50	60	65	65	66	0
52978	319	46	RB	65	65	76	45	59	63	66	51	0
53496	694	42	CM	65	65	57	62	69	61	50	49	0
53500	14	14	LB	65	63	67	47	63	59	66	66	0
53593	15	14	RM	65	68	62	63	67	69	60	58	0
53618	88	14	CM	65	65	60	52	63	60	68	62	0
53847	1932	14	GK	65	65	64	68	66	62	50	67	0
53867	111396	42	CDM	65	66	51	45	52	55	70	65	0
54008	97	14	GK	65	65	66	67	54	67	56	64	0
101882	8	14	LB	65	64	62	36	63	65	65	62	0
102129	271	17	CB	65	64	33	54	58	44	63	77	0
102293	110178	51	ST	65	65	60	63	52	60	47	65	1
102881	433	70	GK	65	60	67	60	66	72	33	63	0
103578	874	37	CB	65	63	53	61	59	50	65	59	0
104296	111395	25	CM	65	65	58	59	68	68	51	59	0
104509	922	36	CB	65	65	66	64	58	50	66	69	1
105827	1873	37	ST	65	66	67	64	60	55	46	68	1
106202	1871	37	ST	65	65	63	64	51	53	53	76	0
107280	1738	18	CB	65	61	40	32	59	40	66	71	0
108361	256	4	GK	65	65	65	65	66	65	53	64	0
110371	110062	45	CB	65	65	31	48	57	47	72	58	1
111106	260	45	GK	65	65	70	60	63	71	63	59	1
112373	1820	18	GK	65	63	61	64	55	69	41	68	0
112745	503	45	CDM	65	65	49	54	64	64	64	55	0
115577	1867	45	CB	65	64	51	35	45	40	68	72	1
119834	142	14	CM	65	65	45	63	71	67	62	60	0
120326	1447	13	CB	65	65	54	46	59	45	65	71	0
120451	298	36	GK	65	66	65	66	64	68	35	65	1
134792	1798	14	LM	65	66	71	62	60	68	51	60	0
136110	1905	7	CB	65	64	42	39	57	42	67	66	0
136275	2056	167	RB	65	65	78	53	63	50	67	69	0
136467	1476	167	CB	65	65	73	39	54	52	66	71	0
136775	1914	34	CB	65	66	34	53	58	58	65	62	0
137403	111139	27	CM	65	65	74	56	60	68	45	53	0
137464	506	21	CDM	65	64	41	42	54	55	70	67	0
137466	110734	27	CB	65	65	53	45	44	45	65	75	0
137511	110596	21	RB	65	66	75	34	61	58	65	55	0
137637	100765	10	GK	65	67	74	60	66	68	58	56	1
137699	1832	21	CB	65	65	46	38	45	45	66	68	0
137829	687	54	CB	65	65	51	44	48	42	67	68	0
137971	614	97	CM	65	65	71	57	68	67	46	52	0
138188	689	117	RM	65	67	79	50	59	74	44	54	0
138239	77	42	CB	65	66	34	40	45	42	66	68	0
138295	697	95	LB	65	64	59	52	61	62	67	63	0
138710	294	18	CB	65	64	53	42	54	47	67	66	0
138830	1798	14	LB	65	65	61	38	60	56	68	63	0
138972	1831	18	RB	65	64	64	45	60	59	66	67	0
139225	110150	83	ST	65	64	54	61	54	56	45	68	1
139317	1939	14	ST	65	65	63	64	57	62	42	66	1
139476	94	14	GK	65	66	69	60	62	70	56	61	0
139535	1932	93	ST	65	65	45	63	45	63	47	68	1
139795	100087	7	LB	65	65	72	53	57	43	64	70	0
140029	110147	83	GK	65	70	64	66	62	66	42	70	0
140253	101116	83	ST	65	65	57	63	62	64	47	71	0
140453	1932	35	LM	65	65	66	60	60	74	38	52	0
140595	1439	51	CB	65	62	51	55	58	57	63	73	0
142385	110749	37	CAM	65	64	68	65	62	63	64	62	0
142455	1808	45	RB	65	67	53	49	64	64	65	68	0
143101	111393	52	CAM	65	67	65	64	66	70	34	39	0
143327	110233	6	CB	65	65	53	39	61	58	64	66	0
144021	191	47	RB	65	66	71	43	61	68	64	64	0
144430	299	46	CM	65	61	71	62	60	66	54	58	0
144432	111835	46	LM	65	66	54	62	69	62	48	50	0
144593	232	47	CB	65	65	71	56	60	65	65	61	0
145899	100831	45	ST	65	65	63	66	43	57	49	72	1
145902	15021	45	LB	65	65	72	41	57	49	69	68	0
145903	1867	45	CAM	65	66	62	58	71	61	52	54	0
145996	110831	45	CDM	65	69	62	37	51	48	67	59	0
146059	472	45	CB	65	65	63	41	54	50	65	65	0
146450	110831	45	RM	65	65	60	58	65	67	53	60	0
146743	1867	45	LB	65	68	63	47	61	56	70	62	0
147619	110234	40	CM	65	71	62	61	70	62	65	72	0
148146	110089	40	CDM	65	68	67	60	67	66	62	58	0
148434	420	37	CDM	65	67	30	55	58	46	70	64	0
148478	873	37	ST	65	65	73	59	53	61	48	74	1
148811	1904	34	CDM	65	65	59	46	65	64	64	57	0
150417	506	21	CM	65	64	56	62	66	66	64	66	0
150588	1814	18	CB	65	64	32	32	52	32	66	69	0
150677	224	18	CB	65	65	51	36	50	36	65	71	0
150894	320	17	CM	65	66	49	54	63	55	69	72	0
151891	1902	7	RB	65	64	56	49	63	62	64	62	0
152038	1447	13	LW	65	65	72	59	61	67	40	52	0
152092	256	4	CAM	65	69	74	66	63	74	42	61	0
152650	111399	195	CM	65	65	33	58	55	48	67	65	1
152695	1936	14	ST	65	64	56	66	40	54	36	54	0
152724	8	14	LM	65	65	65	55	67	66	63	66	0
152826	981	54	CB	65	68	54	42	41	56	66	65	0
152876	1804	25	LM	65	64	72	65	62	70	46	58	0
152887	111065	95	LB	65	65	60	50	63	58	67	66	0
152900	111065	95	CM	65	65	65	57	65	63	61	59	0
155494	110745	37	RM	65	70	89	63	64	67	43	59	1
155524	110	14	CB	65	74	53	37	50	46	70	71	1
155539	83	16	GK	65	65	65	68	60	64	44	65	0
155551	1786	13	LM	65	65	66	62	68	65	48	65	1
155598	1478	167	ST	65	65	66	61	51	70	49	72	1
155835	1905	7	CB	65	65	63	36	53	50	67	60	0
156257	110178	133	CB	65	66	65	32	44	43	66	72	1
156275	432	34	CM	65	65	77	55	54	78	35	42	1
156600	160	37	LM	65	69	76	60	58	73	49	63	0
156920	1747	7	GK	65	64	69	60	66	71	46	61	0
157006	477	45	RM	65	65	61	58	64	65	49	72	0
157035	112679	83	CAM	65	65	68	64	65	65	47	67	0
157495	670	27	ST	65	64	42	64	44	43	45	77	1
157787	112237	27	CB	65	65	53	30	50	48	66	70	0
157797	110741	27	CB	65	65	66	41	55	48	67	67	0
158627	68	18	ST	65	65	55	65	57	62	47	77	1
158718	48	27	GK	65	65	63	64	55	69	27	68	0
158788	110394	52	CM	65	62	60	56	63	59	64	62	0
158867	1939	25	CB	65	66	56	34	48	50	63	68	0
159582	100831	45	RM	65	65	77	58	56	69	42	54	0
161651	82	42	CB	65	63	65	50	60	62	67	65	0
161658	111678	83	CB	65	65	46	49	44	38	66	72	1
161697	110150	83	CAM	65	67	61	62	61	66	49	62	0
161807	111092	43	GK	65	65	66	58	64	66	30	67	0
162198	294	18	ST	65	68	59	67	63	61	47	70	0
162455	111400	195	RB	65	62	76	66	60	69	66	68	0
162900	1919	195	CM	65	64	57	59	67	67	57	46	0
162978	111140	82	GK	65	68	72	50	74	74	62	63	1
163169	112237	27	ST	65	65	78	61	54	66	38	60	0
163184	239	129	LM	65	65	66	58	65	67	62	58	0
163212	631	42	CB	65	58	52	43	53	56	64	68	0
163254	346	14	CB	65	65	69	29	52	60	67	68	0
163356	112260	14	CB	65	63	62	35	49	47	65	72	1
163445	1797	25	CM	65	66	72	63	65	62	59	59	0
163480	1747	18	CB	65	64	41	46	60	47	66	66	0
163625	12	14	CM	65	66	67	63	70	62	65	64	0
163713	62	18	CF	65	65	80	65	63	69	38	53	0
163856	1932	14	ST	65	65	78	64	49	63	38	54	0
164010	77	25	CDM	65	67	80	51	63	69	61	60	0
164529	694	95	CB	65	66	67	36	56	56	66	73	0
164543	695	95	CB	65	65	75	38	55	49	65	68	0
164572	693	72	LB	65	64	69	54	62	62	67	64	0
164645	1932	25	CM	65	65	68	45	65	59	65	63	0
164766	86	42	LB	65	71	82	34	56	62	66	72	0
164770	631	35	CM	65	65	90	59	56	66	49	59	1
164829	100087	24	CM	65	65	49	57	58	53	64	69	1
166074	1892	38	LW	65	76	82	60	57	73	40	68	0
166376	8	14	LM	65	68	71	60	62	67	52	44	0
166387	689	35	CM	65	65	65	63	63	63	59	55	0
166406	111144	95	CB	65	64	65	43	55	53	64	68	0
166848	95	14	CM	65	65	70	68	68	67	57	58	0
167519	1032	83	RB	65	68	67	52	65	61	66	66	0
167626	110930	140	CB	65	65	55	41	50	49	62	72	0
168362	1744	27	ST	65	70	70	58	40	60	45	77	1
168633	100805	14	CB	65	65	63	48	61	63	64	62	0
168732	670	47	RM	65	69	60	65	66	66	38	37	0
169046	1876	58	CAM	65	71	55	71	68	68	47	65	1
169069	62	18	RB	65	68	68	42	68	63	60	61	0
169343	209	4	CB	65	68	66	52	59	56	66	70	0
169448	1786	24	CM	65	68	63	61	63	65	57	65	0
169458	1952	35	CB	65	67	54	31	53	50	64	69	0
169465	14	14	ST	65	63	74	60	56	62	40	63	0
170008	89	14	GK	65	70	69	63	65	66	49	63	0
170051	1939	35	ST	65	65	84	61	44	60	44	60	0
170072	142	82	ST	65	71	89	60	49	59	47	49	1
170082	1798	25	CDM	65	68	74	57	62	62	61	60	0
170164	1919	25	RB	65	68	71	36	63	60	66	68	0
170349	614	129	CM	65	65	71	57	62	71	42	54	0
170602	110745	133	CB	65	66	78	29	34	32	70	73	1
170748	110500	21	CB	65	66	53	45	50	49	66	69	0
171232	1744	27	RM	65	65	79	53	60	63	62	62	0
171682	689	72	LB	65	66	75	52	68	58	63	68	0
171892	110734	27	GK	65	65	64	59	52	70	23	68	0
171994	2023	45	LM	65	68	71	60	64	67	42	49	0
172076	980	54	ST	65	65	78	65	45	67	38	73	0
172553	1516	13	GK	65	69	59	65	63	70	62	66	1
172858	100634	34	CB	65	66	68	34	61	64	65	63	0
173326	472	45	ST	65	65	58	59	39	52	53	76	0
173346	1932	50	CB	65	66	70	27	46	55	66	69	0
173660	88	42	RB	65	70	76	49	60	64	65	65	0
173695	77	42	CB	65	68	70	26	60	59	66	68	0
174045	1937	14	ST	65	68	90	61	54	61	40	66	1
174425	110089	40	CDM	65	65	47	63	58	61	66	56	0
174812	1786	126	LB	65	65	76	54	68	65	63	66	0
174904	159	107	ST	65	65	73	60	47	64	42	69	0
175314	110	42	CM	65	73	74	58	68	65	59	65	0
175567	10020	112	RW	65	69	84	61	64	68	46	58	0
175961	418	36	RB	65	65	91	59	60	62	63	54	1
176019	100081	7	CAM	65	65	55	64	65	68	44	44	0
176023	1884	45	LB	65	67	73	60	66	60	65	57	0
176107	1747	110	ST	65	67	82	60	59	67	50	70	0
176209	242	37	CDM	65	69	76	58	58	51	69	65	0
176254	110109	37	CB	65	66	74	60	58	58	63	70	0
176345	1477	167	GK	65	65	70	61	65	63	39	64	0
176347	1477	167	CB	65	70	71	32	49	53	66	68	0
176430	162	56	ST	65	67	73	62	54	67	39	66	1
176614	111721	56	RM	65	63	77	65	66	62	62	63	0
176773	462	46	RM	65	73	87	62	61	67	43	60	1
176780	1800	7	LM	65	70	73	57	60	68	50	51	0
176828	111092	54	LB	65	65	78	53	60	67	63	66	0
176964	670	54	CDM	65	66	50	57	59	62	66	70	0
176992	111397	195	CDM	65	69	64	56	56	54	67	72	0
176997	1888	117	ST	65	65	81	54	60	66	50	57	0
177016	212	136	CB	65	69	56	39	53	38	65	80	1
177285	1958	18	CM	65	66	66	52	64	66	66	78	0
177433	1443	13	ST	65	67	70	55	45	54	43	66	0
177488	110596	21	CDM	65	69	66	55	62	55	67	66	0
177549	687	117	ST	65	64	94	60	44	66	42	61	1
177572	1904	7	RB	65	65	71	50	67	64	66	61	0
177598	550	21	RB	65	66	83	54	62	62	63	60	0
177769	110724	103	LB	65	68	77	42	61	67	67	66	0
177790	112218	37	RB	65	71	71	48	56	61	65	68	0
177802	900	47	CDM	65	66	63	67	59	67	51	53	0
177825	1798	14	RM	65	71	80	60	61	68	38	44	0
177984	780	4	RB	65	68	73	49	62	64	63	64	0
178006	614	18	CDM	65	64	66	49	59	55	65	66	0
178140	239	34	CB	65	65	62	32	53	40	65	72	0
178160	1823	18	CM	65	69	66	52	65	60	67	64	0
178211	650	34	GK	65	65	67	60	65	68	47	67	0
178233	1902	103	CDM	65	69	67	64	62	67	55	58	0
178287	1796	42	RM	65	69	71	58	59	69	60	64	0
178312	1746	27	GK	65	72	65	64	60	69	40	66	0
178313	112225	27	CM	65	65	73	60	67	66	60	64	0
178365	1814	129	CM	65	65	65	60	64	66	51	60	0
178479	111993	27	CM	65	70	70	60	68	68	56	62	0
178502	162	18	RM	65	66	80	61	60	69	37	54	0
178508	203	27	ST	65	65	65	61	51	62	45	71	0
179660	1801	82	RWB	65	53	92	52	56	65	40	53	1
179667	110745	20	LB	65	65	72	32	59	60	66	63	0
179685	695	95	GK	65	66	71	58	73	69	64	63	1
179794	294	18	CDM	65	70	68	46	68	63	65	53	0
179820	689	95	GK	65	68	69	59	59	70	51	63	0
179864	190	27	CB	65	70	73	29	54	46	66	71	0
179874	10020	38	CM	65	67	58	64	67	67	61	64	0
179911	111065	95	ST	65	64	91	62	50	66	43	60	1
179955	322	61	RM	65	65	80	64	60	65	47	52	0
180174	1831	21	RB	65	68	81	41	61	64	65	65	0
180635	1943	14	CB	65	72	62	38	51	47	63	70	0
180680	112139	183	CAM	65	65	67	60	55	76	51	55	1
180740	112427	195	CB	65	65	49	39	60	56	65	79	1
180750	111400	195	CDM	65	60	66	56	63	70	50	53	0
181113	111091	54	RB	65	65	80	50	67	62	63	59	0
181384	700	46	LB	65	62	73	45	58	61	66	60	0
181472	111396	32	CDM	65	66	65	66	65	62	63	62	0
182004	111277	46	LM	65	68	83	56	59	66	43	63	0
182160	299	36	ST	65	68	92	59	54	70	45	51	1
182221	111928	81	CM	65	65	69	59	56	66	58	59	0
182621	1832	82	CB	65	67	48	51	60	57	66	71	1
182677	506	21	RM	65	66	78	49	62	66	61	58	0
183122	919	24	RB	65	64	82	45	57	60	66	68	0
183204	110234	9	LB	65	71	69	44	60	60	65	75	0
183480	1807	14	CB	65	71	69	44	56	60	65	68	0
183488	110831	27	ST	65	74	60	67	44	67	45	59	0
183597	10029	21	GK	65	65	69	67	65	62	48	63	0
183598	110178	21	CB	65	65	60	34	48	44	67	72	0
183640	10030	21	CB	65	70	52	26	38	37	67	70	1
183686	111070	83	CB	65	66	63	34	50	47	66	67	0
183706	97	14	ST	65	71	73	63	55	63	44	68	0
183797	1823	18	LB	65	70	66	25	60	52	65	68	0
183847	110929	140	RM	65	69	78	58	65	72	38	50	0
183973	212	18	RB	65	74	77	38	61	47	65	74	0
184032	111588	51	CM	65	65	75	63	64	67	53	61	0
184035	110832	56	LB	65	73	81	55	62	64	66	57	0
184274	1926	14	CDM	65	69	67	61	63	58	65	63	0
184278	110150	83	LW	65	72	86	57	64	64	43	56	1
184287	894	47	RM	65	70	76	48	62	63	37	45	0
184328	1842	27	RB	65	69	66	59	62	58	63	66	0
184337	982	167	RM	65	68	77	50	61	65	61	64	0
184352	91	14	CM	65	71	68	50	65	65	65	60	0
184434	479	45	CB	65	69	59	41	50	47	65	72	0
184512	614	27	CB	65	68	53	35	42	44	68	67	0
184615	1794	42	CAM	65	65	72	62	65	69	50	48	0
184807	10020	38	RB	65	69	82	49	58	60	62	60	0
184872	1814	18	LM	65	63	71	50	67	62	51	50	0
184901	1474	167	RB	65	67	81	48	65	63	68	64	0
184952	1465	136	RM	65	70	80	66	56	77	38	59	0
185010	110745	37	CB	65	69	34	49	61	62	64	67	0
186133	1952	35	LB	65	69	67	44	61	61	65	66	0
186143	1939	35	CM	65	73	62	58	71	60	55	56	0
186449	1919	42	CM	65	72	77	57	64	66	64	57	0
186451	1910	34	CM	65	65	60	67	65	64	61	60	0
186528	111070	95	RM	65	68	71	62	62	67	57	50	0
186529	111065	95	RB	65	70	84	51	58	60	66	63	0
186533	693	117	RM	65	63	86	54	60	66	52	55	1
186568	1901	54	CM	65	71	67	55	65	70	60	63	1
186614	112124	27	ST	65	70	66	62	38	62	43	67	0
186630	111083	43	CB	65	65	48	57	52	57	62	83	1
186643	111928	95	ST	65	65	63	62	46	59	52	78	0
186666	695	95	CM	65	65	67	61	63	64	64	63	0
186721	614	18	CB	65	73	63	52	64	44	67	63	0
187183	983	167	CM	65	65	50	57	64	60	64	71	1
187215	1880	83	CDM	65	68	69	52	60	62	66	70	0
187268	1477	167	ST	65	65	83	54	67	64	41	48	0
187797	1938	14	CB	65	69	66	29	47	33	66	73	0
187916	3	46	LM	65	70	79	53	59	64	54	56	0
187925	1862	18	CAM	65	77	80	62	54	67	44	56	0
188031	111974	27	LW	65	65	82	61	53	66	40	60	0
188038	106	12	RB	65	74	76	51	61	59	61	60	0
188107	922	36	ST	65	65	78	55	42	64	43	68	0
188168	12	14	LB	65	69	74	52	60	65	66	71	0
188381	111989	18	ST	65	65	77	61	53	61	42	67	0
188430	110770	47	RB	65	75	75	47	56	64	64	67	0
188487	570	27	CM	65	70	78	61	56	71	57	50	0
188566	142	140	CB	65	66	75	29	34	33	66	70	0
188657	1801	14	GK	65	74	66	64	62	68	54	61	0
188724	111091	37	CDM	65	68	66	55	60	60	65	60	0
188753	110724	18	RB	65	69	67	40	61	61	68	64	0
188779	111588	195	CB	65	72	65	39	43	40	70	69	1
188872	162	21	LB	65	68	82	44	58	64	65	62	0
188900	83	42	LM	65	69	65	59	63	68	63	60	0
188916	160	24	CB	65	68	51	41	55	48	67	69	0
188996	1807	4	ST	65	66	53	62	50	60	45	74	1
189118	1744	37	CB	65	75	76	31	48	43	67	64	0
189141	319	46	ST	65	69	83	60	60	67	40	64	0
189155	110569	18	LB	65	70	73	26	56	57	67	68	0
189345	1832	21	CDM	65	65	31	58	56	52	72	67	1
189433	550	21	CB	65	70	63	33	49	52	67	67	1
189492	1799	14	CM	65	74	69	56	64	66	63	52	0
189498	142	14	LM	65	73	75	61	62	69	42	54	0
189591	780	4	CB	65	70	60	26	34	38	66	74	0
189661	468	45	CF	65	72	78	55	55	68	38	53	0
189682	1796	14	LB	65	71	70	35	57	50	67	75	0
189727	1802	110	CM	65	69	65	52	58	56	65	68	0
189808	346	25	ST	65	68	82	62	48	61	39	63	0
189865	86	42	LM	65	72	87	58	56	70	52	56	1
189874	110069	45	RM	65	74	76	61	59	72	42	56	0
189938	1914	34	CB	65	69	64	44	59	51	66	60	0
189939	110724	8	LM	65	67	82	58	58	67	52	61	0
189944	217	136	RB	65	72	79	31	63	50	63	66	0
189945	1862	18	RM	65	73	74	50	61	65	48	55	0
189955	417	46	GK	65	67	64	65	61	70	44	66	0
189978	418	36	CM	65	67	71	69	69	66	63	78	0
190060	322	47	CAM	65	72	83	54	60	67	63	61	0
190079	111083	37	CAM	65	69	76	65	64	73	48	62	0
190120	1910	46	GK	65	71	70	60	52	74	50	61	0
190169	100634	34	GK	65	68	65	64	58	65	49	69	0
190254	1943	14	ST	65	64	78	57	44	61	43	66	0
190430	2	14	LB	65	70	69	39	60	63	65	62	0
190451	1934	14	ST	65	65	76	65	42	66	41	67	0
190528	110234	37	CDM	65	66	64	50	63	59	64	68	0
190561	477	45	RM	65	69	77	61	60	71	44	56	0
190569	111651	47	GK	65	65	68	61	64	70	42	66	0
190634	896	52	CB	65	70	65	43	53	53	64	70	0
190658	378	126	RB	65	68	75	35	63	48	60	64	0
190674	614	18	RM	65	74	77	52	61	68	42	50	0
190724	819	21	ST	65	71	78	59	45	64	41	67	0
190793	13	44	CAM	65	76	71	66	57	66	40	62	0
190865	689	95	RB	65	63	74	54	62	62	64	59	0
191066	38	21	CDM	65	76	65	56	61	64	65	66	0
191082	269	13	CB	65	71	74	25	55	48	68	68	0
191207	378	18	LB	65	73	76	58	68	64	64	57	0
191212	112217	39	CDM	65	70	68	59	65	62	65	66	0
191218	688	70	CB	65	65	53	39	45	58	68	68	0
191252	29	21	LM	65	72	82	54	61	68	52	62	0
191627	110724	7	CAM	65	74	60	56	65	68	43	53	0
191662	1473	167	CDM	65	70	71	65	59	65	68	80	1
191673	1478	167	CM	65	65	54	57	62	63	61	63	0
191678	981	167	LW	65	66	80	53	60	67	49	51	0
191679	983	167	CB	65	65	68	31	56	50	67	59	0
191842	111674	183	RB	65	68	88	60	67	62	65	57	1
191911	1475	167	CF	65	69	90	51	41	74	40	58	1
191922	111588	167	CM	65	65	73	50	66	66	64	62	0
191944	981	167	CM	65	65	70	61	65	65	60	64	0
192027	110913	18	RB	65	69	74	37	60	63	64	62	0
192101	1439	46	CB	65	68	50	25	49	47	69	70	0
192118	1747	7	CAM	65	71	63	63	64	64	62	65	0
192285	298	133	ST	65	65	73	63	59	70	38	53	0
192308	1478	54	ST	65	65	71	62	60	63	48	71	1
192316	920	36	GK	65	74	67	61	60	72	23	64	0
192473	88	14	ST	65	68	72	60	51	60	47	70	0
192540	142	14	RM	65	66	79	47	62	65	40	54	0
192548	693	95	LM	65	67	71	57	62	68	49	58	0
192756	312	40	CDM	65	73	69	59	71	68	60	58	0
193011	1943	14	CB	65	74	61	29	50	44	66	69	0
193105	64	18	GK	65	84	65	64	64	68	54	67	0
193238	101097	55	CB	65	66	63	50	52	63	68	72	1
193302	1902	37	GK	65	67	68	63	62	69	59	62	0
193303	1939	50	RB	65	72	69	44	68	65	66	64	0
193304	1873	37	RB	65	68	72	46	54	57	70	62	0
193315	691	18	ST	65	64	65	63	52	63	41	64	0
193361	1837	27	CAM	65	76	69	58	66	66	59	59	0
193421	2023	45	CAM	65	68	63	63	67	67	45	52	0
193427	110569	18	CAM	65	74	73	60	62	69	46	56	0
193467	571	45	CB	65	66	59	27	60	54	66	66	0
193808	1893	54	CDM	65	67	58	46	66	61	65	67	0
193956	1797	14	LM	65	72	71	63	62	63	59	52	0
194059	1873	37	CM	65	72	47	56	66	68	53	58	0
194080	31	45	CB	65	75	53	30	37	35	67	71	1
194102	200	27	CM	65	75	72	53	63	62	67	67	0
194163	1913	17	LB	65	68	70	36	62	57	66	70	0
194202	72	18	CB	65	74	52	29	37	38	67	72	1
194319	1939	14	ST	65	73	77	67	63	67	43	58	0
194349	70	18	RW	65	73	90	52	57	67	48	53	1
194958	112427	195	CM	65	70	73	64	67	69	57	54	0
194979	744	38	LB	65	70	75	50	62	67	63	60	0
195148	271	20	ST	65	69	64	63	45	65	44	56	0
196153	101101	56	RB	65	64	81	47	65	69	64	60	0
196906	1909	26	CB	65	69	56	31	40	48	66	64	0
196932	1	18	ST	65	80	78	55	38	57	44	74	1
196941	10	14	ST	65	70	81	59	50	70	42	58	0
196991	1747	136	CDM	65	71	69	52	62	66	65	67	0
197079	160	21	CB	65	69	65	31	52	34	67	68	0
197164	111065	95	CAM	65	79	74	56	63	67	50	51	0
197231	1744	136	ST	65	82	74	62	53	65	47	68	1
197307	112407	126	CDM	65	68	74	59	66	64	65	58	0
197359	82	133	CM	65	65	81	52	60	71	36	54	0
197689	2038	27	GK	65	73	69	60	50	72	30	60	0
197741	1039	60	CM	65	65	73	59	70	68	53	61	1
197775	110745	20	LM	65	71	85	59	59	71	43	65	1
197983	433	46	RB	65	67	72	40	57	66	63	62	0
197984	111277	46	ST	65	65	68	58	49	60	42	68	0
198070	10029	21	RM	65	72	71	64	62	67	53	56	0
198276	1750	7	CB	65	72	71	47	60	47	65	65	0
198281	111144	95	ST	65	65	79	62	53	62	49	64	0
198288	111928	95	RB	65	67	79	56	64	67	65	58	0
198641	269	13	ST	65	75	64	63	43	58	45	69	1
198731	1456	36	LW	65	74	72	58	50	74	43	51	0
198743	226	38	CAM	65	73	58	64	69	64	54	43	0
198826	110741	27	CB	65	66	63	35	51	46	67	70	0
198970	111271	117	CB	65	70	59	37	44	44	67	72	0
198998	111396	195	LB	65	65	73	48	65	64	67	57	0
199199	110710	45	LB	65	72	74	36	54	58	64	64	0
199238	981	167	CB	65	71	82	36	43	46	69	68	1
199339	110178	21	GK	65	73	65	59	71	67	53	66	0
199378	210	18	ST	65	72	68	63	49	61	42	70	0
199393	1813	18	CB	65	75	54	42	61	54	64	70	1
199409	472	45	CB	65	72	71	31	59	72	62	66	0
199413	503	21	LM	65	70	73	63	61	68	41	56	0
199419	294	18	LM	65	71	72	54	66	64	48	43	0
199456	15005	18	ST	65	68	59	65	57	68	41	76	0
199510	1952	21	ST	65	63	49	62	49	55	44	74	1
199520	112237	27	CDM	65	64	69	56	64	63	61	64	0
199530	112237	27	ST	65	67	67	62	53	61	45	74	1
199551	254	4	CB	65	68	70	37	45	49	62	76	1
199568	246	22	GK	65	72	66	57	69	75	59	60	0
199569	111070	83	ST	65	78	71	61	54	63	45	73	0
199577	110704	45	CB	65	76	60	39	60	54	66	68	0
199598	100831	45	CDM	65	66	62	56	57	55	66	60	0
199689	101116	83	ST	65	72	73	63	51	62	39	69	0
199780	31	21	ST	65	69	74	63	55	63	46	69	0
199837	434	47	LB	65	70	75	45	61	59	63	64	0
199866	1901	133	CM	65	71	49	64	62	65	69	66	1
199897	25	21	CDM	65	71	59	47	66	61	64	59	0
199915	1808	14	CB	65	74	54	31	50	54	66	64	1
200151	100087	7	ST	65	72	77	60	61	67	37	56	0
200152	100087	7	LM	65	71	75	59	64	70	37	46	0
200201	1915	34	LB	65	73	74	51	65	68	63	67	0
200276	1905	129	CDM	65	71	67	45	64	67	66	64	0
200312	1938	14	ST	65	63	82	59	45	61	39	70	0
200422	100632	34	LW	65	72	84	62	60	66	38	65	0
200425	100634	34	RB	65	71	58	43	60	59	64	66	1
200441	1807	18	LM	65	72	90	56	60	66	59	64	1
200607	33	21	CB	65	71	69	30	51	46	65	64	0
200981	111993	27	LW	65	71	88	59	55	62	44	65	1
201061	246	34	LW	65	77	86	65	55	67	39	66	1
201083	1871	37	RM	65	69	77	59	56	70	46	67	0
201179	110556	27	GK	65	70	68	62	54	72	25	62	0
201202	110929	140	CB	65	65	77	48	65	67	63	64	0
201302	100804	34	ST	65	72	90	61	55	70	48	60	1
201313	110912	27	CF	65	73	75	62	60	65	43	56	0
201380	614	108	ST	65	76	69	64	62	65	41	65	0
201391	110734	27	CM	65	65	68	46	69	63	56	52	0
201409	2038	27	CM	65	65	74	55	66	65	59	64	0
201514	10030	21	ST	65	76	77	63	46	70	35	56	0
201523	70	18	RB	65	73	64	33	66	46	64	65	0
201870	101112	117	CDM	65	69	72	55	62	65	60	68	1
201990	448	45	LB	65	71	76	43	62	65	62	64	0
202052	1	14	ST	65	73	81	64	54	65	41	66	0
202276	29	21	ST	65	77	83	62	51	68	39	56	0
202325	10030	21	CM	65	65	77	55	64	71	56	48	0
202428	33	95	ST	65	71	83	63	57	68	40	67	0
202534	919	36	LM	65	69	72	66	54	78	42	52	1
202540	1906	34	CB	65	66	42	32	56	53	66	68	0
202600	670	117	CDM	65	65	72	51	57	52	68	74	0
202648	573	45	CM	65	72	61	41	66	62	51	44	0
202686	1804	68	ST	65	74	90	66	47	70	38	53	1
202802	1908	34	CM	65	82	76	54	61	67	60	70	0
202858	695	56	LW	65	76	88	60	57	75	47	56	1
202894	190	43	CM	65	77	72	48	66	64	64	63	0
202910	702	46	GK	65	71	59	57	59	76	31	72	0
202940	670	18	CAM	65	74	74	56	65	69	38	58	0
203128	57	18	CDM	65	73	71	28	55	50	66	65	0
203363	1465	36	CB	65	75	57	39	45	34	66	72	1
203377	1909	129	LW	65	75	73	62	56	70	41	58	0
203447	1904	34	ST	65	72	73	66	40	67	37	57	0
203464	1795	25	CB	65	76	56	38	57	54	64	70	0
203543	110749	43	CM	65	65	70	68	69	69	62	64	0
203619	112513	38	CB	65	65	63	36	43	53	65	72	0
203782	190	123	CM	65	75	80	48	68	69	47	42	0
203833	110596	21	LB	65	69	77	51	66	69	61	57	0
203835	1832	21	GK	65	68	63	65	59	63	33	71	1
203845	1915	34	LB	65	70	81	37	61	69	62	65	0
203850	254	4	CB	65	74	65	30	46	55	67	74	0
203979	1824	21	CDM	65	72	66	60	56	56	66	71	1
204137	165	21	LM	65	65	73	55	64	66	57	58	0
204250	1925	27	ST	65	76	67	60	41	54	49	70	0
204352	232	7	CB	65	79	66	32	55	41	66	66	0
204396	1915	34	RW	65	71	70	56	60	69	36	53	0
204485	1738	18	RM	65	75	82	55	56	73	32	44	0
204497	29	4	CAM	65	77	70	53	63	72	36	48	0
204638	29	21	CB	65	71	56	32	46	38	67	67	0
204651	1909	208	GK	65	73	68	55	66	74	59	61	0
204689	111821	101	ST	65	69	81	63	43	68	41	66	0
204813	254	43	GK	65	66	66	60	63	68	46	67	1
204847	3	14	RB	65	74	77	43	58	64	62	55	0
204884	219	18	LB	65	79	79	26	58	50	65	63	0
204920	111086	37	RB	65	69	68	47	60	60	69	62	0
204923	254	4	RM	65	77	89	68	57	72	36	57	1
205100	112218	40	GK	65	71	65	60	63	68	42	68	0
205186	17	52	GK	65	72	72	58	83	71	56	58	1
205363	206	27	CB	65	81	54	41	44	48	64	67	0
205377	57	18	GK	65	76	68	56	66	71	50	64	0
205599	711	37	ST	65	66	67	60	54	64	52	73	0
205693	57	18	ST	65	78	75	60	42	56	38	73	0
206022	320	46	CB	65	70	52	51	53	51	68	73	1
206152	101085	52	LM	65	66	70	57	75	64	36	57	1
206306	66	18	CM	65	78	75	34	68	68	62	41	0
206626	110734	46	ST	65	74	70	60	36	60	42	70	0
206629	111139	95	LW	65	70	79	61	55	66	61	67	0
206630	101112	82	ST	65	69	90	60	45	67	41	67	1
206656	110832	55	LM	65	73	75	52	69	60	62	67	0
207599	11	14	CB	65	79	58	31	53	53	62	72	0
207610	689	25	GK	65	70	68	63	66	66	47	65	0
207618	111277	46	CB	65	69	54	28	45	42	66	67	0
207651	239	7	CM	65	65	92	63	60	76	39	63	1
207741	1905	34	ST	65	68	70	60	50	60	40	66	0
207742	647	34	CAM	65	67	64	57	69	67	49	64	0
207780	110569	108	LB	65	68	71	39	60	59	64	59	0
208093	453	45	ST	65	74	70	61	47	66	38	62	0
208196	111327	55	CB	65	65	40	36	58	48	69	70	1
208230	280	22	CDM	65	80	71	64	67	67	59	62	0
208299	100765	40	CB	65	75	68	28	41	32	67	72	0
208322	1478	54	CM	65	65	75	62	61	69	43	52	1
208324	1819	18	LB	65	76	75	43	58	61	66	65	0
208374	29	95	ST	65	69	60	62	61	61	44	69	0
208684	111822	4	GK	65	69	66	64	60	68	41	66	0
208782	245	34	GK	65	76	68	58	64	69	41	67	0
208861	110569	18	CM	65	70	68	61	65	69	60	60	0
208918	112139	183	CB	65	66	57	26	30	29	70	74	0
208959	100409	39	RB	65	72	82	41	61	62	66	56	0
208965	607	183	CB	65	74	63	29	44	34	65	66	0
208994	111674	183	LM	65	66	75	61	60	73	39	48	0
209294	239	9	ST	65	65	63	64	46	57	42	68	0
209371	1914	34	RB	65	66	75	44	59	66	62	61	0
209381	378	18	ST	65	70	73	56	41	67	40	68	0
209411	111086	37	GK	65	69	73	52	56	72	41	66	0
209447	1904	85	RW	65	73	89	57	54	71	35	55	1
209544	485	54	CM	65	65	70	47	63	62	66	70	0
209553	112096	183	ST	65	70	80	59	39	66	45	63	0
209568	112393	164	CDM	65	65	62	46	62	57	65	65	0
209660	1915	55	RB	65	72	78	35	61	64	65	64	0
209662	100634	34	RW	65	70	86	58	55	68	37	54	1
209786	110930	140	LB	65	67	73	41	62	65	66	64	0
209874	110929	140	GK	65	70	68	65	71	68	65	61	1
209911	111264	147	RM	65	75	82	50	59	70	43	58	0
209958	110636	21	CB	65	74	64	26	44	54	68	62	1
209975	693	54	RM	65	64	71	58	66	67	47	44	0
210027	112139	183	RB	65	65	85	26	42	61	65	62	1
210314	165	51	ST	65	72	62	59	56	62	42	64	1
210405	1884	22	RB	65	76	76	46	66	62	62	54	0
210427	3	38	LM	65	70	71	59	64	69	46	50	1
210465	57	115	CB	65	71	67	25	43	38	69	67	0
210784	111050	52	CAM	65	67	69	57	63	68	43	49	0
210787	1855	52	CB	65	68	67	36	55	42	62	68	0
210831	231	7	CM	65	71	73	50	63	65	63	55	0
210891	433	117	CM	65	74	76	59	65	67	62	61	0
210897	229	110	CB	65	83	69	29	56	42	64	67	0
210903	605	183	GK	65	68	67	64	61	66	41	65	0
211101	450	45	GK	65	80	69	75	49	58	54	62	1
211214	573	103	LM	65	83	85	61	55	74	37	60	1
211284	301	54	RM	65	69	73	57	61	71	43	51	0
211489	110394	52	RM	65	75	82	50	62	72	41	45	0
211584	1908	117	CAM	65	79	79	53	56	72	44	48	0
211671	48	10	CDM	65	80	65	49	59	54	67	64	0
211930	100769	40	LM	65	73	66	48	67	66	50	51	0
212029	569	54	LM	65	78	76	55	65	74	43	52	0
212150	34	21	CAM	65	86	71	52	62	79	33	37	1
212212	32	21	CDM	65	74	66	47	62	63	63	72	0
212224	110089	60	LW	65	79	75	65	61	68	37	50	0
212225	110975	55	CB	65	83	61	35	48	51	66	78	1
212508	68	119	CDM	65	73	63	37	57	57	67	66	0
212577	1629	54	CM	65	65	70	54	70	71	53	47	0
212592	691	95	RB	65	76	82	46	58	64	67	76	0
212718	694	95	CAM	65	76	70	63	65	65	58	62	0
212977	171	21	CDM	65	79	65	52	64	60	62	63	0
213051	896	111	CDM	65	76	68	55	70	70	60	57	0
213099	14	168	GK	65	65	71	59	39	73	43	63	0
216341	1871	11	CB	65	66	56	37	47	48	65	71	1
4421	111399	42	CM	64	60	53	64	56	63	54	61	1
5208	64	18	GK	64	64	64	64	61	66	40	64	0
6665	69	18	GK	64	64	63	64	55	64	35	66	1
10457	112072	46	GK	64	65	63	61	50	62	30	68	1
11260	100805	25	CM	64	63	66	55	65	63	66	69	1
11430	142	14	CB	64	64	45	28	44	29	66	73	1
11495	1530	18	CB	64	64	29	26	58	43	67	70	1
13739	1798	14	CDM	64	64	50	61	60	63	67	80	1
14752	1919	42	CM	64	63	74	56	64	63	64	55	0
16261	691	95	GK	64	64	70	53	69	67	52	61	1
17954	689	95	GK	64	64	64	55	68	62	52	76	1
18708	1786	13	CM	64	64	67	58	68	65	64	62	1
18766	1889	24	CDM	64	67	59	47	58	58	72	69	1
19101	1945	50	LB	64	57	66	49	59	61	66	66	1
19324	94	93	RM	64	64	74	60	60	67	65	57	0
19376	88	14	CM	64	65	63	68	70	72	45	52	1
19400	1951	14	ST	64	64	55	63	57	58	45	70	1
19463	89	79	CB	64	64	51	36	46	41	66	72	1
20082	700	46	LB	64	61	78	48	60	62	64	61	1
20537	1893	38	RB	64	63	58	48	60	57	66	64	1
20761	432	46	RM	64	63	68	65	59	59	55	57	1
20776	111540	38	RB	64	63	68	48	66	66	64	60	1
21104	112267	46	LM	64	62	59	68	68	65	36	34	1
23823	702	46	CM	64	65	54	58	61	54	70	71	1
24846	111396	195	CM	64	64	69	67	65	63	55	65	1
31675	1456	36	CB	64	64	53	55	58	57	63	76	1
35179	900	47	CM	64	64	61	49	64	58	67	69	1
45082	472	103	LB	64	64	62	50	68	69	63	63	1
45580	417	36	CB	64	64	71	42	50	50	64	70	0
45758	112267	186	CDM	64	63	59	61	67	63	58	63	1
46807	1837	27	CB	64	64	66	41	63	60	66	62	1
47020	1914	7	GK	64	64	63	65	64	65	43	66	1
49511	299	36	CB	64	64	32	61	53	38	68	70	1
50509	14	14	CM	64	64	50	59	65	61	63	56	1
50952	212	18	CDM	64	64	55	60	64	63	61	62	0
51277	1925	14	CB	64	63	34	31	40	35	66	70	1
51471	1930	14	CM	64	58	60	61	66	62	56	59	1
52279	1447	13	ST	64	63	75	60	52	61	39	66	0
52521	112424	13	ST	64	64	74	58	59	62	61	68	1
52646	111083	37	RB	64	64	73	49	55	62	62	65	0
53073	110178	4	CDM	64	65	71	52	55	60	68	62	1
53101	1928	14	ST	64	64	50	66	50	48	43	66	1
53103	15048	50	CM	64	64	51	69	70	70	45	38	1
53544	1949	14	CM	64	62	53	48	64	58	57	60	0
53639	142	14	CM	64	64	61	62	65	64	61	62	1
53741	1801	14	LM	64	65	77	54	62	67	40	47	0
53756	1799	50	GK	64	64	66	65	59	67	51	58	0
53778	1924	14	ST	64	64	70	61	51	63	39	68	0
53832	8	14	CM	64	62	43	61	61	58	65	58	1
53924	1943	42	CM	64	64	53	54	60	55	66	57	1
54021	12	14	RB	64	64	70	44	55	57	65	70	0
100143	1750	7	RW	64	63	58	65	65	61	61	65	1
100585	3	133	CM	64	62	59	53	59	61	74	72	1
103735	1747	7	RB	64	64	65	47	56	59	64	65	0
104463	710	36	GK	64	64	64	63	64	69	35	56	0
104732	1807	14	CM	64	64	53	62	66	54	62	58	1
104742	1919	14	ST	64	64	66	60	45	56	47	74	1
105532	111086	37	CM	64	64	68	57	66	65	55	45	1
106431	874	37	CB	64	64	54	38	51	39	66	66	1
106436	874	37	CDM	64	63	60	53	60	62	66	60	1
107796	10030	21	CM	64	64	56	45	52	47	68	73	1
109910	181	42	RB	64	60	67	36	65	63	66	69	1
110843	100831	45	CDM	64	66	56	61	60	55	68	56	1
111238	294	18	CB	64	64	42	42	57	49	61	74	1
111328	1929	14	GK	64	65	62	64	68	64	39	61	1
112396	897	47	CM	64	64	51	60	61	61	63	66	1
112476	110069	45	CB	64	64	71	42	54	52	61	76	1
113564	260	45	LM	64	64	62	69	66	62	47	48	1
114356	900	47	GK	64	65	69	52	74	70	53	63	1
114960	15021	45	RB	64	64	87	53	61	65	60	57	1
118359	1480	42	ST	64	64	62	65	59	60	49	73	1
119689	97	50	ST	64	62	72	59	55	63	41	62	0
119723	3	82	CM	64	64	72	65	67	66	63	68	1
119814	110313	14	ST	64	63	74	59	50	69	44	63	1
120112	1870	46	CAM	64	63	47	57	66	64	55	46	1
122586	80	42	ST	64	61	65	57	61	63	58	67	1
122660	682	7	LB	64	63	64	63	66	61	64	58	1
130893	1808	13	GK	64	63	67	54	53	68	55	65	0
134881	217	18	GK	64	66	62	60	68	65	35	72	1
135883	1943	14	RB	64	66	69	43	62	57	67	55	1
135989	688	78	ST	64	64	67	65	43	66	39	62	1
136286	111588	167	ST	64	64	53	63	51	59	52	88	1
136445	981	167	LB	64	64	79	56	62	65	62	65	0
136556	1473	167	CAM	64	64	58	58	64	66	43	46	1
137163	112134	95	CDM	64	63	57	45	52	59	66	62	1
137206	111974	27	CB	64	68	46	38	45	42	66	68	1
137208	112487	27	CB	64	65	54	26	38	44	67	69	1
137317	1814	18	GK	64	64	65	58	62	67	48	69	1
137509	1949	42	ST	64	62	34	63	52	58	46	72	1
138098	111140	95	RB	64	64	68	63	62	63	64	67	1
138280	127	14	CB	64	62	68	39	58	59	65	68	0
138287	1937	14	CB	64	62	55	33	44	43	65	66	0
138296	698	95	ST	64	64	44	62	60	61	53	74	1
138421	434	47	CAM	64	64	70	64	64	59	49	48	1
138637	2023	45	CB	64	64	50	48	60	52	64	68	0
139454	112115	167	GK	64	64	66	62	65	65	36	65	1
139489	112679	83	CM	64	64	76	65	63	66	60	59	1
139728	682	7	CM	64	64	42	63	63	62	59	56	1
140307	143	42	CAM	64	63	60	58	59	68	35	50	1
140406	920	36	ST	64	63	72	57	53	74	54	67	1
140462	1813	136	CM	64	65	67	61	62	69	47	56	1
140596	209	51	CB	64	64	52	27	49	56	64	73	1
142273	1788	13	CAM	64	66	71	59	63	63	49	58	0
142532	896	47	GK	64	62	68	60	56	65	34	66	1
142747	110975	52	GK	64	62	64	68	62	62	31	64	1
144024	897	47	GK	64	63	68	57	62	72	31	57	1
145025	477	45	LM	64	68	60	64	70	61	48	49	1
145117	1855	45	CDM	64	64	54	49	58	50	67	60	1
145423	571	45	GK	64	65	63	71	56	64	42	63	1
145627	463	45	CB	64	64	51	40	56	44	66	68	1
145652	260	45	RM	64	64	73	55	58	62	58	60	0
145657	110062	45	CM	64	64	49	56	70	54	57	42	1
145758	1887	54	CB	64	64	47	35	47	40	66	68	1
146305	260	45	CM	64	65	43	58	63	60	62	58	1
146634	1867	45	CB	64	65	60	37	57	46	63	71	0
146762	459	45	CM	64	64	67	61	65	58	60	61	1
146786	110069	45	ST	64	64	63	59	46	62	47	72	1
147016	110234	165	CB	64	64	38	47	56	50	66	68	1
148137	112218	40	CB	64	64	66	63	61	62	66	62	1
148159	110234	40	GK	64	64	58	67	63	70	57	60	1
148645	100632	34	ST	64	65	46	62	60	59	46	74	1
148764	301	37	GK	64	62	63	65	65	60	54	66	1
148817	1904	34	CB	64	64	54	37	59	56	65	64	1
148994	1906	34	GK	64	64	64	65	65	62	43	66	1
149270	111974	195	CM	64	64	65	49	70	60	60	64	1
150340	110745	37	CM	64	64	73	56	65	59	68	63	1
150548	1831	25	LB	64	64	69	40	58	60	64	64	0
151419	127	50	LM	64	64	72	59	63	65	59	57	0
152480	417	46	RM	64	63	81	58	60	64	49	45	1
152594	919	36	CM	64	64	66	66	67	59	61	71	1
152725	1934	14	CB	64	61	50	37	41	35	65	74	1
152870	210	54	CB	64	64	57	48	43	47	64	70	0
152990	17	14	ST	64	64	67	60	47	60	44	71	0
153052	300	36	CAM	64	67	73	60	60	73	56	70	1
153100	1802	14	GK	64	65	66	63	68	63	59	64	1
153148	1873	37	CAM	64	66	52	62	72	60	51	54	1
153222	111083	37	RM	64	65	81	58	63	74	54	52	1
153253	159	21	RM	64	64	75	58	62	65	49	58	0
153293	111065	82	CM	64	61	57	65	60	65	58	68	1
154545	112225	27	CM	64	64	62	56	67	64	66	67	1
155018	142	14	CB	64	64	40	29	44	29	65	70	1
155289	873	37	GK	64	64	76	54	66	68	26	59	1
155334	1473	167	CB	64	64	69	40	49	52	60	76	1
155339	1474	167	CDM	64	64	67	48	59	63	63	72	1
155861	571	45	LB	64	64	72	35	60	54	63	62	0
155877	82	42	GK	64	63	68	62	52	69	46	61	0
155937	1478	195	CB	64	64	46	41	52	45	66	69	1
156464	89	14	CB	64	64	47	28	41	40	65	70	1
156634	1530	18	RM	64	63	72	52	61	67	45	59	0
156675	77	42	CB	64	66	55	32	51	50	62	71	0
157168	110831	47	LB	64	66	75	55	62	58	62	54	0
157431	159	21	CAM	64	64	72	60	61	67	58	62	0
157590	1832	21	CB	64	67	65	26	50	36	65	64	1
157706	110596	21	GK	64	65	63	64	58	65	49	66	1
157727	57	38	LB	64	62	64	37	63	59	62	64	0
157786	2038	27	CB	64	66	34	36	39	38	68	66	1
158111	1738	18	ST	64	64	63	63	49	55	42	72	1
158282	897	47	LB	64	65	72	47	61	64	62	69	0
158667	31	21	LM	64	63	86	65	55	62	49	69	1
159168	294	54	CDM	64	64	55	51	60	53	65	66	0
159274	110915	27	CM	64	64	71	52	66	64	63	55	1
159447	1901	38	RB	64	66	70	43	60	55	65	65	0
160615	420	37	CB	64	63	73	52	59	59	65	59	1
160642	100764	6	GK	64	64	63	71	66	70	28	54	1
161646	378	18	GK	64	70	64	63	62	66	55	67	1
161666	112679	83	ST	64	65	58	61	46	62	50	75	1
161861	2023	45	CB	64	65	40	40	57	40	64	67	1
162222	100087	7	CDM	64	64	64	48	63	57	62	61	0
162265	181	37	GK	64	63	67	61	53	67	56	63	0
162796	100087	7	GK	64	64	63	61	65	68	41	62	0
162979	1804	14	CB	64	65	67	25	44	39	65	69	1
163116	111399	195	CB	64	64	64	46	55	41	66	68	1
163145	1930	14	CB	64	64	48	46	30	35	69	72	1
163621	89	14	GK	64	64	61	59	57	76	34	61	1
163627	142	14	ST	64	64	68	59	47	63	47	69	0
163731	1934	14	CM	64	62	57	63	67	69	52	61	1
163848	1871	37	LB	64	67	74	65	66	62	63	61	1
164041	15021	45	GK	64	68	62	70	52	65	46	63	1
164613	688	95	RB	64	63	75	39	66	53	62	58	1
164957	696	54	CM	64	64	69	62	61	64	62	59	1
164977	1814	126	ST	64	64	72	60	55	68	42	75	1
164996	110746	54	CM	64	64	39	63	67	61	43	44	1
165001	111091	37	CB	64	66	34	39	56	46	66	64	1
165033	111083	37	RB	64	64	72	55	65	63	62	66	1
165070	111091	37	GK	64	64	68	61	52	64	44	70	1
165435	112225	18	LW	64	70	65	69	64	68	48	53	1
165509	110890	25	ST	64	68	68	64	47	64	38	59	1
165671	111086	37	ST	64	64	46	59	41	55	52	73	1
165891	111588	167	ST	64	64	69	70	65	61	40	47	1
166076	101102	56	LB	64	68	66	67	64	70	60	53	1
166137	2045	12	CDM	64	64	52	55	62	60	64	68	0
166695	110234	40	LM	64	70	64	49	66	65	49	56	1
166851	1797	24	CB	64	63	49	59	65	60	64	71	1
167432	506	133	ST	64	68	81	59	54	65	47	72	1
167530	112679	83	CM	64	64	69	60	66	68	42	59	1
167841	1807	42	RM	64	68	76	61	63	66	41	60	0
168403	200	27	CB	64	69	57	36	44	37	67	70	1
168869	607	183	CB	64	64	68	41	49	45	64	68	0
168962	1889	38	CB	64	64	75	61	66	72	65	50	1
168983	62	18	CB	64	65	41	37	58	34	65	68	0
169169	100087	7	RB	64	65	63	36	61	46	65	54	0
169389	1937	25	LB	64	64	67	54	68	62	62	58	1
169452	83	42	CM	64	62	38	59	68	64	58	54	1
169461	1797	35	CM	64	70	68	65	65	60	62	64	1
169578	1939	14	RB	64	65	75	49	60	61	63	62	0
169604	1924	14	GK	64	65	61	64	60	68	39	63	1
169623	361	14	LB	64	67	54	31	56	44	63	66	0
169638	1943	14	LB	64	66	82	46	62	64	61	62	1
169708	1909	14	CDM	64	69	67	45	60	62	66	64	1
169725	14	14	ST	64	66	77	57	46	63	46	66	1
169784	110326	18	ST	64	64	65	63	51	64	38	59	1
170078	1938	14	RB	64	67	81	28	61	62	62	66	1
170342	1801	14	CB	64	64	48	28	37	30	64	75	1
170346	110069	45	CDM	64	64	52	42	62	57	67	67	1
170612	110770	1	CDM	64	72	69	52	66	58	62	60	1
170795	110596	21	CDM	64	65	63	50	58	48	64	70	0
170798	165	37	CM	64	68	71	62	65	73	46	51	1
170879	1943	50	CM	64	68	69	53	64	69	59	56	1
171063	15021	45	LB	64	64	71	43	67	61	63	56	1
171480	110069	45	CM	64	68	69	57	64	63	41	46	0
171620	94	14	CM	64	68	58	67	72	56	45	59	1
171642	110975	55	RB	64	70	62	42	58	56	67	69	1
171699	1888	38	LB	64	67	68	48	64	64	63	58	0
171721	112225	27	CB	64	65	53	47	54	38	65	64	0
171970	346	14	CM	64	69	63	52	62	64	52	58	0
172063	111395	195	CB	64	65	54	48	52	50	64	68	0
172122	111144	42	CDM	64	64	63	69	62	63	63	66	1
172152	110913	7	RB	64	65	65	57	62	60	65	65	0
172207	1796	70	CM	64	67	66	49	63	56	66	70	1
172547	1715	17	ST	64	64	59	57	48	54	45	67	1
172568	200	13	CM	64	66	69	65	66	66	62	61	1
172573	820	13	RB	64	65	69	60	62	66	61	55	0
172648	110913	7	CDM	64	65	61	50	62	53	65	66	0
172808	1790	25	LB	64	61	61	30	63	58	62	64	0
172850	647	34	CB	64	70	68	45	64	64	64	65	0
172944	1807	14	CM	64	65	78	64	64	67	60	60	1
172960	1943	14	ST	64	70	82	64	54	63	40	59	1
173360	74	136	GK	64	68	67	57	64	67	32	66	1
173361	112260	35	LM	64	64	71	65	64	64	44	52	1
173383	110912	27	CB	64	64	53	35	45	43	66	69	1
173444	698	14	ST	64	67	75	63	61	66	51	51	1
173483	210	80	CB	64	65	30	31	44	42	64	72	1
173671	110890	14	CB	64	65	60	33	43	35	66	70	1
175657	111092	44	CDM	64	67	61	66	71	62	59	68	1
175721	1905	31	ST	64	65	60	63	54	63	42	71	1
175911	110913	18	CB	64	63	52	51	60	47	65	63	1
176058	111144	95	CB	64	63	67	35	53	49	64	70	0
176123	239	7	CB	64	64	60	38	55	57	66	62	1
176154	110724	7	RB	64	68	73	38	60	58	64	60	0
176211	110746	37	ST	64	71	66	60	46	60	48	74	1
176226	696	95	RW	64	64	73	63	61	64	53	54	1
176253	111092	37	CB	64	64	41	37	52	31	70	54	1
176310	111588	167	CB	64	65	52	35	62	41	68	73	1
176392	1474	167	LB	64	64	85	50	65	59	63	61	1
176428	112427	21	RB	64	67	73	55	68	66	61	67	1
176575	900	47	RB	64	71	69	49	65	61	64	66	1
176880	111678	83	ST	64	64	77	58	56	71	40	62	1
177041	111674	183	CDM	64	60	47	58	65	56	62	50	1
177095	506	21	RB	64	64	78	50	60	62	63	66	1
177363	1938	14	RB	64	68	71	29	57	52	65	64	0
177373	820	13	CB	64	66	70	40	64	59	61	74	1
177414	1928	14	ST	64	63	75	59	41	48	46	77	1
177522	260	45	RM	64	65	82	54	50	73	55	51	1
177554	112487	27	RM	64	60	71	40	62	57	62	60	0
177582	780	4	CB	64	68	55	32	38	42	67	67	1
177646	110831	45	LW	64	64	47	63	74	61	42	42	1
177653	112487	54	ST	64	68	66	61	48	65	44	68	0
177672	894	47	GK	64	65	65	64	60	63	58	65	0
177690	1841	13	CM	64	69	75	60	62	66	67	64	1
177692	110890	14	LM	64	68	86	57	59	65	42	37	1
177804	190	27	CM	64	70	69	51	65	64	53	56	1
177920	874	37	CB	64	64	51	31	45	32	69	56	1
177975	203	27	ST	64	68	71	59	54	60	47	70	1
177988	1478	167	ST	64	64	60	60	51	64	44	76	1
178089	112224	195	ST	64	66	86	66	59	66	49	57	1
178139	1867	34	CB	64	64	75	28	65	58	62	60	1
178141	682	7	RM	64	64	76	66	60	64	44	62	1
178222	111070	83	CDM	64	68	66	42	62	54	66	59	1
178259	100766	133	CB	64	64	70	37	43	40	67	78	1
178284	691	95	CAM	64	75	80	63	65	72	52	48	1
178412	110831	45	CB	64	64	58	44	52	48	63	67	0
178433	112124	27	GK	64	73	66	58	50	72	53	62	1
178521	111327	52	ST	64	64	62	63	40	57	43	71	1
179575	298	36	CB	64	64	65	38	50	54	63	78	1
179636	1797	14	RM	64	70	81	52	59	66	49	50	1
179703	111140	95	LB	64	63	74	56	57	56	64	64	0
179745	1802	14	CM	64	63	66	54	66	58	58	60	1
179787	694	95	CDM	64	62	67	62	63	63	57	58	1
179984	239	7	CB	64	64	51	38	54	43	66	62	1
180400	477	45	RB	64	68	79	40	58	52	64	59	1
180455	111070	95	CB	64	63	34	41	47	45	66	64	1
180700	689	163	RB	64	62	76	51	61	64	63	54	0
180746	111766	198	CB	64	64	50	37	52	35	65	74	1
180753	112427	195	LW	64	64	71	62	56	66	43	60	1
180783	112393	183	ST	64	64	76	61	50	60	40	71	0
181238	110749	12	CDM	64	63	51	56	62	55	65	72	1
181311	111835	180	ST	64	64	76	62	49	69	43	55	1
181436	670	18	CDM	64	67	63	33	61	58	65	71	0
181451	1516	24	LM	64	63	69	63	62	63	57	64	1
181462	689	195	LB	64	64	71	63	63	67	63	57	1
181491	111398	195	CM	64	64	81	59	61	62	50	65	1
181681	1798	25	CB	64	66	59	59	65	65	64	64	1
181694	68	18	GK	64	74	65	66	64	67	55	67	1
181734	294	54	CB	64	68	52	37	47	37	64	65	0
181792	1915	46	LB	64	64	78	56	64	64	60	61	1
182184	89	14	CM	64	67	65	55	67	61	55	64	1
182201	110929	140	RM	64	64	73	57	63	65	44	53	1
182365	1958	14	GK	64	66	69	55	64	73	32	61	1
182442	111397	195	CM	64	64	73	61	63	64	58	58	0
182818	110326	18	LB	64	67	59	34	64	52	66	62	1
182909	1755	36	CM	64	67	71	52	60	63	66	71	1
182923	980	167	CM	64	64	72	58	63	60	61	67	0
183066	1958	18	CB	64	67	59	31	49	52	64	70	0
183118	111766	198	CB	64	64	49	31	47	30	65	72	1
183142	1932	133	CM	64	69	81	53	64	58	65	58	1
183235	159	21	CB	64	65	58	43	55	45	67	63	1
183272	111397	54	CAM	64	66	64	55	64	63	34	46	0
183393	212	18	ST	64	69	60	61	48	61	42	62	0
183457	111678	83	ST	64	64	68	59	50	63	49	74	1
183513	10029	21	GK	64	72	69	62	58	66	41	57	1
183645	256	4	CB	64	68	53	35	27	39	66	70	1
183741	111393	195	LB	64	68	82	50	63	70	59	52	1
183768	1755	36	CM	64	66	69	42	65	62	63	59	1
183905	58	18	CAM	64	69	77	61	54	62	42	58	0
183918	1715	51	CM	64	64	63	51	59	65	37	51	0
183925	1823	108	CM	64	69	87	66	72	67	46	58	1
184027	1910	34	CB	64	64	66	46	63	55	62	74	1
184084	294	18	GK	64	64	65	71	58	69	49	57	1
184283	110329	21	CDM	64	66	70	43	56	54	63	65	0
184341	200	27	ST	64	73	62	62	48	58	47	76	1
184469	1943	25	CM	64	72	72	57	64	66	55	52	0
184475	112512	18	CDM	64	70	49	45	61	63	64	70	1
184557	1887	107	LM	64	70	83	60	56	66	41	63	1
184614	650	34	ST	64	67	70	59	59	59	42	72	1
184637	100632	34	CM	64	66	65	60	63	64	62	63	0
184878	417	36	ST	64	68	76	60	52	65	48	64	1
184896	110913	7	LM	64	67	69	62	62	67	58	57	1
184981	209	4	CF	64	69	79	61	63	69	46	61	1
185181	450	45	GK	64	77	67	61	65	68	50	58	1
185249	1755	82	LM	64	66	85	56	58	72	54	58	1
185250	1820	108	ST	64	64	88	57	52	63	39	62	1
185422	3	36	LM	64	74	90	61	56	70	36	57	1
185438	111705	46	RW	64	72	87	61	55	68	35	44	1
186157	1935	14	CM	64	70	68	53	65	66	62	60	1
186272	1746	20	ST	64	74	68	59	55	61	46	70	0
186415	896	47	RM	64	72	80	61	58	65	50	49	0
186507	300	36	CM	64	70	71	49	64	56	71	72	1
186587	15	14	CM	64	64	75	60	56	68	38	52	1
186602	687	95	CDM	64	60	67	60	60	65	65	66	0
186710	698	95	CB	64	61	45	36	48	44	68	72	1
187176	110765	167	CB	64	64	60	48	44	58	63	70	0
187245	110765	167	CB	64	64	62	25	42	47	65	78	1
187289	1882	83	ST	64	70	44	60	59	67	43	61	0
187361	1843	51	CB	64	77	66	30	57	51	66	69	1
187514	647	34	CB	64	66	70	50	60	63	64	64	0
187524	112218	40	RM	64	68	79	51	66	57	61	54	1
187663	112579	56	CAM	64	64	66	68	63	65	60	62	1
187773	111239	21	RM	64	64	73	57	63	67	36	49	0
187891	110745	55	CB	64	64	71	47	68	62	59	67	1
187899	710	46	ST	64	65	80	60	59	65	47	62	0
188025	112124	27	CM	64	64	70	58	63	59	63	76	1
188063	111086	37	CAM	64	67	74	56	67	70	51	60	1
188185	1914	34	LM	64	67	84	54	60	69	42	43	1
188200	1804	14	CB	64	65	62	30	35	38	66	71	1
188261	112022	4	LM	64	68	72	54	63	65	37	56	0
188272	110456	54	GK	64	64	68	62	73	65	44	62	1
188285	112225	43	GK	64	64	63	60	50	70	28	66	1
188386	226	18	ST	64	70	68	58	55	60	46	63	0
188405	506	8	CAM	64	64	72	65	57	69	40	53	1
188572	100879	26	LM	64	75	82	55	51	82	38	42	1
188727	224	18	CB	64	70	50	24	45	36	68	58	1
188793	260	45	CB	64	64	84	39	56	61	60	63	1
188856	209	4	LB	64	69	80	51	61	65	63	48	1
188924	111092	37	RB	64	67	80	44	49	59	63	57	0
189121	1867	45	LM	64	66	80	57	57	71	36	55	1
189218	77	42	CDM	64	76	72	55	67	67	61	63	1
189221	1891	38	RB	64	70	73	61	63	69	61	68	1
189328	1903	46	CB	64	66	61	35	43	34	66	68	1
189342	1744	27	GK	64	72	65	60	59	67	43	65	0
189346	110747	21	RM	64	67	82	62	65	62	42	60	1
189386	110326	18	RM	64	68	81	61	63	66	38	51	1
189504	1598	54	CB	64	64	81	53	51	70	61	56	1
189619	1920	14	CM	64	73	73	42	64	66	65	47	0
189686	1943	25	LM	64	61	82	54	61	65	38	56	1
189792	1945	14	LM	64	70	77	63	57	66	41	66	1
189811	15048	14	CAM	64	74	66	59	66	64	52	64	1
189842	1939	14	CM	64	74	68	48	62	65	61	62	1
189858	463	45	CM	64	71	60	54	71	66	52	60	1
189958	110704	45	CM	64	72	62	60	71	62	51	60	1
189993	1795	14	CM	64	68	71	54	69	65	59	61	1
190014	1815	18	LM	64	73	84	51	54	69	42	57	1
190196	1738	136	CB	64	74	63	30	50	42	67	65	1
190421	15021	45	CB	64	69	55	25	55	49	65	65	0
190446	1926	14	ST	64	71	75	61	48	66	37	60	0
190499	111974	145	LW	64	75	79	59	60	66	44	53	0
190543	1797	14	ST	64	63	69	60	49	58	40	63	0
190545	100634	21	LB	64	67	66	36	64	61	65	65	0
190558	696	95	CB	64	70	86	37	36	47	64	74	1
190565	691	95	RB	64	68	81	50	54	62	65	65	1
190592	111822	4	CB	64	67	55	26	52	38	65	72	1
190602	112487	27	CB	64	72	55	37	41	40	66	69	1
190683	1934	14	CAM	64	71	69	64	66	66	45	53	1
190987	15029	52	LM	64	72	71	60	56	66	49	58	1
191126	1802	14	ST	64	63	69	60	36	58	39	68	0
191237	15021	45	CDM	64	68	68	33	54	44	67	56	1
191255	605	183	RB	64	67	75	44	65	57	64	56	1
191260	605	183	LB	64	65	65	36	53	60	63	74	1
191490	112390	183	LM	64	64	77	57	57	66	52	66	1
191669	1477	167	CDM	64	63	74	61	66	63	61	61	1
191843	111674	183	CDM	64	65	75	42	51	56	69	68	1
191847	111674	183	LB	64	65	78	55	71	70	60	56	1
191909	982	167	ST	64	69	72	60	51	60	45	72	1
191927	112115	54	CM	64	64	73	60	66	66	40	65	1
192242	614	18	RM	64	72	58	41	60	57	64	62	0
192251	1800	25	CM	64	71	68	58	67	67	55	52	1
192276	110233	6	LB	64	65	65	50	63	56	65	72	1
192319	1935	14	LB	64	72	68	40	60	40	65	61	0
192365	110734	7	LW	64	70	75	58	57	69	38	50	1
192447	175	21	ST	64	69	58	60	50	58	44	66	1
192560	1832	21	CDM	64	75	73	51	61	67	63	64	0
192597	58	18	CB	64	64	50	38	52	45	65	68	1
192728	111239	21	ST	64	66	71	60	51	62	40	63	0
192751	100766	20	CB	64	73	68	38	50	50	67	62	1
193028	1801	14	ST	64	63	73	60	50	64	46	67	0
193102	159	21	LM	64	67	86	58	57	66	45	66	1
193157	100632	34	CB	64	68	50	47	56	47	65	62	1
193205	1938	25	RM	64	68	83	53	60	66	36	50	1
193252	254	4	LB	64	69	78	45	61	62	63	60	1
193557	94	14	ST	64	69	80	62	42	63	41	64	1
193621	112020	44	RW	64	67	73	56	59	65	40	53	0
193678	111046	54	CM	64	64	73	41	61	63	67	55	1
193697	111083	8	CDM	64	67	69	45	62	61	64	55	0
193706	269	13	CB	64	69	70	38	49	50	64	72	1
193728	100804	42	LM	64	74	81	50	62	67	58	67	1
193772	112409	23	GK	64	75	64	60	50	66	64	68	1
193878	100087	148	RM	64	68	78	50	62	64	55	63	0
193880	1913	19	ST	64	69	70	61	48	63	45	64	0
193889	1809	18	GK	64	67	66	65	64	65	38	66	1
193909	100879	45	CB	64	67	59	53	68	58	58	62	1
193910	1925	14	CM	64	73	65	54	64	65	47	46	0
193932	111651	68	CM	64	64	82	56	60	65	48	37	1
193975	111993	27	CB	64	70	44	34	39	37	68	68	1
194018	81	25	ST	64	72	72	64	34	56	43	72	1
194032	1873	37	CB	64	64	44	44	52	51	65	67	1
194033	696	80	CM	64	64	78	50	62	72	51	46	1
194146	1796	25	CB	64	71	62	32	36	48	65	71	0
194199	68	18	ST	64	69	73	59	50	72	43	60	1
194325	110930	140	CB	64	68	64	30	35	38	66	68	1
194367	100879	8	LM	64	74	78	59	54	69	39	54	1
194879	477	45	ST	64	70	61	60	43	62	42	62	0
194915	100765	40	CAM	64	72	70	58	63	68	49	66	1
194924	1855	45	CDM	64	68	67	50	59	54	63	58	1
194996	242	45	ST	64	77	67	57	40	66	40	70	0
194999	77	42	LM	64	71	91	47	60	66	53	53	1
195012	100879	45	RM	64	72	73	56	54	71	42	60	1
196830	674	147	ST	64	64	74	59	61	63	42	72	1
197031	22	21	ST	64	77	76	57	50	60	40	69	0
197480	1819	18	ST	64	77	68	62	47	64	42	70	1
197716	696	95	RM	64	68	81	64	48	65	46	66	1
197818	111144	95	CM	64	64	69	60	58	66	60	64	0
197819	695	95	RB	64	67	76	49	53	58	66	65	1
197831	100634	195	LB	64	70	74	48	62	62	64	62	0
197928	1795	14	GK	64	78	65	63	62	69	54	62	0
198007	689	95	LM	64	66	68	61	65	66	62	66	1
198011	4	14	ST	64	70	60	60	42	63	43	73	1
198027	111651	133	ST	64	68	72	62	35	60	44	70	1
198063	479	45	ST	64	71	76	61	47	56	44	64	1
198080	192	117	RM	64	74	81	60	60	69	39	54	1
198195	169	10	ST	64	72	69	61	55	67	41	65	1
198223	570	27	CAM	64	71	73	57	63	65	56	63	0
198256	1914	34	RB	64	65	81	54	59	65	61	60	1
198266	1750	133	RW	64	67	68	57	46	62	44	74	1
198330	111395	195	RW	64	70	75	57	65	64	62	63	1
198363	22	21	GK	64	68	65	61	62	68	44	64	1
198479	1439	17	CB	64	69	48	29	43	41	67	68	1
198810	1801	195	CB	64	74	70	35	46	43	64	75	1
198934	111292	54	ST	64	64	75	61	50	66	40	66	0
199057	100764	40	LB	64	75	71	47	62	61	63	58	0
199118	110724	46	ST	64	65	74	60	47	59	39	57	0
199172	647	34	GK	64	67	66	64	67	66	30	61	0
199193	101112	81	CB	64	70	62	51	61	62	63	66	0
199384	256	4	RB	64	67	85	50	60	68	61	50	1
199467	2007	7	LM	64	70	74	63	57	69	45	45	1
199560	1530	18	RB	64	64	52	40	60	46	70	73	1
199658	1794	7	CM	64	70	71	65	65	68	55	56	1
199740	1893	38	LW	64	70	78	56	62	66	52	43	1
199745	1516	13	CB	64	72	58	30	45	38	65	70	0
199825	110734	27	ST	64	64	71	61	59	74	40	48	1
199895	110770	47	CB	64	75	47	46	60	55	65	70	1
199964	101103	56	ST	64	68	82	64	52	57	46	68	1
199977	472	45	CM	64	66	53	49	63	59	60	61	1
200259	254	4	RB	64	73	78	43	59	67	63	68	1
200292	3	14	CM	64	75	65	51	67	67	66	60	1
200429	100081	7	ST	64	77	91	62	51	67	33	56	1
200488	190	46	ST	64	64	66	60	42	57	47	73	1
200512	1873	81	CB	64	64	67	40	33	42	60	70	1
200532	1750	7	LW	64	68	74	55	58	69	53	40	1
200534	1750	7	CDM	64	68	64	42	59	54	66	66	1
200546	111393	52	ST	64	64	66	62	50	68	39	56	1
200574	1474	167	CB	64	67	67	34	36	33	66	74	1
200673	897	10	CB	64	63	44	44	53	44	67	74	1
200734	110710	45	GK	64	68	63	66	68	65	59	61	1
200820	1793	14	LB	64	78	83	54	58	66	40	41	1
200998	112225	22	CB	64	71	62	30	50	54	62	64	0
201049	1746	27	CB	64	73	54	36	46	46	64	72	1
201079	112237	27	RB	64	72	83	54	61	61	62	60	1
201112	110745	37	GK	64	68	62	60	58	70	46	67	1
201208	111651	70	CB	64	74	51	31	50	44	65	69	0
201229	1750	103	ST	64	72	78	61	39	69	38	61	1
201285	1463	13	ST	64	73	67	64	45	62	40	59	1
201301	272	13	CB	64	71	60	38	39	49	65	69	0
201368	100805	42	CM	64	74	72	64	63	67	53	61	1
201389	110364	27	LB	64	74	83	53	55	63	61	56	1
201429	1719	54	CM	64	64	61	56	63	66	66	68	1
201873	111651	95	GK	64	69	67	62	65	68	38	63	0
201886	110231	140	CB	64	76	75	51	59	51	65	64	0
201895	691	60	LM	64	74	79	59	55	71	36	48	1
201967	922	36	LW	64	75	76	52	46	74	46	48	1
202002	64	18	CB	64	76	57	31	50	49	64	70	0
202011	1841	36	CB	64	67	56	55	58	56	63	73	1
202075	698	95	RB	64	69	84	53	57	62	64	63	1
202106	110178	21	LM	64	70	76	60	65	69	58	61	1
202107	111239	95	CDM	64	71	67	46	62	66	64	59	0
202113	1958	14	RM	64	70	86	53	62	66	54	60	1
202160	2007	7	CM	64	72	70	53	59	65	62	58	0
202199	1794	14	GK	64	75	71	60	48	70	48	61	1
202211	691	95	CB	64	65	56	55	53	57	65	71	1
202215	688	95	GK	64	67	67	64	59	64	47	67	1
202217	112134	95	CM	64	68	70	59	65	70	62	52	1
202243	698	95	CDM	64	63	64	58	66	62	64	68	1
202263	700	36	CDM	64	71	71	62	64	61	68	70	1
202296	981	167	ST	64	69	74	61	54	65	42	64	0
202400	1871	54	CAM	64	66	70	59	55	70	51	60	1
202408	1919	14	CB	64	69	62	30	32	34	65	72	1
202430	110147	83	RM	64	76	78	55	59	67	39	64	0
202513	110734	27	CB	64	64	64	34	46	46	66	70	1
202518	2045	4	LM	64	71	75	67	51	72	49	49	1
202541	467	45	CAM	64	75	66	52	63	72	38	49	1
202560	1903	34	LW	64	72	75	61	59	65	45	56	0
202607	110913	15	CB	64	65	40	33	49	29	66	68	1
202654	110749	51	LB	64	63	69	44	36	45	72	65	1
202659	1439	46	ST	64	72	77	57	59	68	32	45	1
202711	203	27	CM	64	64	70	52	61	63	62	66	0
202715	467	45	ST	64	70	55	58	41	49	50	78	1
202751	1823	97	CM	64	64	68	60	68	68	36	62	1
202795	1938	140	LB	64	71	78	29	56	54	67	68	1
202886	2	47	GK	64	64	67	64	73	60	40	62	1
202919	111140	117	RW	64	68	82	49	58	67	54	56	1
202952	981	167	RB	64	70	76	50	56	62	65	72	1
202959	982	167	CM	64	67	67	69	66	62	64	68	1
202994	110765	167	RW	64	67	69	61	59	63	42	63	0
203024	111393	45	CDM	64	68	65	47	64	60	53	53	0
203048	4	14	RB	64	76	72	49	59	63	64	58	0
203069	94	14	CM	64	72	69	54	62	57	63	55	0
203127	57	144	CM	64	75	76	53	65	71	55	51	1
203160	159	21	CB	64	64	59	31	48	36	65	69	0
203264	8	14	CB	64	70	60	29	51	48	64	66	0
203445	110500	21	RB	64	69	67	39	59	63	63	65	1
203458	896	47	CB	64	78	71	40	62	60	66	71	1
203585	15021	45	LB	64	64	74	32	53	49	66	62	1
203754	10030	21	CM	64	64	64	61	64	61	64	68	1
203889	64	18	ST	64	70	79	61	51	65	36	71	0
203971	212	18	LM	64	65	68	54	65	62	51	51	1
204043	256	4	RB	64	70	72	53	58	66	63	63	1
204098	159	34	ST	64	74	70	62	60	76	36	53	1
204145	112512	37	LB	64	63	77	55	61	63	53	61	0
204350	110724	19	LM	64	72	73	63	62	69	39	61	1
204405	694	57	CB	64	64	62	25	39	62	66	66	1
204468	165	21	LM	64	70	68	59	62	66	52	56	0
204496	1893	21	CB	64	71	49	42	55	41	66	59	1
204509	346	14	ST	64	76	79	59	43	65	45	66	1
204612	298	36	CM	64	73	67	62	62	68	59	58	1
204665	101112	95	CB	64	64	59	30	48	36	64	66	1
204676	744	38	CM	64	76	70	57	65	66	53	53	1
204684	1904	34	CM	64	68	68	61	48	64	38	68	0
204685	1747	7	CDM	64	74	79	53	59	60	65	71	0
204688	111821	4	CAM	64	73	67	60	63	66	54	55	1
204782	9	21	ST	64	77	75	60	45	72	34	51	1
204858	2023	45	RM	64	68	84	56	56	61	43	58	1
205070	461	45	CM	64	72	64	59	70	63	51	56	1
205096	175	21	CB	64	73	54	33	51	55	64	65	0
205158	448	45	ST	64	77	79	59	40	70	39	52	1
205212	100879	45	RM	64	71	81	61	57	66	38	42	1
205243	210	126	CB	64	72	62	29	41	35	64	72	1
205351	1934	14	LM	64	76	74	60	63	70	40	44	1
205455	111239	21	GK	64	72	69	60	63	68	37	58	1
205465	919	4	ST	64	67	64	67	52	62	37	58	1
205491	1970	83	CM	64	76	68	64	66	66	49	60	1
205556	110915	44	CB	64	76	65	32	46	43	62	65	1
205644	112487	27	RW	64	74	75	59	53	68	37	52	1
205672	1903	34	CB	64	69	63	30	44	46	65	72	1
205701	472	9	ST	64	64	72	66	53	61	40	63	1
205720	111974	27	LB	64	70	73	36	53	58	64	66	0
205845	236	38	CB	64	77	63	36	47	43	64	73	1
206041	111706	52	ST	64	72	68	58	39	55	45	69	1
206110	1877	52	RM	64	72	71	51	59	72	38	48	1
206124	110929	148	CM	64	68	69	42	64	68	66	58	1
206157	696	120	CDM	64	60	64	46	55	49	62	69	0
206209	28	21	LB	64	75	80	48	62	70	62	47	1
206492	1814	136	ST	64	69	76	61	59	69	35	61	1
206549	111139	95	GK	64	64	65	64	56	69	45	65	0
206603	689	95	CDM	64	65	77	46	58	62	60	58	0
206631	691	95	CM	64	70	59	61	68	66	51	50	1
206635	688	95	RM	64	69	67	65	60	67	53	56	1
206651	479	45	CAM	64	72	67	61	56	57	55	46	1
206662	695	95	CB	64	71	56	27	44	44	65	66	1
207427	687	95	GK	64	70	69	60	71	69	48	62	1
207502	418	36	LB	64	64	89	42	56	71	64	53	1
207512	693	95	CB	64	65	54	26	39	44	67	69	1
207554	700	46	CM	64	68	71	61	61	67	41	50	0
207614	694	95	LM	64	66	82	60	56	64	40	60	1
207629	697	95	ST	64	77	75	66	58	71	47	60	1
207635	101104	56	CM	64	64	87	58	55	71	39	41	1
207659	254	4	LM	64	69	82	62	57	72	41	67	1
207849	111140	95	CB	64	68	77	26	39	34	66	74	1
207877	1715	61	LM	64	77	86	55	46	72	38	64	1
207961	647	34	ST	64	67	50	59	36	53	43	77	1
208018	1906	17	CB	64	72	63	42	60	55	64	67	0
208045	100634	129	RW	64	75	72	65	55	74	43	57	1
208120	31	37	ST	64	74	63	60	44	61	39	68	1
208141	110741	54	CM	64	74	64	50	64	65	59	56	0
208144	111540	27	CM	64	64	69	55	62	70	40	46	1
208158	1876	52	ST	64	74	62	64	40	64	38	64	1
208309	232	7	CDM	64	75	76	41	57	59	65	66	0
208448	320	46	LM	64	75	74	64	57	72	36	50	1
208451	433	46	CM	64	76	71	59	65	71	55	54	1
208488	1831	10	CB	64	74	75	29	47	48	64	68	0
208521	682	18	CB	64	65	51	31	46	33	66	69	1
208730	550	27	LM	64	68	73	56	61	67	57	54	0
208731	550	21	CDM	64	66	58	41	60	55	67	61	1
208805	1906	7	CB	64	64	73	36	66	60	64	62	1
208917	112139	183	RB	64	67	90	27	65	65	64	62	1
209212	112395	97	CB	64	63	51	38	30	33	66	77	1
209264	919	36	ST	64	81	83	58	39	61	37	52	1
209276	605	183	GK	64	64	63	63	66	66	47	67	1
209287	110704	103	ST	64	77	90	57	52	61	41	70	1
209378	1914	34	LB	64	65	69	56	63	63	62	65	1
209453	110746	37	RB	64	65	78	54	64	63	61	70	0
209498	567	54	CB	64	76	44	31	41	30	64	69	0
209535	620	14	CB	64	65	54	35	42	51	64	70	0
209551	112096	183	LB	64	70	88	44	59	67	62	71	1
209561	112390	183	CB	64	68	75	37	51	59	66	63	1
209569	112390	183	LM	64	71	76	52	71	68	53	50	1
209739	159	21	CDM	64	66	68	50	60	60	64	65	0
209767	1908	34	ST	64	64	72	60	54	69	48	63	1
209839	1915	34	CB	64	72	67	52	66	59	63	62	1
209846	25	21	LB	64	74	71	34	61	60	63	60	0
209992	162	21	LM	64	72	73	64	61	68	56	54	1
210007	191	54	CB	64	79	63	41	55	60	59	76	1
210021	166	21	CAM	64	77	73	52	57	70	42	44	1
210110	110710	45	CB	64	74	71	37	50	49	61	70	0
210133	112387	183	CDM	64	66	64	39	56	60	66	71	1
210138	112387	183	RM	64	66	76	53	65	65	53	67	1
210140	112387	183	GK	64	64	65	63	61	67	50	62	0
210205	650	92	CDM	64	67	71	43	61	62	65	62	0
210237	165	21	LM	64	77	75	52	61	73	37	52	1
210414	110749	37	CB	64	64	69	42	58	54	65	60	0
210488	247	34	CM	64	72	67	57	71	67	61	60	1
210566	200	54	ST	64	64	66	62	62	66	35	51	1
210583	1824	21	CAM	64	78	70	58	60	70	34	48	1
210648	110374	111	CB	64	75	34	28	38	42	62	68	1
210742	1439	46	CM	64	77	68	63	61	62	56	56	1
210826	571	55	LW	64	73	80	62	58	71	36	56	1
211178	110929	148	CF	64	68	83	55	51	71	37	49	1
211741	159	21	CDM	64	67	66	45	62	60	62	60	0
212139	694	95	LB	64	72	78	34	60	61	63	61	0
212346	110765	167	CAM	64	70	70	61	62	64	38	56	0
212722	111144	95	RB	64	82	89	52	58	65	62	59	1
212728	111139	95	CM	64	64	84	51	60	64	54	50	1
212883	710	117	CB	64	80	71	52	68	67	60	70	1
213305	432	46	ST	64	67	61	63	53	64	43	62	1
213428	694	95	GK	64	71	68	61	59	70	48	61	1
213439	111651	70	CM	64	71	68	59	61	65	46	49	0
213648	21	13	CM	64	81	63	57	65	67	55	59	1
214594	111651	52	CDM	64	78	78	56	63	63	63	60	0
215609	647	34	ST	64	63	59	59	44	59	38	68	0
215618	1902	34	RB	64	76	74	37	64	63	64	61	0
215942	647	34	CDM	64	68	60	43	64	64	62	58	0
216193	100632	34	CB	64	68	61	30	49	47	63	67	0
216228	650	34	LW	64	64	76	63	57	67	40	48	1
216281	162	8	RB	64	69	73	46	63	62	62	61	0
216289	1903	34	CM	64	72	64	58	67	61	57	53	1
216377	175	21	ST	64	70	63	60	43	53	42	68	1
216793	1905	18	ST	64	69	63	58	42	59	52	72	1
217873	301	28	ST	64	69	69	62	38	63	45	68	1
163855	1800	14	CDM	64	64	70	49	61	56	64	57	0
203498	110089	40	ST	64	74	60	63	51	60	42	67	1
139162	1862	47	CAM	64	65	70	57	63	68	54	55	1
882	688	95	CM	63	63	65	63	62	62	62	62	1
2151	111400	195	CM	63	63	64	61	62	63	53	67	0
2335	1799	14	ST	63	63	46	57	52	54	42	77	1
2837	15015	25	CM	63	63	42	59	71	64	65	74	1
4353	695	18	CDM	63	63	58	62	61	59	63	66	1
4394	1945	14	CM	63	63	54	60	66	65	58	55	1
5550	111766	7	ST	63	65	72	62	59	62	41	63	1
7873	1936	14	CB	63	61	39	32	34	29	67	74	1
8333	110069	45	CDM	63	65	32	54	62	47	66	60	1
8910	1792	14	GK	63	63	60	66	60	60	45	64	1
10884	112254	50	CM	63	61	53	58	63	56	57	64	0
11414	1949	14	LB	63	62	41	54	55	58	66	64	1
11787	1945	14	CB	63	63	47	31	44	56	64	69	0
11800	127	14	GK	63	63	65	58	60	67	56	66	1
13403	1790	25	ST	63	63	53	60	45	60	43	64	0
13761	100805	42	RM	63	62	67	45	60	64	47	59	0
15704	111400	34	CB	63	63	32	49	57	55	65	65	1
17051	101112	95	GK	63	63	60	63	68	60	58	73	1
17635	1905	34	RB	63	63	67	54	62	55	66	65	1
18916	111070	70	CB	63	63	60	43	62	57	63	60	0
19260	1750	24	CM	63	63	47	39	57	48	65	58	0
19332	1962	14	GK	63	63	62	65	67	61	56	66	1
19374	346	14	ST	63	62	61	62	53	61	43	67	1
19521	1935	14	ST	63	62	73	54	56	65	52	67	1
20543	1893	38	LB	63	62	63	46	62	61	63	58	0
30690	1445	181	CB	63	63	40	53	56	60	62	66	0
31834	1456	36	ST	63	67	61	65	51	55	53	81	1
32556	922	36	CM	63	60	68	67	60	63	50	68	1
40863	320	46	RB	63	62	54	51	64	57	64	60	0
41196	432	54	ST	63	61	45	58	50	56	43	64	1
45541	112424	13	CDM	63	63	64	62	55	62	65	53	1
45616	1904	23	LB	63	64	65	61	64	57	62	70	1
46746	694	95	RB	63	59	70	59	61	64	63	56	0
47854	1715	47	CM	63	63	59	53	60	55	67	63	1
48023	111373	4	ST	63	63	58	62	43	55	43	66	1
49573	111705	46	CM	63	63	61	58	69	59	61	60	1
50538	697	18	CM	63	63	72	60	59	66	53	47	0
50949	110569	18	ST	63	62	48	63	60	64	41	68	1
50959	1738	18	ST	63	60	71	61	61	65	42	74	1
52009	111928	14	LB	63	62	75	52	61	60	61	61	0
52305	111139	95	CM	63	64	66	68	64	64	57	60	1
53044	294	18	CDM	63	65	55	61	71	69	61	61	1
53751	1932	14	RB	63	62	50	40	58	51	64	66	0
53786	14	14	ST	63	63	67	62	59	64	43	80	1
100521	1936	42	CM	63	63	60	60	63	64	56	59	0
101411	506	21	GK	63	63	64	59	63	66	33	61	1
103581	97	25	RB	63	63	65	50	61	58	64	62	0
104472	300	36	LB	63	62	78	55	62	61	62	65	0
104737	357	25	GK	63	62	61	64	64	65	55	62	0
106364	100879	45	ST	63	63	34	59	39	48	46	78	1
111091	15021	45	LW	63	63	75	54	57	63	40	43	0
112243	294	18	ST	63	63	66	63	55	66	40	74	1
112293	1801	195	CB	63	62	69	34	58	58	62	68	0
112393	62	18	ST	63	65	41	68	52	59	41	71	1
112556	467	45	CDM	63	63	44	51	56	46	67	58	1
112920	2045	45	CB	63	59	39	33	46	38	63	63	0
116746	1813	18	GK	63	63	62	61	52	67	34	64	0
116917	210	18	GK	63	67	64	61	59	60	46	68	1
118662	1925	14	ST	63	61	58	61	60	59	48	64	0
120022	919	46	CB	63	62	64	59	63	57	64	64	1
122066	506	21	ST	63	62	41	64	49	52	46	65	1
136699	110765	167	GK	63	63	64	61	61	65	30	64	0
137200	1744	27	ST	63	63	56	62	51	57	43	69	1
137220	112225	27	CDM	63	63	59	49	67	54	60	60	1
137267	698	95	CDM	63	67	71	62	64	61	70	73	1
137278	111144	77	CM	63	63	60	63	58	65	63	66	1
137886	434	47	GK	63	63	58	63	64	68	59	62	1
138026	2007	7	GK	63	70	66	62	61	64	56	61	0
138153	1798	25	CDM	63	62	62	58	64	60	57	62	0
138783	1797	50	ST	63	63	76	60	45	61	43	65	0
138786	81	14	GK	63	64	64	61	55	66	54	62	0
138816	620	14	GK	63	65	61	62	60	66	31	61	0
139165	1032	83	GK	63	66	65	68	58	61	48	59	1
139301	1932	14	LB	63	63	62	40	63	61	60	58	0
139349	1804	14	CM	63	63	58	61	66	57	64	68	1
139393	983	167	RB	63	63	72	56	57	59	65	62	0
139420	2056	167	CB	63	63	39	32	38	48	65	69	1
139561	682	18	GK	63	63	63	63	58	63	25	66	1
139643	181	42	CDM	63	63	74	64	63	65	60	73	1
139829	57	18	LB	63	63	66	46	61	58	63	58	0
139865	111083	37	GK	63	63	67	50	59	63	21	72	1
140142	1882	83	GK	63	63	61	62	60	62	46	65	0
140210	1794	42	CB	63	64	42	34	48	50	62	68	1
140417	15048	14	CM	63	63	66	64	62	66	49	58	1
140507	142	42	RB	63	63	58	34	56	59	64	72	1
140618	239	208	RB	63	64	65	57	64	62	63	68	1
140975	1796	35	CB	63	65	50	32	50	46	64	69	0
142451	571	45	CM	63	66	69	70	71	67	40	50	1
142550	110745	43	CB	63	66	65	48	57	60	64	72	1
143073	110398	52	CB	63	63	48	34	47	51	60	73	1
144037	1920	47	CB	63	68	35	43	58	54	64	68	0
144086	898	29	CB	63	61	32	48	57	55	66	64	1
144727	15021	45	LM	63	62	59	61	71	61	46	50	1
145210	463	45	RM	63	63	72	59	58	63	42	51	0
145830	463	45	ST	63	63	66	55	50	61	45	64	0
146373	694	89	RM	63	60	75	60	60	62	57	71	1
146410	110831	45	CB	63	67	44	37	54	32	63	66	0
146462	110831	45	CB	63	62	41	41	49	38	65	68	0
146636	110831	45	GK	63	68	73	59	53	68	49	54	1
146956	571	45	CM	63	67	55	59	66	72	47	49	1
147440	100764	40	GK	63	63	68	66	56	58	56	65	0
147742	100764	40	CM	63	63	34	68	68	68	41	58	1
147817	100764	40	ST	63	63	59	61	62	66	46	61	1
148258	110234	40	CB	63	63	53	42	56	46	64	63	0
148572	874	37	CB	63	62	59	54	61	61	63	66	1
148697	112199	36	ST	63	64	76	59	46	62	47	66	0
148705	299	36	CM	63	62	71	71	61	66	60	74	1
148762	110746	37	CDM	63	63	76	62	63	64	55	47	1
149236	112409	27	ST	63	63	69	60	42	54	45	70	0
149257	111397	195	GK	63	63	66	58	64	61	58	65	0
150389	209	21	GK	63	67	65	62	57	68	26	60	1
150657	110569	18	CDM	63	63	56	43	56	47	67	64	1
150669	1813	18	ST	63	64	54	62	52	53	42	74	1
150761	1920	14	ST	63	63	67	60	52	60	43	68	0
151568	1447	13	CB	63	63	66	30	46	40	66	63	1
151648	1516	21	CB	63	63	69	43	57	60	63	63	0
151764	1443	13	LB	63	63	66	57	62	67	65	60	1
152456	1936	14	GK	63	63	64	58	47	67	52	62	0
152569	1841	36	RM	63	66	75	59	51	69	47	53	1
152620	1456	36	CM	63	66	69	50	58	67	58	63	1
152735	1794	25	CM	63	63	51	59	64	61	66	64	1
152907	97	14	RB	63	63	63	33	61	59	64	60	0
152933	1943	14	GK	63	63	61	62	64	64	52	67	1
153221	111087	37	CM	63	61	75	54	56	65	66	51	1
153267	379	18	CM	63	63	60	47	59	62	65	61	0
153275	58	18	GK	63	70	58	62	52	70	34	68	1
153282	694	95	GK	63	63	69	54	56	68	35	67	1
154442	110069	45	LB	63	63	74	59	61	60	61	60	1
155340	981	167	CB	63	63	50	38	51	48	61	78	1
155376	112115	167	CB	63	63	31	35	45	32	64	69	1
155525	271	13	CB	63	66	55	37	39	44	69	69	1
155567	710	13	RB	63	63	85	56	63	67	60	57	1
155621	112115	167	CB	63	63	80	50	61	56	62	58	0
155863	15021	45	CB	63	63	55	36	57	50	64	64	0
155871	1937	37	GK	63	68	68	61	61	64	59	60	1
155977	1926	42	CB	63	64	45	31	41	37	65	69	1
156321	1802	14	ST	63	62	45	59	51	62	49	73	1
156453	110178	21	ST	63	64	81	58	55	68	45	59	1
156786	101116	83	ST	63	63	95	49	57	64	53	48	1
157128	423	25	CAM	63	61	74	62	62	64	53	54	1
157279	15021	45	LW	63	63	76	67	58	62	41	49	1
157306	210	18	LM	63	67	66	48	63	62	63	60	0
157470	1802	14	CB	63	62	37	26	38	39	64	76	1
158228	144	15	RB	63	65	70	56	52	61	62	58	1
158268	1530	18	ST	63	64	59	61	44	55	43	70	0
158522	81	14	ST	63	63	70	63	57	57	50	63	1
158807	1443	13	CAM	63	64	82	49	43	68	39	32	1
158817	1881	83	CM	63	63	66	54	62	63	65	68	0
158859	503	21	GK	63	63	62	63	61	68	51	58	0
158912	1715	47	ST	63	65	55	61	56	60	52	70	0
159077	1926	42	LB	63	66	71	50	56	61	62	64	1
159160	1755	36	LB	63	63	73	66	65	64	61	58	1
159278	1744	27	LB	63	65	67	50	59	59	63	63	0
159495	15048	82	CB	63	63	49	28	39	40	64	70	1
159512	112020	27	CB	63	64	70	44	56	52	63	66	0
159599	1932	14	RB	63	64	84	36	60	64	63	64	1
162193	1937	25	CM	63	63	65	56	63	65	45	47	0
162342	1905	34	CB	63	61	48	37	58	40	64	67	0
162399	1841	36	LM	63	64	70	63	62	63	60	67	1
162417	1935	133	CB	63	64	68	40	43	44	65	70	1
162512	1958	42	RB	63	66	59	33	45	40	66	70	1
162899	110890	14	LB	63	63	62	47	61	61	63	60	0
163148	1794	14	LB	63	63	73	28	58	61	63	62	0
163158	1928	14	LB	63	64	53	32	52	53	65	73	1
163339	1754	14	CDM	63	64	72	46	64	65	67	71	1
163363	1804	14	CM	63	64	69	56	64	59	66	68	1
163371	100087	7	CB	63	64	51	33	46	40	64	66	0
163405	1746	27	CM	63	65	67	52	65	59	60	61	1
163500	2007	51	GK	63	61	66	55	65	64	25	68	1
163581	1925	14	CB	63	63	67	29	50	52	64	64	0
163640	239	7	CM	63	63	51	55	61	44	64	68	0
163658	239	111	CB	63	63	64	60	65	67	64	59	1
163762	1801	25	CM	63	55	64	40	56	50	66	64	1
163865	1797	50	CB	63	65	51	31	51	33	63	74	1
163898	112237	27	CM	63	64	74	60	62	61	54	62	0
163913	110741	27	CM	63	66	65	55	62	62	64	69	0
164383	1524	36	CB	63	64	59	61	58	61	63	74	1
164465	1794	14	RB	63	64	68	47	58	59	64	67	1
164476	1873	133	RM	63	68	90	49	59	63	45	47	1
164630	620	14	RB	63	60	65	32	56	61	64	70	0
164680	110912	23	CB	63	63	68	44	64	63	62	64	0
165010	420	37	CAM	63	65	59	56	63	63	60	58	0
165447	1524	36	LM	63	66	68	58	57	63	56	70	1
165667	874	37	LM	63	65	63	53	60	65	48	71	0
165738	1804	14	CM	63	61	68	56	62	61	57	56	0
165805	3	54	CB	63	63	71	51	52	63	63	54	0
165909	1476	167	CB	63	64	66	50	51	50	60	76	1
166038	110929	140	ST	63	63	63	62	49	64	39	64	1
166918	700	14	ST	63	63	72	62	51	58	51	62	1
166943	100764	40	CM	63	61	66	55	63	58	61	56	0
167159	1456	36	CB	63	64	60	38	56	37	62	68	0
167499	100087	7	CB	63	64	48	41	52	44	63	63	0
167560	100764	40	CB	63	68	57	47	54	55	63	65	0
167832	110596	21	ST	63	65	70	58	46	62	44	66	0
167834	86	42	GK	63	69	66	62	56	64	24	63	0
167919	1955	50	LB	63	57	77	52	58	66	38	40	0
167985	110456	18	LB	63	63	58	40	64	56	60	63	0
168629	432	46	ST	63	63	66	65	57	70	47	65	1
169078	361	14	LM	63	70	78	61	56	66	36	49	1
169223	1801	21	GK	63	63	64	62	52	66	46	61	1
169366	110456	105	CDM	63	65	57	57	67	69	62	63	1
169370	463	45	RB	63	63	77	44	59	61	60	58	0
169446	631	42	CM	63	59	63	61	61	63	57	51	0
169593	1807	14	CM	63	71	70	41	66	59	64	61	1
169602	271	14	LB	63	63	71	48	57	60	64	57	0
169609	1920	14	LB	63	67	71	35	55	50	65	62	0
169619	1937	14	CB	63	63	54	44	60	58	65	64	0
169645	1790	14	LM	63	66	83	51	59	64	42	52	1
169714	111393	38	RW	63	68	83	54	50	70	31	41	1
169898	15048	50	GK	63	64	67	58	59	72	57	58	1
169933	1801	42	LWB	63	68	75	54	59	58	62	63	0
169947	127	14	CM	63	67	66	52	64	59	60	62	0
169972	1747	26	RB	63	63	58	49	63	62	64	54	0
170446	1905	34	CDM	63	63	45	49	56	61	63	66	0
170457	1934	18	ST	63	66	81	57	58	72	41	68	1
170592	503	21	LB	63	65	70	47	57	59	64	58	0
171311	463	45	CB	63	65	53	36	45	38	65	64	0
171313	1871	38	CAM	63	65	67	53	64	64	49	47	0
171402	468	45	CAM	63	66	68	53	59	68	43	53	1
171565	571	45	ST	63	69	60	61	44	59	43	63	0
172002	111091	37	CAM	63	64	76	58	59	66	44	58	0
172188	111277	46	CB	63	61	55	32	40	43	65	70	0
172198	1819	18	GK	63	65	62	65	64	63	51	65	0
172398	1889	24	CDM	63	69	65	57	62	62	65	67	0
172456	111835	13	RM	63	63	79	54	51	73	39	48	1
172685	189	45	RB	63	70	65	39	63	52	64	64	0
172695	111974	27	CB	63	73	62	38	44	44	64	70	0
172928	1928	14	CM	63	64	71	64	69	63	51	57	1
173649	1790	42	CM	63	63	69	54	66	64	60	64	1
173666	86	14	CM	63	67	72	52	60	65	54	57	0
173734	1936	50	CB	63	66	64	26	52	55	63	64	0
173758	127	50	CB	63	61	58	46	47	45	64	71	1
173987	100804	42	LB	63	68	54	26	56	61	64	63	0
174051	682	110	GK	63	62	65	59	60	66	58	62	0
174665	111092	37	CB	63	65	71	38	41	49	69	65	1
175934	110913	7	GK	63	66	62	60	61	67	59	63	1
175941	922	36	CB	63	70	68	31	55	37	60	79	1
176030	110770	38	CM	63	63	61	52	60	63	65	71	0
176075	111144	95	LB	63	63	69	61	67	60	62	61	1
176078	694	95	CDM	63	67	55	58	62	59	62	65	0
176210	111083	37	CAM	63	67	77	61	60	67	44	60	1
176230	687	95	CB	63	63	68	58	65	57	64	64	1
176235	111928	129	RM	63	63	71	58	62	64	49	53	1
176240	694	95	RB	63	64	93	49	48	55	63	72	1
176241	695	95	CB	63	63	68	36	54	49	64	62	0
176256	110747	37	ST	63	67	84	59	53	60	45	71	1
176388	111091	37	ST	63	63	80	57	59	61	45	54	0
176417	112224	122	CB	63	60	50	42	58	44	63	68	1
176480	210	18	RB	63	66	62	53	65	57	65	64	1
176572	896	47	RB	63	67	81	50	63	65	62	62	1
176798	710	46	CB	63	60	47	27	38	38	70	69	1
176941	1920	25	ST	63	66	64	60	55	60	41	68	0
177261	1530	18	CB	63	63	57	40	54	42	64	74	1
177294	142	140	CM	63	68	69	61	66	65	59	52	1
177311	111139	18	RB	63	66	71	49	64	56	66	71	1
177389	361	38	RM	63	63	77	51	57	66	47	54	0
177462	111705	46	RW	63	63	66	60	57	70	42	47	1
177558	693	95	CM	63	60	67	62	62	66	54	66	1
177597	1919	14	ST	63	67	70	61	47	60	43	72	1
177634	550	21	CM	63	68	68	57	65	65	61	65	1
177637	897	47	CM	63	71	65	57	60	65	63	68	0
177642	1808	43	GK	63	63	65	61	58	68	31	62	1
177762	210	18	CDM	63	63	66	54	68	62	58	66	1
177800	1715	47	RB	63	66	73	59	62	60	60	60	0
177875	1815	18	CB	63	66	39	31	46	33	66	66	1
178055	2056	117	ST	63	63	88	55	49	65	39	40	1
178221	110152	95	CB	63	67	66	45	59	53	64	66	0
178316	1815	18	ST	63	63	65	65	52	58	38	66	1
178437	1838	27	LB	63	67	66	44	55	59	63	64	0
178485	1938	4	GK	63	64	66	59	51	66	33	63	0
178510	1744	27	CM	63	68	60	44	66	64	59	62	1
178520	112020	27	RW	63	70	76	60	57	61	38	59	0
178544	503	136	RB	63	65	77	32	59	62	64	57	0
178578	112022	45	CB	63	65	54	45	55	38	63	66	0
178590	1932	37	LM	63	69	68	63	62	63	47	55	1
179587	694	95	RM	63	63	81	63	57	65	43	57	1
179612	59	18	GK	63	65	64	63	62	62	29	65	0
179646	1516	13	LB	63	68	74	45	62	61	63	62	0
179680	1951	14	GK	63	62	72	58	51	71	48	55	1
179704	693	95	CM	63	63	73	56	61	64	59	48	0
179872	110152	83	CB	63	63	45	39	52	55	67	56	1
179899	272	24	CDM	63	68	68	53	64	63	55	42	0
179901	1786	92	CM	63	66	67	58	63	66	61	69	0
179903	897	195	CM	63	75	80	60	56	63	52	60	0
179922	873	51	CDM	63	63	64	68	64	63	63	67	1
180588	688	95	CB	63	63	63	45	54	53	66	56	1
180679	111674	183	LB	63	60	87	46	65	62	59	50	1
180693	112407	183	ST	63	64	68	61	46	60	43	71	0
180729	111395	195	GK	63	63	62	64	65	64	45	62	0
180733	111397	195	CB	63	67	60	38	53	52	62	77	1
181380	271	18	CB	63	66	67	47	62	63	64	64	0
181466	111398	195	CM	63	65	68	66	62	63	61	62	1
181481	111399	195	GK	63	63	66	61	53	72	53	55	1
181492	1475	195	CB	63	64	45	35	41	32	65	65	1
181512	1958	14	ST	63	63	78	58	61	60	45	64	1
181521	1925	14	CM	63	59	68	49	62	68	39	48	1
181725	1930	25	CM	63	62	71	59	67	57	64	64	1
181739	691	157	CM	63	63	71	57	59	64	52	60	0
182003	1465	46	GK	63	63	64	65	54	71	34	55	1
182053	110234	208	CM	63	67	60	64	67	55	55	51	1
182504	111928	70	CB	63	63	76	35	50	56	65	68	0
182524	110930	140	CM	63	63	69	63	66	65	52	60	1
182694	1807	14	LB	63	70	71	42	57	58	63	62	0
182740	100634	21	LB	63	63	77	56	62	66	61	62	0
182816	58	97	CB	63	67	64	39	66	63	61	56	1
183025	111396	195	ST	63	63	68	56	42	57	61	70	1
183138	1946	14	CB	63	67	74	26	42	46	63	70	1
183188	111974	27	RB	63	65	72	48	58	59	62	58	0
183251	322	47	RM	63	68	76	56	58	64	50	57	0
183289	110178	21	CDM	63	65	66	55	63	60	64	64	0
183369	212	18	CB	63	63	34	26	47	35	64	68	0
183601	160	21	CB	63	69	49	27	42	38	64	60	1
183621	1928	84	CDM	63	60	67	43	57	57	67	68	1
183735	111092	1	CAM	63	60	88	51	56	63	47	45	1
183795	819	4	CB	63	67	61	34	39	48	66	70	1
183804	1738	18	CDM	63	70	67	31	58	47	62	64	0
183858	112679	83	CB	63	63	58	38	57	56	65	62	0
183926	111989	18	CDM	63	66	59	51	61	63	64	70	1
183994	111835	54	ST	63	64	62	58	51	59	44	69	1
183999	1908	43	ST	63	68	51	60	56	62	38	62	0
184013	1958	82	CM	63	64	79	43	57	54	65	62	0
184148	1750	7	GK	63	67	67	62	65	68	43	57	0
184156	670	7	RM	63	67	74	57	56	67	39	55	0
184268	1932	18	CB	63	68	74	28	33	34	62	76	1
184282	1945	14	GK	63	63	63	62	61	66	35	61	0
184288	89	18	CB	63	68	46	33	54	36	64	62	1
184323	920	12	LB	63	71	70	54	66	63	60	60	1
184331	206	27	LB	63	75	67	35	55	50	64	68	0
184396	110150	83	CB	63	63	63	26	48	57	64	61	0
184501	322	47	RB	63	71	64	51	56	46	66	71	1
184554	647	34	CM	63	63	64	52	64	64	60	55	0
184714	88	14	ST	63	64	89	63	40	54	40	55	1
184785	1754	14	RM	63	70	74	60	54	67	35	43	1
185014	110890	14	ST	63	63	88	52	48	62	45	66	1
185109	874	37	CB	63	66	69	43	57	53	63	66	0
185201	111993	27	CM	63	61	69	64	64	64	52	68	1
185376	1447	10	GK	63	63	61	62	59	67	41	63	0
186126	1794	42	LM	63	68	73	52	62	65	40	43	0
186134	111651	14	RB	63	62	69	29	54	54	64	60	0
186152	361	14	CM	63	65	63	58	61	58	61	65	0
186156	346	14	RB	63	68	76	33	51	62	63	68	0
186172	181	25	CB	63	69	77	52	51	56	61	77	1
186293	110234	15	CM	63	63	64	61	66	66	62	62	1
186362	68	136	ST	63	67	73	59	40	53	41	73	1
186558	1924	25	CDM	63	66	67	59	64	64	56	53	0
186565	1919	14	RM	63	68	81	52	58	62	41	53	1
186586	112217	37	CB	63	64	32	32	50	44	61	70	0
186689	1871	44	CB	63	63	75	34	62	42	64	68	0
186717	101116	83	ST	63	63	70	58	52	66	44	65	0
186756	1938	42	RM	63	65	79	57	60	66	50	60	0
186793	112218	51	CB	63	63	51	47	42	29	67	65	1
186847	112409	1	ST	63	65	52	62	48	54	47	76	1
186849	1932	42	RM	63	68	73	57	63	65	37	45	0
186900	631	47	CB	63	63	68	35	54	56	63	64	1
187077	1935	14	CAM	63	70	84	63	55	66	40	55	1
187094	1880	83	CB	63	63	79	48	63	67	60	60	1
187113	702	31	CM	63	64	65	49	60	62	60	69	1
187145	981	167	LW	63	65	75	56	60	62	44	69	0
187180	1477	167	RB	63	67	69	30	62	64	66	69	1
187182	110765	167	LB	63	63	78	50	55	59	65	61	0
187206	1924	82	LB	63	63	88	29	60	65	63	66	1
187456	100764	40	CDM	63	67	64	62	67	59	60	67	1
187522	110109	40	LB	63	70	68	35	60	41	64	54	0
187590	110109	40	CF	63	70	71	57	41	68	41	66	1
187608	111651	95	ST	63	63	65	61	45	57	46	66	1
187619	1888	95	GK	63	67	64	60	65	66	36	66	1
187761	1924	25	ST	63	67	71	64	54	64	37	62	1
187768	239	7	CM	63	63	64	49	58	71	52	58	1
187851	112585	55	CB	63	63	46	44	50	49	66	64	1
187942	1961	99	ST	63	68	73	59	35	55	41	70	1
188153	1929	14	ST	63	61	73	57	45	61	52	64	1
188167	346	14	CB	63	64	54	26	54	44	64	72	1
188387	15005	18	RB	63	68	76	35	59	54	63	51	0
188534	1746	27	CM	63	63	56	44	64	51	60	61	0
188550	260	45	CB	63	66	53	46	59	41	63	64	1
188600	1884	97	CM	63	77	69	59	65	71	56	54	1
188720	1800	18	ST	63	63	64	61	48	62	41	65	1
188762	112512	37	RB	63	66	72	39	49	46	68	56	1
188831	1802	14	LB	63	65	68	50	60	59	64	65	0
188876	1746	27	CM	63	70	72	58	65	60	56	63	1
188936	420	37	LB	63	65	73	42	62	57	63	54	0
188967	711	117	CM	63	63	76	53	60	59	66	63	1
189043	165	21	RB	63	70	89	59	62	67	59	61	1
189061	166	21	GK	63	69	58	67	63	63	48	64	1
189171	1808	14	LB	63	72	77	47	62	60	63	56	0
189184	100805	42	CB	63	66	60	29	57	55	65	61	1
189217	77	42	CAM	63	72	84	44	54	67	39	50	1
189268	159	21	RB	63	69	77	48	60	63	62	58	0
189295	112072	46	CB	63	69	54	29	46	40	64	61	0
189512	100634	34	CB	63	68	33	35	49	44	65	65	1
189544	919	36	CB	63	63	70	39	51	43	62	71	0
189548	110913	14	CDM	63	67	59	59	65	67	59	61	1
189607	111239	21	ST	63	63	70	58	50	62	45	66	0
189684	1941	14	CAM	63	60	75	63	44	60	40	62	1
189714	111086	43	CB	63	63	62	43	44	43	65	64	1
189755	111993	27	CB	63	70	53	39	37	29	66	71	1
189905	110747	37	CM	63	70	54	55	62	69	60	61	1
189951	111766	32	CDM	63	66	55	41	62	58	65	62	0
190017	110913	51	ST	63	66	42	62	51	56	44	69	1
190159	3	14	CM	63	67	71	51	61	62	63	64	0
190184	691	95	LB	63	65	59	54	60	61	63	64	0
190235	1800	14	CB	63	71	79	31	61	61	62	54	1
190329	111139	116	RM	63	66	86	65	55	62	44	48	1
190491	299	36	CB	63	72	70	57	62	58	63	71	0
190492	1937	14	CM	63	65	72	55	64	62	64	53	0
190511	111070	95	ST	63	66	79	61	60	66	47	60	0
190529	111092	37	CAM	63	67	73	56	71	62	46	54	1
190551	111928	95	ST	63	63	74	57	36	65	44	68	0
190554	111928	95	CM	63	66	67	54	60	61	65	66	0
190564	697	95	CM	63	63	64	57	61	63	55	58	0
190580	110069	45	RB	63	66	70	33	50	50	64	62	0
190593	111989	51	ST	63	67	67	63	52	65	41	61	1
190633	820	13	RB	63	71	86	52	61	62	63	62	1
190676	112134	95	RW	63	64	84	58	56	65	57	57	1
190706	361	35	CM	63	63	72	59	60	64	40	55	0
190864	111140	51	GK	63	63	68	56	73	65	35	66	1
191077	647	34	CM	63	63	57	61	57	61	50	61	0
191157	319	46	CB	63	72	55	33	63	61	65	70	0
191216	111144	56	CB	63	63	66	31	44	39	64	67	0
191226	110178	21	CB	63	65	52	31	40	34	66	67	1
191657	1476	167	LM	63	68	69	48	61	66	51	52	0
191782	1881	83	RB	63	73	62	44	64	53	60	72	1
191924	1476	167	GK	63	71	63	60	67	64	32	65	1
191926	111588	167	CB	63	63	32	46	42	47	63	59	0
192005	1880	83	LM	63	70	76	55	62	69	39	53	1
192114	101114	83	CB	63	80	65	46	55	58	62	68	0
192162	711	46	CB	63	63	47	28	36	36	63	78	1
192169	320	46	CM	63	66	55	56	62	57	54	48	0
192283	1786	46	ST	63	69	66	63	60	63	52	62	1
192591	110234	33	ST	63	63	61	64	50	61	39	58	1
192649	15021	45	CM	63	68	54	52	63	57	59	54	0
192655	463	45	CDM	63	67	71	49	57	55	63	60	0
192673	62	136	CDM	63	67	60	45	60	59	65	68	0
192761	1456	36	LB	63	70	77	46	63	67	62	57	1
192763	550	21	ST	63	63	61	59	44	60	44	69	0
192811	1938	14	CDM	63	72	67	54	59	59	61	62	0
192965	1814	51	CB	63	63	64	28	49	36	65	63	0
192970	1945	14	LM	63	67	81	57	57	67	43	48	1
193063	650	34	LB	63	66	69	36	62	56	65	62	0
193081	294	18	CB	63	70	53	26	51	36	65	63	0
193097	159	21	LB	63	66	76	35	62	63	63	64	0
193103	159	21	LM	63	69	73	59	63	64	45	62	0
193123	15048	50	CB	63	66	64	33	41	47	61	71	0
193166	1032	83	ST	63	72	63	59	52	61	44	72	1
193182	1934	14	GK	63	70	62	63	64	70	21	59	1
193185	97	14	LB	63	70	73	61	65	64	62	61	1
193196	100081	18	CM	63	63	87	55	53	74	38	63	1
193244	691	95	GK	63	68	65	59	58	66	44	66	1
193267	2038	27	CB	63	68	54	37	39	36	64	68	0
193276	1832	21	RB	63	68	60	32	62	53	62	63	0
193357	1798	35	RB	63	71	69	48	62	66	60	55	0
193358	1439	54	RM	63	62	67	58	57	74	30	39	1
193555	1873	37	GK	63	68	71	51	41	66	63	70	1
193613	1804	14	ST	63	66	64	59	32	47	45	79	1
193628	1917	42	CM	63	68	70	52	64	64	59	60	0
193645	1837	27	CM	63	68	69	58	65	59	48	62	1
193751	2023	45	CM	63	69	64	55	65	58	53	46	1
193754	1832	21	RB	63	69	68	36	55	55	64	66	0
193771	127	14	CM	63	72	74	55	65	62	49	52	1
193871	111399	54	LW	63	65	78	59	50	65	39	51	1
193930	1961	44	ST	63	68	66	59	35	62	48	58	0
194122	1925	35	ST	63	71	76	62	44	60	41	62	1
194150	1961	14	GK	63	70	66	60	57	68	39	58	0
194169	110929	148	CB	63	63	71	46	60	62	63	55	0
194216	110734	27	LB	63	69	74	42	57	56	62	58	0
194223	2023	45	GK	63	63	64	59	54	71	33	60	1
194665	191	4	CDM	63	69	55	43	54	47	68	54	1
194717	1823	18	CM	63	69	76	65	68	68	44	41	1
194724	820	13	CM	63	65	57	59	64	65	56	51	0
194964	1938	14	RM	63	69	78	52	60	68	44	60	1
195071	112134	93	CM	63	63	71	61	62	68	62	62	1
195126	97	14	ST	63	65	68	57	37	59	45	66	0
196160	112578	56	CB	63	63	50	40	65	54	67	60	1
196615	1463	138	CB	63	63	75	50	62	65	62	62	1
196905	780	29	CDM	63	74	67	55	62	64	61	60	0
196916	1919	14	CM	63	71	63	57	67	58	56	62	1
197499	112390	183	CAM	63	63	72	58	61	69	50	64	1
197683	112199	36	CM	63	63	68	64	60	62	47	58	1
197715	693	95	CAM	63	66	69	58	63	66	47	60	0
197839	697	54	CB	63	63	34	34	46	44	66	71	1
197852	1796	14	ST	63	63	83	63	43	58	35	55	1
197875	694	110	ST	63	63	71	60	51	67	41	66	0
197901	1823	116	CM	63	63	77	59	64	60	54	60	1
197934	15021	45	CM	63	66	61	57	68	62	50	50	1
197953	1943	25	CDM	63	76	78	46	65	64	54	42	1
197970	1946	14	ST	63	68	60	58	55	60	53	69	0
198018	1855	45	CB	63	68	73	30	42	37	61	74	1
198051	111140	95	CM	63	66	61	58	63	63	65	67	0
198060	693	95	RB	63	63	64	42	55	53	62	70	0
198150	459	45	ST	63	68	71	58	47	63	39	58	0
198240	1861	45	LB	63	68	75	44	55	56	63	58	0
198279	111065	95	CB	63	74	54	35	50	37	64	72	1
198377	1807	42	RB	63	71	77	56	63	64	62	58	0
198379	109	14	CM	63	71	57	54	64	62	55	64	0
198614	467	45	CB	63	69	62	46	50	34	60	71	0
198785	181	48	ST	63	77	81	60	34	68	42	64	1
198816	224	18	CDM	63	63	65	53	62	58	64	59	0
198910	110178	21	RM	63	65	80	55	58	69	37	48	1
199002	22	195	CM	63	72	68	60	62	67	54	52	1
199011	1807	25	CM	63	69	64	54	63	61	58	64	0
199035	110109	40	ST	63	68	63	59	47	64	36	44	0
199064	112072	46	ST	63	63	65	63	50	60	42	63	1
199071	110890	14	CM	63	63	67	53	66	64	54	49	1
199101	472	45	GK	63	70	64	58	54	68	47	66	1
199112	111835	46	GK	63	63	57	72	64	54	28	70	1
199170	70	18	CDM	63	71	61	48	62	53	63	68	0
199191	210	18	CB	63	74	66	33	55	39	63	71	0
199202	1906	195	ST	63	68	68	58	31	64	39	67	1
199220	110749	9	RB	63	63	68	42	58	51	64	64	0
199231	981	167	RW	63	66	82	50	57	67	43	57	1
199285	894	10	CM	63	66	69	53	64	61	50	54	0
199369	110150	83	LB	63	66	72	48	62	57	62	62	0
199381	1715	47	CB	63	66	50	37	48	48	63	71	0
199441	100087	7	RM	63	64	70	57	62	63	60	63	0
199490	571	45	ST	63	73	74	61	41	60	40	64	1
199575	110704	45	GK	63	71	73	59	56	67	63	54	1
199653	1750	110	ST	63	67	75	59	52	64	42	67	0
199668	111706	52	CM	63	75	65	48	69	61	62	61	1
199674	894	38	CB	63	66	61	38	59	39	63	58	0
199698	110913	7	CAM	63	69	70	60	62	65	57	60	0
199762	112512	37	CDM	63	68	76	53	68	67	50	58	1
199788	1447	129	RW	63	67	71	50	52	73	40	50	1
199792	1788	13	CM	63	72	68	58	62	66	57	47	0
199801	159	21	CB	63	68	61	35	53	41	64	63	0
199803	25	21	GK	63	69	64	63	67	66	36	60	1
199916	1935	14	CB	63	70	53	32	51	52	64	72	1
199917	1808	14	CM	63	74	80	58	62	64	51	51	1
199982	110724	7	CDM	63	70	45	52	60	54	63	70	1
200159	159	21	GK	63	68	63	60	64	69	59	58	1
200235	246	34	ST	63	72	57	58	50	57	41	70	1
200256	1908	21	CM	63	67	68	53	67	64	64	61	1
200298	1738	18	RB	63	71	71	29	60	45	64	74	1
200322	112513	54	CDM	63	68	64	47	59	56	63	66	0
200394	112224	195	LW	63	64	90	56	51	67	43	43	1
200555	1478	167	ST	63	66	90	53	45	68	47	72	1
200586	1478	167	CB	63	68	77	35	50	52	60	80	1
200611	1755	36	CB	63	63	64	48	59	54	64	77	1
200666	1932	14	LM	63	76	83	61	34	70	42	54	1
200681	1476	167	CB	63	64	70	34	42	31	69	64	1
200696	1906	34	GK	63	73	65	60	63	67	45	62	0
200758	95	14	CB	63	82	65	30	51	55	62	66	0
200780	13	14	CM	63	76	75	52	67	66	60	49	1
200900	1795	25	CM	63	77	72	70	67	69	49	56	1
200952	506	21	RM	63	66	93	58	53	66	36	55	1
200960	142	14	CM	63	66	76	60	62	58	58	61	0
201038	209	4	ST	63	71	67	63	53	66	40	62	1
201105	110	50	ST	63	66	73	61	49	60	47	65	1
201159	100764	40	CAM	63	72	65	56	62	64	52	46	0
201269	1445	13	GK	63	71	65	59	64	63	22	68	1
201304	272	13	LM	63	73	84	62	49	74	58	69	1
201491	1796	35	LB	63	69	75	49	62	63	62	62	0
201869	101112	70	RM	63	75	72	57	61	64	51	52	1
201894	1800	14	LB	63	71	76	28	52	70	65	58	1
201940	112134	95	GK	63	70	68	59	52	66	51	65	0
201999	9	14	LB	63	80	74	30	58	60	64	61	0
202018	312	40	RB	63	68	68	51	67	53	64	55	1
202040	919	46	LB	63	68	82	51	63	68	60	57	1
202084	110912	44	LM	63	76	72	57	60	64	45	58	0
202157	112224	195	CB	63	63	78	49	62	68	62	60	1
202162	693	95	CB	63	67	71	43	51	55	66	64	1
202210	691	95	CB	63	68	58	35	55	46	67	63	1
202231	697	95	RM	63	67	78	61	58	65	55	59	1
202295	1475	167	ST	63	60	74	62	60	62	43	71	1
202338	100632	34	GK	63	68	68	63	67	63	51	60	0
202374	1524	117	RM	63	65	92	54	50	65	49	48	1
202495	696	171	LW	63	67	74	65	58	63	37	53	1
202498	239	7	LB	63	68	76	48	61	65	62	57	0
202633	897	38	CAM	63	67	57	54	58	62	49	55	0
202669	1870	46	CDM	63	63	57	57	59	57	60	64	1
202678	111399	195	RB	63	67	77	41	57	51	64	66	0
202694	110227	6	CDM	63	63	61	54	65	70	57	62	1
202748	1474	167	LW	63	71	75	60	54	64	43	62	0
202803	171	47	RB	63	76	58	25	43	39	63	70	0
202832	142	14	CB	63	63	83	30	51	57	64	67	1
202903	111140	116	CB	63	63	49	42	49	51	63	76	1
202975	983	167	CAM	63	65	65	63	61	62	53	58	1
202980	1476	167	ST	63	68	70	58	58	66	43	65	0
203120	1598	54	ST	63	63	57	55	36	61	52	74	1
203237	982	167	GK	63	75	63	64	62	64	42	63	1
203304	1938	110	ST	63	70	78	58	52	62	49	63	0
203306	111396	195	CB	63	75	60	43	58	51	60	71	1
203315	191	4	CM	63	63	93	60	56	56	44	48	1
203325	383	54	GK	63	63	66	59	57	63	55	65	1
203505	1919	42	LM	63	73	78	51	60	64	62	59	0
203581	112513	45	RB	63	73	76	32	55	50	63	57	0
203590	110178	21	CB	63	69	56	36	50	37	63	65	0
203615	209	4	CM	63	73	68	61	63	63	59	62	0
203629	111264	40	CAM	63	69	62	58	58	65	58	64	1
203690	467	45	LB	63	66	74	40	53	52	62	64	0
203704	112675	111	CDM	63	65	72	55	55	50	65	64	0
203734	100831	45	CB	63	68	61	31	53	47	62	65	0
203816	209	4	RM	63	67	78	58	58	63	38	53	0
203880	506	21	LM	63	71	78	61	62	64	37	57	0
203904	1815	18	CDM	63	67	53	36	60	54	64	57	0
204132	673	120	RM	63	72	80	53	58	72	36	42	1
204134	459	45	CM	63	69	36	36	54	44	64	54	0
204147	111087	37	RM	63	64	66	59	61	66	48	59	0
204307	23	21	RB	63	76	71	37	65	67	62	52	1
204318	38	51	RB	63	70	69	54	61	62	60	58	0
204335	1812	103	ST	63	68	80	57	47	61	42	68	1
204337	112110	52	LM	63	71	75	57	53	71	45	54	1
204448	1915	23	CAM	63	73	62	60	57	66	37	50	0
204449	1913	7	RB	63	71	75	29	59	59	61	64	0
204464	346	14	CM	63	70	70	58	64	62	56	46	0
204466	1754	14	CB	63	69	68	29	53	45	62	75	1
204506	1445	34	ST	63	69	76	62	46	62	37	63	1
204622	620	14	CB	63	76	69	25	42	55	62	71	0
204721	981	167	CM	63	65	52	51	63	63	62	64	0
204816	247	34	CB	63	76	68	30	52	49	62	70	1
204819	1813	52	ST	63	77	78	57	49	57	42	66	0
204878	82	34	LB	63	69	71	27	59	59	62	60	0
204887	689	45	RM	63	66	71	52	58	67	43	51	0
204895	111989	18	ST	63	70	63	63	63	58	39	63	1
204897	1476	167	CDM	63	67	65	58	60	64	63	60	0
204957	898	21	CDM	63	74	53	52	62	64	64	64	0
205073	1961	43	CDM	63	66	56	41	60	59	63	62	0
205156	111588	167	CM	63	67	70	58	64	68	49	44	1
205232	78	42	RM	63	74	70	50	58	72	52	56	1
205557	1909	34	ST	63	63	76	61	53	67	37	53	1
205811	301	133	CDM	63	69	87	57	61	65	62	58	1
205864	9	14	ST	63	78	78	60	45	61	39	58	0
205977	100087	8	LB	63	66	72	53	63	65	60	60	1
205989	17	14	RB	63	83	72	50	62	66	63	56	1
206096	301	145	CB	63	63	61	35	57	52	64	60	0
206111	112224	52	CM	63	65	63	56	60	66	58	64	0
206136	110233	40	CB	63	70	60	29	39	34	65	72	1
206238	110062	45	RB	63	76	78	37	55	65	63	52	0
206444	101112	93	CB	63	65	71	39	45	47	63	64	0
206661	688	95	ST	63	63	76	60	53	63	39	57	0
207440	1877	52	CAM	63	72	72	64	62	69	33	47	1
207494	11	14	CAM	63	77	71	53	63	65	40	58	0
207534	110741	117	LB	63	75	67	34	50	58	60	59	1
207550	687	95	CAM	63	67	65	62	64	66	42	56	1
207557	320	13	GK	63	72	66	56	48	68	28	65	1
207559	710	46	CM	63	76	72	51	65	66	52	57	1
207593	432	17	LB	63	74	74	60	64	63	61	51	1
207606	4	14	GK	63	75	70	60	58	67	42	57	1
207639	88	25	CM	63	76	73	61	63	60	65	60	1
207640	1530	118	ST	63	76	83	58	49	68	36	66	1
207650	432	46	RB	63	72	79	46	61	62	60	55	0
207672	697	95	CB	63	67	65	27	54	57	62	65	0
207678	4	14	LM	63	78	79	56	55	63	37	69	0
207746	1809	18	CB	63	73	55	35	56	52	65	63	0
207794	110724	7	CM	63	63	72	57	64	64	55	46	0
207852	111065	56	CM	63	63	72	57	59	70	47	38	1
207858	696	14	ST	63	76	77	61	46	62	40	61	0
207978	101112	163	CM	63	63	66	46	49	61	66	63	1
207979	111928	93	RM	63	65	91	55	57	67	37	52	1
208036	111821	4	CAM	63	66	77	59	59	70	39	48	1
208090	110704	45	CM	63	74	59	54	64	65	48	53	0
208159	900	47	CAM	63	80	71	56	53	60	36	71	0
208197	688	56	ST	63	60	66	61	40	63	40	62	0
208226	278	22	CB	63	68	54	46	51	53	62	68	0
208295	1738	129	CDM	63	71	65	34	53	47	63	68	0
208386	670	18	LB	63	67	61	29	57	39	64	66	0
208387	670	18	ST	63	63	66	61	47	55	43	71	1
208417	1478	167	RW	63	69	76	51	60	61	42	52	0
208432	100087	46	CB	63	66	54	38	59	45	64	64	0
208510	1867	45	CAM	63	69	67	53	68	61	49	70	1
208514	100634	34	CB	63	72	64	39	55	54	63	67	1
208549	111144	14	CM	63	66	72	59	57	61	61	70	0
208564	1445	13	RB	63	74	80	52	63	63	61	58	1
208631	874	37	CAM	63	70	51	55	68	68	41	48	1
208681	673	7	LM	63	71	79	52	58	68	47	47	1
208695	111822	4	ST	63	67	58	57	43	49	40	72	1
208723	110178	21	RB	63	68	74	45	63	58	62	62	0
208856	1813	18	LB	63	68	66	51	66	55	61	61	1
208869	8	14	ST	63	73	84	57	43	65	43	58	1
208939	112139	183	ST	63	68	72	59	52	59	53	62	0
208953	605	183	CDM	63	65	67	51	60	59	63	53	0
208966	112096	183	CB	63	63	80	35	62	62	61	54	0
209053	112393	183	GK	63	67	68	64	65	63	46	59	0
209162	101084	56	ST	63	67	76	59	32	65	40	66	1
209177	112096	183	LM	63	65	76	56	61	61	51	57	0
209202	550	21	LM	63	67	80	61	57	66	40	53	0
209422	224	99	RM	63	63	78	48	64	63	48	56	0
209435	110746	37	CDM	63	63	68	60	62	59	64	54	0
209484	59	18	ST	63	72	80	58	53	69	41	57	1
209510	2007	7	LB	63	67	69	30	59	61	62	56	0
209571	112390	183	RB	63	61	68	28	46	34	64	70	0
209885	111396	195	ST	63	73	84	61	32	64	39	70	1
209888	111398	195	LM	63	75	78	67	57	66	57	51	1
209954	1831	21	LM	63	70	71	63	62	67	52	56	1
209961	110636	21	ST	63	63	62	61	50	61	41	67	1
210020	21	21	CF	63	74	67	61	45	67	34	56	0
210042	10030	21	CAM	63	75	66	59	56	66	38	63	0
210136	873	37	RB	63	69	73	38	55	48	62	68	0
210141	112387	183	ST	63	72	83	66	52	69	36	58	1
210241	550	21	LB	63	69	68	36	52	59	65	64	0
210596	110765	167	CDM	63	67	58	36	59	57	63	62	0
210604	312	40	ST	63	63	65	63	50	55	37	64	1
210706	212	18	RM	63	74	76	57	60	63	42	48	0
210792	112096	183	RM	63	69	85	55	43	64	36	62	1
210805	112389	183	CAM	63	65	69	56	56	66	34	51	0
210828	231	7	CB	63	81	57	30	52	44	64	64	1
210947	1884	22	LW	63	73	72	59	57	71	36	47	1
210964	1844	27	CB	63	74	69	26	43	46	65	64	0
211185	111091	37	LB	63	73	76	46	63	60	60	56	0
211250	189	51	CB	63	72	59	26	43	53	63	62	0
211260	110930	140	CAM	63	66	79	46	67	64	48	54	1
211423	1843	27	CM	63	63	74	60	57	68	39	52	1
211574	110374	15	CM	63	75	66	58	68	67	53	58	1
211581	694	95	CB	63	74	76	48	60	60	64	59	0
211592	110234	40	CB	63	72	62	33	39	31	64	68	0
211803	1447	133	CDM	63	68	70	47	55	61	62	63	0
211991	1832	21	LB	63	71	70	41	58	58	61	65	0
212222	111022	52	ST	63	63	78	58	54	66	37	67	0
212357	110746	163	RM	63	69	75	53	60	66	51	48	0
212446	110915	27	CF	63	75	70	57	37	68	36	62	1
212478	697	95	ST	63	76	83	55	45	69	40	64	1
212570	1904	34	CM	63	67	59	59	56	58	64	71	1
212574	1832	167	LM	63	72	71	58	59	68	38	44	1
212607	100081	31	CB	63	68	61	43	48	33	64	70	0
212692	10	38	CAM	63	83	79	49	63	71	33	38	1
212724	111070	95	CAM	63	67	62	57	64	66	46	52	0
212755	247	34	CB	63	76	66	35	61	53	62	64	1
212806	694	82	ST	63	71	83	58	45	63	40	62	1
212822	112533	55	LW	63	69	72	58	58	69	37	49	1
212933	682	7	ST	63	67	67	57	39	55	42	74	1
212976	550	163	CAM	63	67	79	59	55	68	46	56	1
213019	110765	54	ST	63	65	73	53	51	63	40	64	0
213020	110765	54	ST	63	63	91	41	53	66	54	59	1
213497	111705	46	CB	63	71	63	42	45	37	64	63	0
213568	1754	42	CB	63	70	66	27	55	47	64	72	1
213707	418	36	CB	63	68	69	27	40	42	66	62	1
215380	68	52	CB	63	66	57	28	34	31	64	75	1
215531	100632	48	CM	63	74	75	61	65	68	54	50	1
215650	647	34	LB	63	70	74	32	57	64	65	64	0
216578	39	39	RB	63	76	73	38	61	52	60	69	0
219473	1842	27	GK	63	75	60	60	50	75	46	60	1
179942	477	45	RM	63	64	81	55	56	69	44	54	1
53504	1480	14	RB	63	59	39	47	55	56	65	65	0
591	361	14	GK	62	61	62	60	60	63	20	64	0
630	1935	14	CDM	62	63	60	27	58	54	65	65	0
838	82	42	RM	62	61	58	57	63	60	55	62	0
887	1958	14	CB	62	62	56	26	44	36	64	65	0
2392	86	25	ST	62	62	53	58	50	54	61	70	1
2815	112260	14	ST	62	61	40	61	46	56	55	75	1
4240	422	25	CM	62	62	50	56	59	59	57	58	1
4323	1754	42	GK	62	61	61	61	52	65	42	64	0
4999	77	42	GK	62	65	62	60	48	69	31	59	0
9815	1904	7	RB	62	62	65	44	62	63	62	69	0
11496	110890	14	ST	62	62	45	63	39	53	47	72	1
11642	110313	14	ST	62	60	28	65	52	58	45	71	1
12726	1939	14	GK	62	62	64	64	61	59	22	61	0
14185	631	42	CB	62	62	33	25	46	48	63	67	0
19202	86	42	CB	62	63	59	60	60	56	64	71	0
19869	1930	14	RM	62	61	86	56	56	60	52	48	1
38670	82	42	CM	62	59	66	28	60	62	64	73	1
45162	631	42	GK	62	58	61	64	55	61	34	64	0
47706	111373	43	CDM	62	62	30	55	58	52	62	74	1
47925	111821	4	LB	62	62	57	34	62	59	63	66	0
49581	319	24	CB	62	59	57	51	57	51	63	67	0
49992	1516	13	RB	62	64	67	38	48	46	69	74	1
50660	10	14	GK	62	62	68	61	65	61	40	57	0
50753	1933	25	CB	62	61	33	47	38	49	65	64	1
51921	1803	14	CM	62	62	69	50	63	58	62	64	0
52500	1463	36	CDM	62	63	59	64	60	66	50	71	1
53400	89	14	CM	62	62	52	49	65	62	62	65	1
100889	1919	42	CB	62	62	33	32	48	41	64	69	0
100899	121	14	GK	62	56	56	65	70	66	31	61	1
101160	110915	27	CB	62	64	71	46	60	57	61	56	0
102593	143	14	LB	62	61	56	41	54	46	65	54	0
103117	1949	82	ST	62	62	52	61	52	59	49	70	0
105466	112410	27	CB	62	64	61	45	58	52	63	62	0
107893	159	21	CM	62	63	71	52	64	60	62	67	0
110692	110062	45	ST	62	62	65	60	49	58	48	69	1
110880	83	14	RB	62	59	52	40	52	53	62	64	0
111083	1855	45	LB	62	62	77	52	61	60	59	64	0
117631	111239	21	CB	62	61	25	52	56	50	64	67	1
118393	702	46	CB	62	62	62	45	64	58	64	68	0
120044	1813	18	RB	62	63	67	36	63	52	60	60	0
120054	1961	42	LB	62	61	52	56	68	66	60	56	1
122542	112072	46	ST	62	63	72	60	58	61	55	58	0
134683	1798	14	ST	62	62	76	59	43	59	42	60	0
135324	111393	54	LB	62	62	68	62	62	66	65	54	1
135454	57	18	RB	62	62	71	55	64	64	60	65	0
136293	1473	167	CB	62	61	60	51	48	43	61	58	0
136631	1473	167	CB	62	62	49	43	54	45	63	68	0
137166	110890	14	GK	62	63	72	59	53	67	58	54	1
137498	1935	14	RB	62	62	72	49	65	62	60	64	1
137725	33	48	CB	62	62	25	30	46	31	66	66	1
137767	246	34	GK	62	62	67	64	65	64	22	53	0
137775	2038	27	LM	62	64	72	59	63	61	45	60	0
138139	111091	37	CB	62	62	70	50	51	55	60	72	1
138151	1801	14	CM	62	62	64	49	60	58	68	66	1
138246	620	42	GK	62	59	60	62	57	62	31	63	0
138418	434	47	CAM	62	63	66	42	64	64	58	62	0
138652	1855	52	CDM	62	64	49	45	55	40	67	61	1
138729	820	13	CM	62	63	73	53	68	65	43	58	1
139257	898	47	GK	62	63	62	59	56	63	41	64	0
139262	898	51	LM	62	62	68	53	60	62	52	54	0
139442	1478	167	CM	62	62	78	53	63	64	52	58	0
139482	1935	82	CM	62	62	67	53	58	62	66	64	1
139531	711	122	ST	62	61	77	60	47	67	36	46	0
139555	81	35	CB	62	63	62	43	53	57	61	75	1
140119	81	42	CM	62	63	59	53	63	60	65	67	0
140144	101114	83	RB	62	64	55	63	68	63	61	58	1
140244	111678	83	GK	62	62	63	60	60	64	47	61	0
140418	1928	50	CB	62	62	72	33	56	56	61	71	0
141146	112217	33	CB	62	63	54	34	51	43	58	65	0
142271	112199	13	CDM	62	60	69	61	65	58	51	50	1
142450	571	45	CB	62	63	58	37	54	48	62	67	0
144435	298	36	CB	62	62	68	53	58	62	65	66	0
144750	571	45	RB	62	64	72	41	53	52	61	58	0
144755	110890	52	RM	62	61	67	50	54	66	37	34	1
145177	467	45	CAM	62	62	56	60	63	53	60	59	1
146937	467	45	CAM	62	62	54	61	45	49	50	71	1
147020	112218	40	CM	62	70	72	52	61	59	58	63	0
147024	110234	40	ST	62	62	67	63	52	58	39	69	1
147419	112217	40	CM	62	62	63	71	63	69	52	48	1
147421	100764	51	CM	62	62	41	62	68	65	46	55	1
147600	111264	40	CB	62	63	60	38	55	34	64	70	0
148426	874	37	ST	62	62	75	61	53	61	42	59	0
148584	111087	37	ST	62	61	59	57	58	58	40	72	1
148758	111087	37	CB	62	62	37	38	40	37	64	68	1
149662	112259	25	CB	62	61	43	29	37	32	64	64	0
150023	278	22	RB	62	63	68	46	69	59	62	57	1
150729	15048	14	ST	62	63	62	58	54	56	48	67	0
151498	1804	14	RM	62	61	74	53	66	62	46	62	1
151743	1443	13	CB	62	63	56	32	63	51	61	76	1
151753	1447	13	CF	62	62	70	60	52	62	44	70	1
152095	111822	4	LB	62	61	67	35	57	47	62	73	1
152590	111395	195	LB	62	62	67	46	63	61	63	61	0
152678	1928	14	CB	62	59	56	31	43	37	65	66	0
152699	77	110	ST	62	60	69	54	45	58	46	74	1
152746	142	25	CDM	62	62	69	56	63	46	62	61	0
152902	688	54	CM	62	62	71	54	55	58	64	63	0
152961	111092	37	CB	62	66	60	45	52	50	63	61	0
153042	418	36	LM	62	64	84	68	51	69	49	62	1
153144	111087	37	CB	62	62	40	33	46	44	63	74	1
153303	1524	36	RB	62	60	61	43	54	44	62	70	0
155348	982	167	CDM	62	62	62	47	60	57	63	61	0
155586	112115	167	ST	62	62	74	59	56	60	39	63	0
155611	981	167	CB	62	62	67	40	55	50	62	68	0
155742	271	13	RM	62	65	81	56	62	64	40	42	1
155810	506	4	CB	62	62	64	42	58	60	63	66	0
155811	1790	4	CDM	62	59	57	31	53	49	67	72	1
155820	111144	72	LB	62	62	58	46	58	55	62	63	0
155870	110746	37	CB	62	63	67	48	50	53	63	63	1
157546	1848	27	CM	62	66	68	61	61	63	57	48	0
157663	1954	14	LB	62	62	67	37	61	54	63	65	0
158428	1862	47	CB	62	62	39	43	55	50	64	66	0
158440	110770	47	CM	62	62	80	53	57	66	47	52	0
158476	1925	14	CB	62	62	71	46	66	58	63	59	1
158871	1715	47	CB	62	62	65	46	64	62	59	63	0
158887	322	47	LB	62	64	64	41	61	61	63	60	0
158915	570	47	CM	62	62	69	53	67	62	54	60	1
159595	1945	14	CB	62	61	42	28	40	39	64	67	0
160293	1945	14	CM	62	63	61	59	64	62	56	62	0
161930	1871	37	GK	62	60	69	59	54	61	34	64	1
161977	780	4	LB	62	66	74	33	59	64	59	66	0
162134	112260	14	CM	62	62	61	58	62	59	53	48	1
162860	110234	9	RB	62	62	57	41	60	51	63	60	0
162869	111399	195	RM	62	62	68	61	58	64	45	66	0
163141	1797	82	CB	62	61	56	31	41	35	62	74	1
163143	1925	25	RB	62	62	58	52	63	58	62	60	1
163346	1951	14	GK	62	63	64	60	56	65	55	59	0
163613	1929	14	GK	62	62	62	53	70	67	55	61	1
163730	112260	14	ST	62	62	66	59	41	57	36	60	0
164522	691	95	CM	62	62	54	54	56	59	62	61	1
164556	687	95	CB	62	63	64	43	57	57	66	64	1
164561	691	95	ST	62	65	66	60	50	58	46	64	0
164587	111928	95	RB	62	64	65	48	52	53	63	62	0
164760	81	42	CM	62	61	73	53	61	63	63	67	0
164854	1951	14	CB	62	62	66	31	53	52	61	76	1
165502	1955	14	GK	62	66	65	58	60	67	46	57	0
165548	780	54	LM	62	66	74	41	58	65	50	54	0
165748	110745	37	RB	62	64	74	44	59	56	62	59	0
165885	1473	167	CB	62	62	63	29	33	37	65	66	0
166113	1801	14	LB	62	63	69	43	60	57	62	58	0
166736	418	36	RM	62	68	70	52	57	65	42	53	0
166841	110890	50	RM	62	64	76	55	58	61	44	50	0
166937	112218	40	GK	62	67	71	68	59	61	44	51	1
167868	100804	42	CM	62	62	67	60	60	63	58	66	0
167946	1814	18	LB	62	62	57	41	57	51	62	62	0
169067	112549	18	ST	62	62	48	62	50	54	40	68	1
169404	550	8	GK	62	65	66	60	63	64	25	57	1
169474	1803	14	LB	62	63	68	47	62	56	61	62	0
169498	1801	14	ST	62	66	76	58	53	62	44	56	0
169502	1841	17	CM	62	65	70	47	60	64	63	59	0
169700	1802	14	LM	62	62	93	59	56	66	39	46	1
169912	121	14	RM	62	68	84	52	52	65	40	52	1
170027	1804	35	CB	62	63	66	30	45	36	62	72	1
170056	346	82	RM	62	69	84	54	57	67	38	51	1
170095	1928	14	CB	62	62	79	51	61	58	60	54	0
170494	100087	7	ST	62	65	56	58	54	49	51	70	1
170565	1848	27	CM	62	68	76	59	63	65	57	52	0
170723	1920	195	CM	62	65	65	51	61	61	65	60	0
171106	2023	45	ST	62	62	61	58	42	53	42	72	1
171316	110831	45	RM	62	69	62	56	54	67	40	54	0
171320	100804	42	RB	62	66	68	31	62	65	62	61	0
171376	101114	83	CM	62	62	68	47	66	63	57	58	1
171587	81	50	CDM	62	64	52	55	56	60	61	64	1
171787	111822	45	ST	62	62	54	59	44	54	40	65	0
171923	346	25	LM	62	62	68	54	62	58	43	56	0
171984	68	18	LM	62	68	71	50	63	66	43	48	0
171986	1804	14	LM	62	67	85	44	55	66	40	54	1
172177	1924	14	RB	62	64	80	53	59	63	60	68	1
172327	471	7	RB	62	68	66	51	55	59	65	65	0
172718	111264	26	ST	62	62	78	59	41	55	44	62	0
172952	1925	18	CM	62	66	71	51	58	66	57	60	0
173532	1794	14	RM	62	68	91	54	47	72	38	53	1
173533	1925	14	GK	62	66	67	54	58	66	61	62	1
173792	1790	14	GK	62	62	63	62	55	64	43	63	0
173899	1797	14	LB	62	68	71	36	59	57	61	65	0
174206	111766	198	GK	62	62	64	60	57	64	59	60	1
174669	420	37	CM	62	62	55	49	63	62	56	56	0
175409	224	144	CDM	62	63	73	66	64	58	62	57	1
175896	682	103	CDM	62	65	72	57	51	67	41	59	0
176057	698	95	CB	62	62	67	50	57	58	65	62	0
176061	1970	95	CDM	62	62	74	58	63	63	62	64	0
176109	682	7	CM	62	62	61	58	65	58	59	64	1
176207	1873	37	CF	62	62	67	60	55	68	54	66	1
176219	698	95	ST	62	62	84	57	52	65	50	56	1
176357	1801	14	CM	62	63	71	57	58	61	60	59	0
176592	10030	30	CB	62	65	31	36	46	41	62	70	1
176712	1814	18	ST	62	62	72	62	53	66	35	60	1
176839	1439	46	RB	62	63	78	41	55	61	62	52	0
177132	1943	18	CB	62	63	58	34	46	39	64	66	0
177278	897	9	ST	62	62	74	56	57	66	48	72	1
177442	433	46	CM	62	62	61	56	56	54	67	67	1
177657	1755	36	CB	62	63	75	46	59	64	60	69	0
177673	322	47	RM	62	70	71	53	57	62	56	60	0
177829	1530	18	LM	62	65	72	57	55	66	46	53	1
177887	1475	167	CAM	62	67	77	50	63	63	50	54	0
177904	112225	27	CB	62	62	64	45	58	50	64	65	0
177971	1932	42	CB	62	63	57	43	60	59	62	65	0
178014	110741	27	RB	62	67	69	60	62	64	63	48	0
178066	112020	27	ST	62	63	51	57	51	52	48	76	1
178167	1937	14	CB	62	68	71	36	45	47	61	72	1
178360	58	18	RB	62	62	57	26	60	53	63	66	0
178379	101112	95	LB	62	64	67	51	60	59	64	61	0
178431	570	52	CF	62	63	72	54	58	66	45	62	1
179561	1958	14	LB	62	65	73	24	56	60	62	64	0
179563	110747	102	ST	62	62	86	58	49	67	45	52	1
179869	1958	14	LB	62	62	60	27	60	49	60	66	0
179886	64	136	LM	62	62	83	58	58	63	40	65	1
179902	550	54	ST	62	62	64	61	50	62	40	75	1
179931	1815	18	CB	62	64	60	44	50	38	61	72	1
180284	1473	167	CAM	62	67	69	59	61	67	38	37	0
180352	306	25	CAM	62	63	70	58	61	63	51	58	0
180593	110069	45	RM	62	67	81	53	57	67	40	63	1
180685	112393	183	CB	62	62	71	30	38	35	64	67	0
180721	112224	195	CM	62	62	67	39	62	62	56	43	0
180772	605	183	CB	62	63	61	24	43	38	60	71	0
180903	1924	25	CAM	62	68	73	59	60	68	41	57	1
180983	698	95	LB	62	63	90	47	61	68	59	54	1
181149	550	70	LB	62	66	57	45	50	53	66	72	1
181274	191	43	LB	62	62	86	69	65	75	58	48	1
181307	319	46	CM	62	66	61	55	57	55	65	73	1
181379	1439	46	ST	62	63	56	58	55	59	53	72	1
181381	321	46	CDM	62	68	58	52	64	58	68	70	1
181493	111393	195	ST	62	65	75	58	48	60	44	68	0
181785	203	10	CB	62	65	63	41	56	51	63	68	1
181894	112427	195	CB	62	62	70	45	60	62	62	62	0
182111	981	167	CB	62	62	46	53	50	57	62	68	1
182497	319	54	CM	62	62	71	54	57	76	38	54	1
182695	1951	14	RM	62	66	83	47	55	65	42	52	1
182728	1943	35	RM	62	70	83	63	56	62	41	60	1
182844	110745	37	CDM	62	64	71	51	64	56	65	64	0
183145	1925	14	RB	62	67	78	51	61	62	59	56	0
183430	111588	51	CB	62	63	52	43	54	37	62	62	1
183433	15015	14	ST	62	61	68	56	39	56	42	71	1
183565	159	21	LB	62	66	69	57	62	60	61	64	0
183648	209	4	CM	62	62	81	53	54	76	34	48	1
183654	1800	14	RM	62	63	71	69	61	67	44	44	1
183901	378	97	RB	62	65	58	44	59	56	64	58	0
183924	110741	27	LB	62	70	65	37	57	58	63	68	0
183993	1439	46	CM	62	62	65	57	57	60	60	77	1
184167	232	7	GK	62	62	66	57	60	68	41	58	0
184269	121	14	CB	62	69	65	27	37	41	61	68	0
184437	112020	27	CM	62	62	57	46	57	63	61	61	0
184489	373	14	LW	62	70	88	56	54	68	40	50	1
184549	897	47	RM	62	70	81	57	59	58	55	59	1
184633	1914	34	CM	62	62	76	58	55	65	37	58	0
184640	112019	34	GK	62	62	65	62	59	65	58	58	0
184643	111070	95	LB	62	63	74	56	57	66	53	50	0
184750	1935	14	LB	62	63	73	46	59	64	61	62	0
184764	110326	18	CB	62	70	64	26	49	47	59	71	0
185226	181	42	RB	62	70	67	51	59	60	64	68	0
185420	111070	76	CB	62	62	70	34	50	53	63	65	1
186191	162	21	GK	62	68	61	57	59	64	42	66	1
186194	631	14	LB	62	71	76	39	58	63	61	60	0
186434	571	45	CB	62	65	67	49	59	53	62	61	1
186678	111140	95	CB	62	64	61	31	44	44	64	68	0
186725	111140	95	CB	62	63	55	23	33	36	66	68	1
186741	112022	21	RM	62	61	70	59	59	63	49	60	0
187047	378	18	LB	62	69	81	41	56	57	58	52	1
187069	1881	83	LB	62	68	84	47	64	66	55	53	1
187450	980	167	RM	62	70	75	56	61	61	61	73	1
187535	110089	40	CM	62	66	62	58	68	68	52	55	1
187944	111087	37	ST	62	62	78	62	53	69	50	61	1
187982	110746	37	CB	62	65	52	42	46	53	65	72	1
188095	1933	14	LB	62	60	74	53	64	61	54	62	0
188383	64	18	CM	62	68	64	62	63	55	68	68	1
188492	111993	27	GK	62	62	60	64	55	60	23	65	0
188597	71	18	GK	62	66	67	57	53	67	46	62	0
188825	68	18	CDM	62	71	63	36	56	49	62	57	0
188920	112512	37	GK	62	64	66	53	64	70	31	58	1
188994	111373	4	CM	62	66	68	54	59	62	58	62	0
189054	110831	45	ST	62	65	58	58	60	59	44	68	0
189085	420	37	LM	62	61	75	51	56	66	49	63	0
189093	299	24	ST	62	62	73	58	60	54	59	58	1
189109	1796	195	GK	62	72	66	56	54	66	57	60	0
189115	1862	47	LB	62	74	73	40	59	54	63	54	0
189185	432	46	CM	62	62	64	53	62	59	42	31	0
189211	1855	45	LM	62	69	78	59	54	67	46	68	0
189259	73	80	ST	62	62	76	62	54	60	40	63	1
189282	121	14	ST	62	65	76	54	48	64	38	53	0
189352	1463	46	CAM	62	65	80	57	46	72	41	35	1
189456	1924	42	CB	62	67	57	34	40	38	59	71	0
189561	210	18	RW	62	71	75	55	43	60	41	64	0
189569	111083	12	CB	62	65	66	33	51	46	64	68	0
189711	100632	34	LW	62	65	70	59	54	62	49	62	0
189760	1480	14	CB	62	65	66	33	47	44	65	68	1
189889	110976	52	CB	62	68	59	33	46	43	63	64	0
189893	110734	27	RB	62	69	74	52	61	57	62	64	0
189909	1949	14	GK	62	69	66	56	55	67	44	62	0
189924	110749	37	RB	62	64	54	41	55	51	63	66	0
190075	112022	4	CAM	62	71	83	59	59	64	54	56	1
190530	110326	18	CB	62	73	70	28	59	37	66	58	1
190556	1798	14	RM	62	70	91	59	57	62	38	56	1
190589	191	4	CM	62	72	78	59	62	72	47	52	1
190615	112134	138	CDM	62	64	75	58	59	64	61	62	0
190644	461	163	ST	62	73	50	59	46	58	39	68	1
190936	111140	95	CM	62	62	74	51	55	61	62	64	0
190937	693	95	ST	62	68	83	59	49	67	42	62	1
191079	1925	14	CB	62	67	54	27	53	49	62	68	1
191127	698	95	ST	62	62	58	59	33	58	41	79	1
191169	38	51	CAM	62	68	68	55	61	66	38	47	0
191184	111091	37	CAM	62	69	73	58	58	60	47	46	0
191235	503	21	CDM	62	66	68	37	59	60	63	63	0
191487	242	45	RB	62	67	73	46	54	56	62	61	0
191667	1478	167	LB	62	65	63	57	63	58	62	70	1
191780	111674	183	CB	62	61	42	31	47	30	63	70	0
191874	2056	167	CB	62	62	57	36	56	57	68	60	1
191915	1475	167	CB	62	68	71	36	44	58	61	62	1
191921	1473	167	ST	62	62	75	61	65	65	42	66	1
191934	1474	167	ST	62	62	77	54	46	65	43	66	0
191935	110765	167	CB	62	62	66	50	58	63	64	61	0
191979	1475	167	CB	62	62	80	36	62	48	64	64	0
191995	112096	183	CB	62	64	60	27	37	30	68	59	1
191996	112393	183	LM	62	66	64	55	59	67	58	59	0
192080	710	46	LB	62	59	73	43	60	58	62	56	0
192161	111277	46	CB	62	64	29	47	36	33	67	70	1
192164	1870	46	CDM	62	61	60	57	55	58	61	67	0
192175	711	46	RB	62	59	53	41	58	54	60	72	1
192231	346	14	CM	62	67	71	40	57	58	60	61	0
192235	1939	14	CM	62	64	78	41	64	61	62	54	1
192279	312	6	CB	62	62	54	42	59	40	65	70	0
192282	100764	6	CB	62	62	53	25	54	29	65	55	0
192315	111395	54	RW	62	63	77	52	52	67	35	23	0
192317	2	14	GK	62	72	65	61	58	65	53	57	0
192451	631	25	LM	62	67	72	58	63	64	61	63	1
192546	1937	25	LB	62	67	67	40	60	61	60	56	0
192554	111835	117	CM	62	63	73	55	61	58	65	59	0
192572	111398	195	RB	62	65	63	44	61	46	64	66	0
192672	68	108	CB	62	62	71	35	56	53	64	67	1
192725	1738	18	CB	62	70	59	30	55	43	64	62	0
192875	459	136	RM	62	67	86	52	56	63	41	62	1
192898	1948	208	RM	62	62	70	55	57	62	51	52	1
192962	874	37	ST	62	64	78	61	63	60	48	62	0
192963	111989	18	ST	62	70	88	60	57	59	44	65	1
193001	224	18	RW	62	64	77	56	57	69	41	59	1
193147	1814	18	CM	62	63	65	41	50	44	66	50	1
193169	110913	21	LM	62	64	68	64	61	62	42	62	1
193177	111397	108	LB	62	70	86	56	64	64	57	60	1
193248	111928	95	ST	62	62	81	61	55	62	53	62	1
193254	254	4	RB	62	66	86	59	64	68	60	64	1
193272	254	4	GK	62	73	65	59	57	66	42	60	1
193314	483	45	GK	62	68	48	68	53	68	55	71	1
193369	472	45	CB	62	67	66	33	53	41	63	64	0
193443	647	34	GK	62	69	63	63	62	63	38	60	0
193548	83	42	ST	62	62	65	59	54	63	39	71	0
193554	68	136	ST	62	77	72	62	45	55	42	69	1
193767	874	12	ST	62	62	78	56	50	59	49	70	0
193838	1887	38	CM	62	62	73	54	59	66	38	42	0
193849	1929	25	CM	62	69	66	51	64	61	55	59	0
193850	1848	27	LB	62	73	70	44	58	58	62	63	0
193891	463	45	ST	62	69	62	62	44	62	39	60	1
193944	100632	34	CAM	62	67	66	62	61	64	47	53	1
193968	1870	46	LM	62	65	71	59	54	67	39	43	0
194178	1937	138	RB	62	66	88	40	56	64	58	64	1
194327	110930	140	ST	62	64	62	59	53	63	40	61	0
194654	112217	40	GK	62	67	63	58	59	60	41	66	1
194716	1844	27	LB	62	63	76	35	60	62	62	60	0
194913	647	34	LB	62	63	69	30	62	61	62	57	0
194917	110089	6	RB	62	62	60	53	68	65	63	64	1
195057	1754	42	GK	62	65	64	57	56	65	27	63	0
195219	373	14	CB	62	67	70	53	36	41	65	75	1
195359	477	18	CB	62	66	60	28	40	30	62	76	1
195479	13	14	RB	62	71	71	32	57	63	61	58	0
197041	111651	95	CB	62	64	70	29	45	43	64	70	0
197230	212	18	LM	62	70	81	50	58	61	39	55	1
197496	112387	183	GK	62	62	62	62	63	61	32	64	0
197721	689	95	ST	62	62	54	57	44	61	43	72	1
197893	110636	10	CDM	62	71	55	47	56	56	64	65	1
197912	697	95	GK	62	64	62	61	65	69	39	61	0
197935	2023	45	CAM	62	68	77	59	39	62	38	69	0
197971	189	39	ST	62	62	64	59	42	62	40	65	0
197975	1924	14	CDM	62	69	74	50	58	62	61	59	0
198094	111139	95	CM	62	64	71	54	61	66	60	52	0
198153	1793	50	CM	62	73	74	56	61	64	49	56	0
198235	127	14	RM	62	74	91	53	48	69	37	44	1
198251	477	45	RM	62	71	69	60	68	65	54	51	1
198264	110326	18	RM	62	74	81	51	53	66	41	60	1
198327	1530	126	CDM	62	66	70	44	60	58	63	61	0
198449	70	18	CB	62	69	58	29	44	28	64	67	0
198455	700	46	RB	62	70	84	59	60	65	61	51	1
198497	110890	25	CB	62	70	54	28	55	39	60	69	0
198617	165	21	LM	62	71	77	58	59	68	38	53	1
198630	1860	45	RB	62	72	73	26	44	42	65	58	0
198652	110233	95	LM	62	65	70	61	57	69	39	58	1
198705	229	81	RW	62	79	77	62	67	74	62	54	1
198709	112374	24	LM	62	67	66	47	56	68	50	60	1
198775	1799	14	CAM	62	71	78	53	56	68	46	50	1
199049	321	46	CB	62	72	56	42	50	45	67	58	1
199115	111835	46	CB	62	62	55	40	42	42	66	69	1
199131	111835	46	RB	62	69	81	50	59	65	59	53	1
199135	1838	27	ST	62	72	65	60	46	57	43	60	0
199146	12	42	LB	62	74	81	51	60	67	59	56	1
199158	459	45	CM	62	71	67	49	63	65	49	50	1
199159	111395	195	CDM	62	69	72	59	68	60	55	48	1
199224	100767	40	ST	62	77	75	60	50	71	36	52	1
199235	111588	167	CM	62	62	67	60	61	60	50	61	0
199262	1475	167	LM	62	67	77	56	62	61	55	49	0
199277	682	7	CAM	62	65	65	57	60	64	43	42	0
199282	322	47	CDM	62	68	69	46	60	61	60	49	0
199290	110089	40	RM	62	67	72	63	57	63	39	57	1
199291	110569	18	CB	62	66	50	26	47	34	64	69	0
199301	2056	167	LM	62	67	82	53	57	63	42	57	1
199498	1935	14	LM	62	68	82	55	56	63	55	56	1
199612	477	45	CDM	62	63	65	49	63	64	50	50	0
199684	111083	37	CB	62	67	66	29	38	38	64	66	0
199714	1755	36	RW	62	69	76	56	49	67	45	56	1
199750	1516	133	LW	62	68	76	52	54	67	33	47	0
199812	1943	14	GK	62	72	64	59	60	64	42	63	0
199922	112259	14	RM	62	69	85	52	57	63	36	48	1
200088	1910	34	CM	62	62	52	63	60	64	41	55	1
200096	100766	40	LM	62	72	52	45	65	59	56	57	1
200141	459	126	CM	62	62	73	52	57	64	41	59	0
200158	159	21	RB	62	66	80	32	54	58	62	65	0
200196	110398	58	LM	62	65	90	60	68	70	43	56	1
200202	112259	14	ST	62	60	65	58	52	56	42	62	1
200309	1924	14	RB	62	68	85	51	57	63	53	49	1
200330	467	45	GK	62	63	60	65	58	66	49	63	0
200349	110554	60	ST	62	69	32	62	48	44	47	68	1
200449	100805	42	CB	62	61	71	34	51	56	64	70	1
200466	33	21	GK	62	68	61	63	55	69	56	58	0
200486	1803	43	LM	62	71	89	57	60	68	42	57	1
200510	100879	45	ST	62	62	60	61	47	59	41	66	1
200525	1935	14	GK	62	66	66	59	56	65	46	61	1
200577	1473	167	RB	62	68	70	47	54	48	64	55	0
200578	1477	167	LB	62	66	78	26	58	64	60	58	0
200589	981	167	CAM	62	67	72	53	55	61	40	52	0
200609	110596	21	ST	62	62	73	57	48	59	38	64	0
200710	110062	45	GK	62	66	73	56	53	69	63	54	1
200716	8	14	CM	62	71	71	46	66	62	59	47	1
200770	919	36	CM	62	68	68	63	58	67	51	54	1
200774	72	18	GK	62	67	63	65	58	57	35	71	1
200778	1800	14	RB	62	73	83	42	60	67	63	62	1
200787	1747	18	CM	62	62	81	62	57	65	39	54	1
200804	1948	35	RM	62	70	81	55	58	66	38	58	1
200918	111239	4	CAM	62	71	69	59	63	64	42	56	0
201044	1747	103	ST	62	72	71	58	47	57	42	68	0
201172	110749	37	ST	62	62	72	54	55	66	46	70	0
201290	780	4	CF	62	70	54	61	41	59	43	77	1
201452	110231	40	ST	62	69	66	60	53	61	42	62	0
201504	1823	214	CM	62	62	64	55	62	66	61	46	0
201874	101112	95	ST	62	73	63	60	54	65	50	66	1
201877	417	36	LM	62	84	70	50	62	68	27	25	1
201887	2	14	CM	62	74	77	60	58	71	51	48	1
201920	100766	40	ST	62	73	72	60	41	66	40	44	0
201925	165	21	CB	62	68	43	34	47	35	61	67	0
201939	1844	27	RB	62	75	68	24	55	58	63	62	0
201963	688	95	CB	62	65	75	37	51	43	59	68	0
202123	121	14	CAM	62	72	38	57	64	64	53	69	1
202168	59	44	GK	62	74	63	61	63	62	52	61	0
202222	111065	95	RB	62	63	81	45	54	56	64	56	1
202225	687	61	LM	62	67	67	56	61	60	55	67	0
202337	873	51	CAM	62	64	72	64	62	61	47	75	1
202354	83	42	RB	62	71	71	29	44	48	64	63	0
202391	922	117	CB	62	62	73	52	65	63	62	62	1
202415	112124	27	CM	62	62	77	54	67	60	56	49	1
202467	697	95	ST	62	62	65	57	35	60	41	66	1
202469	111928	95	GK	62	62	62	62	68	64	49	62	1
202476	110704	45	CM	62	73	71	44	61	68	47	45	1
202526	100804	42	ST	62	71	62	60	51	58	39	67	0
202721	100766	108	CAM	62	74	75	48	61	66	57	54	0
202776	687	95	CB	62	64	67	47	54	54	63	65	0
202789	25	21	GK	62	73	63	55	63	65	34	64	0
202808	1	14	CDM	62	68	76	35	63	63	61	60	0
202811	1	52	GK	62	72	65	58	49	71	59	59	1
202825	1933	14	CM	62	70	74	54	57	66	53	48	0
202853	111139	95	LB	62	66	67	55	56	62	64	58	0
202895	18	14	ST	62	64	73	57	39	59	38	60	0
202896	110089	72	CF	62	71	77	64	38	61	42	54	1
202905	702	46	ST	62	70	77	56	40	51	41	66	0
202909	702	46	CB	62	60	74	39	56	51	64	66	0
203002	1477	167	CB	62	68	69	36	62	56	62	62	0
203043	4	42	ST	62	70	84	60	53	64	41	50	1
203071	112267	82	GK	62	66	73	49	45	76	32	55	1
203267	1932	14	ST	62	68	80	60	40	66	41	57	1
203273	111070	95	CM	62	65	69	58	58	67	62	62	0
203309	110636	195	RM	62	76	85	54	52	67	35	46	1
203338	111651	70	LB	62	66	84	36	58	62	60	56	1
203382	111398	195	RM	62	70	78	55	59	69	31	44	1
203398	1919	25	CB	62	74	67	28	34	28	64	68	0
203428	94	50	RB	62	76	86	25	56	63	61	52	1
203457	100409	21	ST	62	67	67	56	46	58	45	70	0
203487	14	14	CB	62	84	64	24	49	51	62	66	0
203494	110089	40	LB	62	65	65	38	61	50	64	50	0
203622	110109	40	GK	62	66	60	62	59	65	50	63	0
203736	100805	18	ST	62	74	76	51	45	66	37	64	0
203775	169	21	GK	62	78	67	61	59	66	41	56	0
203848	111821	4	CB	62	69	67	23	40	43	60	72	1
203883	1905	42	CM	62	68	68	51	57	62	63	64	0
203930	110569	136	CB	62	68	61	29	34	33	66	75	1
203976	112487	117	LM	62	73	78	42	57	49	61	54	0
204101	162	21	RM	62	69	65	60	58	66	36	55	0
204143	111092	37	LM	62	62	76	64	54	65	59	66	1
204156	1715	108	CDM	62	72	75	53	56	70	61	66	1
204184	100632	34	RB	62	70	66	42	62	58	61	66	0
204185	650	13	CAM	62	74	83	47	48	62	38	44	1
204248	111400	195	ST	62	68	78	57	39	56	48	63	0
204257	209	19	RB	62	62	72	41	54	59	65	61	0
204316	896	166	ST	62	62	69	58	55	62	54	75	1
204348	319	46	CM	62	70	65	47	63	66	51	49	1
204355	13	50	LB	62	75	66	35	57	59	61	65	0
204371	1915	129	CAM	62	69	68	55	58	67	40	44	0
204387	242	45	CAM	62	75	62	51	62	67	40	48	1
204397	1915	34	CB	62	68	73	33	59	52	61	62	0
204451	22	21	CB	62	62	67	30	52	58	59	68	0
204471	1802	14	CM	62	62	81	53	59	58	58	62	1
204503	1802	14	RB	62	70	68	49	61	64	61	61	0
204504	1906	140	ST	62	69	77	56	43	64	38	63	0
204515	9	21	CB	62	78	59	25	38	33	63	66	0
204521	897	18	RB	62	66	65	45	52	53	65	74	1
204554	1955	14	RB	62	66	67	30	50	55	62	61	1
204701	1862	47	CAM	62	73	73	53	48	59	39	51	0
204724	1474	167	RW	62	65	81	58	56	62	45	55	1
204892	2045	4	RM	62	68	87	59	62	67	30	51	1
205044	110329	21	CAM	62	75	78	57	59	66	39	56	0
205090	820	13	GK	62	65	63	60	59	62	44	64	0
205092	203	45	CAM	62	72	73	51	56	64	38	53	1
205101	1909	34	CAM	62	73	75	55	64	69	46	48	1
205214	417	8	RM	62	71	72	59	55	63	40	52	0
205346	18	14	RM	62	69	84	48	61	64	44	45	1
205451	36	21	CB	62	68	51	32	42	33	65	67	1
205514	110596	103	CDM	62	67	42	33	34	41	65	66	0
205530	200	27	GK	62	75	61	59	55	68	45	64	0
205533	271	13	RB	62	66	79	47	60	56	62	58	0
205540	9	14	LM	62	77	84	53	66	71	49	48	1
205554	110556	12	GK	62	62	67	58	62	63	44	60	1
205582	110	25	LM	62	68	73	53	61	67	39	48	0
205641	210	18	LW	62	69	78	61	61	66	37	52	0
205726	200	60	CM	62	75	69	60	61	70	47	57	1
205812	2038	27	GK	62	72	62	60	50	68	40	64	0
206075	346	14	GK	62	72	68	54	52	71	33	58	1
206139	210	103	CM	62	62	62	50	59	58	64	68	0
206489	18	14	LB	62	78	76	32	57	62	62	66	0
206513	111065	73	CM	62	62	64	54	56	59	62	64	0
206517	1937	25	LM	62	84	67	53	52	74	31	27	1
207537	682	7	LB	62	75	76	52	61	69	62	66	1
207546	1475	167	CAM	62	67	78	51	53	66	35	64	0
207634	111721	56	CB	62	63	59	30	45	42	68	49	1
207669	687	95	RM	62	66	82	59	58	63	46	58	1
207701	278	22	GK	62	66	65	52	56	68	44	66	1
207712	247	34	GK	62	70	66	67	56	60	65	56	1
207783	112134	95	RB	62	67	87	28	54	62	61	58	1
207876	434	61	RB	62	75	77	50	58	62	61	61	0
207887	31	21	CM	62	74	68	58	62	68	50	60	1
207920	22	21	LB	62	78	81	46	56	66	57	62	1
208038	256	10	GK	62	65	63	57	56	66	45	67	1
208095	301	37	LM	62	68	80	57	42	68	31	56	1
208281	278	22	CDM	62	60	65	41	58	51	63	57	0
208306	171	37	ST	62	76	67	55	53	70	38	58	1
208384	217	18	CDM	62	73	67	46	65	59	60	61	1
208395	682	18	CB	62	64	52	36	38	39	65	72	1
208509	682	7	LM	62	73	70	55	59	68	43	58	1
208528	693	27	GK	62	65	65	61	56	65	44	60	1
208688	111822	4	RM	62	66	78	41	62	65	57	51	0
208703	503	21	RB	62	62	64	33	59	53	62	64	0
208919	181	42	CAM	62	81	86	53	54	70	32	44	1
208995	111674	183	RM	62	52	69	41	59	68	44	53	1
209179	112393	183	LM	62	62	65	60	57	55	62	66	0
209316	1906	34	CAM	62	74	73	58	60	64	56	56	0
209373	1914	34	GK	62	65	66	59	62	65	35	57	1
209413	111086	37	CDM	62	69	55	33	56	61	68	66	1
209418	111086	43	RM	62	62	72	62	59	69	36	46	1
209459	898	44	ST	62	68	61	60	52	60	52	66	0
209485	23	21	CM	62	62	67	52	63	64	60	56	0
209964	110178	21	LM	62	67	72	61	58	66	38	52	0
209990	38	4	GK	62	74	62	59	58	69	33	58	1
209997	31	4	CB	62	76	62	26	60	56	64	67	0
210144	112387	183	CB	62	62	71	26	54	48	63	68	0
210148	100081	34	CM	62	74	61	58	63	62	55	56	0
210169	471	45	LM	62	64	73	61	63	63	40	48	1
210253	1910	34	ST	62	62	74	56	49	67	35	47	0
210280	10030	21	CB	62	69	71	29	50	48	63	65	0
210320	1844	136	LM	62	80	77	48	57	62	61	64	0
210362	670	7	CB	62	71	71	35	54	53	62	67	0
210416	111083	37	CM	62	62	65	51	60	68	48	52	1
210428	50	43	GK	62	72	65	56	57	70	33	60	1
210462	1913	34	CM	62	70	69	53	60	65	56	56	0
210489	254	4	CAM	62	77	74	52	59	68	42	52	1
210511	503	21	CF	62	68	79	60	57	66	42	52	1
210520	110704	38	CB	62	75	78	49	56	43	61	69	0
210665	110329	21	LB	62	72	67	50	58	60	62	67	0
210724	80	42	ST	62	76	71	56	35	63	52	65	0
210747	260	45	LB	62	71	70	28	60	53	62	56	0
210772	175	21	GK	62	70	62	63	65	59	30	63	1
210793	112390	183	CDM	62	66	48	45	59	60	61	66	0
210833	192	27	RW	62	75	78	45	52	72	33	53	1
210970	922	117	CM	62	75	68	47	51	60	63	61	0
211067	1842	27	CB	62	82	59	27	34	40	61	64	0
211147	191	4	CAM	62	81	81	62	56	74	44	50	1
211408	873	37	CDM	62	76	63	54	65	62	51	58	1
211470	361	45	ST	62	62	62	60	43	62	42	67	1
211828	110596	21	CB	62	66	58	36	49	42	62	65	0
211831	1832	21	LM	62	69	82	53	56	67	37	51	1
211990	36	21	GK	62	74	64	60	61	65	42	59	0
212227	10030	21	GK	62	67	65	59	56	67	42	60	0
212245	31	21	CM	62	77	67	51	62	65	57	55	0
212249	25	21	LM	62	75	68	63	58	65	36	52	1
212538	100634	12	RW	62	66	69	58	60	65	33	46	0
212716	687	95	ST	62	68	70	60	37	59	42	57	0
212725	691	95	CM	62	62	78	54	58	61	49	51	0
212807	101112	116	LM	62	72	91	58	50	64	41	55	1
212938	298	36	CB	62	62	75	41	45	47	63	65	0
213000	246	34	CB	62	75	66	30	55	46	62	66	0
213404	111091	37	CDM	62	72	65	37	60	58	62	51	0
213425	1524	72	ST	62	69	75	60	55	67	37	48	0
213460	1797	42	CM	62	65	62	55	65	56	56	60	1
213491	111928	95	ST	62	65	59	53	43	62	42	68	1
213567	1754	42	ST	62	62	72	56	41	62	38	63	0
213569	1754	42	LB	62	73	74	25	55	63	61	61	0
213739	181	42	CDM	62	65	63	33	57	61	62	64	0
215636	1754	42	LM	62	75	71	49	65	66	55	57	1
215678	647	34	CB	62	66	61	53	50	56	64	64	0
215822	100632	34	LB	62	68	63	43	58	52	63	70	0
216220	1905	34	RB	62	66	63	31	55	49	63	59	0
216230	100632	34	RB	62	67	70	29	54	60	63	69	1
216269	33	21	LB	62	69	74	48	64	61	59	58	0
216277	670	136	CM	62	71	65	54	62	64	60	65	0
216283	111239	54	LB	62	68	76	50	64	65	57	57	0
216387	10030	21	ST	62	67	74	56	36	56	38	68	0
216390	229	56	ST	62	76	77	57	47	66	40	59	0
219973	483	15	CB	62	65	52	32	51	40	65	66	0
1860	100804	42	CB	61	61	34	41	61	61	63	68	0
2816	111766	198	RM	61	62	76	48	61	61	55	50	1
4257	143	14	CM	61	60	51	56	65	61	60	65	1
10451	432	46	LB	61	61	59	60	63	60	62	48	0
11639	1940	14	GK	61	60	66	61	60	67	42	50	0
12767	321	46	CM	61	61	47	61	66	57	45	61	1
13922	1935	25	ST	61	61	53	57	56	59	50	63	0
14607	1480	14	CDM	61	61	53	41	63	50	59	59	0
19133	1941	14	CB	61	58	37	28	27	30	61	65	0
19410	1797	14	ST	61	61	62	58	47	46	41	73	1
20564	711	46	CM	61	61	58	55	58	55	59	50	1
22391	563	25	RM	61	58	81	53	57	63	34	58	1
33983	1463	36	GK	61	64	49	63	63	73	64	60	1
47176	700	46	CB	61	59	57	47	53	53	62	72	1
47178	1439	46	CM	61	61	39	50	56	54	62	54	0
51925	1803	14	RB	61	61	71	49	58	58	60	65	0
53427	361	14	CB	61	63	48	31	47	44	63	65	1
53460	432	46	CB	61	61	45	56	63	55	66	54	1
53555	10029	21	LM	61	66	64	57	47	60	40	62	0
53615	1929	14	CB	61	61	45	31	38	28	60	79	1
53826	1936	14	CM	61	60	67	55	66	54	61	61	1
53878	1797	14	CB	61	58	49	42	50	46	62	62	0
53884	1790	117	ST	61	60	64	55	41	57	49	63	1
53917	693	95	CM	61	56	61	53	60	62	65	66	0
53927	1925	14	GK	61	61	68	56	73	61	56	56	1
60010	1937	93	CM	61	62	64	54	64	67	55	53	1
100578	1948	14	ST	61	61	48	60	55	52	50	71	0
101058	1841	24	CB	61	61	73	38	51	37	56	70	0
102587	1794	14	LB	61	61	56	45	52	47	64	68	0
105046	299	36	CB	61	61	51	46	54	53	58	66	0
105833	112512	37	CB	61	61	37	53	59	48	65	65	0
107084	110178	4	GK	61	66	61	62	57	66	40	55	1
107634	162	21	GK	61	63	61	59	55	65	30	62	0
110108	463	45	CB	61	61	51	38	49	43	62	65	0
111041	1855	45	RM	61	61	71	47	57	60	61	54	0
112240	919	36	LB	61	60	65	40	59	66	63	60	1
112811	110326	126	RB	61	62	66	45	57	51	63	70	0
116081	1937	42	CM	61	59	67	51	58	62	61	56	0
118352	1754	42	CM	61	61	57	55	61	63	61	59	0
118646	1955	14	LM	61	63	62	59	58	61	38	57	0
120313	1803	14	ST	61	61	76	59	56	62	40	70	0
122593	631	42	GK	61	58	60	59	56	68	24	61	0
136248	110765	167	RW	61	61	75	55	58	61	52	58	0
136365	983	167	CB	61	61	71	55	59	58	58	70	0
136508	112115	167	CB	61	61	84	58	56	60	60	68	1
137425	112225	27	ST	61	62	59	57	51	63	41	66	0
138024	219	18	GK	61	61	60	63	60	59	43	65	0
138249	15015	42	CB	61	61	55	39	39	45	63	70	0
138429	1924	14	LM	61	59	68	67	57	65	36	42	1
138679	1934	42	LB	61	61	64	46	58	58	63	65	0
138995	112679	83	CB	61	61	30	65	62	59	62	66	1
139031	1804	14	CB	61	61	51	33	26	26	64	66	1
139090	112218	38	CM	61	61	72	53	62	64	54	52	0
139305	503	8	CB	61	61	52	38	48	44	63	67	1
139471	1962	14	ST	61	61	59	58	44	55	43	72	1
140168	112679	83	CF	61	61	66	63	60	59	40	64	1
140456	445	35	ST	61	62	62	61	44	55	41	62	0
143133	101103	52	CB	61	68	29	40	50	36	60	67	1
145398	110069	45	CM	61	61	59	57	55	47	64	58	1
146486	1867	45	GK	61	63	58	69	56	57	42	64	1
146514	15021	45	CM	61	61	58	50	68	67	43	46	1
146521	477	45	LB	61	63	80	37	65	59	59	56	1
147292	110089	40	GK	61	64	60	62	68	65	20	57	1
147964	111393	195	CB	61	62	53	39	49	43	62	66	0
148486	110747	37	RB	61	61	66	53	65	58	59	62	1
148721	1439	36	CB	61	61	69	43	62	60	60	58	1
150339	159	21	LM	61	61	73	63	59	59	44	61	1
151184	1930	14	GK	61	62	55	66	59	59	48	67	1
151473	15048	14	ST	61	61	66	57	48	54	43	76	1
151750	1445	13	CB	61	61	61	26	28	32	62	70	0
152094	112022	4	CB	61	61	67	32	51	51	61	66	0
152454	112260	14	LM	61	63	78	61	48	63	48	68	0
152522	1801	14	CM	61	62	67	60	61	62	50	55	0
152600	1841	36	ST	61	61	68	54	50	60	43	70	1
153014	111087	37	RB	61	61	61	48	61	57	61	52	0
153195	1475	167	CB	61	61	91	47	51	58	63	68	1
154738	301	37	LM	61	61	63	56	61	60	64	58	0
155349	980	167	CB	61	61	31	46	56	56	60	64	0
155422	111086	37	GK	61	61	62	63	58	56	31	66	1
155517	1516	13	CM	61	62	77	62	66	68	46	62	1
155898	691	14	CDM	61	63	65	61	59	61	59	65	0
155901	143	25	ST	61	57	72	62	48	53	46	60	1
156467	1928	93	CM	61	61	62	61	60	62	61	63	0
156473	77	14	ST	61	62	51	60	44	58	42	68	0
156704	1439	46	RM	61	64	62	55	59	59	54	55	0
157226	181	25	CB	61	60	71	39	59	66	62	64	0
157592	2045	4	CM	61	61	72	60	61	75	46	54	1
158677	112424	13	CM	61	61	63	51	66	55	58	57	1
158797	897	47	CB	61	63	72	48	56	58	57	69	0
158911	434	47	CDM	61	58	69	61	64	62	56	56	0
159074	86	35	CAM	61	60	72	56	56	64	43	44	0
159216	112374	36	CM	61	65	70	60	56	63	51	56	1
159330	780	4	CDM	61	66	65	49	58	59	63	65	0
159357	111821	4	CDM	61	65	65	45	60	60	59	60	0
161776	95	25	GK	61	62	59	60	65	67	55	57	0
161998	110734	27	CM	61	63	61	58	63	61	58	58	0
162005	111705	46	CB	61	61	61	44	51	47	60	68	0
162397	300	36	RB	61	64	72	47	55	57	59	69	0
163051	1954	14	RM	61	62	65	60	62	64	40	56	0
163170	1946	195	CB	61	61	49	32	48	55	61	68	0
163265	477	45	GK	61	65	65	62	70	59	39	56	1
163585	306	25	ST	61	58	78	57	38	60	41	62	0
163666	294	18	ST	61	61	67	57	61	66	45	59	0
163756	1940	14	CB	61	60	56	34	46	35	62	65	1
163901	110915	27	GK	61	61	60	61	53	64	42	62	0
163985	112427	27	CDM	61	61	53	51	63	62	62	67	0
164009	112260	14	LB	61	61	73	45	55	55	61	66	0
164773	86	42	LB	61	60	62	60	60	60	62	60	0
165003	111086	37	LB	61	61	57	42	46	44	63	56	0
165868	980	167	CB	61	61	87	43	55	63	60	59	1
165879	110765	167	CM	61	61	63	45	55	55	63	67	1
167867	1962	42	CB	61	61	60	46	49	51	60	68	1
167940	898	18	CB	61	61	51	46	50	48	63	70	1
168484	111822	45	CB	61	63	58	44	52	51	62	71	0
168865	607	183	GK	61	61	65	58	59	62	32	63	0
169087	209	4	RB	61	61	80	39	58	56	62	60	1
169150	15048	18	ST	61	60	77	55	44	58	41	64	0
169163	700	171	GK	61	59	60	61	54	64	42	58	1
169391	1803	14	RB	61	61	64	27	54	51	61	63	0
169481	1949	25	RB	61	65	68	33	54	56	61	64	0
169495	1804	27	LM	61	66	72	56	58	66	47	60	0
169537	269	13	ST	61	61	57	56	48	57	49	72	1
169539	357	14	CB	61	62	59	37	44	35	64	63	0
169631	306	25	LM	61	67	90	57	54	60	36	59	1
169701	89	14	RB	61	64	84	43	52	62	51	51	1
169793	1795	25	CM	61	71	67	53	58	65	50	51	0
169901	15048	14	CB	61	61	61	32	38	33	61	66	1
169907	1794	14	ST	61	63	78	57	39	64	38	58	0
170114	181	42	ST	61	65	66	63	41	59	39	66	1
170902	212	18	CDM	61	61	64	60	59	63	60	61	0
172178	1954	25	ST	61	61	64	56	44	48	48	69	1
172516	272	13	CM	61	68	65	46	59	59	61	64	0
172669	1888	38	CB	61	61	63	34	49	46	65	63	0
172722	1945	14	CB	61	61	56	46	58	54	60	60	0
172807	1949	25	CM	61	62	60	57	60	58	57	54	0
173659	181	42	CM	61	61	70	61	63	66	56	61	1
173682	1754	42	CM	61	61	67	64	64	66	50	53	1
173893	1480	25	CM	61	65	68	59	63	56	57	58	1
174013	15021	45	CDM	61	61	69	45	52	57	57	79	1
175033	981	167	CB	61	61	72	38	61	57	62	62	0
175316	81	42	LB	61	64	54	43	61	66	61	61	0
175724	898	31	RB	61	59	59	54	62	58	60	63	0
175893	417	36	LB	61	68	68	56	60	60	60	65	1
176224	697	95	CM	61	61	73	56	58	65	54	52	0
176349	1477	167	CB	61	61	75	40	50	61	62	49	0
176370	1473	167	RW	61	60	66	48	59	64	40	55	0
176408	1473	167	LB	61	59	76	47	59	56	61	65	0
176928	710	46	LB	61	60	62	53	59	59	61	64	0
177013	159	21	RM	61	63	64	57	59	61	53	64	0
177125	224	18	CB	61	61	66	54	59	53	62	59	0
177313	346	14	ST	61	61	76	59	41	53	37	56	0
177368	1812	18	CM	61	60	66	53	63	62	61	59	0
177761	15015	14	RB	61	58	65	36	43	39	63	70	0
178218	1804	14	RB	61	66	71	34	53	57	61	66	0
178220	110147	83	CB	61	61	54	38	61	53	63	64	0
178289	1738	18	GK	61	66	65	64	62	62	31	57	0
178298	100831	45	ST	61	61	69	54	60	62	40	50	0
178589	111399	195	LB	61	63	71	48	57	62	59	54	0
179052	112512	37	CAM	61	62	63	56	59	61	47	52	0
179055	110747	37	LB	61	64	60	52	52	39	63	62	1
179542	1755	36	ST	61	61	70	53	49	67	52	59	0
179663	1938	14	LM	61	67	74	52	63	65	59	61	0
179725	1820	18	RB	61	65	62	29	61	43	65	58	0
179757	95	108	LB	61	62	86	38	59	61	62	58	1
179769	111070	83	CM	61	61	67	53	57	69	38	46	1
179860	1929	14	ST	61	65	77	55	51	62	44	64	0
179928	1962	14	RB	61	61	75	31	63	53	60	63	0
180430	111091	37	ST	61	66	64	56	46	65	46	63	1
180689	112390	183	CDM	61	61	71	47	54	56	62	61	0
180731	111399	195	CB	61	61	37	33	48	42	60	65	1
181223	111086	12	CB	61	64	36	40	46	46	62	61	0
181457	1928	42	CB	61	62	60	41	43	45	62	71	1
181559	1823	18	CB	61	70	57	35	62	53	60	64	0
182206	1803	14	GK	61	64	63	55	62	67	52	59	0
182612	127	14	CB	61	64	38	29	30	35	61	70	1
182688	1802	14	RM	61	70	72	57	58	59	59	60	0
182748	1949	50	RB	61	66	73	39	51	54	62	66	0
182944	1926	14	CM	61	61	56	52	58	59	60	66	0
183143	1945	14	ST	61	60	75	58	52	61	40	54	0
183244	112224	195	GK	61	60	63	59	60	64	42	64	1
183353	110831	45	RB	61	66	71	51	56	57	59	58	0
183486	898	47	RM	61	71	68	44	61	59	51	54	0
183517	373	14	CM	61	62	76	37	55	56	63	66	0
183530	361	14	CM	61	62	70	60	63	62	47	63	0
183700	780	4	ST	61	69	77	61	58	66	39	62	0
183789	1794	14	GK	61	64	59	63	66	59	34	61	0
183995	702	46	LM	61	60	78	38	52	69	36	38	1
184065	111140	95	RW	61	63	77	59	60	62	52	58	0
184135	1786	13	ST	61	61	73	58	51	63	37	55	0
184229	920	36	LB	61	63	75	45	63	57	60	55	1
184491	1930	14	LB	61	64	82	29	46	57	62	62	1
184502	110326	18	CDM	61	70	67	32	62	57	65	52	0
184607	112259	14	CM	61	65	65	54	60	59	57	62	0
184726	1943	50	CM	61	61	62	33	59	59	58	60	0
184780	15048	14	RB	61	65	65	31	48	37	63	61	0
184798	1929	14	CB	61	61	67	29	50	41	62	70	0
185118	110747	10	GK	61	61	61	60	54	62	42	67	1
185170	111400	195	RB	61	64	63	34	49	55	61	68	0
185192	111083	37	ST	61	67	68	55	50	56	54	67	0
185207	110915	27	CM	61	69	67	48	62	62	47	42	0
185260	485	48	ST	61	61	66	57	50	61	39	65	0
186103	1930	14	CB	61	62	68	27	51	50	63	62	0
186122	346	14	CB	61	64	60	37	46	44	61	62	1
186177	357	14	RM	61	65	82	52	55	63	54	60	1
186201	1937	14	ST	61	64	74	57	36	54	38	64	0
186306	1878	14	ST	61	61	67	60	57	60	37	67	0
186414	111821	18	LM	61	68	77	60	58	65	41	63	0
186539	894	1	CDM	61	64	66	49	61	53	66	62	1
186642	111140	95	CB	61	61	68	41	53	56	64	60	0
186751	1926	14	CF	61	65	71	60	56	62	44	53	0
187028	127	25	CDM	61	62	64	55	62	57	54	61	0
187184	983	167	ST	61	61	76	59	57	60	46	53	0
187296	1879	83	LWB	61	70	74	53	62	66	55	54	0
187454	1478	167	LB	61	61	72	44	63	60	63	71	1
187682	209	4	RB	61	65	78	38	61	64	61	58	0
187918	112374	1	CM	61	65	57	54	60	70	46	50	1
188257	100804	42	LB	61	66	66	27	56	55	61	66	0
188308	110178	18	CAM	61	64	77	60	54	67	37	52	0
188490	143	14	CM	61	66	76	56	62	61	55	56	0
188653	68	18	RB	61	66	57	30	60	44	63	60	0
188671	110062	45	CDM	61	62	58	56	63	54	57	53	0
188775	111399	195	CAM	61	65	81	52	54	67	40	42	1
188954	682	18	RB	61	64	75	51	58	57	60	62	0
188989	29	21	RB	61	66	77	43	59	60	61	57	0
189003	1814	18	RB	61	65	73	47	54	63	61	60	0
189098	1941	14	RM	61	65	81	49	54	64	39	39	1
189099	210	108	RW	61	69	77	54	38	65	41	67	0
189110	81	42	CB	61	69	69	30	55	48	61	66	0
189174	1861	45	CB	61	67	63	33	34	50	61	68	0
189325	702	46	LM	61	65	75	49	50	70	29	37	1
189551	110398	47	RB	61	70	53	37	46	45	65	56	1
189687	81	35	LB	61	68	71	39	60	51	61	66	0
189734	82	27	CB	61	64	55	48	61	61	66	73	1
189813	112410	27	LM	61	65	75	51	58	62	44	56	0
189884	112427	195	RB	61	61	66	61	62	68	59	51	1
189946	1530	18	RB	61	69	56	35	59	53	60	63	0
190039	682	7	CB	61	63	59	55	58	48	61	64	0
190239	2	14	ST	61	73	79	55	53	64	42	59	0
190454	299	36	LB	61	70	70	51	54	66	60	61	1
190466	1932	14	ST	61	67	81	52	49	63	42	59	1
190481	1439	36	LB	61	64	69	57	56	59	61	66	1
190488	212	18	ST	61	72	84	57	32	61	37	56	1
190566	111651	95	CM	61	62	79	55	61	65	62	61	0
190578	112134	95	CM	61	61	69	59	63	62	53	52	0
190597	780	4	CDM	61	70	70	51	60	65	60	64	0
190649	110913	126	CB	61	61	59	32	31	33	62	70	0
190720	112374	70	ST	61	61	93	52	41	63	39	58	1
190894	691	95	CB	61	69	66	42	49	53	63	68	0
190978	111065	82	RB	61	64	55	51	54	56	63	65	1
191090	88	14	CM	61	69	69	52	56	61	52	52	0
191093	100081	18	GK	61	66	59	61	65	61	36	60	0
191097	321	24	ST	61	61	74	58	49	56	45	68	1
191111	319	46	RB	61	66	79	38	59	59	59	53	0
191434	607	183	RB	61	61	63	49	54	48	60	58	0
191482	111674	183	CB	61	59	50	46	37	46	60	68	0
191870	110765	167	CB	61	61	78	32	56	62	64	73	1
191884	112115	167	CB	61	61	47	47	45	52	62	66	0
192009	1880	83	GK	61	72	59	60	63	63	35	63	0
192030	111398	195	CM	61	61	67	56	58	66	53	50	0
192125	111705	46	RB	61	65	65	35	54	53	61	56	0
192158	111705	46	CM	61	67	62	57	57	59	58	67	0
192191	1443	46	CM	61	61	69	51	64	60	45	40	0
192241	111400	195	RB	61	64	71	49	56	60	63	60	0
192328	112022	4	RM	61	68	76	45	57	63	33	47	0
192343	571	61	RW	61	72	72	51	54	62	37	37	0
192479	1798	14	CAM	61	70	73	44	60	64	51	54	0
192495	1803	89	CF	61	68	77	56	46	65	43	55	0
192496	1803	14	CB	61	72	66	37	54	44	62	69	0
192625	86	35	ST	61	64	70	60	48	51	52	62	0
192651	111393	195	CDM	61	67	69	45	59	63	62	65	0
192662	159	21	RB	61	64	69	37	53	58	61	62	0
192831	112237	27	CB	61	66	54	33	48	50	62	66	0
192923	1820	18	CB	61	61	46	31	56	34	62	65	1
192973	111083	37	CM	61	61	34	56	62	60	57	58	0
193014	89	103	LB	61	65	83	45	58	60	58	63	1
193073	1802	14	CB	61	61	51	26	34	30	63	72	1
193136	1786	13	ST	61	70	78	58	53	65	44	58	0
193188	688	95	GK	61	61	68	58	62	65	55	57	0
193250	256	10	CB	61	61	80	30	52	59	61	54	0
193268	112487	27	CM	61	68	75	53	59	66	51	53	0
193376	64	124	LW	61	62	81	39	54	67	59	52	1
193439	647	13	LM	61	63	77	49	55	63	41	48	0
193449	111373	4	ST	61	61	65	59	48	60	49	71	1
193468	894	47	LB	61	76	81	46	55	63	64	49	1
193660	1937	18	ST	61	65	76	58	53	61	40	64	0
193757	483	45	CDM	61	68	69	45	61	54	61	43	0
193837	1887	38	CM	61	64	60	49	61	58	60	66	0
193860	111821	4	RM	61	67	78	64	55	65	54	56	1
193875	111395	195	RB	61	64	73	36	62	61	62	60	0
193931	1936	50	CB	61	65	69	31	46	38	61	74	1
193939	15015	35	ST	61	66	59	58	48	51	43	70	0
194120	1794	14	RWB	61	67	72	30	60	61	61	58	0
194678	1955	14	CB	61	66	63	26	43	41	60	65	1
194891	1960	18	CB	61	72	45	31	51	40	63	66	0
194937	1962	14	CB	61	67	65	34	49	51	61	66	0
194997	110831	45	CDM	61	66	33	42	51	37	66	67	1
195182	112224	195	RW	61	65	77	58	52	70	32	29	1
196353	15015	14	LM	61	68	72	44	56	62	59	56	0
196940	181	14	CB	61	67	70	31	37	31	61	71	0
196952	1925	14	LB	61	73	62	44	64	51	60	49	0
196978	1800	14	ST	61	75	86	59	53	66	41	45	1
197012	695	82	RB	61	63	78	56	60	62	61	69	1
197040	696	80	CB	61	61	77	32	52	56	64	64	0
197527	111705	46	LB	61	63	65	46	57	53	61	61	0
197717	687	103	CDM	61	66	60	59	53	64	65	65	1
197774	7	14	ST	61	65	70	63	59	62	36	43	1
197918	1937	70	ST	61	65	70	56	47	55	55	70	1
198032	88	14	CB	61	75	66	33	56	49	59	64	1
198038	1456	36	RW	61	69	71	53	52	66	35	53	1
198136	200	27	LW	61	75	77	62	63	69	46	61	1
198253	361	14	GK	61	67	69	60	54	63	38	55	1
198373	80	42	CM	61	71	80	55	61	65	53	53	0
198440	111091	37	GK	61	61	64	55	62	65	36	63	1
198490	111277	46	CM	61	65	59	60	61	54	62	69	1
198517	110770	108	CDM	61	66	72	50	61	64	56	56	0
198582	1867	45	RM	61	64	74	47	57	65	50	54	0
198690	112134	56	CM	61	61	60	61	57	68	38	44	1
198701	110734	27	ST	61	70	80	60	55	62	43	56	1
198891	1954	25	CM	61	63	72	61	64	64	48	60	1
198991	112218	40	CM	61	74	63	49	60	56	62	43	0
198992	110109	40	ST	61	61	64	55	49	64	42	59	0
199264	1475	167	CDM	61	64	80	44	52	61	66	54	1
199284	1715	47	CDM	61	64	72	52	63	60	55	70	0
199317	260	45	ST	61	61	69	56	35	54	44	66	0
199488	468	45	CAM	61	67	68	48	64	61	42	48	0
199504	896	47	CDM	61	75	80	54	59	56	62	60	0
199654	780	4	RB	61	71	57	33	47	45	63	63	0
199811	112224	195	CAM	61	62	57	58	62	62	52	68	0
199815	1803	14	CM	61	69	66	56	65	60	49	56	1
199893	1465	36	CM	61	61	73	62	61	62	51	56	1
199906	110231	40	ST	61	61	73	48	59	60	45	56	0
199949	472	45	RB	61	66	77	38	55	54	63	56	0
199960	14	14	LM	61	72	83	61	48	70	32	47	1
200061	1955	14	CM	61	68	69	58	66	60	51	55	1
200079	111083	37	RW	61	63	68	55	60	63	50	56	0
200138	77	14	CB	61	68	73	35	48	51	61	61	1
200265	86	145	CB	61	65	65	51	54	58	61	69	1
200295	244	45	ST	61	73	71	58	55	65	46	57	0
200443	873	42	LB	61	70	73	46	62	64	59	67	1
200491	1853	45	RM	61	72	75	50	53	65	39	44	0
200551	982	167	CM	61	61	74	47	58	64	59	66	0
200597	111588	167	LW	61	66	76	53	62	59	42	59	0
200661	15048	14	CM	61	67	67	53	59	60	59	54	0
200781	1800	14	CM	61	74	70	48	64	55	60	60	0
200807	91	50	RB	61	72	68	46	56	57	61	62	0
200810	614	27	RB	61	74	68	39	58	58	62	64	0
200812	15	21	CB	61	69	66	54	58	54	61	66	0
200861	1902	37	GK	61	64	62	61	62	62	49	58	0
200980	1754	42	RM	61	72	73	58	53	65	34	49	0
201170	110749	37	CM	61	61	68	45	63	65	55	63	0
201261	453	103	CB	61	61	61	34	48	44	61	64	0
201322	393	22	GK	61	67	70	57	61	67	45	55	1
201401	1867	45	RB	61	70	76	26	54	43	59	63	0
201522	29	21	CM	61	61	54	54	58	61	61	68	0
201876	299	36	CM	61	70	71	65	59	70	50	64	1
201921	1934	14	ST	61	66	80	60	45	62	38	60	0
201984	111070	95	CM	61	61	34	49	61	60	59	59	0
202034	269	133	ST	61	61	76	56	47	64	47	63	1
202109	1861	45	CAM	61	68	66	53	56	67	34	43	0
202175	1524	24	ST	61	67	75	57	59	62	40	61	0
202184	111065	57	ST	61	73	88	59	49	73	34	44	1
202221	687	95	CM	61	61	63	59	56	62	54	65	1
202223	687	95	LM	61	68	78	64	56	63	55	63	1
202259	299	36	CB	61	70	69	28	47	53	62	63	0
202260	1755	36	RB	61	69	71	43	53	45	65	69	0
202289	1478	167	CB	61	64	75	52	52	46	65	65	1
202375	209	4	CM	61	68	77	58	58	71	47	50	1
202379	1861	101	ST	61	68	91	56	46	62	50	62	1
202465	837	25	CM	61	70	71	56	60	58	63	54	0
202501	110062	45	LB	61	67	78	46	47	53	60	59	0
202575	111651	95	CB	61	61	59	57	57	57	65	68	1
202647	471	52	CM	61	61	65	53	65	64	46	45	1
202674	1475	54	ST	61	61	91	55	56	63	50	72	1
202676	111398	195	ST	61	75	78	58	57	66	43	54	0
202749	112115	167	CB	61	64	59	43	61	39	63	71	0
202989	1475	167	ST	61	72	80	60	47	59	41	69	0
202996	110765	167	CM	61	61	74	55	52	62	39	64	0
203224	13	195	CB	61	71	57	33	55	45	59	66	0
203435	1819	108	CDM	61	74	66	36	61	60	60	62	0
203443	1903	34	RB	61	68	66	32	57	59	64	65	1
203502	1919	14	CM	61	70	77	56	65	67	49	48	1
203623	112218	191	RB	61	61	45	52	56	56	62	59	0
203780	94	47	CB	61	71	68	26	34	38	60	60	0
203877	631	34	RW	61	66	91	50	44	63	35	62	1
204047	112254	14	ST	61	65	88	51	50	65	41	65	1
204087	110069	45	LM	61	61	52	59	67	65	42	39	1
204135	459	45	LB	61	68	75	52	55	57	60	60	0
204173	379	18	CDM	61	70	54	50	53	48	61	69	0
204304	1917	14	CAM	61	69	67	55	63	69	50	51	1
204354	13	14	GK	61	71	63	64	61	60	44	58	0
204360	100805	14	RM	61	71	62	53	62	65	62	61	0
204459	1925	14	CB	61	80	59	33	36	28	61	64	0
204507	1803	14	RM	61	70	72	58	54	67	38	43	0
204635	1936	38	RB	61	63	71	37	56	55	61	65	0
204806	453	133	CM	61	61	65	46	55	50	63	60	1
204877	66	126	CDM	61	75	67	44	59	60	64	61	0
204882	1951	195	RM	61	79	77	50	52	67	34	38	0
204891	212	18	GK	61	67	61	62	60	60	44	61	0
205163	10	50	CM	61	78	71	44	62	62	60	54	0
205196	78	12	CM	61	77	65	47	63	60	58	57	0
205279	980	163	CM	61	61	63	51	63	62	45	43	0
205285	1478	167	CM	61	61	79	40	64	62	42	58	0
205347	1934	195	CM	61	70	71	48	64	61	56	62	0
205387	57	18	GK	61	69	64	59	60	65	45	58	0
205407	39	27	CM	61	79	74	40	60	62	55	58	0
205443	503	21	ST	61	61	60	57	41	57	38	69	0
205481	91	14	ST	61	80	73	56	54	65	51	57	0
205496	206	54	GK	61	68	62	59	58	65	45	59	0
205596	142	14	LB	61	70	69	38	54	63	59	56	0
205681	631	34	ST	61	61	81	56	46	61	36	66	1
205810	1910	34	RB	61	72	62	35	60	59	62	65	0
205834	111277	46	RM	61	71	74	51	54	67	43	37	0
205865	106	14	CB	61	61	58	33	39	53	65	58	0
205887	1954	14	ST	61	77	74	56	44	56	38	64	0
205903	873	37	CDM	61	66	66	50	57	59	60	60	0
205947	58	127	ST	61	72	70	58	50	56	38	62	0
205970	1790	14	RM	61	77	74	54	59	60	44	49	0
206035	1855	45	CAM	61	75	67	48	55	68	60	58	1
206098	110704	45	RB	61	71	61	36	60	50	61	62	0
206109	111974	117	CDM	61	74	72	51	67	61	52	57	1
206155	110915	27	GK	61	68	66	56	64	66	42	58	0
206227	420	208	CM	61	61	69	55	58	67	38	49	1
206378	1841	24	RB	61	64	67	44	55	43	62	62	0
206455	665	167	CB	61	61	66	30	54	57	62	63	0
206534	1798	14	ST	61	79	68	57	47	61	45	55	0
206535	1932	14	CM	61	66	69	49	67	65	49	47	1
206540	452	45	RB	61	68	69	37	58	64	58	58	0
206565	80	42	LM	61	71	81	46	59	67	40	51	1
206567	13	14	ST	61	80	83	55	47	63	36	57	1
207428	111140	56	ST	61	70	79	53	32	68	41	67	1
207429	1793	14	ST	61	74	69	56	42	57	37	61	0
207463	1941	14	ST	61	74	78	55	59	65	45	64	0
207541	378	18	RW	61	73	71	57	56	70	31	44	1
207562	1439	46	ST	61	68	69	57	39	57	40	66	0
207563	1439	103	RM	61	65	78	56	52	65	37	54	0
207963	111070	76	CM	61	61	67	51	57	65	62	52	0
207994	72	18	RW	61	75	79	59	48	65	36	49	0
208015	919	136	CM	61	67	68	54	61	63	69	68	1
208047	981	167	CM	61	61	73	53	68	62	34	46	1
208099	1788	10	CB	61	68	55	27	37	34	60	67	1
208253	278	22	LB	61	66	78	31	69	62	56	54	1
208268	47	27	CDM	61	82	60	45	69	60	53	63	1
208316	112072	46	CM	61	72	68	55	62	65	47	42	0
208330	11	7	LM	61	87	67	55	61	68	30	32	1
208336	110747	37	RW	61	72	73	48	58	64	43	54	0
208372	112072	133	CB	61	61	60	31	39	29	57	66	0
208503	112134	18	ST	61	62	81	51	36	63	38	56	1
208543	1796	198	CAM	61	74	71	53	60	60	49	61	0
208571	1841	72	RB	61	61	68	44	58	59	61	59	0
208598	246	34	CB	61	61	71	32	54	61	56	58	0
208621	100831	45	ST	61	69	77	65	42	60	36	58	1
208629	260	45	CM	61	70	64	41	62	60	52	52	0
208702	550	21	CDM	61	68	68	30	52	54	61	64	0
208725	110596	21	LM	61	65	62	39	65	59	64	63	1
208764	22	21	GK	61	69	67	60	53	67	41	51	0
208834	219	18	CB	61	75	59	32	43	40	60	64	0
208857	1813	103	CB	61	65	56	28	41	30	61	78	1
208878	1902	34	LM	61	69	62	50	64	64	58	53	0
208907	110747	37	LW	61	69	61	56	59	71	48	61	1
208913	112389	183	CB	61	62	51	41	46	43	62	67	0
208947	111674	183	ST	61	59	66	54	36	53	41	64	0
208957	112390	183	LB	61	65	88	40	51	62	61	60	1
208993	111674	183	CB	61	56	58	26	38	31	63	68	0
209230	112395	183	ST	61	64	81	57	39	57	36	58	1
209283	112096	183	LM	61	61	79	47	57	63	47	50	0
209375	1914	34	RM	61	70	81	55	56	65	35	57	1
209493	109	14	CB	61	73	53	28	36	34	60	67	0
209531	110724	8	LB	61	67	65	36	62	63	62	56	0
209701	1908	34	CM	61	72	70	40	63	68	56	59	1
209711	820	13	CB	61	72	66	28	55	38	61	59	0
209780	673	7	CF	61	78	74	60	53	64	36	62	0
209843	503	21	GK	61	69	64	59	61	66	24	59	1
209979	294	215	ST	61	66	72	55	38	56	37	71	0
210000	110745	37	CDM	61	65	62	51	56	62	54	46	0
210010	1906	34	CM	61	71	64	52	64	63	52	46	0
210022	166	21	GK	61	67	62	54	67	62	37	66	1
210039	2045	47	CF	61	68	72	56	57	61	46	60	0
210109	1925	129	ST	61	61	71	54	38	57	39	61	0
210114	571	45	GK	61	61	63	59	55	66	40	58	0
210152	463	45	GK	61	63	54	70	56	59	29	65	1
210393	189	18	CAM	61	80	80	51	60	71	40	46	1
210443	111086	43	RM	61	62	62	49	62	60	49	54	0
210539	1715	54	ST	61	64	66	53	44	63	36	61	0
210547	111271	18	GK	61	68	63	55	62	67	48	63	0
210563	112217	10	ST	61	61	67	60	46	60	34	60	0
210600	111674	183	ST	61	67	72	58	62	61	38	57	0
210783	112387	183	CB	61	65	73	28	37	36	61	66	0
210842	100087	7	RM	61	69	70	51	60	63	37	48	0
211077	112427	10	CDM	61	68	66	60	61	59	60	64	0
211231	1861	133	CDM	61	75	71	45	51	55	62	64	0
211428	448	45	RB	61	72	66	30	50	45	60	61	0
211622	1871	37	CB	61	61	62	26	39	39	60	64	0
211748	28	48	CM	61	75	55	46	62	69	51	47	1
211870	1832	21	ST	61	67	80	57	54	66	36	60	1
211893	33	21	CB	61	66	71	45	57	53	57	65	0
211935	111399	163	ST	61	61	79	58	52	61	32	62	0
212160	315	40	ST	61	74	60	60	46	50	40	72	1
212188	36	21	LM	61	85	73	59	45	61	34	54	1
212190	10029	21	CB	61	81	47	29	44	38	65	62	1
212340	33	21	CDM	61	69	71	51	55	60	59	64	0
212439	981	167	CB	61	69	71	27	26	44	64	65	0
212440	1476	167	LW	61	67	66	60	62	63	34	50	0
212450	1473	167	ST	61	65	72	53	62	61	37	62	0
212540	691	95	CDM	61	64	58	44	61	60	59	48	0
212591	695	95	CB	61	65	62	46	38	44	62	70	1
212595	698	82	ST	61	66	78	58	54	60	42	67	0
212628	22	21	CB	61	81	66	28	56	56	59	68	0
212749	111651	70	CM	61	69	52	60	63	61	50	47	0
212750	101112	95	ST	61	67	91	58	54	59	43	68	1
212773	434	103	ST	61	61	74	53	51	56	45	62	0
212888	111065	83	CB	61	69	56	26	35	33	63	69	0
213280	111397	195	LW	61	68	86	56	43	67	32	47	1
213409	1903	34	CAM	61	69	66	52	61	67	56	64	0
213483	321	46	GK	61	61	54	68	47	62	29	65	1
213549	247	34	ST	61	61	78	53	56	64	36	58	0
213570	1754	42	CB	61	61	72	31	60	63	60	59	0
213718	1524	72	CB	61	65	66	46	46	52	59	67	0
213800	28	19	CF	61	74	68	60	52	70	35	53	1
214000	191	59	RW	61	76	91	53	39	73	35	50	1
214622	10029	21	LB	61	74	76	34	60	59	59	66	0
215569	479	45	CB	61	68	68	32	46	42	59	66	0
215584	112512	37	RM	61	66	87	56	47	63	34	58	1
215615	479	45	CM	61	69	63	46	61	64	51	52	0
215684	1443	13	ST	61	67	82	55	56	63	42	53	1
216108	1871	37	ST	61	74	72	62	46	63	42	61	1
216136	159	21	CB	61	61	58	33	38	39	61	69	1
216219	673	34	ST	61	74	61	56	40	61	37	67	1
216221	1905	34	LM	61	65	78	60	60	65	33	39	0
216267	181	42	LB	61	81	77	29	56	64	57	59	0
218650	33	21	ST	61	61	66	57	41	55	39	66	0
189554	1788	46	ST	61	68	78	56	46	65	43	57	1
2396	1949	42	LM	60	60	67	53	57	62	45	60	0
11358	1946	14	CM	60	59	56	40	61	58	64	56	0
11488	1480	14	CB	60	60	49	32	45	36	62	66	0
19117	15015	14	CB	60	60	45	28	34	30	62	68	1
19256	1933	14	CF	60	60	76	58	60	63	46	50	0
29354	112134	95	CB	60	60	34	56	62	52	62	68	0
45652	1815	103	CDM	60	64	69	48	60	52	60	72	1
47099	920	36	CM	60	60	68	55	55	58	66	68	1
49577	1870	46	ST	60	63	66	60	52	62	37	55	0
51321	77	14	GK	60	60	57	62	62	63	46	59	0
51496	112260	35	CM	60	60	56	59	57	66	60	56	0
51694	1524	36	GK	60	61	60	53	64	70	44	55	1
53108	2045	4	LB	60	60	74	44	60	62	57	54	0
53472	1934	14	CM	60	60	51	48	58	49	61	61	0
100799	688	14	LM	60	60	63	44	59	61	51	57	0
100907	143	14	CB	60	62	57	32	40	33	61	68	0
101658	160	21	RB	60	59	56	50	54	50	63	61	0
103930	111373	4	CAM	60	57	67	59	59	59	43	62	0
106134	112259	14	CB	60	60	45	36	56	49	61	66	0
106539	1862	45	CDM	60	60	61	53	63	58	59	58	0
118345	1933	14	ST	60	60	71	58	46	62	41	57	0
119422	1933	77	CB	60	60	53	25	31	32	62	70	1
120339	1445	13	CDM	60	60	71	55	67	63	53	60	1
120415	1797	42	GK	60	58	64	59	54	62	37	55	0
122938	682	7	CDM	60	60	57	37	54	52	64	63	1
123158	111087	37	CB	60	59	52	38	50	43	60	68	0
123159	420	37	CB	60	58	67	47	52	59	65	76	1
126463	1754	42	ST	60	60	68	58	53	66	37	63	0
135061	100804	42	CM	60	60	67	38	61	63	58	53	0
135872	1804	42	ST	60	60	43	61	51	51	49	74	1
136753	981	167	CM	60	60	54	47	65	45	61	53	1
137406	1746	27	CM	60	67	70	56	62	62	53	48	0
137779	112020	27	CM	60	60	59	54	64	60	59	62	0
138154	1798	14	CB	60	60	75	33	59	60	58	64	0
138195	1928	14	CM	60	60	65	54	58	64	46	52	0
138564	100805	25	RB	60	58	73	32	58	63	59	64	0
139259	434	47	LM	60	63	72	51	59	61	41	56	0
139263	898	47	CM	60	60	67	52	62	58	59	63	0
139347	100804	198	ST	60	60	53	59	51	54	46	69	1
139407	2056	167	CB	60	60	74	31	42	53	64	61	0
139499	112115	167	CDM	60	60	75	48	56	57	60	58	0
139541	100804	42	CM	60	60	66	47	59	61	64	66	0
139549	346	42	LB	60	58	50	48	61	61	60	62	0
139784	1962	42	LM	60	57	62	60	53	56	48	57	0
140085	81	14	CB	60	62	32	31	35	41	60	70	1
140153	1882	83	CB	60	60	40	42	60	47	60	64	0
140440	1949	25	CB	60	60	38	25	44	49	62	64	0
140445	100804	42	ST	60	61	54	57	47	57	48	71	0
144802	1945	45	ST	60	60	76	52	53	62	58	58	0
145340	15021	45	GK	60	60	54	69	55	52	38	69	1
146941	110069	45	ST	60	60	50	58	45	51	41	82	1
149721	563	25	GK	60	60	59	58	57	66	35	60	0
150752	563	14	ST	60	60	53	56	36	62	42	63	0
151019	111277	17	LB	60	60	56	46	54	57	65	55	0
152047	1463	13	RB	60	60	78	42	50	43	61	66	0
152505	1954	14	RB	60	62	63	40	49	52	62	62	0
152598	922	36	LB	60	66	87	48	53	62	59	62	1
152629	1755	36	GK	60	60	61	57	56	62	25	66	1
152731	111705	46	RW	60	63	64	53	61	62	53	70	1
152899	696	95	CB	60	60	67	51	57	56	62	54	1
154454	110069	45	GK	60	62	61	59	57	64	56	56	0
154725	110747	37	GK	60	62	61	56	59	65	57	63	0
155317	981	167	CDM	60	60	73	52	60	61	61	54	0
155330	1474	167	CM	60	60	54	48	61	61	59	60	0
155781	110747	37	CB	60	60	64	48	52	53	62	53	0
155954	110069	45	CB	60	60	53	35	57	33	61	62	0
156939	83	42	GK	60	64	57	61	62	61	31	63	0
157376	112512	37	CB	60	60	50	42	56	34	60	60	0
157405	563	103	CAM	60	59	52	59	58	64	47	61	0
157407	423	25	GK	60	60	60	57	58	64	54	60	0
157582	1862	18	CB	60	62	67	37	53	57	61	62	0
157589	1937	133	ST	60	59	77	54	42	57	48	67	1
157823	112267	21	RB	60	59	70	50	60	60	58	60	0
158742	110569	18	GK	60	60	57	59	55	60	34	65	0
159000	711	46	RW	60	60	80	49	56	59	59	53	0
160294	1924	14	CM	60	60	68	49	60	62	59	59	0
162040	111835	46	LB	60	60	69	50	54	56	60	58	0
162072	112259	14	RB	60	60	64	44	52	46	60	69	0
162234	1480	14	ST	60	60	81	53	50	64	41	63	1
163049	17	66	ST	60	60	82	56	48	65	39	53	1
163147	1936	14	CM	60	60	68	48	58	59	62	64	0
163262	111705	51	CM	60	60	55	57	63	60	52	50	0
163393	1813	18	CM	60	60	45	52	63	59	59	62	0
163425	111989	18	LB	60	61	67	48	58	55	60	54	0
163474	1945	14	ST	60	60	69	60	37	48	41	60	0
163626	306	25	CM	60	60	64	55	62	63	57	62	0
163754	1949	14	CB	60	60	57	26	36	32	63	68	0
164771	631	35	CB	60	57	66	31	55	60	60	65	0
165012	110747	37	CB	60	62	48	45	53	40	60	63	1
165267	1790	18	RB	60	58	74	36	60	62	58	62	0
165272	112512	54	CM	60	60	73	47	58	60	60	56	0
165458	423	25	CB	60	59	54	43	52	35	60	69	0
165578	563	14	ST	60	64	73	56	37	58	39	62	0
166764	1945	35	GK	60	62	64	54	66	63	58	61	0
166853	361	14	ST	60	63	73	54	50	63	61	70	1
166862	1951	14	CB	60	63	67	30	44	43	61	62	0
167436	160	21	CB	60	60	66	34	48	51	62	63	0
167561	1797	50	RB	60	64	66	50	58	52	58	69	0
168659	112254	14	CB	60	60	63	25	26	49	60	66	0
168881	112676	183	CDM	60	59	67	48	54	54	59	54	0
168943	110977	55	RB	60	58	56	42	54	53	62	60	0
169174	111277	46	ST	60	59	49	52	47	49	56	78	1
169191	563	25	CB	60	59	52	39	46	43	61	66	0
169639	1802	14	CM	60	61	71	58	61	55	57	63	0
169642	1933	14	CM	60	60	58	45	59	59	57	58	0
169856	1954	14	ST	60	58	72	58	46	54	39	58	0
169862	1954	50	ST	60	60	66	63	51	64	42	54	1
169954	112254	14	ST	60	61	73	53	50	66	41	60	0
170252	1930	14	ST	60	64	79	49	44	67	38	63	0
171446	112512	37	CDM	60	62	56	52	66	64	57	53	1
171973	15048	14	LB	60	61	69	47	60	54	56	59	0
172068	1928	14	CAM	60	61	71	56	55	64	37	63	0
172195	224	18	LB	60	60	71	53	64	64	56	57	0
172249	1948	14	ST	60	60	80	55	49	64	39	58	0
172484	272	13	GK	60	63	68	56	49	63	30	55	0
172822	1962	14	CM	60	60	54	64	58	56	56	59	1
172936	1480	14	CB	60	60	66	26	36	36	62	63	0
173415	110178	4	GK	60	66	61	54	53	68	51	56	0
173450	1804	195	LB	60	66	79	28	53	54	58	51	0
173518	1801	14	CB	60	65	63	31	49	30	61	64	0
173631	112260	14	CB	60	61	60	34	36	32	62	72	1
173681	121	42	GK	60	60	62	57	57	63	61	60	1
173804	373	14	CM	60	61	65	46	61	59	59	61	0
173895	3	14	GK	60	68	58	57	55	65	48	63	0
176255	112217	37	CB	60	62	71	54	61	55	59	64	1
176296	110765	167	CB	60	60	51	38	59	47	62	61	0
176319	980	167	CB	60	60	64	50	60	50	59	67	0
176341	1478	167	GK	60	60	65	58	59	58	40	64	0
176371	983	167	GK	60	62	61	57	61	62	65	61	1
176387	1951	14	ST	60	60	68	60	41	53	43	67	0
176396	1473	167	CB	60	60	69	47	63	64	58	63	0
176442	1797	14	CM	60	62	67	62	60	62	59	64	1
176485	1820	136	CM	60	60	63	54	60	55	64	67	0
176718	1870	14	RM	60	61	69	51	54	56	60	58	0
176793	702	46	CM	60	62	84	60	47	68	41	60	1
176807	1790	14	CB	60	58	69	36	50	53	61	62	0
177076	1841	136	ST	60	60	59	59	47	59	40	61	0
177128	64	18	CDM	60	60	59	63	67	64	50	58	1
177793	361	14	CM	60	64	66	62	58	59	54	64	1
177927	111070	95	CB	60	60	67	48	55	58	61	59	0
177962	110734	27	CM	60	60	74	47	56	59	60	48	0
178513	1744	27	CM	60	75	68	45	64	59	58	66	0
178626	15048	14	RM	60	65	79	45	54	61	35	45	0
178687	110749	133	RM	60	63	91	60	52	60	45	57	1
179059	111086	37	LB	60	62	64	45	54	54	61	61	0
179543	1524	36	RB	60	65	74	51	57	63	60	54	0
179839	694	95	CB	60	60	71	45	51	55	63	66	0
179917	300	117	CM	60	65	72	58	58	58	61	63	1
180749	111393	195	RB	60	63	80	55	56	63	59	51	0
180775	605	183	CDM	60	65	34	47	50	36	64	70	0
181010	111397	195	CDM	60	64	48	53	57	58	67	71	1
181310	111277	46	CB	60	60	67	34	50	49	63	65	0
181477	111393	195	CB	60	65	41	27	37	35	61	70	0
182112	111766	195	CDM	60	65	66	43	55	54	60	63	0
182496	111277	46	ST	60	63	64	56	49	59	44	62	0
182593	1802	14	ST	60	61	66	60	50	56	38	70	0
182819	1945	18	CB	60	60	53	25	43	30	62	64	0
182983	111396	195	GK	60	61	69	53	54	67	50	53	1
183144	1954	42	CM	60	60	69	49	62	59	51	55	0
183233	111087	37	LM	60	60	85	47	57	59	39	47	1
183449	127	50	LB	60	62	73	51	50	60	61	65	0
183691	111821	4	CM	60	64	73	55	56	68	42	48	1
183699	112072	198	RM	60	62	66	58	61	63	40	60	0
183869	1862	47	CB	60	64	59	36	49	43	58	72	1
183873	111277	46	CM	60	66	49	46	54	53	67	63	1
183938	1905	34	GK	60	65	61	63	61	57	31	61	0
184077	1524	36	LB	60	65	72	47	51	57	61	56	0
184158	239	7	GK	60	65	64	62	61	57	35	58	0
184261	897	47	CDM	60	64	64	51	57	59	60	63	0
184630	109	14	GK	60	66	66	52	56	67	44	56	0
184816	169	21	RM	60	64	69	59	48	66	39	57	0
185038	110749	37	GK	60	60	69	44	42	71	26	61	1
185053	1475	167	CB	60	60	88	49	58	50	59	60	1
185054	111588	167	ST	60	60	65	50	54	62	59	56	0
185229	688	116	CM	60	60	84	58	53	64	44	41	1
185263	111065	116	LB	60	64	83	59	53	61	58	61	1
186111	112259	14	CAM	60	61	65	57	51	65	35	44	0
186154	373	25	ST	60	68	73	54	58	61	38	58	0
186160	1946	14	LB	60	65	72	48	48	56	61	62	0
186380	1960	14	RB	60	65	81	46	59	61	57	56	1
186562	77	35	ST	60	67	82	52	62	60	61	72	1
186590	1962	25	CM	60	64	63	53	58	56	59	68	0
186722	217	18	ST	60	68	63	58	52	65	36	43	0
186884	111398	195	CDM	60	68	65	41	50	57	65	56	0
187035	688	95	CM	60	67	68	56	58	62	54	62	0
187154	1949	25	CB	60	68	57	25	30	32	59	73	1
187219	111588	167	ST	60	60	60	54	58	61	45	52	0
187900	710	117	CM	60	60	79	53	54	63	64	59	0
187937	111989	18	RB	60	66	67	33	52	46	60	55	0
187955	112427	195	ST	60	60	70	58	58	58	48	64	0
188278	111398	195	GK	60	70	62	56	54	62	46	61	0
188706	64	18	RB	60	66	70	27	56	45	60	66	0
189267	550	21	GK	60	63	61	60	56	66	38	54	0
189563	112225	27	RB	60	67	71	54	57	60	65	70	1
189592	1861	4	GK	60	60	61	57	55	71	52	52	1
189624	1946	14	CM	60	64	66	34	53	46	57	37	0
189691	112260	14	ST	60	66	71	57	30	63	39	52	0
189709	1855	45	CB	60	69	44	33	43	40	63	61	1
189836	1920	14	LB	60	66	72	46	54	61	62	60	0
189854	563	14	LM	60	64	87	55	53	61	46	54	1
189869	620	14	CAM	60	67	63	43	58	62	50	56	0
190311	1794	14	ST	60	69	83	54	51	59	44	53	1
190330	203	27	CM	60	70	63	56	67	59	50	62	1
190548	111086	37	CB	60	60	60	45	48	36	61	62	0
190598	1841	36	LB	60	64	70	47	55	57	62	52	0
190687	874	37	RB	60	66	50	47	60	61	62	65	0
190942	1445	13	CB	60	70	75	36	52	40	60	63	0
190995	121	42	LM	60	70	69	55	67	62	48	44	1
191041	100087	54	RB	60	65	72	37	57	53	59	48	0
191044	110770	116	LB	60	69	72	48	59	64	61	61	0
191167	1935	14	CB	60	64	57	26	44	48	60	69	1
191408	112676	183	RB	60	59	70	25	49	41	61	66	0
191411	112390	183	LB	60	62	67	25	43	31	67	66	1
191432	112393	183	LB	60	60	84	36	40	58	65	67	1
191439	112389	183	CDM	60	63	60	51	54	53	65	50	0
191629	112390	183	RB	60	61	74	38	60	54	61	65	0
191637	111588	167	RB	60	64	70	48	59	62	64	66	0
191892	1478	167	GK	60	60	56	63	60	61	41	62	1
191919	1476	167	CM	60	63	66	47	59	57	59	60	0
191967	980	167	RB	60	60	50	53	59	59	64	56	0
191998	1032	83	CM	60	72	70	58	43	62	38	48	0
192056	111398	195	CAM	60	64	79	61	56	63	42	48	0
192163	711	46	CB	60	65	55	35	51	41	61	69	0
192239	1873	19	CDM	60	65	63	46	58	59	63	55	0
192363	1786	13	CB	60	68	67	26	25	39	64	60	0
192499	100879	45	CDM	60	65	34	48	62	50	64	68	1
192813	110890	14	CM	60	60	70	53	55	68	36	41	1
192938	68	18	RW	60	78	78	53	46	66	37	53	0
193023	1929	14	CB	60	60	80	43	58	61	61	57	0
193181	1803	14	LM	60	65	84	51	50	66	40	58	1
193186	144	181	GK	60	64	66	57	59	61	44	54	0
193249	111373	4	CB	60	65	56	26	39	31	59	70	0
193299	111705	46	GK	60	58	61	58	78	63	23	59	1
193320	1788	13	RW	60	64	76	57	45	63	33	46	0
193404	110770	47	RM	60	71	69	60	59	63	53	52	0
193570	319	46	ST	60	60	47	55	43	49	46	78	1
193713	219	115	LW	60	70	71	44	58	65	43	42	0
193804	121	14	RB	60	71	79	31	52	56	59	59	0
193943	89	14	RM	60	68	65	65	49	66	32	52	1
193957	1920	56	CM	60	60	80	56	55	65	47	50	0
194259	110326	18	CB	60	67	49	25	48	37	61	68	1
194679	1926	14	GK	60	64	61	58	55	64	51	59	0
194730	1867	45	GK	60	66	64	57	52	65	58	57	0
194769	110749	37	RM	60	66	85	53	52	62	50	60	1
194785	1798	35	CB	60	66	59	29	43	36	60	68	0
194892	210	18	GK	60	63	62	57	63	64	37	61	0
195436	111091	110	CB	60	60	77	29	56	56	58	64	0
195481	110890	14	ST	60	67	74	57	54	57	41	66	0
195698	217	18	CDM	60	72	64	52	56	60	60	56	0
196972	922	36	CB	60	60	62	39	51	42	62	61	1
196976	1945	14	CB	60	68	72	30	44	38	60	72	1
197068	110890	14	CM	60	61	73	51	57	61	59	48	0
197511	112139	183	ST	60	60	78	54	37	52	38	56	0
197718	111651	95	ST	60	64	63	57	56	57	59	67	0
197813	70	18	CAM	60	70	64	54	60	62	47	56	0
197990	112259	14	RM	60	67	72	42	58	57	60	52	0
198059	111065	95	CB	60	60	40	27	36	38	63	69	1
198111	1832	21	CF	60	64	69	61	40	62	38	62	0
198152	15048	138	RM	60	64	81	45	52	61	45	56	1
198160	693	82	LB	60	62	83	37	54	59	60	59	1
198247	1841	36	CF	60	65	73	57	52	62	41	54	0
198858	2038	27	LB	60	67	70	39	37	53	64	54	0
199046	346	25	RM	60	64	69	46	60	58	53	56	0
199081	112072	46	CM	60	59	62	52	58	54	60	66	0
199122	111835	54	CM	60	59	74	54	56	67	50	58	0
199123	111835	54	CB	60	60	59	29	31	32	65	64	1
199130	111835	46	GK	60	60	61	63	62	60	32	60	1
199259	1474	167	GK	60	66	61	66	65	61	44	57	0
199300	2056	167	CB	60	60	69	40	57	55	63	60	0
199311	983	167	CM	60	60	77	56	65	62	56	64	1
199398	1715	47	LM	60	69	73	40	56	58	62	58	0
199439	110329	4	ST	60	75	62	55	42	58	37	56	0
199525	300	4	ST	60	65	71	57	55	63	37	65	0
199616	506	21	CB	60	63	61	32	35	43	63	57	0
199889	1862	47	ST	60	60	64	56	47	57	46	66	0
200067	110569	18	CB	60	65	53	40	50	47	62	61	1
200073	110747	51	CB	60	65	44	46	60	50	63	53	1
200180	682	18	GK	60	61	63	58	55	61	51	60	0
200187	682	7	LB	60	63	58	37	59	55	61	60	0
200368	1465	36	ST	60	64	58	59	53	56	51	72	1
200409	12	42	LM	60	70	71	45	55	62	38	46	0
200462	110745	37	RM	60	67	67	51	40	65	41	60	1
200473	1831	21	ST	60	68	83	58	48	67	33	46	1
200485	1936	14	RM	60	65	89	45	53	64	39	41	1
200501	110069	45	LM	60	72	76	54	56	65	60	61	0
200535	111400	195	CM	60	70	66	50	59	63	49	34	0
200562	112115	167	LB	60	66	68	39	62	56	64	65	1
200600	2056	167	CM	60	64	65	45	60	61	56	51	0
200639	320	46	ST	60	68	72	57	51	63	46	52	0
200663	361	18	ST	60	60	80	57	48	53	49	68	1
200679	461	45	GK	60	72	60	69	56	57	44	60	1
200715	1807	14	GK	60	68	61	59	47	68	42	56	0
200730	1929	18	RB	60	60	64	27	46	50	60	65	0
200793	77	42	LB	60	63	69	28	58	64	57	63	0
200799	688	95	ST	60	69	64	59	44	63	46	62	0
200806	12	14	CM	60	70	65	51	64	62	59	59	0
200826	463	52	ST	60	67	55	54	39	48	44	74	1
200895	3	14	LB	60	67	66	46	58	58	60	56	0
200908	1958	35	LM	60	65	73	47	60	64	36	46	0
200942	110	25	GK	60	69	61	58	63	60	51	64	0
201025	68	18	LB	60	74	69	53	60	53	58	70	0
201082	111086	37	GK	60	66	63	61	60	61	21	58	1
201084	181	42	CAM	60	72	78	50	54	70	38	59	1
201224	1848	39	GK	60	70	60	60	50	62	23	60	0
201227	1832	45	RM	60	73	63	53	57	64	42	44	0
201417	110	25	RB	60	70	57	40	58	60	60	68	0
201431	294	18	CB	60	67	52	26	42	45	61	61	0
201872	688	70	LM	60	64	63	59	58	60	47	52	1
201898	112267	8	CB	60	59	38	34	42	43	61	70	0
201924	459	129	ST	60	68	58	57	41	53	47	60	0
201981	88	34	ST	60	60	81	58	38	57	41	63	1
202028	110234	43	CB	60	60	61	56	55	57	59	68	0
202033	1919	25	LM	60	70	80	53	54	62	35	54	0
202072	1936	14	ST	60	64	69	55	40	58	40	64	1
202073	111144	95	CB	60	66	71	57	53	59	61	66	0
202105	420	37	ST	60	65	64	55	40	59	38	64	0
202121	101112	95	ST	60	60	60	58	47	60	45	71	1
202138	111393	195	CM	60	64	63	45	58	52	61	58	0
202164	688	95	CDM	60	75	65	51	59	64	63	66	0
202170	111766	198	CB	60	64	44	30	41	36	61	72	1
202179	110	14	RM	60	74	79	46	51	68	35	31	1
202185	695	95	ST	60	60	65	56	42	60	41	60	0
202195	1809	18	ST	60	67	73	58	51	58	38	54	0
202208	111395	195	RW	60	67	84	57	43	64	38	42	1
202224	111065	95	CDM	60	62	59	57	56	62	58	60	0
202353	698	95	CM	60	60	81	56	52	65	47	51	1
202398	357	18	LB	60	66	64	38	49	54	64	65	1
202420	1938	25	CM	60	60	78	54	59	58	57	66	0
202527	82	18	ST	60	68	80	55	44	63	44	70	0
202701	110227	40	LB	60	66	58	29	57	34	63	69	0
202770	1804	14	GK	60	60	66	57	71	60	25	59	1
202790	110747	15	CAM	60	66	56	66	63	49	55	62	1
202814	1934	14	RB	60	66	76	27	54	54	59	57	0
202819	423	25	LM	60	70	80	50	55	60	38	48	0
202950	1477	167	CB	60	60	62	37	41	30	59	71	0
202961	111588	167	CF	60	63	74	59	61	65	52	58	0
202966	1473	167	CDM	60	65	61	43	57	44	64	63	0
202970	982	167	ST	60	60	76	60	48	62	51	66	0
202978	983	167	CB	60	65	80	30	35	44	64	72	1
203011	1476	167	CB	60	60	70	42	49	24	63	60	0
203059	1795	14	CB	60	64	67	30	52	48	60	68	0
203083	112267	8	ST	60	59	58	56	55	62	42	58	1
203097	1935	14	RM	60	71	89	54	51	66	32	40	1
203176	1788	117	CDM	60	65	60	44	62	56	58	55	0
203308	111398	195	CM	60	68	70	51	59	59	53	49	0
203357	19	14	LB	60	75	63	29	57	58	59	58	0
203372	631	42	LM	60	69	67	54	60	63	57	54	0
203461	897	47	CM	60	67	73	45	62	62	52	56	0
203521	106	14	CB	60	60	67	31	47	41	59	66	0
203529	112217	40	CB	60	67	59	32	42	38	58	68	0
203625	112218	6	CB	60	71	43	49	53	53	61	69	1
203668	111993	27	LW	60	65	75	55	53	60	39	60	0
203756	8	14	ST	60	68	57	56	45	43	41	75	1
203838	110500	21	LM	60	68	72	61	56	64	36	59	0
203840	89	148	RM	60	62	70	55	58	65	56	68	0
203884	71	108	CB	60	73	61	27	44	46	59	62	0
204105	110456	18	RB	60	73	69	37	52	53	60	56	0
204126	111086	12	ST	60	60	51	56	50	61	45	75	1
204165	1832	21	RB	60	65	72	49	48	59	62	60	0
204280	468	45	ST	60	75	70	58	43	53	40	60	0
204289	109	14	ST	60	82	75	57	49	62	38	60	0
204291	109	14	ST	60	66	67	58	52	68	38	58	1
204296	780	4	ST	60	73	67	60	48	62	38	60	0
204411	1808	14	CDM	60	76	70	42	53	51	63	67	1
204445	1962	35	RB	60	68	82	28	49	55	60	63	1
204472	68	18	RM	60	69	72	53	63	64	38	50	0
204510	246	34	CAM	60	72	59	54	60	63	34	47	0
204619	1747	7	ST	60	68	73	59	47	62	37	62	0
204636	1902	34	GK	60	68	61	60	61	60	44	60	0
204696	1853	45	RM	60	68	71	55	56	63	58	57	0
204722	110765	167	RB	60	61	76	48	59	62	54	58	0
204725	1477	167	GK	60	67	62	62	58	62	63	59	1
204764	571	45	CB	60	65	65	31	54	40	60	62	0
204805	110930	140	GK	60	70	61	59	44	62	40	61	0
204876	452	45	LB	60	72	78	41	50	56	59	52	0
204902	434	1	CM	60	60	76	47	52	64	47	51	0
204914	1935	117	CB	60	68	55	31	48	53	59	68	1
204931	1910	34	GK	60	67	62	55	60	64	56	60	0
204968	294	18	CM	60	70	63	45	59	61	57	57	0
205048	33	21	RM	60	67	79	56	58	63	36	51	0
205082	983	167	GK	60	60	60	59	62	62	52	61	0
205099	100764	40	LM	60	70	67	59	62	65	37	50	0
205161	1794	14	ST	60	66	69	58	56	65	38	58	0
205168	111091	37	CM	60	60	76	48	52	67	38	39	1
205188	62	18	ST	60	67	68	62	29	60	38	72	1
205192	110704	45	LW	60	77	60	52	64	62	47	59	0
205207	110636	57	LB	60	76	80	39	59	65	57	60	0
205254	82	35	LB	60	71	70	41	59	56	59	63	0
205360	109	14	LM	60	67	74	52	54	65	43	50	0
205419	1867	45	LB	60	69	72	24	45	53	58	63	0
205423	1456	36	CM	60	68	73	55	58	69	55	48	1
205463	110178	21	LM	60	68	66	47	60	63	43	50	0
205618	673	34	RB	60	72	52	31	59	59	58	66	0
205703	110704	45	GK	60	60	61	55	57	65	43	59	0
205715	112020	27	CM	60	74	67	47	62	67	49	56	0
205759	189	4	GK	60	75	65	54	57	68	34	55	1
205813	301	37	CM	60	66	62	37	59	57	59	55	0
205854	111540	46	CM	60	75	67	47	65	62	54	58	1
205877	88	14	LB	60	74	74	50	54	56	59	55	0
205898	256	4	CB	60	66	78	38	33	44	60	75	1
205927	650	34	GK	60	65	60	61	58	60	40	59	0
205939	160	21	CM	60	69	73	37	60	67	48	42	0
205962	110745	37	CB	60	60	52	36	41	38	61	62	1
205975	301	37	CB	60	60	76	37	60	54	58	51	0
206004	110109	17	CB	60	67	43	28	52	44	59	70	1
206061	468	45	CDM	60	68	68	44	59	56	59	58	0
206156	1848	27	CM	60	70	70	55	63	61	52	55	0
206159	1848	27	RB	60	79	67	35	50	51	60	58	0
206279	111086	28	CM	60	60	60	39	64	57	58	50	0
206521	981	167	ST	60	70	64	58	43	61	39	65	0
206542	1962	14	ST	60	69	77	56	44	53	40	68	0
206593	2056	167	CB	60	68	70	39	54	54	62	67	0
206634	710	95	RM	60	63	84	56	56	65	41	68	1
206663	697	95	ST	60	65	67	55	34	66	41	56	0
207470	101112	14	CDM	60	61	62	58	57	61	59	64	1
207545	1475	167	LB	60	63	74	27	41	46	58	71	0
207553	700	46	CM	60	69	73	57	59	57	55	51	0
207565	110765	167	ST	60	62	66	50	31	56	40	70	0
207627	101103	56	CB	60	68	54	26	36	35	61	58	0
207644	702	51	RB	60	59	81	42	52	59	58	56	1
207647	379	18	CAM	60	71	64	44	66	66	42	39	1
207660	254	4	CDM	60	71	70	45	58	60	61	58	0
207671	687	93	CM	60	64	59	34	54	55	60	55	0
207790	34	21	CB	60	79	55	52	57	54	58	62	1
207809	111588	167	CM	60	65	60	34	60	54	59	66	0
208020	100634	34	CM	60	67	63	48	60	64	54	54	0
208066	1478	167	CB	60	67	52	27	26	44	61	70	0
208071	1477	167	ST	60	60	71	51	56	62	40	54	0
208076	110765	167	CDM	60	66	67	55	59	61	58	54	0
208079	111588	167	LB	60	62	73	33	49	57	60	59	0
208126	111239	21	ST	60	64	66	58	49	55	37	64	0
208194	210	167	LM	60	69	80	44	53	63	34	41	0
208304	1474	167	CAM	60	72	69	51	59	62	34	43	0
208335	110178	21	RB	60	68	66	45	58	54	58	64	0
208345	111091	37	ST	60	60	57	54	39	56	45	67	0
208433	111835	1	CM	60	60	77	51	59	63	36	47	0
208458	1800	14	CM	60	69	68	51	61	59	57	63	0
208676	111396	195	LM	60	70	80	58	55	64	41	51	0
208696	111822	4	ST	60	60	53	59	33	56	40	66	1
208700	110178	21	ST	60	68	77	49	56	65	42	53	0
208752	1924	14	CB	60	65	63	31	40	35	60	64	0
208765	144	38	CM	60	60	77	46	53	66	54	53	0
208914	112139	183	CB	60	64	64	27	29	31	60	70	0
208944	1938	14	CB	60	61	65	29	46	42	60	65	0
209014	1755	36	CM	60	71	73	54	58	62	59	62	0
209027	112392	183	GK	60	66	62	61	58	63	40	58	0
209033	112392	183	CB	60	57	69	39	53	47	60	66	0
209041	605	183	CB	60	65	59	27	26	27	61	75	1
209214	112395	183	RB	60	57	86	35	54	56	58	47	1
209250	1948	25	RB	60	63	73	40	53	48	59	63	0
209273	1913	129	CB	60	60	77	44	55	65	59	62	0
209288	110569	18	CM	60	73	72	52	66	69	35	41	1
209404	110746	37	LB	60	60	66	54	61	62	55	52	0
209443	1904	34	LB	60	68	54	29	51	48	66	64	1
209464	1917	42	CB	60	60	53	34	38	39	60	68	0
209532	1806	4	GK	60	79	59	57	53	64	50	59	0
209552	112096	183	CDM	60	63	71	30	50	52	60	64	0
209563	112096	183	GK	60	59	60	61	63	59	43	63	0
209675	2	90	CB	60	70	66	31	32	34	59	65	0
209726	1905	34	CM	60	60	77	61	54	65	39	54	0
209745	10029	145	CAM	60	72	68	51	58	64	35	46	0
209754	450	45	CDM	60	70	55	37	60	57	56	50	0
209757	111400	195	GK	60	65	62	57	60	67	39	54	0
209782	319	46	LM	60	75	76	52	53	69	33	34	1
209834	112427	195	RW	60	68	91	44	49	67	39	50	1
209842	647	98	ST	60	66	68	55	50	61	39	67	0
209969	81	42	LM	60	64	71	51	56	62	59	60	0
209998	378	18	GK	60	67	62	59	58	62	44	56	1
210005	111373	4	LB	60	67	77	53	51	67	61	57	0
210009	80	42	LB	60	70	69	43	58	62	58	54	1
210019	21	21	GK	60	70	64	58	60	63	26	54	1
210151	100764	40	ST	60	65	72	56	40	60	35	62	0
210217	111398	195	CB	60	65	65	30	50	57	58	60	0
210255	121	118	ST	60	69	74	53	54	58	41	71	1
210275	111373	4	RM	60	67	81	61	52	71	34	44	1
210340	111400	87	ST	60	60	90	55	49	65	33	47	1
210341	688	47	CB	60	60	73	46	58	56	60	53	0
210384	1906	34	LB	60	70	73	49	61	65	59	50	0
210420	239	7	CM	60	60	72	45	57	67	36	43	0
210441	110710	45	ST	60	60	68	59	43	55	37	68	0
210444	691	107	ST	60	67	67	53	46	61	41	66	0
210445	312	40	GK	60	65	66	57	65	61	43	56	1
210487	112389	183	CF	60	61	69	55	30	59	37	55	0
210498	112392	183	LM	60	66	66	55	59	57	54	53	0
210505	247	34	CM	60	60	63	52	65	66	58	54	1
210519	110704	38	CDM	60	77	72	44	52	55	60	61	0
210580	110089	40	GK	60	68	64	56	58	62	38	58	1
210613	1910	21	CM	60	61	65	47	62	61	62	62	0
210711	697	95	GK	60	65	61	59	63	64	45	60	0
210723	165	21	LB	60	66	73	57	58	62	53	50	0
210729	1914	34	RB	60	72	76	30	52	61	58	50	0
210733	1914	34	ST	60	60	68	62	46	70	36	52	1
210794	670	53	CAM	60	60	62	51	59	64	41	53	0
210843	112096	183	LB	60	69	72	26	44	39	61	71	0
210889	91	14	LB	60	65	68	29	59	52	60	62	0
211071	110831	45	LM	60	67	77	60	56	63	39	51	1
211137	112393	183	CB	60	60	48	26	28	32	62	64	0
211234	110710	45	CM	60	60	57	49	56	76	33	40	1
211414	1940	14	CDM	60	58	64	46	54	54	60	64	0
211485	550	48	LM	60	68	72	58	59	65	36	47	0
211542	100769	40	GK	60	74	66	58	57	60	42	57	0
211720	110178	21	RM	60	65	74	40	61	58	35	52	0
211742	159	21	LM	60	68	74	52	64	64	56	62	0
211745	159	21	CDM	60	66	69	42	55	54	62	60	0
211793	111395	195	CB	60	66	67	32	49	43	59	66	0
211840	503	21	CDM	60	66	51	50	53	49	63	65	1
211999	36	21	CDM	60	79	62	34	56	57	59	66	0
212008	111398	195	ST	60	63	70	57	58	65	37	56	0
212138	111091	37	RM	60	70	88	53	63	59	48	63	1
212156	111140	56	ST	60	67	70	55	37	56	38	61	0
212424	687	95	CDM	60	75	55	48	61	63	57	50	0
212594	696	95	CM	60	71	76	52	51	61	58	55	0
212685	687	95	RB	60	66	55	32	58	55	62	56	0
212712	695	95	CB	60	60	71	40	49	56	58	68	0
212726	111140	95	CB	60	60	52	45	53	52	60	68	1
212727	111065	95	ST	60	64	54	49	44	57	42	70	1
212778	1477	167	CM	60	60	66	35	59	57	60	68	0
212809	111928	95	CB	60	64	64	28	52	54	62	61	0
212817	1476	167	ST	60	60	61	53	32	60	38	70	0
212885	693	103	CM	60	60	81	46	53	68	32	44	1
212950	682	18	CB	60	60	60	35	42	52	58	68	0
212951	682	7	ST	60	60	64	57	57	66	35	56	0
212956	697	95	LB	60	65	77	38	57	58	59	58	0
212958	697	70	CB	60	66	55	32	47	48	60	68	0
212992	300	24	ST	60	69	70	60	52	65	36	53	0
212993	300	36	GK	60	60	66	54	61	66	42	54	0
213131	702	208	CM	60	60	69	51	61	63	42	43	0
213134	32	21	CDM	60	84	64	39	64	61	56	52	1
213307	694	95	LM	60	69	71	57	56	61	37	43	0
213331	28	21	CB	60	83	60	27	39	41	60	64	1
213337	1439	54	CM	60	73	68	49	57	65	50	42	1
213338	1439	46	LM	60	67	72	52	52	67	44	48	0
213464	1870	46	RB	60	66	72	41	59	60	57	57	0
213498	111705	46	CM	60	68	61	52	56	69	54	55	1
213575	1476	54	ST	60	60	68	57	53	60	37	48	0
213733	100766	40	ST	60	77	67	60	53	65	38	56	0
213813	702	46	CM	60	70	61	47	61	58	58	53	0
213817	111271	97	RM	60	64	70	44	61	61	45	49	0
213896	111139	52	CM	60	60	74	50	58	58	55	61	0
213921	1913	34	GK	60	68	66	54	64	67	40	59	0
214595	10029	21	RB	60	67	66	33	60	58	61	61	0
214620	111091	37	ST	60	68	66	54	37	58	39	61	0
214884	1873	37	CB	60	71	59	45	50	60	62	62	0
215423	33	144	LM	60	72	78	50	55	67	43	42	0
215580	112512	37	ST	60	63	69	58	57	61	35	57	0
215582	112512	37	CAM	60	77	69	55	63	62	41	54	0
215691	100632	34	CM	60	63	69	46	65	61	58	61	1
215863	647	34	CM	60	60	63	54	57	58	47	64	0
215921	110913	18	RM	60	63	72	58	55	64	46	60	0
216112	100087	118	CB	60	60	61	27	39	38	59	70	1
216284	485	21	CB	60	60	38	31	35	37	60	72	1
216359	506	18	CDM	60	66	68	44	58	58	60	60	0
216386	10030	21	RM	60	66	72	48	54	63	42	52	0
216549	298	36	ST	60	70	72	59	51	62	34	54	0
216833	1909	34	GK	60	70	60	61	58	63	46	58	0
219637	479	45	GK	60	69	55	61	58	63	55	62	0
219654	1861	167	CAM	60	70	85	54	60	62	36	42	1
190539	1463	46	ST	60	67	74	53	43	58	39	62	0
200684	1799	14	ST	60	70	78	53	50	61	45	49	0
2702	357	14	LM	59	59	53	64	54	64	50	66	1
5445	1803	14	CB	59	59	37	27	54	47	60	61	0
11336	1933	14	CM	59	58	48	62	67	54	51	55	1
11793	1955	14	GK	59	59	65	54	65	59	35	56	0
19184	143	14	ST	59	58	40	55	50	52	46	67	0
19539	112254	14	CB	59	59	59	47	65	52	55	61	1
20337	306	123	ST	59	58	81	57	51	55	39	66	1
45848	112374	46	CB	59	59	54	38	45	45	61	66	0
47702	898	47	CB	59	61	50	47	57	52	60	63	0
51328	1930	14	CB	59	59	50	27	38	33	60	70	1
53343	357	14	CB	59	58	57	26	35	37	60	68	0
53363	1797	14	GK	59	62	63	58	60	62	37	53	1
53505	1480	14	ST	59	59	72	54	54	60	46	63	0
53818	1933	14	CM	59	59	62	44	58	56	53	63	0
100574	112512	37	ST	59	59	52	60	55	55	44	71	1
100745	1954	14	GK	59	59	56	54	55	62	41	62	0
100751	1925	25	CB	59	60	50	47	60	53	60	58	0
100905	1930	117	CB	59	59	74	29	40	49	61	73	1
101891	111651	14	CM	59	59	59	51	60	62	61	63	0
103582	1954	14	CB	59	59	56	34	40	44	60	72	1
111320	1929	14	CB	59	59	39	56	51	47	63	60	0
120040	1870	46	LB	59	60	52	45	62	56	59	58	0
122269	1940	50	RWB	59	56	60	42	58	42	59	67	0
122270	112259	42	CM	59	59	49	50	64	58	52	51	0
134734	321	46	RB	59	60	66	45	56	56	60	55	0
134812	1948	14	ST	59	60	58	56	36	57	38	59	0
136120	121	42	LB	59	59	62	27	53	57	60	60	0
137356	1838	27	GK	59	59	67	53	55	65	42	52	0
138251	86	42	RB	59	59	80	33	57	56	57	69	0
138423	1951	14	CDM	59	59	62	48	56	59	60	66	0
139233	111588	167	GK	59	59	62	60	59	55	53	61	0
139474	143	14	CB	59	59	52	29	39	34	62	68	0
139654	100805	42	CB	59	59	54	26	53	52	60	63	0
144418	700	46	CB	59	59	59	36	40	34	58	71	0
147931	112115	39	ST	59	59	48	64	68	76	32	51	1
148480	111087	37	LB	59	60	70	53	60	60	56	66	0
149654	306	25	CB	59	58	53	43	46	49	61	59	0
149672	422	14	CB	59	59	46	38	47	31	61	68	1
149687	445	25	CM	59	59	54	57	60	58	57	61	0
149776	111285	25	GK	59	59	58	61	50	59	36	60	0
150678	112549	18	RB	59	59	72	32	49	49	62	56	0
151564	112424	13	CB	59	59	68	41	40	35	63	72	1
152511	1946	14	CM	59	59	68	55	58	58	62	60	0
152574	112224	195	ST	59	59	49	57	34	55	42	66	1
152643	1925	25	CM	59	59	48	49	66	60	59	55	1
152697	1480	25	CB	59	60	57	30	41	42	62	69	1
155787	111092	37	RB	59	59	58	49	58	59	58	58	0
156162	1946	14	GK	59	59	63	56	57	62	53	57	0
157371	1936	14	LM	59	59	83	51	51	62	38	56	1
158073	1443	13	CM	59	61	70	53	66	58	49	43	1
158396	1862	136	ST	59	59	75	58	50	59	45	64	0
159391	86	42	CM	59	59	68	52	60	62	62	63	0
160769	110313	14	LB	59	61	79	49	54	58	56	65	0
161642	15015	14	ST	59	59	54	59	41	52	41	62	1
162391	1954	77	LM	59	62	81	51	53	60	56	57	1
162401	112254	14	GK	59	59	61	59	58	63	53	51	0
162454	1941	14	CDM	59	63	66	52	60	39	56	60	0
163306	1480	14	LM	59	61	80	58	55	62	57	53	0
163466	110569	18	CB	59	59	72	43	58	63	56	47	0
163608	1929	14	CDM	59	59	50	41	61	53	57	60	0
163757	110890	50	CB	59	74	63	42	57	59	58	58	0
165005	110747	37	CDM	59	60	42	52	63	56	56	58	0
165025	111087	37	RB	59	59	65	37	53	45	60	68	0
165156	112512	37	LM	59	58	66	52	61	60	53	42	0
166850	1935	14	GK	59	60	67	53	42	68	57	51	0
167328	563	25	RB	59	59	64	45	51	42	60	63	0
167691	82	14	RB	59	60	72	37	56	46	60	63	0
167695	100804	25	CM	59	58	62	43	61	63	64	70	0
167926	121	14	CM	59	66	71	53	58	59	61	64	0
168393	1844	27	GK	59	59	59	60	56	59	37	58	1
169441	100805	42	CB	59	59	63	26	55	57	60	68	0
169591	361	42	RB	59	63	70	41	58	59	56	58	0
169748	111651	47	CB	59	59	71	46	65	63	56	55	1
169800	1530	118	LB	59	62	73	36	51	58	59	54	0
170015	1951	25	CM	59	63	76	62	60	58	50	49	1
170124	110747	37	RB	59	59	64	48	59	54	62	60	0
170228	1940	14	RM	59	63	74	59	60	63	40	50	0
170249	1802	14	CDM	59	62	57	45	57	56	59	56	0
170288	1928	14	RM	59	63	80	49	52	65	42	42	0
170300	1946	14	ST	59	61	67	59	41	55	38	58	0
170579	434	52	CB	59	59	63	47	56	51	57	63	0
171083	1930	25	ST	59	59	82	55	49	62	36	55	1
172142	1447	13	RM	59	64	56	55	63	51	53	64	0
173349	83	14	RM	59	65	81	52	56	60	35	44	1
173498	1958	50	CM	59	63	59	52	67	46	55	52	1
173812	563	25	LB	59	64	80	53	57	57	57	59	0
173836	1929	14	ST	59	63	75	53	47	68	41	52	1
173891	361	14	RM	59	63	68	57	55	62	39	63	0
175816	1456	46	ST	59	59	79	55	49	60	37	54	0
175890	112199	36	CB	59	59	49	37	44	33	61	69	1
176257	420	37	GK	59	57	62	52	62	63	38	62	0
176799	702	104	CB	59	59	65	48	57	53	60	63	0
176862	112072	46	LM	59	58	72	40	53	57	51	64	0
176863	112374	46	CB	59	59	51	37	47	44	57	72	1
176988	112254	14	LWB	59	59	69	56	59	59	62	68	1
177056	112427	195	CB	59	59	73	54	59	57	59	63	0
177324	1929	99	LM	59	57	74	50	51	64	40	52	0
177461	702	46	CB	59	59	71	47	53	59	61	65	0
177799	894	47	LB	59	64	70	49	57	58	56	50	0
177989	1478	167	ST	59	59	93	44	58	50	43	52	1
178100	1928	14	ST	59	59	79	54	42	68	35	56	1
178392	696	95	GK	59	67	61	58	58	60	47	61	1
180181	423	25	CB	59	58	52	30	43	38	62	58	1
180280	1476	167	CM	59	59	63	51	55	56	59	65	0
180357	563	25	CB	59	60	34	37	43	33	61	58	0
180755	112224	195	GK	59	61	64	54	53	67	58	52	0
181737	306	25	RW	59	58	71	57	58	60	38	59	0
181796	423	25	RB	59	58	71	38	52	40	57	58	0
181879	1924	14	CDM	59	63	45	29	47	48	59	67	0
182156	423	25	CM	59	62	54	56	61	57	56	53	0
182185	1949	14	CM	59	63	71	53	59	56	53	60	0
182441	112427	195	RW	59	62	71	53	40	64	34	31	0
182489	112260	14	GK	59	60	59	61	47	62	25	56	0
182617	1797	14	ST	59	63	70	54	50	56	50	67	0
182649	298	36	GK	59	59	59	61	60	63	35	57	1
182729	1948	14	CM	59	62	64	36	59	57	58	64	0
182883	1797	14	RM	59	64	85	52	46	63	39	60	1
183146	1790	14	ST	59	58	78	56	48	60	40	58	0
183331	15015	14	CB	59	63	45	26	32	31	59	72	1
183347	12	47	GK	59	65	58	57	53	60	55	61	0
183460	1920	14	ST	59	64	80	55	47	61	38	56	0
183720	1803	14	CM	59	65	75	58	64	64	48	58	0
183778	1786	13	LM	59	62	86	34	63	44	61	64	1
183784	900	51	CM	59	64	69	60	62	62	53	52	1
184183	670	7	CB	59	68	54	32	47	31	62	65	0
184395	1928	50	LM	59	60	82	55	50	66	38	59	1
184843	1930	14	CB	59	65	60	53	38	42	59	69	1
184980	423	25	LB	59	62	62	40	58	57	57	64	0
185056	2056	167	LW	59	59	60	50	59	55	56	56	0
185437	361	14	CB	59	59	78	40	51	61	58	54	0
186136	423	25	ST	59	65	72	59	46	58	33	59	0
186137	111285	42	CM	59	59	76	46	55	64	42	57	0
186162	1929	14	RB	59	67	77	29	49	54	61	62	0
186705	693	95	CM	59	59	65	57	56	63	58	58	0
186794	1870	46	ST	59	58	68	56	47	53	44	62	0
186904	1934	14	CM	59	62	67	40	57	54	59	61	0
187178	1476	167	CB	59	62	65	46	60	48	57	58	0
187798	1945	14	CM	59	59	72	55	57	63	53	50	0
188094	1804	42	GK	59	63	62	56	64	64	55	53	0
188407	631	47	ST	59	59	64	54	45	52	42	67	0
188781	631	42	ST	59	66	76	61	47	63	43	45	0
188913	110746	37	ST	59	59	62	55	51	59	42	61	0
189021	434	47	GK	59	72	56	55	61	65	43	61	0
189163	15015	42	RM	59	65	71	57	52	59	47	64	0
189614	1936	14	ST	59	65	70	55	52	56	46	68	0
189668	1955	14	CB	59	59	70	36	52	56	60	53	0
189695	1924	25	RM	59	63	74	56	57	61	35	40	0
189802	15015	25	LB	59	63	68	43	59	55	59	60	0
189910	127	14	ST	59	70	56	58	46	53	39	57	0
190102	15015	14	LM	59	62	74	35	58	63	35	49	0
190200	81	14	CM	59	67	71	50	61	56	59	60	0
190583	112259	14	ST	59	68	66	48	53	57	40	67	1
190940	1802	14	ST	59	64	78	51	56	56	47	68	0
190983	1917	25	CB	59	65	65	32	55	42	59	61	0
191006	111393	195	CB	59	59	64	37	54	53	58	65	1
191095	1447	24	CB	59	65	51	39	45	49	60	61	0
191106	1463	46	LB	59	61	75	40	56	60	57	55	0
191433	112676	183	GK	59	57	61	60	61	56	42	60	0
191500	112390	183	ST	59	60	53	58	61	59	43	67	0
191820	1477	167	ST	59	59	65	55	57	58	47	67	0
191829	980	167	ST	59	59	68	57	49	60	38	62	0
191872	1475	167	ST	59	59	74	48	59	60	44	64	0
191978	1476	167	RB	59	66	74	38	54	60	58	56	0
192070	920	46	LB	59	68	71	31	50	53	55	67	0
192103	1870	46	GK	59	60	67	49	45	69	22	54	0
192250	111400	195	CB	59	65	42	39	47	47	57	68	0
192674	1853	45	GK	59	63	57	65	60	56	34	58	0
192695	1934	14	RB	59	66	73	36	56	56	58	62	0
193072	1862	103	RM	59	68	81	56	50	58	57	60	1
193300	111092	8	CB	59	59	70	51	50	63	58	66	1
193411	1862	47	GK	59	65	56	52	56	69	56	58	0
193473	1439	46	CB	59	69	54	36	47	45	61	65	0
193578	698	95	GK	59	66	62	59	60	64	32	55	0
193603	1962	50	LM	59	70	77	57	47	63	38	52	0
193683	110326	18	CM	59	73	71	55	65	60	40	38	1
193740	1939	14	LB	59	68	70	26	56	62	58	56	0
193884	1940	14	ST	59	69	77	49	53	64	47	46	0
194035	506	21	LB	59	66	80	51	57	65	56	50	1
194086	62	18	LB	59	65	67	32	56	54	56	64	0
194115	64	18	GK	59	65	65	57	63	62	30	55	0
194412	1790	14	CB	59	59	59	41	43	42	63	58	1
194429	1516	133	CM	59	66	69	43	56	58	62	62	0
194510	1951	50	LB	59	68	72	41	54	60	60	61	0
194718	1814	18	LM	59	68	84	48	58	62	57	54	1
194790	121	14	CB	59	66	54	31	40	39	58	67	0
194791	1937	25	ST	59	68	77	55	46	60	34	63	0
194855	110326	145	ST	59	59	70	58	45	63	38	58	0
195124	1480	14	RM	59	70	88	55	44	65	39	59	1
196316	110326	18	GK	59	64	60	59	56	61	47	56	0
197952	420	37	CDM	59	57	71	55	61	60	46	59	0
198212	894	47	CB	59	67	65	47	58	52	61	64	0
198287	111651	95	CM	59	59	67	52	56	61	57	60	0
198376	110313	14	CM	59	65	66	47	58	55	52	46	0
198414	19	47	GK	59	67	58	60	56	62	56	57	1
198591	894	103	ST	59	69	64	54	54	59	47	62	0
198658	298	36	CM	59	66	69	50	53	55	56	59	0
198812	111271	18	GK	59	59	57	61	63	61	29	61	0
198995	423	25	ST	59	59	71	54	41	56	38	71	1
199021	837	25	LM	59	60	80	52	57	55	50	42	0
199113	111835	46	CB	59	59	64	28	30	47	59	71	0
199253	111398	195	CB	59	59	58	32	52	28	59	72	1
199257	980	167	CM	59	62	54	54	56	50	64	57	0
199258	2056	167	CM	59	59	79	62	63	51	57	58	1
199431	111398	195	CB	59	65	48	38	45	35	58	67	0
199449	111395	195	CM	59	62	63	51	54	62	60	58	0
199553	2045	4	CDM	59	65	37	35	58	46	60	72	1
199632	1463	133	CM	59	69	67	57	57	61	55	68	1
199730	2023	39	GK	59	63	60	61	49	67	48	54	0
199748	1445	13	LB	59	66	80	40	59	47	59	57	0
199768	110636	4	CM	59	75	67	57	63	63	54	54	0
199890	1862	47	RM	59	68	73	58	50	63	51	61	0
199896	898	47	ST	59	66	63	57	51	58	46	66	0
200203	1936	14	CAM	59	64	74	53	58	60	45	46	0
200286	121	14	RB	59	68	70	27	52	56	61	63	0
200291	1798	14	LM	59	69	82	61	54	66	35	54	1
200353	65	18	RB	59	70	52	34	42	37	62	64	1
200411	12	14	ST	59	73	84	60	38	66	39	47	1
200440	1946	50	LM	59	68	78	49	50	66	36	48	1
200465	1949	14	ST	59	69	68	54	45	56	41	64	0
200527	112224	195	ST	59	63	91	63	41	68	29	43	1
200579	111588	167	ST	59	59	59	53	48	58	46	68	0
200714	7	14	ST	59	76	70	63	47	52	36	50	1
200743	83	14	CB	59	59	54	30	42	50	57	68	0
200750	111588	167	GK	59	59	61	56	67	60	33	56	0
200821	1793	14	CM	59	69	70	57	60	61	51	53	0
201132	111091	37	CB	59	64	53	34	53	48	58	62	0
201145	1738	18	ST	59	66	69	39	57	58	61	61	0
201337	620	36	ST	59	67	69	54	34	49	42	64	0
201526	1788	13	ST	59	69	80	55	33	67	32	56	0
201958	110	14	RB	59	71	71	39	50	55	59	61	0
201975	1480	14	LB	59	69	75	48	59	54	56	57	0
202048	1794	14	CM	59	68	67	54	52	51	59	51	0
202079	111705	46	GK	59	66	59	56	54	64	26	60	0
202214	688	95	RB	59	63	74	48	59	57	59	52	0
202256	112199	36	CB	59	61	45	39	48	35	62	60	0
202352	111070	95	CB	59	59	69	56	60	60	59	56	0
202533	1802	25	RB	59	67	72	28	50	59	59	67	0
202610	1871	37	ST	59	66	80	54	38	60	43	57	0
202695	1920	14	CB	59	79	54	26	42	41	58	64	0
202745	1802	14	CB	59	59	64	27	34	35	60	59	0
202771	1938	14	CM	59	66	80	55	62	66	53	40	0
202841	1939	25	LB	59	66	69	44	58	56	58	58	0
202921	111140	198	GK	59	59	59	62	60	58	47	57	0
202960	112115	167	ST	59	59	72	53	51	55	41	56	0
202967	1473	167	CM	59	63	65	52	60	58	53	61	0
202971	980	167	GK	59	62	56	55	61	63	44	61	0
202974	983	167	RB	59	64	78	45	60	57	60	58	0
202984	1476	167	CF	59	62	69	57	44	59	52	46	0
202990	1475	167	ST	59	59	80	57	52	56	45	70	0
203005	112115	167	CB	59	64	59	33	33	37	61	67	0
203056	1960	14	CB	59	59	78	31	55	64	56	46	0
203139	1933	14	CB	59	71	61	26	44	40	62	68	0
203289	121	14	ST	59	77	81	52	50	62	32	52	1
203450	110500	21	CB	59	64	64	34	54	40	60	54	0
203541	620	35	CB	59	64	65	34	42	45	61	66	0
203569	111400	195	RW	59	63	73	59	54	61	44	42	0
203749	1790	14	CB	59	65	59	26	45	45	58	70	0
203851	111821	4	CB	59	67	53	25	32	31	62	70	1
203899	111373	4	RM	59	65	78	47	55	57	59	56	0
203966	1832	21	LB	59	62	48	32	52	34	65	60	0
204092	23	21	GK	59	68	64	59	63	66	31	51	0
204241	112549	18	CB	59	66	68	25	38	41	63	67	0
204292	15	14	ST	59	64	77	59	31	55	39	54	0
204347	1867	45	CB	59	71	46	38	46	39	61	60	0
204356	563	14	CB	59	65	57	33	39	41	60	68	0
204393	100634	34	GK	59	66	56	55	68	70	31	55	1
204455	112259	18	RM	59	66	87	45	46	67	41	48	1
204513	71	18	GK	59	77	58	58	56	68	48	56	0
204686	88	95	CB	59	78	71	47	51	47	60	64	1
204828	110704	45	RB	59	71	68	51	63	64	61	62	0
204935	15015	14	GK	59	75	66	51	61	61	48	59	0
205049	111397	195	CB	59	63	65	29	54	39	55	67	0
205202	110746	37	CB	59	68	63	37	55	56	58	60	0
205235	15005	7	LB	59	63	67	36	55	54	55	49	0
205281	980	167	CB	59	59	64	43	60	62	59	62	0
205361	109	14	CB	59	65	62	32	37	34	58	65	0
205380	110724	7	LM	59	69	64	34	63	62	50	53	0
205393	1941	14	CB	59	70	65	36	55	49	57	58	0
205480	301	37	GK	59	59	64	56	54	63	42	57	0
205529	111974	27	CB	59	76	61	32	42	41	59	64	0
205531	1843	27	CM	59	76	60	53	61	61	50	56	0
205650	1793	14	ST	59	72	76	54	44	59	37	59	0
205959	1952	14	CAM	59	70	61	52	58	59	47	54	0
205985	702	46	ST	59	69	60	52	48	55	39	64	0
206310	217	18	CDM	59	71	62	44	58	57	59	54	0
206472	982	167	CAM	59	63	78	52	54	60	42	44	0
206519	1946	14	LM	59	66	78	54	55	62	46	53	0
206536	112254	14	CB	59	65	65	29	49	37	57	68	0
206553	378	18	CB	59	71	52	33	47	40	59	69	1
207505	1524	36	ST	59	59	69	53	45	58	37	63	0
207544	1475	167	CDM	59	64	67	34	60	57	60	62	0
207571	111140	95	ST	59	59	73	55	36	65	39	52	0
207580	321	46	RM	59	64	69	53	51	64	34	48	0
207584	321	46	ST	59	66	60	51	43	54	42	66	1
207745	66	18	RB	59	68	86	33	41	54	57	46	1
207753	1478	167	CB	59	64	61	26	26	28	62	72	1
207853	111928	95	CM	59	59	72	60	52	62	37	52	1
207947	72	18	CB	59	59	76	34	47	45	58	62	0
207967	697	95	CDM	59	66	77	55	58	62	56	43	1
208056	1475	167	CAM	59	66	75	56	59	58	40	54	0
208074	1475	167	CDM	59	63	72	33	52	60	61	57	0
208109	111400	195	ST	59	66	85	54	41	57	35	52	1
208122	112072	46	LB	59	66	76	35	54	51	61	57	0
208168	1943	136	RM	59	66	70	52	54	58	41	50	1
208350	1841	36	CB	59	65	53	31	50	49	60	67	1
208414	1790	14	ST	59	59	65	56	47	59	37	61	0
208436	112267	46	ST	59	59	66	54	39	52	45	63	1
208544	1796	35	CB	59	59	67	29	44	58	60	62	0
208560	110929	140	GK	59	69	63	59	52	63	43	54	0
208570	1841	36	RM	59	65	67	57	54	62	52	62	1
208592	111070	95	CDM	59	70	66	46	57	63	59	44	0
208659	682	7	LM	59	65	71	46	57	62	43	56	0
208776	28	21	GK	59	74	63	54	53	58	32	65	1
208929	112139	183	CDM	59	67	61	36	49	53	65	54	0
208974	607	183	RM	59	66	77	49	57	61	46	50	0
208978	112096	183	ST	59	59	45	54	31	51	40	69	0
208992	111674	183	RB	59	64	79	36	54	64	56	60	0
209039	106	46	ST	59	69	81	53	42	64	32	49	1
209043	112407	183	CDM	59	59	64	59	61	57	56	56	0
209196	110329	21	RB	59	66	70	27	48	45	60	58	0
209213	112395	183	CDM	59	62	61	49	58	52	62	55	1
209219	112395	183	LM	59	62	55	42	60	56	49	49	0
209253	112260	14	RM	59	62	79	53	53	59	35	52	0
209254	112254	14	LWB	59	52	81	58	50	60	37	42	1
209332	896	47	GK	59	66	59	61	57	58	44	57	0
209415	110746	37	RB	59	66	69	29	56	58	61	55	0
209454	110746	37	LB	59	69	77	47	60	63	61	52	0
209533	1806	47	ST	59	73	76	58	51	59	35	59	0
209618	1820	18	CDM	59	67	63	50	59	56	60	59	0
209631	1814	136	LB	59	64	67	36	50	52	57	56	0
209691	1814	99	CB	59	73	63	27	36	31	59	65	0
209968	110500	21	RW	59	66	77	52	55	64	32	46	0
209987	31	21	GK	59	69	64	55	66	61	55	54	0
209988	38	21	CAM	59	76	71	50	56	62	38	44	0
209994	110636	21	CM	59	59	63	46	56	58	57	60	0
210004	169	21	CM	59	75	73	41	57	60	62	62	0
210012	1904	34	CM	59	65	61	44	61	60	59	57	0
210028	112387	183	CDM	59	62	72	39	49	59	62	64	0
210041	38	21	LB	59	74	74	36	54	58	59	58	0
210116	111139	70	CB	59	64	59	32	38	37	59	67	0
210155	171	21	CB	59	59	55	29	36	38	57	56	0
210230	112407	183	LM	59	64	68	39	61	56	52	62	1
210236	165	21	CB	59	59	60	28	42	43	58	60	1
210277	111271	18	CAM	59	72	78	50	63	64	40	47	0
210303	110178	21	CDM	59	69	66	35	57	53	60	61	0
210311	256	4	LW	59	67	85	59	45	67	30	44	1
210313	256	4	RW	59	72	77	57	52	64	32	46	0
210354	32	21	LM	59	64	59	46	58	65	39	35	0
210366	32	21	GK	59	65	65	52	59	62	36	57	0
210407	1801	14	CB	59	60	63	55	58	58	59	66	0
210432	379	18	GK	59	70	64	56	56	61	47	55	1
210486	2045	4	LB	59	69	74	29	47	58	60	58	0
210501	112392	183	ST	59	59	70	52	36	58	37	59	0
210697	269	13	CAM	59	73	55	51	65	64	50	54	1
210698	28	21	CM	59	76	51	47	56	63	51	55	0
210719	1824	21	CB	59	76	53	31	44	38	59	66	0
210774	898	10	GK	59	58	59	62	57	62	36	56	0
210872	239	54	RW	59	75	64	50	53	69	33	42	1
210988	112395	183	LB	59	61	77	26	59	65	57	48	0
211070	111092	37	CDM	59	66	55	44	58	51	61	52	0
211098	1802	14	RM	59	74	74	55	55	57	55	54	0
211118	110746	37	CM	59	59	75	46	54	62	36	54	0
211194	874	37	RM	59	65	63	55	60	63	54	50	0
211287	299	108	LM	59	74	77	58	39	58	40	57	0
211313	110234	40	LB	59	75	71	36	52	60	59	54	0
211421	1960	50	ST	59	72	72	55	47	57	37	66	0
211717	111766	198	RB	59	71	81	47	56	59	44	52	1
211746	506	21	CM	59	69	70	52	57	68	38	45	1
211855	1832	21	CDM	59	67	61	38	56	50	61	58	0
211856	10029	21	LB	59	78	70	48	54	58	59	69	1
211927	983	167	CAM	59	68	58	53	58	60	48	46	0
211952	31	21	LM	59	73	70	56	61	57	41	55	1
212000	36	21	LM	59	74	71	53	53	66	34	49	0
212120	100081	7	CB	59	76	65	32	52	45	57	60	0
212260	981	167	ST	59	67	65	54	45	53	48	62	0
212273	66	103	RW	59	76	88	50	50	65	33	48	1
212319	982	167	ST	59	65	64	50	33	56	38	66	0
212321	32	21	CDM	59	65	59	42	57	57	59	55	0
212398	111083	37	ST	59	59	66	58	49	56	35	54	0
212431	982	167	CB	59	65	59	26	27	30	57	70	0
212443	112237	27	CB	59	75	55	49	54	56	59	59	0
212485	650	34	CB	59	71	58	49	62	61	58	61	0
212637	900	117	ST	59	66	79	53	40	55	35	64	0
212723	111065	95	CM	59	65	55	57	59	59	53	64	0
212732	111144	95	LB	59	65	84	44	53	50	57	61	1
212776	112115	167	CDM	59	62	63	29	55	37	63	60	0
212827	697	95	ST	59	63	77	57	47	57	39	62	0
212919	2056	167	ST	59	59	64	53	32	45	40	70	0
212949	682	7	CDM	59	63	57	29	61	56	59	61	0
213009	607	183	ST	59	68	68	55	38	57	34	64	0
213089	710	117	ST	59	59	66	60	52	60	34	57	0
213406	689	56	CM	59	63	65	57	64	65	49	48	0
213418	1	14	ST	59	75	81	53	52	61	37	64	1
213471	319	46	CAM	59	72	67	54	60	67	47	52	1
213485	315	40	CB	59	59	58	30	30	37	60	63	0
213496	111705	46	LW	59	65	65	50	60	62	42	46	0
213520	110745	37	LB	59	65	70	38	54	60	62	52	0
213644	33	21	CDM	59	68	68	53	51	60	58	62	0
213708	418	36	CM	59	64	52	45	56	57	56	56	0
213721	689	103	LM	59	64	83	56	50	71	35	50	1
214066	10029	21	LB	59	68	70	33	59	58	59	56	0
215459	110770	47	ST	59	59	65	60	43	55	41	62	0
215510	100769	40	ST	59	71	73	56	51	56	38	60	0
215511	897	1	CAM	59	66	66	50	61	57	44	56	0
215546	100634	34	GK	59	68	63	58	59	60	40	55	0
215658	1443	36	RB	59	60	52	28	41	38	60	67	0
215690	100632	34	CB	59	59	70	41	54	61	58	53	0
216173	112022	4	GK	59	66	62	54	53	63	47	58	0
216409	200	27	RW	59	74	73	48	46	65	34	42	0
216416	160	21	RB	59	77	72	27	56	51	61	51	0
216773	1906	34	RW	59	68	81	56	50	63	36	49	1
217787	2045	10	CB	59	68	63	27	26	32	62	65	1
217999	417	95	ST	59	59	65	54	49	59	37	66	1
204176	110636	48	RM	59	69	68	59	57	61	53	56	1
195023	110109	40	CB	59	65	66	28	42	35	61	65	0
205231	78	42	CB	59	67	69	28	35	57	58	63	0
208096	1	21	CAM	59	73	68	48	56	64	37	50	0
208291	1799	14	LW	59	76	79	45	49	63	43	50	0
2786	111398	14	ST	58	58	58	58	33	50	37	56	0
11386	1930	14	ST	58	58	44	54	39	50	48	73	1
12164	1790	14	GK	58	58	61	55	61	57	23	58	0
13354	81	25	RB	58	58	64	33	61	53	59	64	0
15305	112259	50	CB	58	58	52	32	41	37	59	59	0
18756	1962	14	CM	58	55	54	53	62	57	57	56	0
19341	1946	14	LB	58	57	52	44	55	45	58	65	0
19349	91	25	GK	58	58	54	56	65	63	46	57	0
19582	1940	42	CB	58	60	54	40	36	45	58	64	0
19685	1924	14	LB	58	62	55	47	62	63	59	61	0
21008	112267	46	CB	58	58	58	31	51	50	58	66	0
49521	112022	24	ST	58	58	66	52	43	43	43	68	1
50030	2056	167	CB	58	58	77	42	50	57	58	53	0
50079	111821	4	ST	58	61	87	52	55	61	42	48	1
52691	445	42	CB	58	58	34	34	41	30	62	58	1
53467	1945	14	RM	58	59	49	53	58	59	44	46	0
53668	111285	25	CM	58	58	55	58	61	60	58	56	0
53711	1946	14	ST	58	58	60	55	50	62	40	68	0
100470	1948	35	GK	58	56	61	59	51	58	49	57	0
100557	1955	25	CDM	58	57	54	50	60	50	56	50	0
119363	1943	14	CB	58	58	56	29	48	45	59	56	0
136522	111588	167	LB	58	58	66	47	55	52	59	57	0
138243	77	42	CM	58	58	64	51	60	61	55	60	0
138288	143	50	LM	58	59	61	54	56	60	40	49	0
139292	1948	14	CB	58	58	49	25	42	41	61	65	0
139316	1804	14	CM	58	58	61	52	58	55	60	62	0
140424	1801	14	ST	58	57	71	52	47	52	49	68	0
142291	357	14	CDM	58	57	50	60	59	58	55	64	0
144080	111822	29	CDM	58	58	59	46	51	64	62	60	0
149657	306	25	CB	58	58	52	34	43	33	61	59	1
149697	1962	35	CB	58	58	60	39	44	46	57	70	0
149717	1572	25	ST	58	56	66	59	53	54	36	56	0
149737	306	25	CB	58	58	53	48	59	50	58	56	0
149775	306	25	CM	58	56	72	54	59	58	50	55	0
149782	838	25	ST	58	55	51	56	48	53	40	66	0
150543	112410	27	CF	58	61	74	56	61	68	35	46	1
150721	110313	14	GK	58	58	55	61	51	60	58	57	0
150830	111400	35	CM	58	58	43	42	52	34	63	62	0
152080	111822	4	CB	58	58	53	39	39	40	57	68	0
152482	1951	14	LB	58	59	60	31	44	41	62	67	0
152484	373	14	CB	58	61	70	27	39	32	61	68	1
152493	110313	133	ST	58	60	73	47	44	57	42	74	1
152519	1946	14	RB	58	58	63	42	57	56	57	61	0
152712	422	14	CB	58	58	60	49	58	49	58	65	0
152750	1951	14	RB	58	59	58	36	61	53	61	52	0
156905	306	25	CM	58	58	61	54	59	53	59	61	0
157190	423	25	CM	58	57	54	52	59	59	55	55	0
157936	111989	118	GK	58	59	57	53	60	68	50	52	0
162128	111822	45	CM	58	59	73	53	60	66	39	57	0
163162	306	25	CB	58	58	67	28	42	54	58	67	0
163477	423	25	CM	58	58	65	54	58	59	56	61	0
163569	100804	14	GK	58	58	55	60	61	57	45	61	0
163582	81	25	RB	58	58	65	25	50	46	59	66	0
163768	1955	14	LB	58	58	57	57	58	56	57	65	1
164624	1841	36	RM	58	60	61	55	53	67	47	44	0
165316	1954	25	CM	58	60	65	34	65	57	48	58	1
165441	1936	14	CM	58	59	61	51	58	53	59	65	0
165446	1456	36	CM	58	61	71	65	55	67	54	51	1
165464	1949	34	LM	58	58	78	58	50	63	35	44	0
166117	1928	14	GK	58	63	60	53	55	63	55	58	0
166713	306	25	GK	58	59	59	57	54	61	34	57	0
167697	837	25	CM	58	58	63	51	59	51	58	55	0
168345	111400	54	CB	58	58	41	48	53	49	57	64	0
168913	898	47	ST	58	67	78	53	49	52	46	62	0
169483	110326	18	CB	58	62	52	28	42	31	58	68	1
169489	1801	14	CM	58	58	54	56	60	52	51	57	0
169709	112254	14	CB	58	65	61	31	45	39	57	62	1
169736	1951	14	CM	58	59	70	55	62	58	48	60	0
170229	1954	14	CB	58	60	63	29	48	42	57	70	1
170766	1715	27	LB	58	58	68	62	61	60	56	67	1
171765	112260	14	CB	58	58	69	55	51	57	58	56	0
171816	1951	14	CB	58	62	51	26	42	30	59	66	1
171889	423	25	ST	58	58	64	56	56	58	37	69	0
171982	1940	14	ST	58	57	66	50	50	57	50	72	1
172244	674	7	GK	58	62	61	54	60	62	37	53	0
173642	1754	42	RB	58	66	54	30	54	52	57	66	0
174134	212	104	CB	58	58	53	46	52	51	65	62	0
175603	423	25	GK	58	59	66	51	45	61	52	57	1
175892	112374	36	RM	58	58	70	55	51	61	44	46	0
177470	321	46	CM	58	63	50	62	65	54	52	54	1
177747	1951	14	LM	58	64	81	58	53	57	44	54	1
179895	111705	46	GK	58	58	57	53	45	64	40	61	0
180351	423	25	RM	58	58	60	56	58	59	39	58	0
180591	111928	95	CB	58	58	50	27	46	46	61	58	0
180779	112096	183	CDM	58	58	68	59	58	52	56	59	1
180894	306	25	RM	58	64	71	52	55	59	43	57	0
180994	111651	95	GK	58	58	59	54	57	61	30	60	1
181015	111398	195	GK	58	61	61	55	55	60	41	58	0
181480	111396	195	ST	58	58	64	59	50	61	44	54	0
181687	563	25	LB	58	57	72	49	53	56	57	60	0
182895	420	37	CF	58	58	81	53	46	55	41	68	1
183140	143	37	GK	58	65	63	54	45	66	50	52	0
183335	111400	195	GK	58	58	62	55	51	60	46	58	0
183466	306	25	ST	58	61	75	53	51	57	38	65	0
183544	127	25	ST	58	58	63	59	58	62	34	42	0
183649	361	14	CM	58	60	69	46	66	58	48	58	1
183681	15015	35	CM	58	65	65	55	62	58	46	58	0
183780	1955	14	CB	58	65	58	32	43	28	59	65	0
183807	357	25	RM	58	55	56	57	28	53	37	61	0
184448	1744	27	CB	58	62	51	35	48	51	64	65	0
184466	15015	35	ST	58	64	69	60	60	54	41	62	0
184543	897	47	CM	58	64	64	52	58	55	60	62	1
184589	1941	14	RM	58	64	73	58	51	61	40	58	0
184663	1948	14	RM	58	61	77	56	53	61	38	57	0
184753	445	25	RB	58	63	63	43	54	48	57	58	0
184768	121	117	CM	58	59	67	29	56	59	66	59	1
186497	357	14	RB	58	58	72	32	52	58	60	53	0
186500	1715	47	CDM	58	62	43	40	51	48	62	64	0
186572	1954	14	CM	58	63	72	53	53	63	46	50	0
186838	445	35	GK	58	58	62	56	57	62	33	57	0
186966	112267	46	GK	58	66	61	57	48	63	48	54	0
187144	110765	167	GK	58	64	57	60	59	56	31	62	0
187335	112267	46	CM	58	58	75	63	54	57	44	59	1
188376	112254	35	CM	58	66	70	46	60	54	58	64	0
188522	112134	54	LB	58	60	76	49	53	60	59	54	0
189142	1940	14	LB	58	65	75	33	49	51	59	57	0
189900	1796	14	RB	58	68	72	42	56	62	56	64	0
190004	898	47	CAM	58	67	66	52	56	57	55	58	0
190011	1862	47	CM	58	58	70	48	54	57	54	54	0
190061	110770	47	GK	58	66	62	56	54	61	56	54	0
190179	100805	50	GK	58	68	57	58	59	61	47	55	0
190201	111993	27	ST	58	58	62	55	52	61	38	55	0
190505	1937	14	CM	58	58	77	57	54	61	36	53	0
190690	874	37	CDM	58	64	43	50	61	59	45	48	0
190915	111086	37	ST	58	65	56	52	58	57	54	56	0
191011	112020	27	GK	58	76	58	61	60	58	49	57	0
191153	319	46	GK	58	65	60	58	53	65	30	50	0
191182	321	46	CB	58	62	52	35	43	41	60	61	1
191187	1439	72	ST	58	58	81	53	51	60	39	58	1
191481	112096	183	CB	58	60	56	49	57	52	61	66	0
191684	981	167	GK	58	62	60	59	57	57	48	61	0
191685	112115	167	GK	58	58	59	60	59	58	40	58	0
191845	112407	183	CDM	58	58	58	46	51	50	62	60	0
192229	110746	108	CDM	58	63	59	50	57	61	60	62	0
192482	373	14	CB	58	66	79	27	32	35	61	63	0
192582	837	25	CM	58	63	62	52	59	54	58	58	0
192604	306	25	CDM	58	60	63	56	60	55	57	65	0
192890	1882	83	LB	58	61	73	53	57	64	41	56	0
192974	1443	13	CM	58	58	81	58	48	61	41	49	1
193074	110326	18	RB	58	63	56	32	48	33	60	59	0
193173	1955	35	CDM	58	65	69	54	58	53	57	68	0
193183	1934	14	LB	58	63	68	40	57	55	53	43	0
193958	1962	14	LB	58	65	69	56	56	53	58	62	0
194681	1948	14	ST	58	68	64	53	43	59	35	64	0
194707	110234	40	CM	58	58	69	37	60	58	53	44	0
194874	110233	40	RM	58	66	68	58	52	60	43	58	0
194934	110069	45	GK	58	66	63	56	54	65	42	51	0
194960	110890	14	CB	58	58	68	44	54	47	57	54	0
195036	1949	14	ST	58	65	68	53	36	57	33	51	0
195540	111400	162	LM	58	62	73	56	51	64	43	45	0
196983	112374	36	GK	58	58	56	52	58	66	21	58	0
197065	15015	14	CM	58	63	68	49	56	63	57	48	0
197687	1480	14	CM	58	66	70	61	60	60	54	56	0
197883	1933	14	RM	58	67	90	54	51	60	40	62	1
198151	1808	14	ST	58	65	63	53	39	59	36	53	0
198210	1945	95	CB	58	58	65	35	48	55	58	60	0
198336	1530	18	CB	58	58	68	34	53	35	60	55	0
198350	1954	14	GK	58	77	64	52	47	67	46	50	0
198540	111705	46	ST	58	66	55	58	56	59	55	55	0
198543	563	25	ST	58	64	80	55	49	58	44	53	0
198623	77	42	CM	58	69	69	46	58	61	56	60	0
198626	373	14	GK	58	64	66	51	40	69	55	44	0
199015	422	25	ST	58	63	71	55	34	54	39	64	1
199065	112072	19	CB	58	60	63	42	48	53	62	61	0
199066	112072	46	CB	58	58	68	40	58	57	58	56	0
199067	1870	55	CB	58	59	32	32	37	26	60	69	1
199128	111835	46	ST	58	58	72	52	45	53	50	66	1
199260	110765	167	GK	58	63	57	62	56	61	33	58	0
199379	112549	18	GK	58	68	64	56	53	61	40	57	0
199516	1790	14	LM	58	64	69	53	53	63	35	54	0
199559	112409	27	ST	58	71	63	55	41	55	38	62	0
199627	112259	14	CM	58	64	72	45	56	60	56	62	1
199741	111239	21	RM	58	67	75	54	51	60	40	60	0
199781	68	18	RB	58	73	72	29	62	53	53	58	0
199813	780	4	CDM	58	63	69	35	57	58	60	57	0
199966	896	47	ST	58	58	69	51	50	65	37	47	0
199985	357	14	ST	58	64	79	53	37	59	35	51	0
200244	1933	35	ST	58	68	73	53	42	58	35	62	0
200319	1954	14	LB	58	63	75	46	59	61	55	56	0
200416	112427	195	GK	58	66	60	61	57	57	62	55	1
200463	111070	95	GK	58	58	60	57	70	61	39	53	1
200746	7	14	CM	58	70	67	42	67	65	42	53	1
200779	1920	14	ST	58	70	80	49	28	63	37	52	0
200802	373	14	LB	58	68	80	28	54	61	55	67	0
200845	837	25	ST	58	68	71	57	51	57	45	56	0
200936	1929	14	LB	58	62	65	26	49	48	58	56	0
200955	1824	48	GK	58	67	58	59	55	67	43	50	0
200974	112374	36	ST	58	60	71	55	46	62	42	59	0
200983	1746	61	CM	58	70	65	51	60	61	52	58	0
201212	1954	35	CB	58	66	74	36	56	53	58	58	0
201240	1926	14	ST	58	67	77	54	38	56	34	57	0
201411	1786	13	CB	58	60	66	30	42	32	63	67	1
201841	1747	7	CB	58	68	60	29	45	39	59	61	1
201901	1920	35	CM	58	74	69	47	58	58	56	60	0
202060	710	46	CB	58	70	56	29	48	51	60	66	0
202159	111399	195	RW	58	63	81	54	46	66	41	43	1
202180	110	25	ST	58	75	69	55	44	53	35	54	0
202204	1463	36	RM	58	66	70	49	49	64	46	51	1
202258	112199	36	RB	58	61	62	33	41	35	61	66	0
202302	2056	167	CM	58	58	54	56	56	64	44	57	0
202455	110749	28	ST	58	62	73	57	51	67	33	63	0
202492	111705	46	CM	58	58	61	46	61	55	50	53	1
202591	111144	95	GK	58	62	65	51	61	62	80	57	1
202663	422	25	LM	58	65	81	50	51	58	34	58	1
202785	1524	24	RM	58	63	71	55	59	60	55	60	0
202799	2	14	CM	58	58	78	51	46	72	31	38	1
202806	322	47	CB	58	75	53	25	50	46	55	67	0
202927	111277	117	CM	58	58	39	52	63	56	48	52	1
202928	112072	46	LM	58	65	82	46	54	59	50	55	1
202951	981	167	CM	58	61	66	52	60	64	52	57	0
202992	980	167	CB	58	58	32	33	33	36	61	56	0
203003	2056	167	CAM	58	62	63	55	62	58	47	60	0
203015	980	167	RB	58	61	66	32	51	57	59	64	0
203078	112267	46	CAM	58	62	67	47	53	66	42	46	0
203081	112267	46	LM	58	65	75	53	50	66	35	48	1
203138	1933	14	CM	58	70	61	48	61	55	58	56	0
203171	112072	46	CM	58	66	59	61	46	49	40	44	1
203215	8	14	GK	58	65	60	50	57	63	31	57	0
203307	111393	195	CAM	58	64	74	38	46	64	38	39	0
203328	346	14	ST	58	67	79	56	45	59	34	52	0
203500	1932	14	ST	58	65	74	59	35	54	37	40	0
204167	111277	140	RM	58	64	74	39	51	61	54	49	0
204215	127	14	LM	58	70	76	52	46	66	53	60	0
204251	110746	37	RM	58	69	77	49	57	58	45	58	0
204314	418	36	RB	58	62	75	47	57	61	60	54	0
204422	80	195	CB	58	69	64	32	54	55	61	61	0
204761	1934	14	CB	58	67	54	28	34	33	59	60	1
204762	169	21	RB	58	65	68	40	53	54	58	56	0
204763	33	21	LB	58	66	73	48	58	62	54	56	0
204776	503	21	CB	58	65	66	35	53	49	58	65	0
204846	5	14	GK	58	69	65	48	58	65	45	53	1
204881	226	136	GK	58	65	74	49	53	61	44	50	1
205190	62	18	RB	58	70	56	30	45	50	58	60	0
205197	1867	45	CM	58	58	63	47	60	56	44	47	0
205261	468	45	GK	58	65	57	63	49	59	55	53	0
205293	379	97	RW	58	68	74	43	49	62	36	44	0
205349	80	42	CM	58	68	66	42	61	63	61	61	0
205392	1925	18	CB	58	76	53	37	35	41	58	62	0
205422	477	45	CB	58	66	59	44	63	47	54	58	0
205589	1937	14	RM	58	67	85	36	53	54	41	46	1
205752	100804	50	RW	58	73	75	41	56	61	38	45	0
205853	614	39	CB	58	58	67	45	51	50	61	59	0
205956	1933	14	LB	58	68	81	38	51	54	59	58	1
206090	1794	25	CB	58	63	58	26	37	29	57	66	0
206147	321	46	ST	58	64	69	56	46	56	35	58	0
206167	226	8	CM	58	71	61	51	62	61	46	50	0
206493	111989	18	CB	58	66	52	28	44	31	55	74	1
206504	1929	52	RM	58	66	72	50	52	66	34	54	0
206523	110313	35	ST	58	67	85	53	45	58	37	54	1
206654	453	45	CB	58	58	45	43	48	44	58	62	1
207447	980	167	ST	58	58	71	39	58	58	45	50	0
207569	110930	140	CB	58	58	73	27	50	62	56	50	0
207581	321	24	LM	58	66	74	50	50	63	37	49	0
207582	321	58	CM	58	60	62	55	58	58	41	46	0
207586	321	46	LB	58	69	70	41	60	56	55	59	0
207619	698	95	CDM	58	66	77	37	54	62	59	56	0
207632	1806	14	CM	58	72	75	49	55	60	39	46	0
207638	271	133	RM	58	65	83	46	51	61	30	30	1
207820	112072	46	CB	58	58	73	31	54	59	56	58	0
207836	2056	167	CM	58	64	70	50	57	60	51	59	0
207850	693	95	CM	58	58	79	50	53	59	43	44	0
207860	111065	95	CB	58	62	53	39	52	53	56	63	0
207878	894	15	CM	58	62	70	38	60	53	58	59	0
208063	1476	167	CM	58	63	67	44	55	60	59	52	0
208115	711	46	LB	58	65	72	46	57	58	58	58	0
208294	1909	119	CM	58	58	68	52	56	62	58	41	0
208312	563	80	CM	58	58	81	54	51	59	36	58	1
208332	2056	167	GK	58	65	58	56	65	59	49	62	0
208341	301	15	CAM	58	66	70	49	54	60	44	55	0
208438	111835	117	CM	58	58	76	47	56	61	54	51	0
208593	229	7	CM	58	58	69	45	54	65	36	45	0
208600	650	34	CB	58	67	66	34	58	47	57	64	0
208614	1873	37	CB	58	67	49	28	32	35	61	70	1
208637	110178	21	CM	58	58	63	41	55	48	55	63	0
208651	1480	42	ST	58	58	68	53	45	52	51	69	1
208679	110329	21	GK	58	65	63	55	52	65	33	51	0
208705	550	21	ST	58	67	78	55	52	59	39	53	0
209029	112392	183	GK	58	58	59	57	53	56	49	62	0
209032	112392	183	LB	58	58	79	36	54	50	58	60	0
209048	112393	183	CDM	58	58	63	48	60	51	56	60	0
209061	700	46	RW	58	66	88	46	59	65	30	34	1
209223	112139	183	RM	58	60	78	46	61	56	41	46	0
209268	1951	14	CM	58	62	63	56	60	58	41	49	0
209271	698	95	RM	58	65	68	56	54	61	38	52	0
209320	64	18	CB	58	65	71	26	44	45	62	60	0
209425	224	18	CDM	58	63	59	34	56	53	58	57	0
209455	110746	103	ST	58	58	78	55	38	59	40	71	1
209651	212	18	CB	58	65	68	28	39	31	60	63	0
209729	86	42	CM	58	58	85	48	55	62	50	54	1
210145	112387	183	LB	58	62	85	28	42	33	63	68	1
210215	481	45	ST	58	58	67	50	38	55	35	65	1
210228	112407	183	CDM	58	58	69	48	52	55	59	56	0
210492	112392	183	CM	58	70	63	59	63	59	49	54	0
210500	111821	45	ST	58	58	86	54	36	53	35	59	1
210615	112115	167	CM	58	69	67	36	61	57	57	64	0
210791	112096	183	GK	58	62	59	59	61	58	48	57	0
210806	112389	183	LB	58	60	66	48	63	59	52	58	1
210827	112427	195	CM	58	61	60	47	65	60	52	57	1
210939	200	27	LB	58	66	61	45	51	51	59	56	0
211144	1794	14	LM	58	70	78	44	51	64	34	41	0
211158	607	183	RB	58	66	72	34	50	50	60	50	0
211206	1962	21	LM	58	63	86	40	53	60	37	42	1
211283	420	37	RM	58	68	75	45	55	60	35	29	0
211362	110745	37	CDM	58	67	67	41	51	40	55	68	0
211373	711	117	RW	58	70	86	56	50	63	35	46	1
211411	1940	14	RM	58	59	73	54	54	62	36	64	0
211417	1940	14	CAM	58	57	61	55	59	61	43	54	0
211565	1855	45	ST	58	62	67	52	49	56	39	66	0
211738	165	34	GK	58	64	58	54	59	59	28	60	1
211779	1474	167	ST	58	58	56	51	30	56	35	67	0
211903	110770	1	RM	58	71	60	60	63	53	53	59	0
211953	1832	21	GK	58	63	58	56	53	65	37	59	0
212075	111397	195	RW	58	68	76	56	45	61	38	67	0
212112	111271	18	LW	58	67	73	59	48	57	35	64	0
212232	111399	195	ST	58	65	69	54	56	59	40	57	0
212234	503	21	CB	58	70	59	31	49	44	57	74	1
212300	1955	14	CB	58	68	64	28	34	32	57	69	1
212342	100765	40	CB	58	69	64	28	37	38	58	59	0
212348	100409	21	CB	58	58	58	30	51	37	57	61	0
212370	112224	195	RB	58	65	72	33	61	63	53	56	0
212383	23	21	CM	58	79	69	46	59	62	56	59	0
212414	697	95	RB	58	64	79	38	52	59	56	52	0
212416	689	95	ST	58	58	73	52	34	65	37	51	0
212432	2056	167	GK	58	63	57	57	54	56	51	63	0
212435	983	167	CB	58	65	76	27	27	37	57	70	0
212438	983	167	RW	58	64	70	46	53	60	36	46	0
212489	111400	195	CDM	58	62	66	51	54	52	57	52	0
212532	982	167	LW	58	61	66	54	59	58	32	51	0
212560	88	14	GK	58	72	58	58	41	62	55	58	0
212569	111373	8	LM	58	65	66	59	61	58	36	60	0
212678	319	46	LB	58	72	70	41	57	60	56	54	0
212683	112260	14	ST	58	66	57	53	38	50	41	66	0
212709	688	95	LB	58	64	66	51	58	58	57	54	0
212730	111651	70	ST	58	58	84	55	52	61	39	48	1
212790	670	136	ST	58	69	76	52	51	63	34	52	0
212816	1476	167	RB	58	66	63	24	53	61	57	50	0
212832	687	70	CB	58	58	77	32	52	54	54	63	0
212848	691	95	GK	58	58	61	55	57	63	49	55	0
212925	1475	167	RB	58	63	69	26	44	51	60	62	0
212979	33	21	GK	58	74	61	55	54	66	39	51	0
212997	1831	21	CAM	58	70	70	52	56	64	36	51	0
213117	165	21	LM	58	66	56	56	50	63	31	54	0
213136	670	18	LB	58	66	73	36	55	58	58	59	0
213211	111083	37	LB	58	64	70	34	48	47	60	58	0
213231	485	5	CB	58	58	60	54	43	57	57	66	0
213355	111065	56	ST	58	64	86	50	38	72	37	54	1
213423	111086	37	RM	58	66	76	56	57	56	35	43	0
213463	1870	46	CB	58	62	55	34	43	36	60	55	1
213499	111705	46	RB	58	67	65	40	48	54	58	53	0
213500	111705	46	ST	58	66	64	59	44	61	34	59	0
213533	111070	95	ST	58	58	74	53	37	59	36	54	0
213536	111139	70	GK	58	67	60	56	60	63	51	53	0
213537	1524	136	CM	58	67	74	50	53	61	57	60	0
213582	1013	52	CAM	58	77	64	53	57	67	45	54	1
213661	5	13	CB	58	67	54	24	51	38	57	65	0
213740	1754	14	CAM	58	65	65	41	56	61	47	51	0
213853	100765	40	ST	58	68	72	60	42	56	35	43	0
214018	101106	56	CDM	58	74	70	43	55	51	68	55	1
214675	192	27	CB	58	75	63	28	32	30	60	64	0
215382	68	18	CB	58	58	57	29	49	32	58	63	0
215492	873	37	RM	58	69	71	58	52	54	38	60	0
215526	100632	34	GK	58	65	59	56	57	59	31	59	0
215681	647	34	RB	58	61	72	30	43	60	57	52	0
215686	1443	13	CM	58	58	63	33	50	46	62	54	0
216007	110747	37	CM	58	58	70	51	50	67	54	48	0
216043	100632	34	CB	58	65	57	29	35	31	60	62	0
216111	19	14	CAM	58	66	60	58	47	68	34	52	1
216222	100632	34	CM	58	58	66	56	58	63	45	52	0
216223	100632	34	CB	58	65	60	33	36	35	60	60	0
216288	162	37	CDM	58	70	65	40	55	52	58	56	0
216291	68	110	ST	58	63	64	53	38	57	36	66	0
216654	23	17	CB	58	68	48	32	36	37	60	58	1
216697	647	34	LW	58	60	66	59	52	64	31	50	0
217031	239	54	CM	58	58	70	47	55	63	32	38	0
217586	650	34	LW	58	67	71	57	60	60	43	48	0
217588	239	111	ST	58	58	58	55	37	55	36	60	0
217593	1873	37	RM	58	66	85	44	50	62	38	42	1
217790	2045	51	CAM	58	61	67	55	54	59	46	57	0
218984	301	3	CB	58	58	65	42	58	53	63	63	0
194873	110233	40	CM	58	66	62	50	61	55	55	50	0
204936	106	25	CB	58	68	67	35	38	52	59	60	0
206307	66	47	GK	58	75	59	62	64	60	42	51	0
645	432	46	GK	57	57	57	50	48	65	25	57	0
11348	1941	14	ST	57	57	28	57	50	46	54	76	1
19666	111928	95	CM	57	57	44	57	60	61	63	66	0
45318	1465	36	CM	57	57	71	53	52	61	53	59	0
49514	1841	36	CM	57	57	64	54	59	52	55	67	0
53352	110890	14	CM	57	58	52	47	64	54	54	58	1
53632	445	25	CDM	57	57	54	48	55	49	57	56	0
101997	112260	14	GK	57	57	52	58	62	57	54	58	0
102588	143	35	CM	57	57	37	38	54	50	58	56	0
138431	306	14	GK	57	57	56	56	54	62	53	56	0
140300	837	42	GK	57	58	58	57	58	58	23	57	0
141091	111087	43	CM	57	57	55	53	55	59	52	58	0
142244	111822	4	CB	57	62	58	42	58	56	61	65	0
144075	898	47	CDM	57	58	67	50	57	56	58	58	0
149827	1572	25	ST	57	55	68	55	47	54	41	62	0
151120	1955	14	CDM	57	58	49	40	52	45	59	56	0
152127	111373	4	RB	57	58	59	53	43	47	59	62	0
153295	111397	128	CM	57	57	51	56	60	59	54	69	0
155592	2056	167	CM	57	57	37	37	51	57	60	60	0
156876	110765	167	CB	57	57	68	51	48	56	59	57	0
159256	710	46	CB	57	57	59	47	54	55	59	58	0
163289	112254	50	CB	57	57	66	24	40	33	56	67	0
163350	15015	14	CDM	57	57	60	43	51	50	57	61	0
163365	1572	25	CM	57	55	55	54	57	57	55	60	0
167086	111277	46	CM	57	57	54	47	55	55	63	70	0
169187	111285	25	CM	57	57	55	57	58	58	53	48	0
169445	82	42	ST	57	57	72	50	44	63	36	56	0
169817	111144	95	GK	57	58	61	58	61	62	50	51	0
169844	346	14	LB	57	58	76	49	56	56	58	57	0
169896	1940	14	CB	57	60	61	44	49	47	56	62	0
170069	1933	63	RB	57	63	83	29	56	57	54	64	1
170086	1940	14	CB	57	65	66	27	34	34	57	66	0
170102	306	35	ST	57	57	67	54	46	56	38	56	0
170149	1933	95	LM	57	59	82	53	48	58	39	55	1
170213	127	14	GK	57	58	61	51	54	63	50	51	0
171020	445	35	CM	57	57	55	59	61	49	58	62	0
172560	271	13	CM	57	60	64	51	57	59	57	56	0
172574	271	13	GK	57	60	43	59	68	75	43	49	1
172740	1862	26	ST	57	57	67	52	43	56	42	56	0
173026	570	27	CM	57	57	63	49	59	58	56	61	0
173126	110747	44	CM	57	57	74	48	55	67	54	58	0
173514	1930	25	LM	57	61	62	44	59	51	50	59	0
173639	112374	42	RM	57	63	71	54	51	57	41	49	1
173643	1948	50	CB	57	56	57	37	53	40	61	66	0
173835	1951	14	ST	57	60	77	54	60	61	41	52	0
176872	1870	46	CB	57	59	47	28	36	30	60	66	1
177473	1928	14	CM	57	63	71	54	59	59	54	58	0
177584	837	14	CM	57	57	58	53	58	53	56	62	0
179831	111285	14	ST	57	57	75	53	49	54	39	62	0
180613	306	25	CB	57	57	71	39	52	57	55	53	0
180614	837	25	CB	57	57	54	44	57	49	58	62	0
181738	306	25	CB	57	62	45	25	27	37	60	63	0
182591	112254	14	ST	57	57	76	57	43	57	34	56	0
182691	373	14	RW	57	65	85	56	53	62	31	40	1
182905	1463	36	RB	57	63	68	36	41	40	57	56	0
183183	299	36	CB	57	57	63	32	55	45	60	55	0
183765	445	25	RM	57	57	70	51	54	57	39	53	0
184039	357	14	LB	57	62	72	42	55	57	57	56	0
185018	1738	18	CDM	57	64	72	44	56	65	56	38	0
185165	1955	14	RM	57	60	66	54	54	52	55	66	1
185256	112224	195	RB	57	61	70	47	50	57	36	70	0
185380	1465	208	RM	57	63	65	41	56	63	54	52	0
186171	111396	195	CB	57	65	64	25	32	51	57	62	0
186494	1920	14	GK	57	68	61	55	54	62	31	53	0
186769	254	4	LB	57	63	74	27	54	59	54	53	0
186830	1445	13	LM	57	67	68	52	55	57	40	66	0
186869	1955	25	ST	57	61	64	51	48	50	45	66	0
186922	1447	13	LM	57	62	71	48	54	56	57	55	0
187310	2056	167	CAM	57	57	67	49	56	55	42	54	0
189212	110313	25	LB	57	65	70	26	47	34	57	61	0
189809	837	35	LM	57	60	72	47	52	60	34	50	0
189827	1746	27	CB	57	64	47	30	35	43	57	60	0
190099	1572	27	GK	57	60	61	53	57	63	39	58	0
190178	1456	36	RB	57	67	65	48	56	47	56	67	0
190233	1870	46	CDM	57	62	56	52	59	54	53	56	0
190378	111285	7	ST	57	57	74	55	44	59	41	60	1
190525	112374	36	RB	57	59	65	44	55	52	56	52	0
191920	1475	167	ST	57	57	64	53	51	54	46	62	0
192173	711	46	GK	57	57	53	55	49	64	30	58	0
192193	112267	54	LB	57	57	69	45	57	60	53	55	0
192430	1955	14	ST	57	61	75	53	45	53	42	70	0
192580	423	25	LM	57	59	86	50	46	58	36	56	1
193004	874	37	RM	57	64	67	50	55	61	48	56	0
193251	111821	4	CB	57	64	49	26	34	25	57	71	1
193351	1862	47	CB	57	65	64	39	53	44	58	62	0
193727	837	25	ST	57	64	71	56	31	56	40	56	0
193813	82	42	CM	57	66	69	26	32	32	59	69	0
193933	1798	25	GK	57	67	61	56	50	60	51	52	0
194409	112389	183	GK	57	57	58	61	57	58	28	55	0
194431	271	13	LB	57	64	66	36	50	47	60	52	0
197170	1961	14	LM	57	68	81	43	53	63	31	45	1
198244	1841	36	CM	57	65	41	54	58	61	52	54	1
198702	919	36	ST	57	66	66	61	56	53	57	68	1
198811	1456	36	CM	57	71	66	43	53	53	55	59	0
199010	837	25	CB	57	63	54	34	52	49	58	59	0
199093	112072	46	CB	57	57	50	46	56	34	61	52	1
199111	700	46	CB	57	62	67	55	57	56	58	66	1
199512	900	108	CM	57	62	66	49	58	60	47	62	0
199580	127	14	CB	57	75	70	31	49	45	58	60	1
199721	66	18	GK	57	64	64	52	59	60	45	54	0
199769	112022	4	RB	57	65	69	57	53	56	50	54	1
199950	1572	25	CB	57	57	33	30	35	29	60	55	0
200058	1465	13	RM	57	60	69	52	54	59	42	45	0
200146	1747	7	GK	57	71	52	60	60	62	40	56	0
200212	160	21	GK	57	67	58	57	49	59	32	55	1
200325	2045	4	RB	57	67	77	55	55	64	55	50	1
200523	112217	40	LM	57	70	76	59	57	55	53	55	0
200582	1476	167	ST	57	57	73	47	58	54	42	58	0
200667	15048	14	CM	57	64	61	55	56	55	56	59	0
200680	112259	14	GK	57	66	61	55	48	63	59	52	1
200689	1954	14	CM	57	69	76	49	63	57	57	56	0
200719	88	14	CM	57	57	75	47	49	67	36	55	1
200723	1946	14	RM	57	64	67	38	54	59	41	54	0
200840	1929	14	CB	57	73	63	32	48	45	54	72	1
200844	143	25	CAM	57	65	79	45	52	62	42	41	0
201257	1815	18	CDM	57	70	58	45	57	61	53	60	0
201447	19	95	CM	57	64	63	52	64	66	39	51	1
201465	1572	25	CB	57	57	52	45	48	45	58	59	1
201484	445	35	RM	57	67	71	56	52	58	38	55	0
202158	100087	7	CB	57	70	45	31	43	39	57	58	0
202340	1879	83	GK	57	69	62	58	61	52	53	58	0
202528	1951	14	LM	57	69	60	43	59	58	52	44	0
202583	111928	95	GK	57	57	57	60	57	60	36	57	0
202660	1439	46	CB	57	57	75	38	56	57	54	57	0
202675	110313	14	CM	57	62	70	55	59	57	52	58	0
202728	111393	195	RB	57	64	65	37	53	51	57	60	0
202731	306	25	RB	57	62	66	54	58	55	54	52	0
202800	837	25	CB	57	57	56	46	56	48	58	60	0
202810	112374	25	GK	57	66	55	55	47	63	44	58	0
202981	112115	167	ST	57	66	64	55	46	59	51	64	0
202988	1475	167	GK	57	57	64	58	65	57	35	54	0
203033	373	14	ST	57	57	65	57	41	57	38	54	0
203075	112267	46	CB	57	64	59	42	46	49	57	60	0
203077	112267	46	RM	57	62	71	48	51	63	46	50	0
203080	112267	46	CDM	57	66	64	39	52	54	55	62	0
203087	357	14	ST	57	62	50	53	48	52	43	71	0
203102	1919	14	CM	57	68	71	40	58	53	62	56	0
203107	181	14	ST	57	57	71	52	29	54	37	58	0
203190	321	46	CM	57	57	65	50	54	55	52	55	0
203225	111397	195	CM	57	66	73	54	54	59	49	36	0
203233	1920	14	LB	57	74	67	36	62	58	58	61	0
203415	1925	14	CM	57	67	62	44	64	67	44	54	0
203442	1934	14	ST	57	67	79	53	41	55	38	56	0
203453	1905	21	CM	57	57	70	54	57	57	50	61	0
203577	111092	37	ST	57	57	44	58	30	54	44	56	1
203692	112199	82	GK	57	64	67	53	55	56	39	50	1
203753	1790	14	RB	57	66	69	32	53	53	60	59	0
204005	111822	4	CM	57	64	65	51	56	56	54	58	0
204130	100634	34	RB	57	64	60	47	57	59	59	53	0
204155	894	47	LM	57	63	63	51	48	57	47	54	0
204187	269	13	CM	57	57	69	43	54	41	59	63	0
204217	12	14	ST	57	67	62	55	35	64	38	53	0
204242	294	18	ST	57	57	71	55	56	64	35	50	0
204294	111766	198	CM	57	57	67	37	49	45	62	56	0
204334	100409	22	GK	57	67	58	58	53	61	57	56	0
204424	111393	195	GK	57	66	61	51	53	65	31	54	0
204517	112254	14	GK	57	69	59	60	53	57	38	52	0
204549	229	7	GK	57	73	61	57	55	64	43	47	0
204644	320	46	RM	57	70	85	51	48	66	34	45	1
204766	1572	25	LM	57	60	71	53	54	58	45	50	1
204790	111821	4	LB	57	65	73	27	40	52	58	53	0
204925	2045	4	ST	57	57	69	54	38	57	35	59	0
205149	300	36	CM	57	57	66	52	47	64	39	53	0
205200	1867	45	ST	57	57	54	52	41	45	39	73	1
205266	1878	83	RB	57	70	68	42	62	57	55	53	0
205278	1473	167	CB	57	68	72	34	51	52	56	67	0
205334	224	18	ST	57	72	71	58	49	59	35	56	0
205585	110	14	CM	57	73	63	46	58	58	50	55	0
205713	226	103	CDM	57	70	65	44	61	56	53	55	0
205754	1796	14	CM	57	69	65	42	58	58	50	54	0
205816	111083	37	GK	57	61	63	53	51	64	46	51	0
205969	111277	117	CM	57	57	66	49	56	60	56	58	0
206217	1463	36	ST	57	66	67	50	34	49	38	60	0
206220	226	18	CB	57	75	57	28	40	32	56	63	0
206524	1800	14	CB	57	69	69	27	48	48	57	65	0
206598	298	36	CM	57	57	79	56	56	64	46	52	0
206628	192	52	CDM	57	55	54	35	60	60	52	46	0
206641	1930	14	CM	57	66	70	52	60	61	50	50	0
206643	980	167	CM	57	64	63	46	56	60	49	47	0
206644	980	167	RW	57	65	65	50	59	59	32	40	0
207451	83	208	ST	57	70	71	55	37	51	39	62	1
207452	1524	36	CB	57	57	68	36	50	56	56	56	0
207526	1477	167	ST	57	57	62	50	31	47	34	64	0
207668	693	95	LB	57	63	69	30	53	53	57	60	0
207998	9	50	GK	57	72	60	55	58	61	44	52	0
208068	1474	167	ST	57	62	66	53	34	56	35	56	0
208078	982	167	CB	57	57	61	25	26	29	56	72	1
208102	272	13	CB	57	65	74	30	37	39	57	64	0
208138	72	136	CB	57	65	59	29	29	33	59	64	1
208160	2045	47	CAM	57	69	61	47	55	66	54	61	0
208174	68	136	CDM	57	68	61	35	62	59	57	59	0
208191	1744	27	RB	57	68	67	34	46	55	58	55	0
208389	670	7	CAM	57	68	63	52	58	61	50	58	1
208412	688	160	ST	57	57	72	57	40	59	36	48	1
208442	111705	46	RB	57	61	66	25	46	54	59	60	0
208540	687	95	ST	57	61	65	52	52	58	44	63	1
208601	700	24	RB	57	64	54	30	38	30	58	59	0
208650	620	25	LM	57	64	78	57	52	60	35	52	0
208988	111674	183	GK	57	60	61	50	57	61	48	59	0
209036	112392	183	RM	57	60	70	43	60	58	54	56	0
209040	112393	183	RB	57	60	80	45	58	55	57	50	0
209191	112395	183	GK	57	57	59	56	55	63	40	54	0
209205	112395	183	GK	57	55	60	64	50	54	42	55	0
209209	112395	183	CB	57	57	73	35	52	47	63	54	0
209256	1796	14	CB	57	63	64	27	27	29	59	64	1
209315	1790	14	CB	57	57	72	34	50	52	58	58	0
209417	111086	37	CDM	57	63	68	46	59	63	42	53	0
209483	72	18	GK	57	76	61	50	55	63	41	52	0
209875	110929	140	ST	57	57	74	49	33	62	35	57	1
209886	111396	195	CDM	57	70	67	35	55	61	55	49	0
210143	112393	183	CDM	57	59	68	49	60	58	56	59	0
210153	171	21	ST	57	70	69	54	43	56	37	60	0
210156	112389	183	CDM	57	57	70	37	59	51	50	55	0
210163	112676	183	CM	57	57	51	36	56	46	54	70	0
210199	607	183	CF	57	64	83	53	47	62	39	44	1
210224	112407	183	ST	57	57	76	53	41	58	36	60	0
210409	86	42	CM	57	74	73	46	61	62	54	54	0
210422	874	37	GK	57	64	58	60	65	58	30	51	0
210477	780	4	LM	57	69	70	45	54	60	34	49	0
210482	2045	4	CDM	57	66	61	37	50	44	60	52	1
210523	111400	195	ST	57	57	68	50	45	55	37	55	0
210534	110326	108	LW	57	70	88	50	36	59	34	62	1
210655	315	40	GK	57	69	62	49	65	64	47	53	0
210779	111821	4	LB	57	65	78	30	54	60	54	54	0
210816	980	167	GK	57	67	57	56	57	59	44	58	0
210855	112389	183	CM	57	57	81	49	48	56	40	59	1
210941	1476	167	GK	57	69	59	55	62	58	45	57	0
211026	112407	183	ST	57	59	72	53	38	58	33	61	0
211086	110109	40	ST	57	67	64	57	45	65	32	45	0
211088	100769	40	CDM	57	71	67	50	59	64	42	56	0
211386	2056	167	CDM	57	60	60	39	53	56	60	59	0
211389	111993	58	LB	57	70	60	35	45	52	57	52	0
211511	142	35	CB	57	66	53	31	43	37	57	65	0
211780	100766	40	GK	57	66	63	53	59	63	42	51	0
211931	86	42	LW	57	68	83	43	50	57	31	33	1
212056	1853	45	RM	57	68	68	50	51	62	35	42	0
212243	21	21	RM	57	74	67	26	55	58	53	42	0
212481	34	21	RM	57	70	61	56	55	62	49	61	0
212501	229	7	CDM	57	74	60	39	57	57	54	57	0
212511	111397	195	RB	57	63	74	33	45	40	54	62	0
212575	162	21	CB	57	57	73	33	52	58	57	59	0
212645	320	46	LB	57	69	82	33	57	60	49	52	1
212777	112115	167	CM	57	57	52	54	60	60	39	53	0
212808	694	95	CB	57	57	81	46	52	56	56	70	1
212837	111588	167	CB	57	57	66	27	48	52	58	62	0
212839	111588	167	GK	57	57	59	56	56	57	44	57	0
212923	111397	195	RB	57	67	74	32	48	59	59	62	0
212927	1475	167	RW	57	59	68	50	59	58	32	49	0
212987	111087	43	CM	57	62	72	52	63	59	46	52	0
213050	112115	167	CB	57	64	55	24	40	39	55	67	0
213105	110	50	CM	57	75	62	48	59	56	51	50	0
213441	687	95	CM	57	57	66	56	56	56	43	51	0
213442	698	95	CB	57	61	50	26	50	50	55	63	0
213449	1873	37	RB	57	72	81	49	61	62	51	56	1
213466	1870	46	LB	57	67	70	33	54	58	55	56	0
213469	1870	46	RM	57	64	77	43	51	61	34	44	0
213493	112134	95	ST	57	60	53	50	45	53	41	68	1
213495	111705	46	ST	57	57	64	55	45	56	38	54	0
213512	112199	24	CDM	57	67	68	58	60	63	44	49	0
213513	112199	24	CM	57	57	60	41	60	57	45	58	0
213531	112134	54	CAM	57	65	58	60	59	60	50	46	0
213532	687	95	GK	57	63	58	55	64	62	44	56	0
213554	650	34	GK	57	63	59	56	53	60	51	54	0
213571	1754	14	RM	57	62	72	48	48	60	41	65	0
213610	112115	167	ST	57	62	62	54	42	61	36	58	1
213719	693	95	GK	57	61	52	58	54	61	42	59	0
213730	110231	40	RM	57	65	69	52	56	56	35	44	0
213834	88	117	CAM	57	75	68	50	49	63	36	58	0
213925	650	85	CM	57	65	65	45	59	55	58	54	0
215339	171	21	CM	57	70	65	51	59	59	52	57	0
215401	110770	47	CAM	57	71	61	48	63	56	46	54	0
215422	160	21	LB	57	65	63	32	46	47	61	60	0
215532	100632	34	ST	57	59	64	55	43	60	37	54	0
215660	1443	13	RB	57	65	65	31	47	53	57	61	0
215688	1443	13	RM	57	72	82	42	51	60	34	44	1
216172	110745	37	ST	57	57	67	53	36	57	39	65	0
216185	112022	44	ST	57	64	52	54	34	51	39	70	0
216224	100632	34	CB	57	64	57	28	34	32	58	60	0
216250	100632	34	GK	57	64	62	52	56	61	48	53	1
216260	550	21	RM	57	65	72	50	53	62	37	52	0
216263	111087	37	CM	57	57	61	48	56	63	38	44	0
216278	100409	48	LM	57	71	67	53	54	59	36	46	0
216333	479	45	CAM	57	63	59	57	54	63	36	48	1
216381	29	21	RB	57	65	77	34	56	57	53	46	0
216384	10030	21	CB	57	57	61	34	57	56	56	56	0
216462	485	21	GK	57	65	66	56	52	58	40	49	0
216797	1841	36	ST	57	72	73	55	54	60	36	54	0
217338	674	7	CAM	57	73	71	35	55	66	48	45	0
217584	229	7	CM	57	57	57	53	59	62	34	46	0
217587	650	34	CM	57	67	65	56	60	59	50	58	0
217842	1832	21	CB	57	64	57	26	31	27	59	61	0
193206	88	14	CM	57	68	66	55	62	59	45	56	0
204324	7	42	RM	57	74	55	49	59	57	52	58	0
218985	301	37	CB	57	67	62	32	52	52	60	52	0
199875	15048	14	RB	57	67	82	30	48	53	56	62	1
203210	3	103	CB	57	69	62	34	36	33	56	69	0
204290	109	14	RB	57	64	67	26	44	47	60	57	0
205352	18	42	GK	57	64	61	54	51	64	43	49	0
212379	100764	40	GK	57	66	62	55	59	56	44	56	0
19089	1933	117	ST	56	57	81	53	36	56	35	61	1
19248	1935	14	RB	56	52	51	47	53	55	57	55	0
19564	1948	14	CB	56	56	51	37	37	37	55	67	0
19699	1941	14	CM	56	55	62	50	62	57	51	66	0
23467	1940	14	CDM	56	58	50	44	52	54	56	57	0
52121	838	25	CM	56	56	55	56	57	55	52	54	0
52240	321	46	CB	56	56	51	44	53	47	54	67	1
52331	434	47	CM	56	56	64	51	56	55	52	56	0
53406	1941	14	LM	56	56	63	43	57	54	38	50	0
112358	1815	18	RB	56	60	63	37	52	53	54	69	0
138083	110313	14	RB	56	56	54	39	53	51	57	65	0
138427	112254	50	CB	56	56	59	27	62	51	56	56	1
139350	111285	14	LB	56	55	66	44	50	53	60	58	1
142284	834	25	CM	56	56	55	44	57	55	57	57	0
144589	898	19	CDM	56	58	63	53	60	61	53	56	0
148685	1456	36	RB	56	56	68	46	53	59	55	63	0
151417	112254	50	CB	56	56	34	28	30	32	58	66	0
151724	112424	13	CM	56	56	64	60	59	48	42	36	1
152521	110313	14	CB	56	57	49	30	46	38	54	56	0
152541	112259	117	CB	56	56	58	27	36	38	57	64	0
155534	1936	14	CB	56	60	62	42	53	49	58	68	0
156745	1715	47	GK	56	63	54	56	54	62	37	54	0
157143	423	25	ST	56	53	54	59	49	50	39	61	0
162039	702	46	GK	56	56	58	56	50	60	34	48	0
162829	834	25	CB	56	56	33	35	40	52	57	58	0
162884	1572	25	ST	56	56	55	54	51	52	41	67	0
165932	305	25	RB	56	56	67	43	53	52	55	62	0
169909	112260	14	LM	56	63	74	47	55	64	54	55	0
170785	1715	47	GK	56	64	61	51	59	63	31	51	0
171968	112259	14	ST	56	60	60	53	48	50	42	58	0
173472	111822	4	LM	56	58	73	39	54	47	59	57	0
173555	357	14	GK	56	62	55	56	58	57	59	55	1
173785	110313	14	CM	56	60	70	45	57	53	60	62	0
173837	1945	14	RB	56	61	63	35	46	50	58	51	0
177021	1940	14	ST	56	56	67	49	38	48	40	54	0
178694	112259	14	GK	56	59	60	55	46	61	42	53	0
179567	434	47	CM	56	56	67	54	49	60	40	56	0
179602	423	25	CM	56	58	61	46	58	51	54	56	0
179677	110747	37	LW	56	61	81	56	46	56	45	66	1
179767	346	14	GK	56	62	63	58	40	64	25	45	0
180183	834	25	RB	56	56	55	45	54	49	58	63	0
180382	423	25	CB	56	55	32	32	42	26	58	58	1
181425	1870	46	LM	56	62	66	46	50	57	46	48	0
182366	422	25	CB	56	61	63	34	43	30	56	72	1
182679	100409	21	ST	56	60	64	53	34	58	39	57	1
182685	112254	14	CDM	56	61	63	28	54	56	53	59	0
183515	373	14	RB	56	61	78	30	48	54	57	54	0
183533	15015	14	GK	56	65	61	56	60	62	54	47	0
183549	1919	14	GK	56	65	65	54	45	62	53	45	0
183641	837	25	ST	56	56	71	54	29	56	38	58	0
183792	299	4	RB	56	62	65	25	54	56	58	61	0
184040	1788	13	GK	56	64	58	53	65	62	61	52	1
184454	319	46	CB	56	56	57	28	42	42	57	60	0
184473	110313	14	CB	56	61	76	25	44	43	56	66	0
184794	1928	14	RB	56	56	69	30	43	40	59	60	0
184801	357	14	CM	56	60	75	49	57	56	48	52	0
185075	301	37	CB	56	56	66	33	50	46	56	52	0
185265	112259	14	LB	56	61	71	35	59	53	53	57	0
186346	346	14	RB	56	63	87	45	42	49	57	64	1
188429	1940	63	CM	56	59	71	39	60	46	52	54	0
188679	110313	14	CM	56	64	70	32	47	38	58	64	0
188926	874	37	CM	56	56	60	50	51	61	53	43	0
189094	445	35	CB	56	56	54	26	46	35	58	60	0
189240	111083	37	ST	56	60	50	55	46	59	49	54	0
189316	1928	14	LM	56	58	81	51	59	58	56	60	1
190031	837	25	LB	56	60	58	53	42	47	57	56	0
190817	357	14	CM	56	63	65	52	55	58	42	50	0
190822	10	36	GK	56	56	45	60	64	68	20	51	1
190857	694	80	GK	56	56	62	51	59	68	39	46	1
190962	110313	42	CB	56	63	52	30	37	28	57	67	0
191728	1456	36	RW	56	61	66	66	51	57	50	68	1
191893	980	167	LB	56	62	65	48	51	55	60	62	0
192543	837	25	ST	56	56	80	56	33	57	35	56	0
192587	434	33	CDM	56	74	69	52	54	57	48	53	0
192780	110890	14	CB	56	66	62	27	30	34	54	66	0
193164	111065	83	GK	56	66	56	60	57	63	44	48	0
193236	420	37	CB	56	56	60	39	41	47	59	60	0
193726	1754	42	CDM	56	66	66	48	56	58	59	51	0
194803	373	14	ST	56	56	69	53	46	49	44	62	0
195013	422	25	LB	56	64	54	38	54	48	55	57	0
195286	300	16	ST	56	56	70	49	47	60	37	51	0
195427	1958	14	ST	56	68	73	48	37	52	40	53	0
198039	1480	14	GK	56	65	56	55	54	61	35	56	0
198046	110747	37	CM	56	64	72	52	57	58	58	66	0
198252	1948	14	CM	56	56	62	49	57	58	47	57	0
198437	127	50	ST	56	72	77	53	45	62	37	44	0
198457	110313	14	RM	56	64	67	44	52	57	37	44	0
198480	838	25	LM	56	63	80	51	53	55	42	54	0
198485	445	35	CB	56	62	53	30	39	31	56	58	0
198493	445	25	ST	56	56	62	55	42	57	35	52	0
198538	1447	13	CB	56	64	59	56	43	54	56	62	0
198990	1572	25	CM	56	66	65	46	58	54	55	53	0
199014	563	25	ST	56	60	71	55	38	54	37	56	0
199039	111373	4	CDM	56	62	58	34	53	57	58	54	0
199141	919	36	CB	56	68	49	38	57	40	55	56	0
199265	983	167	CF	56	58	49	62	44	56	48	70	1
199278	86	22	CB	56	56	74	50	54	45	56	62	0
199759	1873	37	GK	56	62	58	56	52	61	31	53	1
199783	112022	4	CB	56	62	50	25	25	40	59	65	0
200263	563	25	CM	56	63	64	50	56	52	55	55	0
200313	361	14	RB	56	63	66	35	52	54	57	56	0
200433	2045	4	CF	56	71	63	56	48	58	43	65	0
200671	695	95	CDM	56	65	52	56	57	60	52	60	1
200718	320	46	CB	56	70	54	31	45	38	56	58	1
200860	1443	19	CF	56	67	68	57	49	55	40	59	0
201022	68	115	GK	56	72	54	53	57	62	41	63	0
201332	86	42	CM	56	56	69	37	56	59	59	68	0
201428	100804	42	CAM	56	68	69	43	60	62	51	58	0
201475	1572	25	LB	56	58	55	40	54	48	55	57	0
201502	110456	38	CM	56	63	57	40	59	59	52	51	0
201511	110456	18	ST	56	64	66	55	45	62	36	56	0
201928	1524	36	ST	56	56	66	52	47	62	35	54	1
201987	1958	14	GK	56	63	60	50	52	62	52	54	0
202291	2056	167	LB	56	63	72	46	39	32	58	62	0
202574	1928	14	ST	56	65	79	52	30	56	35	40	0
202673	269	13	GK	56	66	59	58	45	64	44	49	0
202698	1929	14	CM	56	67	60	39	53	57	46	46	0
202761	1948	42	GK	56	56	61	53	51	61	44	54	0
202809	361	14	LB	56	62	76	52	44	66	36	47	0
202925	433	46	ST	56	68	72	48	40	62	34	62	0
202962	982	167	GK	56	56	57	59	54	52	63	58	1
203034	1938	14	GK	56	62	64	44	35	66	57	54	0
203074	112267	46	RB	56	56	81	34	50	60	51	52	1
203093	445	25	CB	56	60	54	31	39	28	60	53	0
203145	1948	14	CB	56	62	63	29	52	41	56	52	1
203172	112072	46	GK	56	56	57	56	57	56	29	57	0
203286	110234	40	ST	56	66	69	55	34	55	40	63	0
203310	111399	195	RW	56	65	84	54	45	51	34	52	1
203423	111397	195	GK	56	63	64	51	53	64	28	50	0
203974	111285	110	RB	56	60	67	42	54	57	57	62	0
204096	112254	14	CM	56	56	51	43	57	51	58	64	0
204246	110313	14	GK	56	67	65	52	48	63	59	47	1
204263	111373	4	CB	56	65	63	38	44	45	57	67	0
204365	1945	14	ST	56	65	56	54	42	54	35	58	0
204383	445	25	CM	56	65	71	47	55	54	52	50	0
204412	1925	14	CM	56	71	68	44	62	51	61	60	0
204426	111393	195	CDM	56	66	77	38	53	55	55	52	0
204630	1824	21	CDM	56	67	53	30	48	40	56	65	0
204631	1824	21	CB	56	68	62	36	52	54	56	59	0
204718	980	167	CM	56	56	76	58	57	48	55	62	0
204773	1815	18	GK	56	65	54	52	57	59	45	62	0
204787	1804	25	CB	56	67	57	29	37	28	57	59	0
204842	894	47	GK	56	65	55	55	59	62	42	51	1
204854	563	25	CAM	56	64	62	49	57	59	48	48	0
204904	322	47	LB	56	70	74	45	56	59	54	53	0
204916	2007	7	CB	56	68	68	45	56	64	41	56	0
205055	86	42	CB	56	67	56	50	50	48	56	63	0
205086	171	21	CM	56	62	68	50	62	57	42	59	0
205187	1867	45	GK	56	65	57	58	52	62	49	48	0
205355	1962	35	CM	56	63	66	50	58	57	55	58	0
205411	94	14	CM	56	70	70	47	58	64	42	41	0
205686	111989	18	CM	56	65	75	51	55	59	42	39	0
205745	110745	37	GK	56	64	64	55	47	51	20	56	1
206083	1792	14	LM	56	76	79	48	45	63	35	42	0
206140	1747	18	GK	56	68	58	50	56	63	36	52	0
206145	171	21	GK	56	66	56	57	57	63	36	47	0
206369	1572	25	CM	56	56	71	51	56	52	55	55	0
206488	299	120	GK	56	62	57	55	55	57	48	53	0
207430	111399	195	CM	56	56	67	46	52	57	43	50	0
207483	111285	25	CM	56	62	58	44	57	54	50	50	0
207530	100081	7	CDM	56	64	55	40	53	56	56	64	0
207564	1439	148	CM	56	56	64	51	56	61	43	44	0
207982	111083	49	GK	56	61	59	50	58	55	45	56	1
207989	100805	42	ST	56	69	64	51	56	60	35	54	0
208041	80	42	GK	56	65	60	53	56	58	41	54	0
208072	1477	167	CM	56	56	59	41	57	53	41	48	0
208172	1815	18	RM	56	72	81	45	46	62	31	41	1
208300	112267	46	LB	56	63	79	25	50	60	51	52	0
208303	1474	167	CB	56	56	63	27	26	41	54	66	0
208454	674	7	RB	56	77	73	40	58	67	49	46	0
208531	111070	95	GK	56	56	60	54	60	61	43	52	0
208538	698	4	GK	56	56	55	54	60	62	40	54	0
208577	112374	36	CM	56	56	66	52	60	53	45	51	0
208809	1937	14	ST	56	71	80	54	47	52	35	60	0
208908	58	18	LW	56	68	66	51	49	64	35	47	0
208912	112389	183	GK	56	56	55	58	58	57	44	56	0
208963	1945	14	CM	56	69	69	51	56	52	51	48	0
209062	700	46	ST	56	67	77	54	55	50	35	65	0
209071	112393	183	RB	56	62	74	38	61	48	54	56	0
209155	112393	183	ST	56	61	66	54	34	55	38	56	0
209255	1796	14	CB	56	56	62	28	27	33	58	59	0
209278	110456	18	CB	56	68	52	31	38	32	56	62	0
209311	72	18	CDM	56	72	76	47	54	60	53	53	0
209314	112259	14	LB	56	69	74	38	48	59	57	54	0
209357	111393	195	CM	56	56	84	43	47	62	31	34	1
209554	112407	183	GK	56	59	57	53	53	60	49	56	0
209566	112407	183	CB	56	56	48	28	39	37	57	65	0
209644	58	18	GK	56	65	58	47	53	66	54	54	0
209781	1815	18	CF	56	65	73	52	46	58	34	54	0
209840	65	18	CB	56	68	63	33	40	55	57	54	0
209893	111398	195	CM	56	65	68	44	54	58	55	62	0
210006	191	21	GK	56	65	58	50	47	62	47	55	0
210119	111651	70	GK	56	65	63	55	51	60	60	51	1
210182	112389	183	CB	56	60	58	31	53	46	55	59	0
210264	111373	4	GK	56	63	59	56	54	54	47	55	0
210356	111395	195	CAM	56	64	80	46	51	60	37	42	0
210438	1820	97	CAM	56	68	70	49	52	64	38	46	0
210490	111373	4	LM	56	64	67	54	60	59	41	46	0
210493	209	4	RB	56	61	64	26	42	54	59	50	0
210506	111821	4	CB	56	56	33	26	30	35	55	72	1
210537	900	47	RM	56	62	63	40	47	61	31	39	0
210582	112224	195	CB	56	61	59	29	42	32	56	64	0
210663	620	42	CB	56	67	54	33	54	47	55	62	0
210710	112139	183	GK	56	60	62	56	53	56	48	52	0
210720	485	21	CB	56	72	52	29	35	36	56	60	0
210829	111766	195	LB	56	67	81	33	57	57	54	60	1
210877	110326	18	ST	56	56	64	54	35	46	38	67	0
210901	112392	183	ST	56	60	70	52	34	52	36	55	0
210922	111674	183	CM	56	67	59	38	58	59	54	53	0
211093	1937	42	CAM	56	77	66	53	56	58	40	45	0
211095	1786	13	ST	56	67	55	51	37	50	38	65	0
211116	112259	14	ST	56	59	79	51	37	51	37	60	0
211136	112395	183	CB	56	56	47	26	32	28	58	65	0
211169	1813	101	ST	56	56	78	52	41	57	32	52	0
211201	19	14	CB	56	78	55	27	49	46	58	55	0
211378	82	195	CM	56	65	65	45	56	57	52	54	0
211415	1940	14	ST	56	56	48	53	31	43	40	76	1
211483	112374	36	CB	56	56	57	34	44	35	54	58	0
211623	121	14	LM	56	70	79	44	48	61	31	46	0
211663	1930	14	ST	56	66	47	56	36	44	35	66	1
211804	111277	46	ST	56	64	59	53	37	54	40	62	1
211864	874	37	LB	56	66	65	41	46	54	55	48	0
212283	418	36	CM	56	67	67	43	61	64	47	55	0
212299	110233	40	GK	56	62	63	53	52	58	43	50	0
212322	100081	7	RM	56	64	58	31	54	59	51	57	0
212347	2056	167	CB	56	56	74	28	39	39	54	67	0
212396	110724	37	CB	56	62	52	27	36	35	56	59	1
212430	1474	167	LW	56	64	63	52	59	57	46	46	0
212581	2045	4	CB	56	62	55	28	30	29	57	68	0
212629	111140	95	CM	56	65	61	48	50	61	49	56	0
212791	1474	167	ST	56	71	68	40	56	58	43	56	0
212845	111821	43	ST	56	56	71	50	35	58	36	61	0
212926	1475	167	LB	56	64	63	45	57	55	52	58	0
213122	689	95	CM	56	63	64	53	54	59	50	60	0
213157	111087	37	ST	56	56	67	53	50	63	36	44	0
213204	433	46	RM	56	68	70	41	51	62	46	42	0
213342	698	95	ST	56	56	76	53	44	63	36	49	0
213343	111928	25	RB	56	58	66	35	57	56	55	50	0
213436	111139	18	CB	56	68	62	57	61	50	37	51	0
213440	687	95	CB	56	56	70	49	56	57	57	52	0
213455	111070	95	CB	56	56	68	32	46	41	55	58	0
213494	111705	46	RW	56	65	65	52	51	61	38	45	0
213539	111277	46	RB	56	63	66	40	51	58	58	58	0
213613	711	46	CM	56	78	57	47	58	54	55	50	0
213643	320	117	ST	56	56	70	53	38	60	36	64	0
213736	695	83	GK	56	64	59	51	62	61	41	53	0
215368	209	4	CM	56	56	73	43	53	54	38	48	0
215374	1955	14	ST	56	68	84	47	45	62	35	54	1
215529	100632	34	CDM	56	59	58	43	58	56	55	50	0
215530	100632	34	CAM	56	64	64	52	58	60	51	48	0
215585	112512	37	ST	56	56	63	53	36	52	37	62	0
215693	112424	13	GK	56	58	58	53	54	63	41	51	0
215927	110913	7	ST	56	65	62	51	37	46	36	62	0
216037	1844	52	CB	56	70	62	26	47	53	55	59	0
216109	100632	34	CAM	56	65	59	46	62	59	42	50	0
216182	112022	4	CDM	56	63	62	34	54	49	56	58	0
216274	100409	21	CB	56	67	54	33	36	39	57	58	0
216286	1445	13	CM	56	64	73	38	55	55	55	57	0
216329	670	105	ST	56	56	67	52	32	45	36	65	0
216358	506	21	GK	56	63	57	55	56	63	31	54	0
217243	110178	21	CB	56	63	58	26	41	40	57	63	0
217792	897	47	CB	56	72	33	31	42	42	59	59	1
219275	111087	37	CM	56	56	67	46	59	57	55	59	0
219661	110747	37	LB	56	64	61	31	33	40	55	64	0
203747	1	45	RB	56	80	77	47	53	64	52	41	0
204499	1936	14	CB	56	74	49	31	42	33	55	65	1
201446	19	14	CDM	56	64	63	42	61	61	55	50	0
208051	1873	37	CAM	56	67	77	46	57	62	48	54	0
189307	346	14	RM	56	60	76	47	52	60	42	44	0
202937	106	14	ST	56	64	57	60	44	52	35	50	0
206426	1930	14	GK	56	63	57	56	42	58	56	56	0
215301	9	50	CB	56	65	40	32	33	35	58	62	0
163821	112260	14	CDM	56	53	58	29	49	48	55	54	0
22388	563	25	GK	55	54	56	56	54	57	40	54	0
47699	322	47	GK	55	55	60	53	50	60	42	49	0
51733	86	54	CB	55	55	55	32	43	47	55	58	0
53367	1940	14	CM	55	58	50	45	55	56	46	55	0
53846	321	46	CB	55	55	22	31	37	25	56	64	0
100522	111285	25	ST	55	55	31	57	56	50	44	70	0
139248	110569	108	GK	55	57	62	53	51	50	26	56	0
142333	422	25	GK	55	57	63	54	50	54	37	50	0
144055	898	47	GK	55	58	56	54	51	52	36	58	0
144655	897	47	GK	55	55	56	53	53	61	32	54	0
149668	422	25	RB	55	55	55	32	50	37	61	55	0
149673	422	25	CB	55	55	54	40	44	37	55	60	1
149718	838	25	CB	55	55	33	49	55	42	54	64	0
149790	305	25	CB	55	55	33	47	58	50	59	62	0
149824	305	25	CDM	55	55	34	49	55	49	55	51	0
151519	112424	13	RB	55	55	67	37	52	49	59	62	0
157397	305	25	RB	55	55	75	50	50	52	52	56	0
161530	112217	40	RB	55	57	53	52	55	59	57	56	0
163213	1480	42	GK	55	55	56	52	52	58	38	55	0
164418	112424	54	ST	55	64	66	43	49	65	45	45	0
165455	838	25	GK	55	55	54	52	53	62	55	56	0
165460	1572	25	CB	55	54	52	40	45	39	57	61	1
167283	112254	14	ST	55	56	55	51	43	55	44	60	0
170255	1930	14	CM	55	55	86	56	47	62	42	47	1
172262	373	14	CM	55	60	64	49	60	58	50	50	0
176788	111822	4	CB	55	55	65	35	51	65	55	48	0
179789	1815	18	CB	55	66	57	25	46	32	56	51	0
180353	834	25	CM	55	55	71	51	52	53	38	57	0
180717	111396	195	GK	55	62	59	49	59	51	27	57	0
181452	614	126	GK	55	60	66	57	52	44	50	51	0
181685	111285	25	LM	55	62	65	53	56	54	34	55	0
182159	112374	36	RB	55	60	62	31	48	35	56	65	0
182681	1940	14	LM	55	60	78	35	55	56	43	42	0
184262	434	47	LM	55	62	63	43	56	57	53	51	0
186384	305	25	LM	55	58	81	44	49	56	35	52	1
186829	1940	14	CAM	55	61	66	51	39	53	38	65	0
187200	1754	83	CB	55	64	33	41	37	41	56	56	0
187760	111132	25	CM	55	60	54	55	57	50	54	56	0
188034	1803	35	CM	55	64	70	37	62	56	44	59	0
189206	373	14	CDM	55	67	68	40	54	56	53	55	0
189238	1447	4	RB	55	64	70	36	54	53	53	50	0
190033	838	25	CB	55	59	54	40	56	55	55	54	0
190240	143	14	CB	55	65	49	47	40	44	61	67	0
190945	1447	13	RB	55	67	76	45	56	57	53	62	0
191492	112676	183	LB	55	55	72	29	40	35	60	53	0
191839	112096	183	CM	55	64	73	51	54	54	51	53	0
191939	1474	167	GK	55	55	55	58	61	57	39	55	0
192230	1945	14	ST	55	55	83	50	50	55	38	58	1
194844	112549	18	GK	55	63	65	51	42	61	47	45	0
194926	110109	40	RB	55	67	70	52	61	56	47	47	0
197938	97	50	CB	55	55	71	40	53	46	54	66	1
198201	1815	18	RM	55	67	70	56	53	61	36	62	0
198326	710	46	GK	55	63	56	57	53	57	43	54	0
198453	305	25	CM	55	58	63	51	56	54	52	54	0
198529	837	25	CB	55	55	71	37	52	51	54	57	0
198929	445	25	ST	55	63	80	55	48	56	34	56	0
199016	1572	25	ST	55	55	77	52	37	52	36	52	0
199018	111132	25	CB	55	58	33	30	27	28	58	66	0
199298	1478	167	CB	55	55	68	49	55	53	55	56	0
199608	2045	4	CM	55	55	65	47	53	55	54	56	0
200134	111132	25	CM	55	61	71	54	42	56	35	53	0
200437	445	25	ST	55	62	70	52	28	55	36	54	0
200498	111132	25	CB	55	63	53	37	50	48	54	55	0
200732	837	25	CM	55	55	62	50	55	52	47	55	0
200963	688	95	CB	55	66	57	49	51	59	58	69	1
200964	693	95	CM	55	55	69	53	52	60	40	45	0
201354	112410	27	GK	55	62	52	52	50	62	48	54	0
201456	1750	7	ST	55	71	67	55	51	57	39	62	0
201474	834	25	CM	55	55	55	55	58	52	50	50	0
202014	305	25	CB	55	61	53	31	45	39	54	58	0
202062	710	46	CB	55	67	56	29	41	52	58	60	0
202254	112199	36	CDM	55	59	55	56	51	64	47	54	1
202332	319	24	LM	55	61	79	51	54	56	52	51	0
202532	361	50	CM	55	68	68	44	53	55	43	53	0
202772	306	25	LB	55	64	62	51	55	55	52	48	0
202844	89	25	CB	55	68	34	27	42	32	56	53	0
203095	423	25	RB	55	61	53	40	52	53	54	54	0
203133	181	42	GK	55	68	56	59	53	58	21	57	0
203141	111277	46	ST	55	55	61	50	38	53	39	64	1
203170	112072	46	ST	55	55	71	47	42	63	35	48	0
203175	1800	14	GK	55	65	64	46	54	61	44	51	0
203189	321	46	LB	55	64	60	30	51	43	58	60	0
203223	111397	195	CAM	55	69	64	51	48	54	40	67	0
203381	111398	195	LB	55	66	55	33	48	46	52	60	0
203424	1948	14	CM	55	55	53	47	50	57	53	63	0
203576	111092	37	CB	55	55	56	40	50	47	55	57	1
203752	1930	14	CM	55	55	68	44	49	55	36	43	0
203852	111821	4	GK	55	55	59	44	52	57	52	59	0
203853	111821	4	ST	55	66	69	47	38	53	42	63	0
204157	1715	18	CM	55	55	59	52	51	50	55	55	0
204239	110569	18	ST	55	55	68	53	51	56	37	48	0
204275	620	42	CM	55	69	60	50	53	58	49	46	0
204364	111399	195	CM	55	63	62	35	61	57	51	52	0
204437	1837	27	GK	55	67	59	54	64	56	31	55	0
204825	110313	14	GK	55	55	58	51	55	62	40	48	0
204850	922	36	CM	55	55	72	47	43	70	39	46	1
204889	1795	14	ST	55	69	65	53	48	59	37	51	0
204922	111821	4	GK	55	68	55	48	50	66	44	51	0
204999	110747	37	LM	55	65	76	48	57	47	53	48	0
205019	100805	14	CB	55	55	85	53	49	60	54	52	1
205060	86	42	CM	55	69	65	44	61	57	41	50	0
205378	1819	18	GK	55	68	55	57	53	62	37	49	0
205390	57	18	CM	55	55	60	47	58	54	50	54	0
205400	1929	14	ST	55	76	70	49	46	54	37	63	0
205568	112267	138	CAM	55	61	66	43	46	60	37	41	0
205728	1746	20	ST	55	68	90	49	34	46	34	58	1
205929	820	13	LM	55	72	69	41	51	59	44	56	0
206074	1837	27	CB	55	72	61	25	40	32	56	62	0
206138	110227	40	GK	55	70	60	48	53	62	44	52	0
206200	111132	25	RM	55	61	67	49	52	56	33	49	0
206202	1962	14	CM	55	55	72	51	58	55	51	60	0
206243	112549	18	CM	55	64	55	36	56	48	49	51	0
206263	95	14	ST	55	64	60	50	39	52	37	60	0
206653	1480	14	CM	55	72	66	29	49	32	58	64	0
207443	110456	18	GK	55	67	56	58	43	58	42	53	0
207476	1572	25	RM	55	58	61	45	52	55	34	47	0
207622	1463	36	CB	55	68	53	44	46	33	56	62	1
207649	1823	18	ST	55	66	66	54	38	52	32	58	0
207868	837	25	CM	55	59	55	47	55	51	53	52	0
207902	111091	37	CM	55	55	70	53	55	56	43	64	0
208065	112115	167	ST	55	60	51	52	29	56	36	71	0
208111	711	46	CB	55	67	51	35	43	48	56	64	0
208689	111822	4	CDM	55	65	66	42	54	52	56	51	0
208971	112392	183	CAM	55	55	59	57	58	53	40	46	0
209057	112389	183	RB	55	61	63	39	50	50	53	61	0
209228	112395	183	RB	55	56	72	53	57	61	46	41	0
209257	1796	14	CB	55	55	62	26	26	29	57	61	0
209260	299	36	ST	55	55	52	55	35	49	36	62	0
209284	112407	183	GK	55	57	56	54	60	55	42	55	0
209335	300	36	LB	55	69	66	38	62	56	53	53	1
209430	224	18	ST	55	66	68	54	36	52	34	53	0
209548	1920	14	RB	55	61	77	26	34	50	56	52	0
209565	112390	183	CDM	55	66	67	38	57	54	49	50	0
209836	614	7	CM	55	55	64	49	58	62	43	49	0
210167	112389	183	GK	55	55	61	52	52	61	31	46	0
210244	1933	14	RM	55	63	77	48	48	58	38	54	0
210319	838	133	ST	55	64	72	51	37	53	38	64	1
210345	121	14	CM	55	55	71	45	49	59	35	43	0
210472	111373	4	GK	55	59	55	52	58	63	43	51	0
210504	1862	129	RB	55	62	65	41	55	52	56	60	0
210538	1715	47	CM	55	61	60	47	57	49	48	52	0
210601	111821	4	CDM	55	65	69	29	28	40	52	67	0
210660	780	4	LM	55	66	78	35	46	59	48	44	0
210763	605	183	CB	55	60	58	26	33	34	56	62	0
210786	112387	183	RM	55	67	85	47	50	59	34	48	1
210966	83	63	LM	55	67	70	27	45	55	53	56	0
210967	80	42	CF	55	67	78	43	52	65	52	53	0
210975	1754	107	ST	55	55	63	53	53	58	39	64	1
211045	1480	14	RM	55	64	74	47	54	54	34	44	0
211127	112072	46	LM	55	67	63	56	53	56	55	61	0
211149	112393	183	GK	55	55	55	56	57	57	44	52	0
211245	111083	37	CM	55	65	58	46	59	49	48	57	0
211469	112267	46	RM	55	68	74	44	46	66	30	34	0
211668	111091	37	CM	55	55	73	48	50	57	40	51	0
212011	1476	167	CB	55	55	72	26	32	56	58	56	0
212276	78	8	ST	55	68	66	48	47	59	35	53	0
212434	983	167	CM	55	55	66	49	58	53	54	54	0
212558	2056	167	GK	55	55	53	54	55	56	43	56	0
212643	320	46	RM	55	67	68	53	51	61	31	42	0
212644	320	46	CB	55	68	69	31	50	42	53	66	0
212737	111398	195	RM	55	73	64	31	56	55	54	57	0
212799	1478	167	RB	55	59	63	31	48	52	52	49	0
212800	1478	167	CDM	55	61	59	43	51	58	52	74	1
212802	111373	4	CB	55	59	58	25	43	28	55	64	0
212913	110765	167	CM	55	55	68	46	54	55	33	44	0
213365	111144	13	ST	55	55	69	52	49	59	34	42	0
213437	111139	70	LM	55	64	67	28	44	45	55	56	0
213468	1870	46	CB	55	67	62	30	40	32	56	62	0
213470	1870	46	CDM	55	65	68	42	52	55	52	53	0
213492	111705	46	CB	55	55	60	29	52	48	56	52	0
213883	1750	7	CAM	55	68	70	47	56	57	31	37	0
213935	100764	40	CB	55	69	69	27	39	31	54	60	0
215379	68	31	CB	55	67	56	27	40	33	56	64	0
215575	112512	37	GK	55	65	56	51	54	58	51	52	0
215649	1949	14	RM	55	62	65	48	52	56	44	52	0
215667	112424	39	CB	55	61	63	25	26	27	58	59	1
215789	420	37	ST	55	55	64	51	35	50	35	58	0
216110	110746	37	GK	55	62	59	51	53	59	40	52	0
216114	920	36	CB	55	68	68	35	43	43	53	62	0
216116	420	37	ST	55	55	68	49	36	51	36	59	0
216135	159	21	GK	55	55	64	47	41	54	25	60	0
216156	434	47	CB	55	70	66	42	44	35	55	56	0
216177	112022	4	LB	55	58	62	39	35	47	57	58	0
216181	112022	4	CDM	55	66	57	35	50	49	56	60	0
216183	112022	21	RB	55	66	74	44	52	58	31	46	0
216184	112022	4	CDM	55	67	62	35	55	49	54	49	0
216186	112022	4	ST	55	71	56	51	36	53	36	62	0
216200	159	21	CM	55	62	67	46	60	58	46	57	0
216282	100409	21	RB	55	66	55	35	47	45	56	52	0
216297	1831	21	RM	55	64	67	46	51	60	33	48	0
216309	111087	43	GK	55	55	62	49	53	60	34	50	0
216327	670	7	CB	55	69	54	27	40	33	56	58	1
216334	673	7	CM	55	71	56	34	54	54	52	51	0
216583	111373	4	CM	55	54	63	35	54	48	55	59	0
216696	894	26	CM	55	61	65	38	58	59	43	44	1
216742	1862	44	CB	55	65	54	36	58	51	55	62	0
216779	1715	47	GK	55	61	62	48	51	60	44	51	0
217287	232	7	CDM	55	78	64	39	57	48	53	51	0
217505	111822	4	LM	55	65	63	53	48	57	39	56	0
217577	301	37	CM	55	55	63	46	57	58	35	43	0
217581	301	37	ST	55	55	53	52	43	49	36	64	0
217825	1754	42	CDM	55	74	68	57	56	60	46	54	0
219256	272	13	GK	55	75	53	56	48	59	45	52	0
219272	110749	37	CDM	55	63	63	41	56	53	55	57	0
219487	112020	27	RB	55	71	68	26	50	56	52	48	0
219793	68	18	GK	55	73	58	54	49	58	25	54	0
194677	1926	14	ST	55	64	75	47	47	58	39	54	0
198162	110770	47	CDM	55	64	73	49	59	58	53	65	0
204218	12	14	ST	55	64	69	49	37	51	38	56	0
211307	100769	40	LM	55	69	62	54	54	60	35	43	0
878	1797	14	CDM	54	52	52	55	58	57	50	55	0
2741	111285	25	CB	54	54	34	24	40	32	56	62	0
19740	305	25	GK	54	54	54	53	55	56	37	54	0
28223	1962	42	CB	54	54	59	49	53	56	54	56	0
30310	1463	36	CM	54	54	66	57	48	51	55	66	1
52229	299	46	RB	54	54	72	47	53	56	54	59	0
53506	127	50	GK	54	54	51	56	59	47	49	61	0
139345	1941	14	LB	54	54	58	42	43	47	57	68	0
150024	898	10	CB	54	59	62	46	51	54	54	64	0
151208	1951	14	GK	54	54	56	53	47	61	36	49	0
151677	112424	13	CM	54	58	79	53	57	63	46	58	0
157133	834	25	CDM	54	53	52	42	53	39	55	60	0
157408	838	25	CB	54	54	55	43	51	50	54	52	0
158795	112199	13	RB	54	66	69	55	49	59	40	62	1
163858	620	14	LB	54	60	53	30	48	48	56	58	0
165451	834	25	RB	54	54	33	42	53	50	57	54	0
167302	422	25	GK	54	54	55	53	58	55	43	54	0
170104	838	25	CM	54	54	55	48	55	50	54	58	0
170438	357	14	RB	54	62	68	25	45	50	54	60	0
170660	1715	47	CB	54	56	50	39	50	47	57	57	0
171880	834	25	CB	54	53	53	32	40	34	56	54	0
171908	111087	37	CM	54	55	54	56	59	56	44	56	1
173064	112584	55	ST	54	54	41	47	45	57	39	59	0
176803	711	46	CB	54	54	79	33	55	58	52	60	0
180760	605	183	GK	54	54	58	53	52	53	28	56	0
180881	834	25	CM	54	59	54	48	56	52	54	54	0
181661	445	35	GK	54	54	56	54	55	56	44	56	0
181797	834	25	CB	54	55	54	25	44	32	56	58	0
183423	834	25	CM	54	57	55	54	56	50	54	56	0
184492	423	25	LB	54	58	54	42	52	43	58	62	0
186882	420	28	GK	54	62	53	52	54	59	38	53	0
189377	820	13	ST	54	62	49	48	37	56	39	55	0
189404	2045	4	GK	54	64	57	47	50	56	34	56	0
190682	1934	162	CM	54	69	65	44	56	58	43	56	0
191081	271	13	LM	54	66	66	45	47	58	38	48	0
191253	10030	21	GK	54	60	57	48	47	61	53	49	0
191437	112390	183	GK	54	56	51	59	61	54	39	55	0
191497	112395	183	LM	54	58	83	50	45	54	48	50	1
192273	111277	46	GK	54	59	53	54	57	58	23	54	0
192542	111285	25	RB	54	61	55	39	52	49	54	53	0
194905	110747	43	CB	54	54	57	30	37	28	54	64	1
195080	1920	35	CF	54	67	67	50	52	63	36	55	0
195480	112260	35	RB	54	64	69	40	50	56	52	56	0
198467	111132	25	CB	54	57	71	49	56	51	51	53	0
198524	445	25	CB	54	54	61	38	52	53	53	54	0
198546	111132	25	CM	54	60	55	50	51	50	47	50	0
199007	111132	25	GK	54	54	54	54	51	56	40	54	0
199023	445	25	LM	54	58	55	51	51	52	54	56	0
199047	305	25	ST	54	59	59	51	33	55	37	58	0
199139	111285	25	CB	54	59	60	44	53	50	53	58	0
199234	111373	4	LB	54	68	69	46	50	54	56	56	0
199283	898	47	LB	54	61	74	54	58	62	52	56	0
199415	111132	25	RM	54	59	71	52	46	59	34	49	0
199461	305	25	CM	54	54	71	50	55	51	54	64	0
199480	1572	25	CM	54	60	64	51	58	50	55	58	0
200408	12	14	CB	54	66	52	25	39	29	53	61	0
200475	1831	21	CB	54	62	57	40	52	50	55	54	1
200563	980	167	ST	54	60	65	52	45	55	43	57	0
200634	834	25	ST	54	56	62	55	27	53	42	67	0
201080	420	37	RB	54	60	66	44	46	52	53	63	0
201407	1750	7	CB	54	62	45	33	36	40	57	57	1
201864	101112	70	GK	54	54	50	50	42	60	34	57	0
202004	305	25	ST	54	54	71	50	51	52	38	58	0
202010	1572	25	CB	54	54	59	50	53	48	54	53	0
202128	346	14	LB	54	60	80	40	53	54	52	45	0
202255	112199	36	CB	54	54	75	49	52	57	54	54	0
202464	1932	14	CM	54	57	64	49	60	48	47	52	0
202801	231	38	CB	54	71	65	31	40	41	52	63	1
202812	837	25	ST	54	54	64	50	49	57	37	51	0
202916	673	7	CAM	54	72	59	47	54	64	32	39	0
202931	111132	25	CM	54	54	54	46	56	53	49	51	0
202932	321	46	ST	54	68	63	52	36	61	38	52	0
203089	1806	14	LB	54	64	65	27	61	44	54	46	0
203287	1962	50	LM	54	67	83	49	47	56	37	58	1
203425	1794	14	CB	54	64	51	30	30	27	54	68	0
203491	97	25	ST	54	58	63	49	39	50	36	56	0
203783	1939	14	CB	54	68	54	26	51	40	53	52	0
203792	1941	140	LB	54	68	75	28	37	35	56	56	0
204008	143	14	LM	54	69	74	39	44	56	42	52	0
204222	1941	14	CM	54	72	54	50	63	61	48	48	0
204657	1878	83	CM	54	54	58	45	55	60	53	58	0
204945	1465	36	LM	54	61	64	57	50	57	46	54	0
205539	15048	35	GK	54	63	53	52	53	56	56	54	1
206076	112487	27	RB	54	65	73	25	41	50	54	61	0
206077	111132	25	RB	54	60	64	44	51	50	54	54	0
206218	1823	18	GK	54	81	59	53	48	64	54	46	0
206237	212	18	CM	54	54	63	40	56	48	57	60	0
206322	422	25	CB	54	60	54	42	40	33	56	52	0
206327	422	25	RM	54	58	65	44	55	50	53	58	0
206501	110109	40	CM	54	59	60	44	55	57	53	59	0
206530	299	36	CB	54	74	52	31	28	33	56	56	0
206531	1465	36	GK	54	64	57	48	51	61	46	49	0
207455	1572	25	GK	54	59	55	51	52	56	46	54	0
207491	111285	25	ST	54	61	63	52	56	50	52	52	0
207574	111277	46	ST	54	54	65	52	39	51	36	60	0
207710	1800	14	CM	54	54	67	49	59	56	47	56	0
207954	254	21	CDM	54	59	67	37	42	39	54	62	0
208188	121	14	LB	54	67	60	26	26	28	56	64	1
208290	305	25	LB	54	66	75	39	52	50	53	58	0
208390	670	7	GK	54	65	59	51	49	62	43	47	0
208552	101112	95	CB	54	54	60	30	45	42	56	54	0
208732	550	21	GK	54	60	58	53	53	57	37	54	0
208816	1797	14	CM	54	63	68	47	51	54	55	58	0
208934	112139	183	LM	54	62	74	41	54	52	42	54	0
209077	112389	183	CDM	54	60	64	51	54	50	56	51	0
209221	112395	183	CDM	54	54	80	39	44	59	52	32	1
209222	112395	183	RB	54	62	62	41	45	48	56	47	0
209259	1796	14	CM	54	54	70	36	55	56	62	59	0
209336	1951	14	CB	54	65	52	27	38	27	55	60	0
209360	111399	147	ST	54	54	78	47	35	61	34	53	0
209365	111395	195	CM	54	64	70	56	50	56	49	35	0
209506	2007	7	GK	54	65	57	55	66	50	34	53	1
209558	112407	183	CB	54	59	69	25	31	34	55	62	0
209573	112390	183	CDM	54	58	60	33	56	45	52	61	0
209713	1445	13	LM	54	65	72	45	55	55	49	57	0
209763	111400	195	CM	54	63	70	39	61	61	38	45	0
210166	112389	183	CDM	54	60	71	41	51	49	55	62	0
210220	111398	195	CM	54	61	62	42	55	52	48	49	0
210229	112407	183	CM	54	57	66	38	58	51	51	61	0
210240	111239	21	RM	54	63	72	53	53	57	34	55	0
210263	445	35	CAM	54	65	70	50	54	49	45	52	0
210377	1925	38	CAM	54	67	63	53	51	55	39	44	0
210470	111373	4	RB	54	64	67	29	47	47	54	56	0
210497	209	4	GK	54	59	55	54	52	57	41	53	0
210639	1933	14	ST	54	66	71	46	36	58	39	62	0
210709	112139	183	CB	54	54	50	27	35	33	53	62	0
210713	269	13	RB	54	69	80	45	48	55	54	51	0
210767	112407	183	CDM	54	54	68	37	54	50	54	60	0
210782	112139	183	GK	54	58	55	51	51	59	40	52	0
210785	112387	183	GK	54	59	53	50	51	59	49	53	0
210807	112675	183	ST	54	54	48	54	35	49	34	61	0
211024	112407	183	LB	54	58	63	29	30	35	52	55	0
211029	112407	183	LM	54	58	70	42	45	60	37	46	0
211030	112407	183	CB	54	56	69	30	31	36	55	59	0
211117	1798	14	CDM	54	76	63	46	55	59	44	45	0
211134	112395	183	GK	54	54	58	49	51	60	49	48	0
211159	607	183	CB	54	64	59	37	34	40	55	57	0
211247	111091	37	CM	54	67	62	49	54	58	53	57	0
211662	111397	195	ST	54	66	67	55	51	63	36	45	0
211672	111766	198	RW	54	67	82	49	32	59	33	52	1
211785	112224	195	LB	54	63	72	48	52	56	31	42	0
211902	15005	7	ST	54	66	70	52	44	52	32	50	0
211993	1832	21	CM	54	64	59	39	58	48	54	48	0
212004	10030	21	CB	54	64	62	26	34	35	52	60	0
212043	112407	183	CB	54	58	60	27	29	34	55	61	0
212202	112224	195	LB	54	61	63	29	55	55	51	57	0
212240	10029	48	ST	54	68	58	47	41	50	39	60	0
212254	110913	7	CAM	54	68	60	43	59	53	39	40	0
212297	100764	40	CM	54	54	58	45	57	53	36	46	0
212415	689	95	GK	54	69	55	57	62	59	59	47	1
212433	983	167	ST	54	54	62	47	56	53	54	64	1
212522	111835	46	LM	54	62	73	54	52	58	33	38	0
212642	320	46	CM	54	54	69	48	45	67	28	38	0
212693	710	46	ST	54	63	69	49	42	59	43	52	0
212736	111083	37	CM	54	54	69	45	54	54	47	56	0
212815	1476	167	GK	54	54	59	51	55	59	48	50	0
212909	688	82	ST	54	54	68	48	34	56	37	56	0
212918	2056	167	ST	54	62	71	45	37	60	36	51	0
212988	111087	37	CM	54	62	64	42	56	54	52	59	0
213093	111399	195	CB	54	65	60	53	50	42	55	59	0
213137	1831	21	CB	54	54	64	27	43	53	54	57	0
213456	1750	7	LW	54	72	67	43	55	56	34	47	0
213461	1870	46	GK	54	65	56	52	49	59	40	50	1
213474	1870	46	ST	54	63	67	51	36	52	35	53	0
213511	112199	36	CB	54	66	56	26	29	25	53	58	0
213525	112072	46	CB	54	54	54	30	37	30	56	64	0
213766	112267	46	CB	54	64	62	27	27	41	54	64	0
213777	922	36	CM	54	76	62	48	51	60	47	49	0
213880	1904	34	CM	54	62	64	40	63	58	51	58	0
214075	111835	46	LB	54	63	59	25	33	31	54	61	0
214096	162	21	ST	54	54	55	49	39	48	36	60	1
215302	232	7	CM	54	73	67	47	52	56	53	51	0
215383	68	136	CB	54	54	58	26	57	55	49	60	0
215495	110770	136	CDM	54	74	60	37	55	53	55	64	0
215685	1443	13	CF	54	62	77	49	53	56	38	47	0
215909	15005	7	GK	54	63	53	50	56	62	45	51	0
215971	112675	183	CB	54	56	63	27	29	30	56	61	0
216175	112022	4	GK	54	67	54	57	55	58	40	48	0
216176	112022	4	CB	54	54	69	27	47	52	55	52	0
216180	112022	4	RB	54	58	66	28	44	48	57	54	0
216199	159	21	CM	54	54	67	39	50	49	57	61	1
216255	503	21	RM	54	72	53	53	47	50	36	58	0
216259	110636	21	GK	54	54	56	50	50	59	42	52	0
216726	1873	37	GK	54	59	61	49	54	57	45	48	0
217502	111822	4	GK	54	58	56	54	48	52	48	55	1
217730	111821	4	RB	54	64	62	37	41	55	56	53	0
217872	874	37	GK	54	54	57	52	56	65	45	43	0
217877	15005	7	LM	54	74	77	45	34	61	35	52	0
217890	111086	37	RM	54	57	72	47	44	59	28	45	0
219260	160	21	GK	54	65	60	41	52	63	40	55	0
219274	110749	37	LM	54	62	73	42	52	53	52	56	0
213417	18	14	ST	54	74	71	49	34	47	36	62	0
210392	9	35	RB	54	73	70	25	43	50	54	52	0
203746	1	45	CM	54	74	66	49	61	43	51	52	1
173633	86	42	GK	54	62	54	58	54	57	32	54	0
200741	7	14	CB	54	74	63	34	48	44	53	54	0
203091	1806	25	RB	54	64	77	24	50	44	54	41	0
203809	1925	14	CB	54	57	53	29	30	25	54	62	0
19372	834	25	CM	53	53	54	50	53	52	52	58	0
50606	1929	14	ST	53	53	50	53	43	51	39	57	0
52990	112424	13	CM	53	53	71	45	50	49	43	46	0
104586	1465	36	CB	53	53	45	44	42	36	52	59	1
149290	897	27	GK	53	57	52	52	49	53	42	56	0
167067	837	25	GK	53	53	54	51	51	56	32	53	0
169263	112374	36	LB	53	56	66	48	61	47	49	58	0
176384	873	37	GK	53	69	56	49	41	55	36	58	1
177512	1940	14	CB	53	53	69	42	54	53	54	53	0
179981	434	107	RB	53	62	63	42	55	50	53	54	0
180271	111588	167	CB	53	53	76	44	44	48	56	62	0
180671	112407	183	GK	53	53	56	50	50	53	34	55	0
181726	838	25	CM	53	53	55	43	59	44	47	51	0
181809	111132	25	LB	53	58	54	42	49	52	55	54	0
182704	1948	14	CB	53	53	61	33	48	35	54	59	0
187157	1949	14	ST	53	59	70	49	43	56	38	59	0
187398	838	25	ST	53	53	65	51	46	54	35	53	0
188178	111373	4	ST	53	60	66	50	34	50	34	50	0
189810	422	25	CM	53	59	54	51	52	50	49	54	0
190163	86	18	RB	53	58	54	33	50	36	52	55	0
190470	1946	50	CM	53	65	72	53	57	59	43	51	0
192493	1862	38	ST	53	53	63	49	54	58	47	51	0
193505	898	10	RB	53	61	64	45	52	61	56	50	0
198469	838	25	CM	53	57	54	49	54	53	54	56	0
198921	838	25	CB	53	59	55	34	34	41	55	58	0
199006	111132	25	GK	53	57	54	53	55	55	33	52	0
199009	305	25	CB	53	53	58	31	45	37	55	54	0
199025	111132	25	RB	53	58	55	34	48	51	53	54	0
199499	110313	14	LM	53	61	73	54	50	53	39	50	0
199705	1814	18	GK	53	63	54	55	57	59	39	48	0
199951	838	25	CB	53	53	52	31	37	31	55	59	0
200697	1940	14	CB	53	67	59	32	45	54	49	58	1
200855	1798	14	RB	53	65	72	35	54	56	55	45	0
200873	837	14	GK	53	53	52	53	52	56	45	55	1
201040	224	18	RB	53	64	59	43	53	50	53	53	0
201094	121	14	GK	53	72	54	52	48	58	49	52	0
201330	86	42	CB	53	62	59	31	46	44	55	59	0
201421	111132	25	ST	53	58	71	52	38	53	35	52	0
201927	89	14	LM	53	72	84	44	46	62	36	51	1
202381	1445	13	ST	53	58	69	50	32	55	37	59	0
202658	1439	46	CB	53	53	69	40	52	55	49	50	0
202818	834	25	LB	53	60	62	29	49	46	54	56	0
202837	111132	25	ST	53	59	61	48	34	48	37	62	0
202842	111132	25	CB	53	60	34	30	29	30	55	58	0
202881	305	25	RM	53	62	59	53	54	50	48	53	0
202969	980	167	ST	53	53	58	58	41	47	42	65	0
203063	1750	7	CB	53	53	58	29	45	39	55	56	0
203232	111132	25	CM	53	53	65	49	50	54	50	50	0
203455	780	21	LB	53	69	64	51	52	50	56	43	1
203764	1926	14	LM	53	63	67	52	64	45	50	49	0
203811	271	20	ST	53	62	73	46	51	57	39	52	0
204152	271	13	CB	53	62	68	33	46	38	54	60	0
204301	112424	13	ST	53	65	72	50	43	65	36	46	0
204730	272	13	CDM	53	60	78	56	64	65	44	56	0
204861	1920	14	CM	53	61	63	46	58	55	41	43	0
205147	212	118	CM	53	53	76	43	49	65	37	40	0
205171	312	40	ST	53	53	53	49	40	49	37	61	0
205268	110231	40	CB	53	62	53	30	30	31	54	58	0
205322	305	25	CM	53	53	81	44	48	53	33	44	1
205345	1934	14	GK	53	53	56	52	49	53	38	50	0
205397	357	14	CM	53	53	80	36	44	64	32	52	0
205552	838	25	CM	53	53	71	43	49	53	47	46	0
206085	1792	14	RM	53	80	79	50	44	58	32	37	0
206144	305	25	ST	53	53	76	48	36	50	35	53	0
206332	422	25	CM	53	64	55	47	56	50	51	50	0
206370	1572	25	CM	53	53	60	32	52	51	51	53	0
207539	1475	167	CM	53	53	54	34	54	53	54	65	0
207713	834	25	RM	53	57	65	46	50	54	31	44	0
207728	305	25	CM	53	53	58	48	55	51	48	52	0
208064	112115	167	LB	53	57	59	27	32	52	55	56	0
208097	1788	10	RB	53	63	64	47	56	63	55	52	0
208169	322	47	CB	53	53	63	28	40	49	53	57	0
208348	111086	37	CB	53	58	55	28	42	29	53	59	0
208430	838	25	CB	53	53	61	31	48	39	54	53	0
208775	219	136	CDM	53	70	61	42	54	53	53	55	0
208975	112390	183	ST	53	53	74	48	37	48	37	63	0
209216	112395	183	CB	53	53	56	25	51	31	53	54	0
209229	112395	183	ST	53	53	61	50	52	56	33	44	0
209244	305	25	RB	53	59	62	43	53	51	53	56	0
209330	1456	36	RW	53	67	52	46	42	67	28	49	0
209359	111399	195	CDM	53	60	60	34	49	45	56	58	0
209578	112096	183	CDM	53	62	64	38	50	56	52	57	0
209582	112390	183	GK	53	58	53	52	51	55	45	50	0
209589	112390	183	RM	53	56	66	35	55	51	48	60	0
209762	111400	195	CB	53	53	65	42	51	53	54	60	0
209895	111395	195	GK	53	62	60	45	55	61	40	47	0
210134	112387	183	CB	53	60	58	28	30	32	54	61	0
210160	127	14	LB	53	69	59	27	37	32	56	68	0
210216	111398	195	CDM	53	61	69	44	49	57	52	56	0
210641	1788	13	CM	53	60	67	50	58	50	45	46	0
210644	1788	13	CAM	53	64	69	45	51	56	36	43	0
210658	1473	167	GK	53	53	55	52	48	57	48	49	0
210659	780	4	RB	53	63	68	31	50	58	50	50	0
210717	1786	13	CB	53	59	58	32	40	33	54	55	0
210726	110765	167	ST	53	65	63	46	33	56	38	59	0
210773	919	36	LM	53	75	73	42	53	54	34	42	0
210803	1750	7	CM	53	53	53	38	49	52	54	55	0
210860	64	18	RB	53	65	60	28	35	41	54	61	0
210894	81	42	ST	53	53	51	51	36	49	34	62	0
210910	112392	183	ST	53	56	60	44	45	51	39	52	0
210921	111674	183	CB	53	59	50	27	27	28	55	59	0
211025	112407	183	CB	53	53	68	30	35	33	52	55	0
211096	78	42	RB	53	69	69	26	41	51	54	52	0
211141	112395	183	CB	53	53	65	26	31	42	58	51	0
211154	112393	183	ST	53	58	76	46	35	50	35	50	0
211235	110313	35	ST	53	61	72	48	37	43	37	70	0
211251	112676	183	CDM	53	63	57	34	47	50	57	52	0
211258	607	183	GK	53	59	58	54	52	56	42	46	0
211537	80	42	GK	53	53	54	50	51	56	44	53	0
211791	874	37	RB	53	57	69	23	46	31	53	58	0
212099	1524	36	CM	53	73	66	47	51	73	37	45	1
212200	100764	40	CDM	53	67	58	39	54	47	54	55	0
212242	166	21	CDM	53	74	56	38	50	49	54	52	0
212255	320	46	GK	53	67	63	49	46	61	43	41	0
212320	77	42	RB	53	60	63	25	50	55	53	52	0
212830	111393	120	RW	53	65	76	47	41	60	25	36	0
212838	111588	167	CM	53	53	58	34	56	51	53	52	0
212908	1955	42	GK	53	59	56	51	51	56	42	51	0
213467	1870	46	CB	53	63	57	31	46	50	53	60	0
213481	100769	40	CB	53	73	57	30	34	33	52	57	0
213489	420	37	GK	53	53	56	48	58	59	45	50	0
213545	1445	13	GK	53	62	53	54	52	56	46	50	0
214948	10030	21	CDM	53	69	69	35	49	52	54	58	0
215656	1443	13	GK	53	53	57	51	52	58	44	47	0
215687	1443	13	CM	53	53	73	46	60	55	38	43	0
216134	1443	13	RB	53	58	76	28	51	53	53	52	0
216157	434	47	CM	53	53	69	50	49	53	32	44	0
216179	112022	4	CB	53	58	57	27	27	28	53	59	0
216261	110636	48	CB	53	53	72	41	46	53	53	53	0
216338	1800	14	ST	53	64	61	51	35	46	35	56	0
216339	1800	14	CM	53	53	69	43	47	61	38	39	0
216741	1862	47	CM	53	65	61	44	53	55	49	53	0
216989	111091	37	CB	53	53	65	31	37	46	56	52	0
217789	2045	4	CB	53	57	58	28	29	30	55	61	0
217871	874	37	GK	53	62	57	49	45	58	45	54	0
218734	898	47	CB	53	66	56	27	31	34	54	56	0
218887	1862	47	CM	53	53	64	38	50	52	53	54	0
219278	301	37	GK	53	65	55	48	56	58	45	49	0
219474	1842	27	CM	53	73	69	45	59	59	42	50	0
219664	110929	140	CB	53	67	59	24	35	29	55	59	0
200095	100766	40	RB	53	65	68	24	46	40	51	51	0
206556	110313	14	ST	53	68	68	49	34	50	35	57	0
15302	346	14	GK	52	52	47	55	58	51	25	56	0
151133	1945	14	CDM	52	55	60	48	51	46	54	62	0
167157	1524	36	GK	52	55	51	54	44	50	44	53	0
169480	361	14	CB	52	59	56	26	39	30	52	54	0
170165	838	25	GK	52	52	48	50	49	56	35	55	0
186383	1572	25	RB	52	58	57	43	56	39	55	54	0
189776	620	50	LM	52	59	70	35	48	54	36	41	0
190616	1936	14	LB	52	56	75	28	47	51	52	53	0
192977	1447	13	CM	52	56	63	47	48	48	44	46	0
198598	1463	36	GK	52	52	52	57	43	55	52	46	0
198729	1524	36	CB	52	52	67	39	49	61	53	48	0
199013	838	25	ST	52	53	66	48	43	55	36	55	0
199796	1443	13	CB	52	58	64	25	23	34	55	57	0
200210	112260	14	CAM	52	68	67	40	43	61	36	44	0
200321	1465	36	CB	52	52	57	28	33	34	52	50	0
200388	15015	14	CM	52	59	67	44	51	51	49	50	0
200959	445	25	CB	52	52	67	46	46	50	50	46	0
201321	1962	14	GK	52	56	54	53	45	50	35	52	1
201903	919	36	GK	52	56	52	54	46	57	25	50	0
202334	1930	25	CM	52	52	72	39	49	61	45	48	0
202613	838	25	CB	52	52	47	35	54	48	53	56	0
202943	111070	95	CM	52	52	58	51	46	55	51	56	0
203090	1945	14	GK	52	65	64	35	37	65	51	42	0
203430	121	50	CB	52	65	58	25	29	39	51	67	0
203539	305	25	ST	52	58	61	48	48	54	37	51	0
204374	445	35	ST	52	57	60	51	41	52	31	47	0
204743	111132	25	CM	52	52	55	47	51	54	34	48	0
205255	143	35	ST	52	65	78	54	30	54	40	54	0
205311	83	42	ST	52	68	53	48	35	49	36	61	0
205523	1715	47	CM	52	52	67	46	50	56	40	52	0
205818	127	14	CM	52	75	72	47	57	57	39	50	0
205936	160	21	GK	52	58	53	46	43	61	30	48	1
206466	422	25	GK	52	52	54	48	49	56	44	52	0
206537	1934	14	RB	52	62	70	31	47	51	48	56	0
206562	1934	50	CM	52	66	71	42	55	55	53	51	0
206564	80	42	RM	52	58	53	50	37	46	34	56	0
207484	111285	25	CM	52	52	60	45	51	51	54	54	0
207770	305	25	ST	52	53	47	52	53	50	43	56	0
207828	15048	14	ST	52	67	72	43	33	47	38	62	0
207837	2056	167	LB	52	59	63	26	33	35	52	60	0
207886	1447	13	CAM	52	60	74	36	50	54	37	48	0
208165	894	47	CB	52	66	50	32	34	29	53	60	0
208346	110747	37	GK	52	58	57	54	53	55	42	43	0
208645	143	14	LB	52	65	49	32	48	46	51	64	0
208660	682	7	ST	52	62	56	49	35	52	34	55	0
208686	111822	4	GK	52	56	55	53	48	52	42	48	0
208733	550	21	LB	52	61	69	42	54	60	51	56	0
208771	422	25	CM	52	65	55	43	53	47	52	54	0
209277	112260	14	CB	52	57	47	35	55	39	53	49	0
209364	111395	195	LB	52	63	70	37	53	56	50	57	0
209502	1815	18	CAM	52	64	60	49	36	46	34	56	0
209576	112395	183	GK	52	52	56	44	52	57	41	51	0
209577	112096	183	CB	52	52	48	27	28	32	52	60	0
209587	112390	183	ST	52	63	72	45	30	52	32	56	0
209648	305	25	CM	52	52	65	43	51	49	43	51	0
210029	1955	25	RB	52	62	66	28	41	48	54	58	0
210192	112139	183	LB	52	58	67	30	33	54	52	45	0
210517	110596	21	GK	52	64	56	49	57	56	22	47	0
210570	110596	48	CAM	52	67	52	47	49	57	39	43	0
210692	1755	36	RW	52	67	60	49	45	56	33	44	0
210708	112139	183	CM	52	52	66	35	56	46	45	52	0
210800	432	46	CM	52	64	63	45	51	57	42	50	0
210902	112676	183	CB	52	59	58	33	25	30	53	62	0
210953	111821	4	CDM	52	62	62	41	48	55	53	57	0
211027	112407	183	CAM	52	56	42	51	42	56	35	64	0
211031	112407	183	CB	52	52	65	30	27	48	56	57	0
211053	1439	46	GK	52	52	57	53	51	55	35	43	0
211115	1800	14	RM	52	66	82	43	41	59	33	40	1
211438	900	47	CB	52	69	50	27	36	31	52	62	0
211524	110745	37	CM	52	60	64	39	51	49	47	53	0
211558	920	36	GK	52	52	54	48	48	60	37	46	0
212141	894	47	RWB	52	66	64	34	42	51	46	52	0
212318	506	21	CB	52	61	68	29	27	33	54	56	0
212694	112267	46	RM	52	65	73	40	44	62	36	33	0
212766	834	25	GK	52	61	56	48	49	57	39	50	0
212793	1474	167	ST	52	57	52	46	31	45	35	70	0
212952	682	7	CM	52	61	65	35	49	55	46	52	0
213003	980	167	RM	52	60	53	42	49	53	48	47	0
213014	111087	117	LB	52	55	79	37	42	55	53	57	0
213399	111087	37	GK	52	52	62	47	52	53	40	45	0
213484	321	46	LM	52	64	76	43	45	58	31	34	0
213501	321	46	CB	52	66	54	24	38	37	54	56	1
213527	269	13	LB	52	65	82	25	39	49	50	48	1
213535	695	95	GK	52	52	54	50	52	54	48	51	0
213542	271	13	ST	52	58	54	48	40	45	37	62	0
213555	80	42	CB	52	69	55	26	33	49	55	52	0
213561	111285	25	ST	52	58	60	48	34	49	34	53	0
213612	711	46	ST	52	52	72	42	35	63	33	41	0
213614	711	46	CAM	52	68	60	47	52	57	47	58	0
213727	112199	36	GK	52	65	54	55	43	52	46	49	1
213729	1456	36	GK	52	75	57	46	43	59	45	49	0
213765	112267	46	CM	52	64	59	44	53	54	46	54	0
213840	111277	46	GK	52	64	55	53	42	54	25	50	1
215310	110745	37	CM	52	52	73	49	49	61	37	43	0
215370	254	4	CB	52	63	59	25	36	28	52	58	0
215431	110329	48	CM	52	65	62	46	58	56	44	45	0
215577	112512	37	RB	52	68	63	26	40	56	52	47	0
215593	110746	37	CM	52	65	65	45	59	59	41	49	0
215967	1832	21	ST	52	52	57	50	37	51	30	47	0
216106	1750	7	GK	52	55	52	52	56	59	49	44	0
216124	112675	183	CB	52	52	60	26	25	29	54	55	0
216128	112675	183	CM	52	52	64	44	55	52	32	44	0
216249	503	21	ST	52	73	69	50	44	58	34	45	0
216296	1831	21	CM	52	52	59	31	50	44	53	56	0
216332	110913	7	CM	52	68	57	36	55	54	47	45	0
216364	506	21	LM	52	63	72	45	49	57	31	46	0
216368	111083	37	CM	52	61	57	37	54	52	54	53	0
216548	1873	21	CM	52	52	63	43	58	52	48	52	0
216582	111373	4	ST	52	58	50	48	33	42	38	63	0
216746	110746	37	CB	52	59	61	29	33	32	54	62	0
217504	111822	4	ST	52	63	67	51	48	53	34	46	0
217590	112512	37	CB	52	52	62	29	30	28	53	55	0
217594	1873	37	CAM	52	57	68	39	53	50	45	54	0
217791	2045	4	ST	52	64	66	46	35	50	36	60	0
217878	15005	7	CM	52	65	63	42	57	52	50	58	0
219271	110749	37	CM	52	60	61	39	56	57	55	54	0
219737	1754	35	CM	52	52	65	44	48	59	31	44	0
11830	1933	14	GK	51	51	40	60	52	41	25	62	0
173543	2045	4	ST	51	51	60	45	34	49	34	62	0
186752	1786	13	GK	51	57	51	52	49	49	29	53	0
190947	1788	13	GK	51	60	58	51	47	48	37	46	1
193096	110326	97	RW	51	62	72	44	56	68	32	29	1
193319	1788	13	ST	51	51	66	43	47	53	37	43	0
198539	112424	13	GK	51	60	58	49	56	47	32	48	0
203292	121	14	CM	51	61	71	33	53	55	52	55	0
203366	1465	36	RB	51	62	64	44	53	62	51	48	0
204219	12	14	CB	51	51	52	28	37	43	49	58	0
204625	299	36	CM	51	51	66	48	51	52	44	50	0
204885	112199	36	CM	51	51	54	40	54	52	47	52	0
205054	110313	42	RM	51	64	66	42	46	57	43	50	0
205058	1792	42	RB	51	70	60	27	39	33	56	61	0
205153	1447	101	CM	51	56	62	27	48	50	57	49	0
205233	1463	24	CB	51	51	59	34	48	60	52	56	0
205591	110749	37	GK	51	60	57	46	51	54	42	47	0
205605	563	25	ST	51	51	62	47	37	50	33	48	0
205683	111989	18	CM	51	67	68	38	54	56	36	40	0
206201	143	50	ST	51	57	71	47	35	55	34	43	0
206338	422	25	ST	51	66	62	49	35	50	34	51	0
206574	13	14	CB	51	70	66	28	35	26	53	60	0
207500	1463	36	LM	51	63	61	45	55	45	57	63	0
207633	1516	13	GK	51	62	53	51	51	51	47	50	1
207952	89	14	CB	51	51	66	25	25	30	53	56	1
208098	111277	46	CB	51	51	59	26	49	49	52	52	0
208139	110765	167	RB	51	57	65	37	46	42	50	58	0
208162	110770	15	CB	51	62	54	30	32	26	52	61	1
208166	894	47	CAM	51	58	68	33	51	56	43	53	0
208354	422	25	CM	51	51	61	47	49	51	35	52	0
208355	422	25	RB	51	58	61	43	49	45	49	47	0
208375	29	21	GK	51	65	58	48	55	54	25	44	0
208464	838	25	CM	51	51	54	45	54	48	50	50	0
208553	91	36	GK	51	51	54	44	52	59	40	48	0
208811	1937	35	CDM	51	65	76	48	62	56	43	49	0
208987	111674	183	GK	51	58	59	43	44	51	42	49	0
209038	112392	183	CDM	51	51	67	27	46	50	50	55	0
209049	112392	183	RM	51	53	57	43	54	48	44	52	0
209398	110746	37	GK	51	56	61	44	47	52	30	48	0
209584	112407	183	LB	51	53	83	30	30	37	54	58	1
209742	838	25	RM	51	58	66	38	48	52	35	55	0
210245	1516	13	CM	51	67	76	45	36	51	32	47	0
210272	272	118	LB	51	65	71	37	50	47	54	63	0
210352	100805	42	LB	51	72	55	29	43	43	53	61	1
210368	111399	195	GK	51	61	54	55	52	48	45	49	0
210437	1820	18	CM	51	73	56	38	54	46	49	50	0
210484	2045	4	RM	51	70	67	52	45	62	33	52	0
210508	1862	47	GK	51	67	56	54	41	47	40	47	0
210569	110596	21	CDM	51	65	52	40	48	45	52	56	0
210942	1476	167	LB	51	60	60	43	52	56	50	52	0
210944	1476	167	ST	51	64	53	50	33	44	31	55	0
211006	607	183	LB	51	65	57	35	36	48	52	46	0
211139	112395	183	ST	51	58	67	50	43	55	31	43	0
211254	112393	183	CB	51	63	48	27	34	26	51	56	0
211385	269	13	LB	51	67	82	35	47	50	48	57	1
211396	112395	183	CB	51	56	51	26	27	26	52	62	0
211492	1873	37	ST	51	51	69	47	42	54	31	51	0
211523	110745	37	CDM	51	55	66	36	50	55	51	54	0
211645	1474	167	CB	51	51	58	25	25	31	52	63	0
211667	301	37	RB	51	58	72	27	44	51	49	49	0
211768	111766	195	GK	51	51	56	52	46	51	44	48	0
212239	32	21	CB	51	69	52	24	38	29	51	51	0
212497	100081	7	GK	51	60	55	45	55	54	41	47	0
212973	254	10	GK	51	70	56	49	55	53	44	48	0
213001	980	167	GK	51	55	53	48	47	59	44	43	0
213037	112115	167	CM	51	51	67	43	49	58	31	45	0
213209	695	95	RB	51	63	65	34	40	48	52	48	0
213212	111083	51	CDM	51	61	53	38	54	53	49	56	0
213333	112390	183	RB	51	55	71	26	34	46	55	51	0
213350	710	46	GK	51	58	49	51	46	49	41	54	0
213502	834	25	RB	51	63	62	27	44	47	52	49	0
213522	112393	183	GK	51	55	58	45	49	57	46	46	0
213562	111285	25	RB	51	60	60	29	42	48	52	48	0
213704	100081	7	CM	51	51	64	38	53	47	46	52	0
213769	112115	167	RM	51	55	64	41	51	56	29	41	0
215454	920	36	CM	51	63	65	36	52	55	45	54	0
215501	254	19	RW	51	59	61	59	41	53	29	46	0
215598	322	47	ST	51	58	56	46	37	46	35	56	0
215599	1750	7	CM	51	64	66	38	55	49	45	54	0
215602	894	47	GK	51	56	57	46	48	55	42	49	0
215638	1754	42	CB	51	51	54	28	31	30	52	55	1
215695	112424	13	CB	51	58	55	26	29	29	53	54	0
215940	112424	13	RB	51	60	53	25	25	30	52	58	0
216120	112675	183	LB	51	51	61	26	27	30	54	54	0
216257	550	21	CM	51	63	67	36	54	57	51	56	0
216408	820	30	ST	51	67	52	45	32	45	36	66	0
216534	898	47	RM	51	73	61	40	55	47	44	52	0
217335	110745	37	CB	51	51	58	30	37	34	52	54	0
217563	142	45	CDM	51	54	53	35	55	50	47	48	0
202125	1925	25	GK	51	61	55	47	50	52	43	50	0
207603	1938	42	CB	51	60	61	26	28	28	52	64	0
192703	1946	14	GK	50	56	49	47	57	49	37	52	0
193435	1715	47	RB	50	56	40	37	51	49	55	53	0
198622	820	16	CM	50	50	62	42	51	54	44	51	0
199020	111132	25	CB	50	50	56	31	32	30	51	50	0
199628	1941	14	GK	50	57	54	42	49	62	26	44	0
200439	1949	14	GK	50	59	51	49	51	58	32	41	1
200737	1936	50	GK	50	57	48	62	48	44	48	46	0
201213	110109	40	RB	50	65	74	46	49	62	49	48	0
201350	1755	36	GK	50	50	51	54	54	51	24	46	0
205037	1788	13	LB	50	63	66	32	37	57	50	49	0
205051	86	35	CB	50	50	63	28	30	32	49	57	0
205502	1800	50	RB	50	71	63	46	49	54	48	46	0
206430	89	14	ST	50	50	59	47	36	44	31	52	0
207488	111285	25	CM	50	50	61	46	48	52	37	50	0
207585	321	46	CM	50	50	65	47	51	52	44	48	0
207602	1938	14	ST	50	50	80	46	42	57	33	41	0
208573	1465	36	GK	50	66	51	49	46	57	41	45	0
208807	89	14	CM	50	50	67	39	54	51	38	45	0
208970	607	183	CB	50	50	64	27	26	44	53	54	0
209324	81	42	CM	50	67	70	47	47	52	31	41	0
209586	112390	183	CM	50	54	65	35	53	45	48	59	1
209699	1445	13	GK	50	50	54	49	51	50	44	44	0
210317	422	25	RB	50	71	61	39	52	47	44	51	0
210347	780	4	GK	50	75	50	43	49	56	40	52	0
210499	111822	4	CB	50	58	57	26	32	31	52	56	0
210509	1862	47	GK	50	50	55	46	48	55	48	43	0
210869	1473	167	ST	50	50	51	47	36	47	36	58	0
210919	111674	183	ST	50	50	70	46	34	48	36	56	0
210920	111674	183	CB	50	57	65	47	40	54	35	51	0
210925	111674	183	ST	50	50	61	49	40	53	36	51	0
211131	112115	167	GK	50	50	52	49	50	55	41	41	0
211143	1794	14	ST	50	63	50	45	33	43	37	68	0
211148	112395	183	RB	50	55	63	25	38	44	53	47	0
211151	112393	183	ST	50	58	64	48	39	53	34	49	0
211253	112393	183	LM	50	64	62	42	48	54	28	38	0
211436	900	47	CAM	50	60	61	42	49	51	47	46	0
211599	834	25	CM	50	59	62	40	51	51	47	48	0
212002	900	47	ST	50	50	50	47	37	44	38	62	0
212287	1788	13	CB	50	63	63	26	40	31	51	58	0
212388	80	42	CM	50	59	63	39	53	46	46	50	0
212533	982	167	ST	50	50	46	45	31	46	36	70	0
213004	980	167	CM	50	50	62	40	55	47	51	55	0
213017	1948	14	LB	50	62	64	28	35	31	54	62	0
213304	1516	13	CM	50	50	64	43	53	47	37	47	0
213419	301	37	CM	50	57	73	43	54	52	40	45	0
213421	272	13	CB	50	69	58	25	30	29	51	59	0
213457	305	25	CM	50	50	62	39	52	48	48	50	0
213503	834	25	CM	50	56	60	40	53	50	46	50	0
213514	897	47	CM	50	50	57	34	49	53	46	48	0
213530	1786	13	CM	50	56	61	38	52	47	45	52	0
213534	834	25	ST	50	57	67	48	38	42	32	48	0
213728	112199	36	CM	50	63	69	34	52	48	46	51	0
213779	1478	167	CB	50	50	64	23	41	44	51	48	0
213828	1465	36	CB	50	50	63	37	43	50	50	51	0
213854	1465	36	CM	50	50	51	49	56	50	39	57	0
213863	111821	4	LM	50	63	67	44	46	49	31	40	0
213871	1786	13	ST	50	56	69	46	32	51	34	48	0
213889	1800	14	CB	50	50	70	25	50	43	49	48	0
214261	254	4	LM	50	64	63	26	36	52	48	46	0
215436	112218	40	CDM	50	66	67	34	40	52	53	60	0
215668	112424	13	LM	50	62	65	40	50	50	32	40	0
215669	112424	13	CM	50	59	63	40	53	53	44	50	0
215694	112424	13	ST	50	56	50	45	32	46	35	64	1
215938	112424	13	ST	50	56	66	45	30	48	43	52	0
216105	1750	7	CM	50	71	66	39	52	52	43	48	0
216581	111373	4	CM	50	60	66	35	54	48	49	52	0
216595	780	4	ST	50	65	65	45	38	43	37	58	0
217788	2045	4	GK	50	61	54	45	47	52	42	50	0
219244	900	47	GK	50	62	53	43	46	55	47	49	0
219701	111092	37	GK	50	60	55	47	45	55	48	44	1
219700	874	37	CAM	50	59	72	42	49	54	41	49	0
213932	1862	47	CB	50	55	56	28	26	28	50	55	0
201214	110109	40	CF	50	59	51	50	31	50	37	50	0
194666	780	4	GK	49	64	52	46	44	51	35	48	0
200252	111132	25	LM	49	54	54	41	47	54	34	50	0
201296	834	25	ST	49	59	63	45	46	50	41	46	0
203561	301	37	CB	49	49	61	25	34	32	57	42	0
204216	1948	35	LM	49	67	62	40	50	49	40	43	0
206003	900	47	GK	49	64	50	42	45	54	45	49	0
207487	111285	25	GK	49	49	51	49	46	49	52	47	1
207718	1475	167	CM	49	49	67	39	53	46	44	56	0
207950	89	14	ST	49	67	72	42	38	50	35	54	0
208836	1920	14	CB	49	49	57	27	30	39	52	58	0
208884	1813	18	CM	49	49	67	60	36	57	33	57	0
209312	112267	46	GK	49	59	55	43	48	57	46	43	0
210502	111821	4	GK	49	66	58	40	46	55	44	42	1
210571	110596	129	RB	49	63	53	37	48	53	48	47	0
210789	112096	183	CB	49	52	55	26	25	31	49	60	0
210957	112115	167	CB	49	49	68	25	39	43	51	51	0
211252	112393	183	RB	49	54	52	35	46	46	48	46	0
211371	1958	14	GK	49	65	48	47	53	49	57	51	0
211437	900	47	CDM	49	62	63	36	52	50	44	55	0
211610	1938	14	LM	49	62	73	45	45	50	30	35	0
212417	1788	13	CB	49	61	61	26	26	31	51	56	0
212798	1473	167	ST	49	49	71	49	38	54	31	46	0
212805	112387	183	CM	49	49	65	38	50	46	48	56	0
212810	112134	95	CB	49	49	87	56	49	53	47	58	1
212929	1475	167	GK	49	49	46	48	53	51	44	49	0
212985	696	95	CB	49	49	54	26	26	31	50	52	0
213035	112115	167	RW	49	53	61	50	40	55	30	44	0
213142	301	37	CM	49	49	64	34	50	49	43	49	0
213528	820	13	CB	49	61	58	25	26	30	52	54	0
213775	423	25	ST	49	57	55	46	32	42	36	54	0
213791	838	25	ST	49	49	55	48	35	45	34	50	0
213815	1447	13	ST	49	56	51	46	31	45	37	60	0
214650	300	36	CB	49	49	57	31	35	56	51	49	0
216115	112675	183	GK	49	65	53	48	45	51	49	43	0
216123	112675	183	LB	49	49	61	25	32	46	53	49	0
216407	820	13	CM	49	58	63	39	57	52	38	48	0
216642	112022	4	GK	49	61	52	47	38	53	49	44	1
219257	269	13	CB	49	57	57	25	26	31	53	54	1
219705	112512	37	GK	49	58	47	48	46	49	30	53	0
219839	269	76	ST	49	49	60	46	39	55	36	48	0
210750	112390	183	GK	49	55	55	41	42	54	41	44	0
176812	112260	14	CM	48	48	63	34	50	51	38	42	0
193335	1941	14	ST	48	48	79	44	31	48	35	50	0
200544	15015	14	ST	48	54	71	43	38	50	38	51	0
205091	1443	13	CM	48	62	62	32	61	40	58	66	0
209242	305	25	GK	48	48	50	48	49	49	45	47	0
209452	110746	37	RB	48	66	63	34	49	47	46	51	0
209570	112390	183	LB	48	52	50	25	26	28	53	62	0
210739	1445	13	LM	48	64	63	37	51	45	48	52	0
211087	301	37	CDM	48	61	62	47	55	50	54	59	0
211140	112395	183	CM	48	48	59	46	56	56	40	48	0
211397	112096	183	GK	48	52	50	47	45	52	41	42	0
211416	1940	14	CM	48	48	60	32	48	47	49	52	0
211538	1516	133	CM	48	55	79	41	46	48	44	41	0
211632	1477	167	ST	48	48	68	43	32	51	33	52	0
212382	1516	133	ST	48	65	41	48	31	42	38	52	1
213529	269	13	CAM	48	58	65	38	52	42	40	46	0
213543	820	13	CB	48	59	60	36	45	44	47	52	0
213725	269	140	CDM	48	64	62	33	48	46	45	49	0
213837	271	24	CM	48	58	67	37	50	46	44	50	0
215084	1955	18	CAM	48	64	71	35	50	52	48	52	0
215313	1862	47	CM	48	72	56	35	52	48	48	52	0
215446	1788	13	LW	48	60	57	48	36	51	34	46	0
215447	894	8	CB	48	48	60	28	26	27	48	49	0
215516	209	4	CB	48	48	66	24	24	26	51	57	0
215968	1832	21	GK	48	57	55	46	47	51	34	43	0
216119	112675	183	RB	48	48	59	25	32	48	52	54	0
217715	271	117	RB	48	54	64	25	29	46	48	49	0
217845	269	13	CAM	48	68	57	40	53	48	40	45	0
203841	89	14	GK	48	64	53	49	39	52	58	44	0
208806	89	14	CB	48	66	62	26	32	30	49	58	0
202131	89	14	CM	47	75	79	26	49	38	48	58	0
204340	1447	13	CB	47	56	58	25	32	42	47	56	0
210507	111821	4	LB	47	58	66	27	34	46	50	48	0
211377	189	27	CB	47	66	55	28	30	32	49	55	0
211543	820	13	CDM	47	59	55	31	48	45	47	47	0
211629	1477	167	CM	47	47	59	36	50	44	44	52	0
211640	1473	167	ST	47	47	70	50	38	49	30	44	0
211643	1474	167	CM	47	47	57	34	47	46	44	49	0
211675	111588	167	CB	47	47	59	29	28	31	47	54	0
211677	111588	167	CM	47	47	70	35	48	46	43	57	0
212089	1958	14	CM	47	58	64	32	50	44	51	51	0
213836	271	24	CM	47	56	66	37	46	48	44	53	0
215538	1447	13	GK	47	47	47	44	44	50	44	46	0
210778	112389	183	LB	47	53	61	27	30	46	47	45	0
202436	1447	13	CM	46	46	60	36	34	46	50	41	0
208924	112675	183	RM	46	52	65	43	46	44	49	54	0
211395	112096	183	CDM	46	52	46	34	46	43	48	53	0
216226	357	14	CM	46	64	65	40	54	52	36	44	0
210911	112392	183	CM	46	56	68	42	48	58	39	49	0
205399	357	14	CM	45	56	73	36	50	43	42	51	0
212098	1794	14	GK	45	64	55	37	45	47	41	40	0
212196	1516	13	RM	45	77	69	41	42	47	46	57	0
219415	1447	13	LW	45	67	53	32	49	49	47	55	0
216129	112675	183	CM	44	44	64	41	51	55	38	44	0
191830	112115	167	CM	42	42	45	30	38	35	43	41	0
